food_name,calories,fat,sat_fat,carbs,sugar,protein,fiber,cholesterol,sodium,sodium_pct_daily,cholesterol_pct_daily,sat_fat_pct_daily,fat_pct_daily,carbs_pct_daily,fiber_pct_daily,sugar_pct_meal_limit,risk_level,risk_label,chatbot_summary
cream cheese,51,5.0,2.9,0.8,0.5,0.9,0.0,14.6,0.016,0.0007999999999999999,4.866666666666666,14.499999999999998,7.6923076923076925,0.2666666666666667,0.0,5.0,Low,0,ยังไม่พบตัวชี้วัดที่ถึงหรือเกินเกณฑ์อ้างอิง
neufchatel cheese,215,19.4,10.9,3.1,2.7,7.8,0.0,62.9,0.3,0.015,20.96666666666667,54.50000000000001,29.846153846153843,1.0333333333333332,0.0,27.0,Low,0,ยังไม่พบตัวชี้วัดที่ถึงหรือเกินเกณฑ์อ้างอิง
requeijao cremoso light catupiry,49,3.6,2.3,0.9,3.4,0.8,0.1,0.0,0.0,0.0,0.0,11.5,5.538461538461538,0.3,0.4,34.0,Low,0,ยังไม่พบตัวชี้วัดที่ถึงหรือเกินเกณฑ์อ้างอิง
ricotta cheese,30,2.0,1.3,1.5,0.091,1.5,0.0,9.8,0.017,0.00085,3.266666666666667,6.5,3.076923076923077,0.5,0.0,0.91,Low,0,ยังไม่พบตัวชี้วัดที่ถึงหรือเกินเกณฑ์อ้างอิง
cream cheese low fat,30,2.3,1.4,1.2,0.9,1.2,0.0,8.1,0.046,0.0023,2.7,6.999999999999999,3.5384615384615383,0.4,0.0,9.0,Low,0,ยังไม่พบตัวชี้วัดที่ถึงหรือเกินเกณฑ์อ้างอิง
cream cheese fat free,19,0.2,0.1,1.4,1.0,2.8,0.0,2.2,0.1,0.005,0.7333333333333334,0.5,0.3076923076923077,0.4666666666666666,0.0,10.0,Low,0,ยังไม่พบตัวชี้วัดที่ถึงหรือเกินเกณฑ์อ้างอิง
gruyere cheese,116,9.1,5.3,0.1,0.1,8.3,0.0,30.8,0.2,0.01,10.266666666666667,26.5,13.999999999999998,0.03333333333333334,0.0,1.0,Low,0,ยังไม่พบตัวชี้วัดที่ถึงหรือเกินเกณฑ์อ้างอิง
cheddar cheese,113,9.3,5.3,0.9,0.1,6.4,0.0,27.7,0.2,0.01,9.233333333333334,26.5,14.30769230769231,0.3,0.0,1.0,Low,0,ยังไม่พบตัวชี้วัดที่ถึงหรือเกินเกณฑ์อ้างอิง
parmesan cheese,71,4.5,2.7,0.6,0.046,6.4,0.0,12.2,0.2,0.01,4.066666666666666,13.5,6.923076923076923,0.2,0.0,0.45999999999999996,Low,0,ยังไม่พบตัวชี้วัดที่ถึงหรือเกินเกณฑ์อ้างอิง
romano cheese,19,1.3,0.9,0.2,0.088,1.6,0.0,5.2,0.008,0.00039999999999999996,1.7333333333333332,4.5,2.0,0.06666666666666668,0.0,0.8799999999999999,Low,0,ยังไม่พบตัวชี้วัดที่ถึงหรือเกินเกณฑ์อ้างอิง
parmesan cheese grated,21,1.4,0.8,0.7,0.075,1.4,0.0,4.3,0.043,0.0021499999999999996,1.4333333333333333,4.0,2.1538461538461537,0.2333333333333333,0.0,0.75,Low,0,ยังไม่พบตัวชี้วัดที่ถึงหรือเกินเกณฑ์อ้างอิง
port salut cheese,465,37.2,22.0,0.8,0.8,31.4,0.0,162.4,0.7,0.034999999999999996,54.13333333333333,110.00000000000001,57.23076923076924,0.2666666666666667,0.0,8.0,Medium,1,ไขมันอิ่มตัวถึงหรือเกินเกณฑ์อ้างอิงต่อวัน
swiss cheese,98,7.7,4.6,0.4,0.0,6.7,0.0,23.3,0.057,0.00285,7.7666666666666675,23.0,11.846153846153847,0.13333333333333336,0.0,0.0,Low,0,ยังไม่พบตัวชี้วัดที่ถึงหรือเกินเกณฑ์อ้างอิง
goat cheese hard,128,10.1,7.0,0.6,0.6,8.6,0.0,29.7,0.076,0.0038000000000000004,9.899999999999999,35.0,15.538461538461537,0.2,0.0,6.0,Low,0,ยังไม่พบตัวชี้วัดที่ถึงหรือเกินเกณฑ์อ้างอิง
gouda cheese,100,7.7,4.9,0.6,0.6,7.0,0.0,31.9,0.2,0.01,10.633333333333333,24.500000000000004,11.846153846153847,0.2,0.0,6.0,Low,0,ยังไม่พบตัวชี้วัดที่ถึงหรือเกินเกณฑ์อ้างอิง
pepper jack cheese lucerne,75,6.0,4.0,0.0,0.0,5.0,2.5,0.0,0.0,0.0,0.0,20.0,9.230769230769232,0.0,10.0,0.0,Low,0,ยังไม่พบตัวชี้วัดที่ถึงหรือเกินเกณฑ์อ้างอิง
caraway cheese,106,8.3,5.3,0.9,0.0,7.1,0.0,26.3,0.2,0.01,8.766666666666667,26.5,12.769230769230772,0.3,0.0,0.0,Low,0,ยังไม่พบตัวชี้วัดที่ถึงหรือเกินเกณฑ์อ้างอิง
gjetost cheese,1058,67.0,43.5,96.8,0.0,21.9,0.0,213.4,1.4,0.06999999999999999,71.13333333333334,217.49999999999997,103.07692307692307,32.266666666666666,0.0,0.0,Medium,1,ไขมันอิ่มตัวถึงหรือเกินเกณฑ์อ้างอิงต่อวัน
tilsit cheese,136,10.4,6.7,0.8,0.0,9.8,0.0,40.8,0.3,0.015,13.599999999999998,33.5,16.0,0.2666666666666667,0.0,0.0,Low,0,ยังไม่พบตัวชี้วัดที่ถึงหรือเกินเกณฑ์อ้างอิง
goat cheese,103,8.4,5.8,0.009,0.031,6.1,0.0,22.4,0.1,0.005,7.466666666666666,28.999999999999996,12.923076923076923,0.0029999999999999996,0.0,0.31,Low,0,ยังไม่พบตัวชี้วัดที่ถึงหรือเกินเกณฑ์อ้างอิง
brick cheese,111,8.9,5.6,0.8,0.2,7.0,0.0,28.2,0.2,0.01,9.4,27.999999999999996,13.692307692307693,0.2666666666666667,0.0,2.0,Low,0,ยังไม่พบตัวชี้วัดที่ถึงหรือเกินเกณฑ์อ้างอิง
asadero cheese,402,31.9,20.3,3.2,3.2,25.5,0.0,118.7,0.7,0.034999999999999996,39.56666666666667,101.50000000000001,49.07692307692307,1.0666666666666669,0.0,32.0,Medium,1,ไขมันอิ่มตัวถึงหรือเกินเกณฑ์อ้างอิงต่อวัน
camembert cheese,90,7.3,4.6,0.1,0.1,5.9,0.0,21.6,0.3,0.015,7.200000000000001,23.0,11.23076923076923,0.03333333333333334,0.0,1.0,Low,0,ยังไม่พบตัวชี้วัดที่ถึงหรือเกินเกณฑ์อ้างอิง
provolone cheese reduced fat,310,19.9,12.8,4.0,0.6,27.9,0.0,62.2,1.0,0.05,20.733333333333334,64.0,30.61538461538461,1.3333333333333335,0.0,6.0,Low,0,ยังไม่พบตัวชี้วัดที่ถึงหรือเกินเกณฑ์อ้างอิง
roquefort cheese,314,26.0,16.4,1.7,0.0,18.3,0.0,76.5,1.5,0.075,25.5,82.0,40.0,0.5666666666666667,0.0,0.0,Low,0,ยังไม่พบตัวชี้วัดที่ถึงหรือเกินเกณฑ์อ้างอิง
queso blanco cheese,366,28.7,16.1,3.0,2.1,24.0,0.0,82.6,0.8,0.04,27.53333333333333,80.5,44.15384615384615,1.0,0.0,21.000000000000004,Low,0,ยังไม่พบตัวชี้วัดที่ถึงหรือเกินเกณฑ์อ้างอิง
queso seco cheese,315,23.6,13.3,2.0,0.5,23.8,0.0,75.7,1.8,0.09,25.233333333333334,66.5,36.30769230769231,0.6666666666666667,0.0,5.0,Low,0,ยังไม่พบตัวชี้วัดที่ถึงหรือเกินเกณฑ์อ้างอิง
goat cheese soft,75,6.0,4.1,0.0,0.3,5.2,0.0,13.0,0.1,0.005,4.333333333333334,20.5,9.230769230769232,0.0,0.0,3.0,Low,0,ยังไม่พบตัวชี้วัดที่ถึงหรือเกินเกณฑ์อ้างอิง
mozzarella cheese,90,6.6,4.2,0.7,0.0,6.7,0.0,23.7,0.1,0.005,7.9,21.000000000000004,10.153846153846153,0.2333333333333333,0.0,0.0,Low,0,ยังไม่พบตัวชี้วัดที่ถึงหรือเกินเกณฑ์อ้างอิง
chihuahua cheese,494,39.2,24.9,7.3,7.3,28.5,0.0,138.6,0.8,0.04,46.199999999999996,124.49999999999999,60.30769230769231,2.433333333333333,0.0,73.0,Medium,1,ไขมันอิ่มตัวถึงหรือเกินเกณฑ์อ้างอิงต่อวัน
limburger cheese,98,8.2,5.0,0.1,0.1,6.0,0.0,27.0,0.2,0.01,9.0,25.0,12.615384615384615,0.03333333333333334,0.0,1.0,Low,0,ยังไม่พบตัวชี้วัดที่ถึงหรือเกินเกณฑ์อ้างอิง
muenster cheese,486,39.7,25.2,1.5,1.5,30.9,0.0,126.7,0.8,0.04,42.233333333333334,126.0,61.07692307692309,0.5,0.0,15.0,Medium,1,ไขมันอิ่มตัวถึงหรือเกินเกณฑ์อ้างอิงต่อวัน
queso fresco cheese,365,29.1,15.8,3.6,2.8,22.1,0.0,84.2,0.9,0.045,28.066666666666666,79.0,44.769230769230774,1.2,0.0,27.999999999999996,Low,0,ยังไม่พบตัวชี้วัดที่ถึงหรือเกินเกณฑ์อ้างอิง
brie cheese,100,8.3,5.2,0.1,0.1,6.2,0.0,30.0,0.2,0.01,10.0,26.0,12.769230769230772,0.03333333333333334,0.0,1.0,Low,0,ยังไม่พบตัวชี้วัดที่ถึงหรือเกินเกณฑ์อ้างอิง
pimento cheese,525,43.7,27.5,2.4,0.9,31.0,0.1,131.6,2.0,0.1,43.86666666666667,137.5,67.23076923076924,0.8,0.4,9.0,Medium,1,ไขมันอิ่มตัวถึงหรือเกินเกณฑ์อ้างอิงต่อวัน
mexican cheese,316,21.7,13.0,3.8,0.6,27.7,0.0,69.4,0.9,0.045,23.133333333333336,65.0,33.38461538461539,1.2666666666666666,0.0,6.0,Low,0,ยังไม่พบตัวชี้วัดที่ถึงหรือเกินเกณฑ์อ้างอิง
feta cheese,80,6.4,4.0,1.2,0.0,4.3,0.0,26.7,0.3,0.015,8.9,20.0,9.846153846153847,0.4,0.0,0.0,Low,0,ยังไม่พบตัวชี้วัดที่ถึงหรือเกินเกณฑ์อ้างอิง
mozzarella cheese fat free,159,0.0,0.0,4.0,1.7,35.8,2.0,20.3,0.8,0.04,6.766666666666667,0.0,0.0,1.3333333333333335,8.0,17.0,Low,0,ยังไม่พบตัวชี้วัดที่ถึงหรือเกินเกณฑ์อ้างอิง
provolone cheese,463,35.1,22.5,2.8,0.7,33.8,0.0,91.1,1.2,0.06,30.366666666666664,112.5,54.0,0.9333333333333332,0.0,6.999999999999999,Medium,1,ไขมันอิ่มตัวถึงหรือเกินเกณฑ์อ้างอิงต่อวัน
anejo cheese,492,39.6,25.1,6.1,6.1,28.3,0.0,138.6,1.5,0.075,46.199999999999996,125.50000000000001,60.92307692307693,2.033333333333333,0.0,61.0,Medium,1,ไขมันอิ่มตัวถึงหรือเกินเกณฑ์อ้างอิงต่อวัน
honey,64,0.0,0.0,17.3,17.2,0.08,0.025,0.0,0.011,0.00055,0.0,0.0,0.0,5.7666666666666675,0.1,172.0,Medium,1,น้ำตาลถึงหรือเกินเกณฑ์ต่อมื้อ
apple butter,35,0.063,0.038,8.5,7.1,0.045,0.3,0.0,0.003,0.00015000000000000001,0.0,0.19,0.09692307692307692,2.833333333333333,1.2,71.0,Low,0,ยังไม่พบตัวชี้วัดที่ถึงหรือเกินเกณฑ์อ้างอิง
fruit jam,56,0.095,0.021,13.8,9.7,0.0,0.2,0.0,0.052,0.0026,0.0,0.10500000000000001,0.14615384615384616,4.6,0.8,97.0,Low,0,ยังไม่พบตัวชี้วัดที่ถึงหรือเกินเกณฑ์อ้างอิง
chocolate hazelnut spread,100,5.5,5.3,11.5,10.0,1.0,1.0,0.0,0.099,0.00495,0.0,26.5,8.461538461538462,3.833333333333333,4.0,100.0,Medium,1,น้ำตาลถึงหรือเกินเกณฑ์ต่อมื้อ
peanut butter,88,7.4,1.4,3.6,1.0,3.3,0.9,0.0,0.085,0.00425,0.0,6.999999999999999,11.384615384615385,1.2,3.6000000000000005,10.0,Low,0,ยังไม่พบตัวชี้วัดที่ถึงหรือเกินเกณฑ์อ้างอิง
peanut spread,101,8.5,1.6,2.2,0.5,3.8,1.2,0.0,0.028,0.0014,0.0,8.0,13.076923076923078,0.7333333333333334,4.8,5.0,Low,0,ยังไม่พบตัวชี้วัดที่ถึงหรือเกินเกณฑ์อ้างอิง
chicken spread,88,9.8,1.8,2.3,0.3,10.1,0.2,31.4,0.4,0.02,10.466666666666665,9.0,15.076923076923077,0.7666666666666666,0.8,3.0,Low,0,ยังไม่พบตัวชี้วัดที่ถึงหรือเกินเกณฑ์อ้างอิง
cheese spread,708,68.6,43.2,8.4,8.4,17.0,0.0,216.0,1.2,0.06,72.0,216.0,105.53846153846153,2.8000000000000003,0.0,84.00000000000001,Medium,1,ไขมันอิ่มตัวถึงหรือเกินเกณฑ์อ้างอิงต่อวัน
tahini,86,7.2,1.0,3.9,0.0,2.7,1.4,0.0,0.098,0.004900000000000001,0.0,5.0,11.076923076923077,1.3,5.6,0.0,Low,0,ยังไม่พบตัวชี้วัดที่ถึงหรือเกินเกณฑ์อ้างอิง
orange marmalade,49,0.0,0.0,13.3,12.0,0.014,0.1,0.0,0.016,0.0007999999999999999,0.0,0.0,0.0,4.433333333333334,0.4,120.0,Medium,1,น้ำตาลถึงหรือเกินเกณฑ์ต่อมื้อ
american cheese spread,46,3.4,2.1,1.4,1.2,2.6,0.0,8.8,0.3,0.015,2.9333333333333336,10.500000000000002,5.230769230769231,0.4666666666666666,0.0,12.0,Low,0,ยังไม่พบตัวชี้วัดที่ถึงหรือเกินเกณฑ์อ้างอิง
apricot jam,48,0.01,0.042,12.9,8.7,0.1,0.044,0.0,0.004,0.00019999999999999998,0.0,0.21000000000000002,0.015384615384615385,4.300000000000001,0.176,86.99999999999999,Low,0,ยังไม่พบตัวชี้วัดที่ถึงหรือเกินเกณฑ์อ้างอิง
chunky peanut butter,94,8.0,1.2,3.5,1.3,3.8,1.3,0.0,0.03,0.0014999999999999998,0.0,6.0,12.307692307692308,1.1666666666666667,5.2,13.0,Low,0,ยังไม่พบตัวชี้วัดที่ถึงหรือเกินเกณฑ์อ้างอิง
ham and cheese spread,37,2.8,1.3,0.3,0.0,2.4,0.0,9.2,0.2,0.01,3.0666666666666664,6.5,4.3076923076923075,0.1,0.0,0.0,Low,0,ยังไม่พบตัวชี้วัดที่ถึงหรือเกินเกณฑ์อ้างอิง
chicken and rice casserole homade,27,1.0,0.0,2.4,0.0,2.0,0.3,0.0,0.0,0.0,0.0,0.0,1.5384615384615385,0.8,1.2,0.0,Low,0,ยังไม่พบตัวชี้วัดที่ถึงหรือเกินเกณฑ์อ้างอิง
picnic loaf,65,4.7,1.7,1.3,0.0,4.2,0.0,10.6,0.3,0.015,3.5333333333333337,8.5,7.230769230769231,0.4333333333333333,0.0,0.0,Low,0,ยังไม่พบตัวชี้วัดที่ถึงหรือเกินเกณฑ์อ้างอิง
corn tamale,309,12.0,4.4,44.3,12.3,5.8,5.3,0.0,0.5,0.025,0.0,22.000000000000004,18.461538461538463,14.766666666666667,21.2,123.0,Medium,1,น้ำตาลถึงหรือเกินเกณฑ์ต่อมื้อ
baked potato with cheese sauce bacon,451,25.9,10.1,44.4,0.0,18.4,0.0,29.9,1.0,0.05,9.966666666666667,50.5,39.84615384615384,14.799999999999999,0.0,0.0,Low,0,ยังไม่พบตัวชี้วัดที่ถึงหรือเกินเกณฑ์อ้างอิง
chinese egg roll,223,10.6,1.9,24.3,0.0,7.4,2.3,14.2,0.4,0.02,4.733333333333333,9.5,16.307692307692307,8.1,9.2,0.0,Low,0,ยังไม่พบตัวชี้วัดที่ถึงหรือเกินเกณฑ์อ้างอิง
butter croissant,231,12.0,6.6,26.1,6.4,4.7,1.5,38.2,0.2,0.01,12.733333333333336,32.99999999999999,18.461538461538463,8.700000000000001,6.0,64.0,Low,0,ยังไม่พบตัวชี้วัดที่ถึงหรือเกินเกณฑ์อ้างอิง
enchilada with cheese beef,323,17.6,9.0,30.5,0.0,11.9,0.0,40.3,1.3,0.065,13.433333333333334,45.0,27.07692307692308,10.166666666666666,0.0,0.0,Low,0,ยังไม่พบตัวชี้วัดที่ถึงหรือเกินเกณฑ์อ้างอิง
corned beef hash with potatoes,387,24.2,10.2,21.9,0.8,20.6,2.6,75.5,1.0,0.05,25.166666666666664,51.0,37.230769230769226,7.3,10.4,8.0,Low,0,ยังไม่พบตัวชี้วัดที่ถึงหรือเกินเกณฑ์อ้างอิง
biscuit with egg cheese bacon,436,25.3,8.5,35.4,2.5,17.4,0.3,240.7,1.2,0.06,80.23333333333333,42.5,38.92307692307693,11.799999999999999,1.2,25.0,Low,0,ยังไม่พบตัวชี้วัดที่ถึงหรือเกินเกณฑ์อ้างอิง
bagel with ham egg cheese,483,18.5,7.9,52.4,7.0,26.7,0.4,242.6,1.3,0.065,80.86666666666666,39.5,28.46153846153846,17.466666666666665,1.6,70.0,Low,0,ยังไม่พบตัวชี้วัดที่ถึงหรือเกินเกณฑ์อ้างอิง
quesadilla with chicken,529,27.5,11.1,43.3,3.4,27.1,3.1,66.6,1.3,0.065,22.199999999999996,55.49999999999999,42.30769230769231,14.433333333333332,12.4,34.0,Low,0,ยังไม่พบตัวชี้วัดที่ถึงหรือเกินเกณฑ์อ้างอิง
corn rice,110,0.3,0.02,25.2,3.0,1.8,0.4,0.0,0.2,0.01,0.0,0.1,0.4615384615384615,8.399999999999999,1.6,30.0,Low,0,ยังไม่พบตัวชี้วัดที่ถึงหรือเกินเกณฑ์อ้างอิง
kung pao chicken,779,42.2,8.2,41.5,18.3,59.0,9.1,157.0,2.4,0.12,52.33333333333333,41.0,64.92307692307693,13.833333333333334,36.4,183.0,Medium,1,น้ำตาลถึงหรือเกินเกณฑ์ต่อมื้อ
beef empanada,298,16.3,4.6,27.8,1.6,10.1,1.8,23.1,0.4,0.02,7.7,23.0,25.07692307692308,9.266666666666667,7.200000000000001,16.0,Low,0,ยังไม่พบตัวชี้วัดที่ถึงหรือเกินเกณฑ์อ้างอิง
frijoles with cheese,225,7.8,4.1,28.7,0.0,11.4,0.0,36.7,0.9,0.045,12.233333333333334,20.5,12.0,9.566666666666666,0.0,0.0,Low,0,ยังไม่พบตัวชี้วัดที่ถึงหรือเกินเกณฑ์อ้างอิง
burrito with beef,285,8.1,1.7,43.9,4.1,9.1,4.4,2.6,0.5,0.025,0.8666666666666666,8.5,12.461538461538462,14.633333333333331,17.6,41.0,Low,0,ยังไม่พบตัวชี้วัดที่ถึงหรือเกินเกณฑ์อ้างอิง
crispy chicken sandwich,350,17.6,3.3,33.2,3.9,14.8,0.0,0.0,0.7,0.034999999999999996,0.0,16.499999999999996,27.07692307692308,11.066666666666668,0.0,39.0,Low,0,ยังไม่พบตัวชี้วัดที่ถึงหรือเกินเกณฑ์อ้างอิง
enchilada with cheese,374,25.3,11.5,21.2,3.6,15.4,2.6,57.5,0.7,0.034999999999999996,19.166666666666668,57.49999999999999,38.92307692307693,7.066666666666667,10.4,36.0,Low,0,ยังไม่พบตัวชี้วัดที่ถึงหรือเกินเกณฑ์อ้างอิง
pork egg roll,189,6.1,1.3,25.1,4.5,8.4,1.8,11.9,0.3,0.015,3.966666666666667,6.5,9.384615384615385,8.366666666666667,7.200000000000001,45.0,Low,0,ยังไม่พบตัวชี้วัดที่ถึงหรือเกินเกณฑ์อ้างอิง
corn on the cob with butter,155,3.4,1.6,31.9,0.0,4.5,0.0,5.8,0.056,0.0028,1.9333333333333333,8.0,5.230769230769231,10.633333333333333,0.0,0.0,Low,0,ยังไม่พบตัวชี้วัดที่ถึงหรือเกินเกณฑ์อ้างอิง
pancakes with butter syrup,260,7.0,2.9,45.4,0.0,4.1,0.0,29.0,0.6,0.03,9.666666666666666,14.499999999999998,10.76923076923077,15.133333333333333,0.0,0.0,Low,0,ยังไม่พบตัวชี้วัดที่ถึงหรือเกินเกณฑ์อ้างอิง
burrito with beans,224,6.7,3.4,35.7,0.0,7.0,0.0,2.2,0.5,0.025,0.7333333333333334,17.0,10.307692307692308,11.9,0.0,0.0,Low,0,ยังไม่พบตัวชี้วัดที่ถึงหรือเกินเกณฑ์อ้างอิง
scrambled eggs,100,7.6,2.9,1.0,0.8,6.5,0.0,200.2,0.1,0.005,66.73333333333333,14.499999999999998,11.692307692307692,0.33333333333333337,0.0,8.0,Low,0,ยังไม่พบตัวชี้วัดที่ถึงหรือเกินเกณฑ์อ้างอิง
baked potato with sour cream,393,22.3,10.0,50.0,0.0,6.7,0.0,24.2,0.2,0.01,8.066666666666666,50.0,34.307692307692314,16.666666666666664,0.0,0.0,Low,0,ยังไม่พบตัวชี้วัดที่ถึงหรือเกินเกณฑ์อ้างอิง
turkey and gravy,161,6.3,2.0,11.1,0.0,14.1,0.0,43.2,1.3,0.065,14.400000000000002,10.0,9.692307692307692,3.6999999999999997,0.0,0.0,Low,0,ยังไม่พบตัวชี้วัดที่ถึงหรือเกินเกณฑ์อ้างอิง
chicken egg roll,158,3.6,0.8,22.8,4.5,8.4,1.9,11.2,0.4,0.02,3.733333333333333,4.0,5.538461538461538,7.6,7.6,45.0,Low,0,ยังไม่พบตัวชี้วัดที่ถึงหรือเกินเกณฑ์อ้างอิง
vegetable egg roll,153,3.6,0.6,25.0,5.3,5.2,2.2,0.0,0.4,0.02,0.0,3.0,5.538461538461538,8.333333333333332,8.8,53.0,Low,0,ยังไม่พบตัวชี้วัดที่ถึงหรือเกินเกณฑ์อ้างอิง
ham cheese roll,67,5.2,2.0,1.1,0.0,3.8,0.0,16.2,0.3,0.015,5.4,10.0,8.0,0.3666666666666667,0.0,0.0,Low,0,ยังไม่พบตัวชี้วัดที่ถึงหรือเกินเกณฑ์อ้างอิง
biscuit with ham,386,18.4,11.4,43.8,2.2,13.4,0.8,24.9,1.1,0.055,8.299999999999999,57.00000000000001,28.307692307692307,14.6,3.2,22.000000000000004,Low,0,ยังไม่พบตัวชี้วัดที่ถึงหรือเกินเกณฑ์อ้างอิง
lemon chicken,1440,74.9,12.2,122.0,55.2,68.6,7.0,203.8,1.5,0.075,67.93333333333334,61.0,115.23076923076925,40.666666666666664,28.000000000000004,552.0,Medium,1,น้ำตาลถึงหรือเกินเกณฑ์ต่อมื้อ
hummus,435,21.1,2.8,49.5,0.7,12.0,9.8,0.0,0.6,0.03,0.0,13.999999999999998,32.46153846153847,16.5,39.2,6.999999999999999,Low,0,ยังไม่พบตัวชี้วัดที่ถึงหรือเกินเกณฑ์อ้างอิง
croissant with egg cheese,368,24.7,14.1,24.3,0.0,12.8,0.0,215.9,0.6,0.03,71.96666666666667,70.5,38.0,8.1,0.0,0.0,Low,0,ยังไม่พบตัวชี้วัดที่ถึงหรือเกินเกณฑ์อ้างอิง
enchirito with cheese beef beans,344,16.1,7.9,33.8,0.0,17.9,0.0,50.2,1.3,0.065,16.733333333333334,39.5,24.76923076923077,11.266666666666666,0.0,0.0,Low,0,ยังไม่พบตัวชี้วัดที่ถึงหรือเกินเกณฑ์อ้างอิง
sweet sour pork,38,2.2,0.4,3.3,1.4,1.2,0.1,3.4,0.003,0.00015000000000000001,1.1333333333333333,2.0,3.384615384615385,1.0999999999999999,0.4,13.999999999999998,Low,0,ยังไม่พบตัวชี้วัดที่ถึงหรือเกินเกณฑ์อ้างอิง
crab cake,160,10.4,2.2,5.1,0.0,11.3,0.2,82.2,0.5,0.025,27.400000000000002,11.000000000000002,16.0,1.6999999999999997,0.8,0.0,Low,0,ยังไม่พบตัวชี้วัดที่ถึงหรือเกินเกณฑ์อ้างอิง
egg dinner roll,107,2.2,0.6,18.2,1.5,3.3,1.3,17.5,0.2,0.01,5.833333333333333,3.0,3.384615384615385,6.066666666666666,5.2,15.0,Low,0,ยังไม่พบตัวชี้วัดที่ถึงหรือเกินเกณฑ์อ้างอิง
english muffin with egg cheese sausage,472,29.9,11.4,28.8,2.5,22.1,0.3,269.0,0.8,0.04,89.66666666666666,57.00000000000001,46.0,9.6,1.2,25.0,Low,0,ยังไม่พบตัวชี้วัดที่ถึงหรือเกินเกณฑ์อ้างอิง
buttermilk pancakes,86,3.5,0.7,10.9,0.0,2.6,0.0,22.0,0.2,0.01,7.333333333333333,3.4999999999999996,5.384615384615385,3.6333333333333337,0.0,0.0,Low,0,ยังไม่พบตัวชี้วัดที่ถึงหรือเกินเกณฑ์อ้างอิง
omelet,94,7.1,2.0,0.4,0.2,6.4,0.0,190.9,0.013,0.00065,63.63333333333333,10.0,10.923076923076923,0.13333333333333336,0.0,2.0,Low,0,ยังไม่พบตัวชี้วัดที่ถึงหรือเกินเกณฑ์อ้างอิง
taco with chicken cheese lettuce,185,6.2,2.5,19.3,1.3,13.0,1.2,28.4,0.6,0.03,9.466666666666667,12.5,9.538461538461538,6.433333333333334,4.8,13.0,Low,0,ยังไม่พบตัวชี้วัดที่ถึงหรือเกินเกณฑ์อ้างอิง
spinach souffle,230,17.6,10.1,8.0,2.5,10.7,1.0,160.5,0.8,0.04,53.5,50.5,27.07692307692308,2.666666666666667,4.0,25.0,Low,0,ยังไม่พบตัวชี้วัดที่ถึงหรือเกินเกณฑ์อ้างอิง
english muffin with cheese sausage,365,22.3,8.8,27.3,2.1,14.3,0.5,46.4,0.7,0.034999999999999996,15.466666666666667,44.00000000000001,34.307692307692314,9.1,2.0,21.000000000000004,Low,0,ยังไม่พบตัวชี้วัดที่ถึงหรือเกินเกณฑ์อ้างอิง
potato gratin,328,18.6,11.6,27.6,0.0,12.4,4.4,56.4,1.1,0.055,18.8,57.99999999999999,28.61538461538462,9.2,17.6,0.0,Low,0,ยังไม่พบตัวชี้วัดที่ถึงหรือเกินเกณฑ์อ้างอิง
biscuit with egg,436,25.3,8.5,35.4,2.5,17.4,0.3,240.7,1.2,0.06,80.23333333333333,42.5,38.92307692307693,11.799999999999999,1.2,25.0,Low,0,ยังไม่พบตัวชี้วัดที่ถึงหรือเกินเกณฑ์อ้างอิง
french fries deep fried,222,10.5,1.7,29.4,0.2,2.4,2.7,0.0,0.1,0.005,0.0,8.5,16.153846153846153,9.799999999999999,10.8,2.0,Low,0,ยังไม่พบตัวชี้วัดที่ถึงหรือเกินเกณฑ์อ้างอิง
sweet sour chicken,46,2.3,0.4,4.4,2.1,1.8,0.2,4.9,0.043,0.0021499999999999996,1.6333333333333335,2.0,3.5384615384615383,1.4666666666666668,0.8,21.000000000000004,Low,0,ยังไม่พบตัวชี้วัดที่ถึงหรือเกินเกณฑ์อ้างอิง
burrito with beans beef,460,18.0,7.0,47.0,5.3,27.8,7.2,62.7,1.4,0.06999999999999999,20.900000000000002,35.0,27.692307692307693,15.666666666666668,28.800000000000004,53.0,Low,0,ยังไม่พบตัวชี้วัดที่ถึงหรือเกินเกณฑ์อ้างอิง
nachos with cinnamon sugar,592,36.0,18.2,63.4,0.0,7.2,0.0,39.2,0.4,0.02,13.066666666666668,90.99999999999999,55.38461538461539,21.133333333333333,0.0,0.0,Low,0,ยังไม่พบตัวชี้วัดที่ถึงหรือเกินเกณฑ์อ้างอิง
arroz con grandules,209,5.7,0.9,35.4,0.0,4.0,1.6,0.0,0.7,0.034999999999999996,0.0,4.5,8.76923076923077,11.799999999999999,6.4,0.0,Low,0,ยังไม่พบตัวชี้วัดที่ถึงหรือเกินเกณฑ์อ้างอิง
chili con carne,271,8.8,3.2,33.1,4.7,14.7,8.3,22.8,1.1,0.055,7.6,16.0,13.53846153846154,11.033333333333333,33.2,47.0,Low,0,ยังไม่พบตัวชี้วัดที่ถึงหรือเกินเกณฑ์อ้างอิง
arroz con abichuelas,223,5.4,0.8,37.3,0.2,6.2,4.1,0.0,0.6,0.03,0.0,4.0,8.307692307692308,12.433333333333332,16.4,2.0,Low,0,ยังไม่พบตัวชี้วัดที่ถึงหรือเกินเกณฑ์อ้างอิง
biscuit with sausage,412,27.1,8.2,33.3,1.8,10.7,0.4,31.1,0.9,0.045,10.366666666666667,41.0,41.69230769230769,11.099999999999998,1.6,18.0,Low,0,ยังไม่พบตัวชี้วัดที่ถึงหรือเกินเกณฑ์อ้างอิง
vegetarian stew,304,7.4,1.2,17.3,3.1,42.0,2.7,0.0,1.0,0.05,0.0,6.0,11.384615384615385,5.7666666666666675,10.8,31.0,Low,0,ยังไม่พบตัวชี้วัดที่ถึงหรือเกินเกณฑ์อ้างอิง
chicken sandwich with cheese,632,38.8,12.4,41.6,0.0,29.4,0.0,77.5,1.2,0.06,25.833333333333336,62.0,59.692307692307686,13.866666666666665,0.0,0.0,Low,0,ยังไม่พบตัวชี้วัดที่ถึงหรือเกินเกณฑ์อ้างอิง
biscuit with egg steak,410,28.4,8.6,21.3,0.0,17.9,0.0,272.3,0.9,0.045,90.76666666666668,43.0,43.69230769230769,7.1000000000000005,0.0,0.0,Low,0,ยังไม่พบตัวชี้วัดที่ถึงหรือเกินเกณฑ์อ้างอิง
taco salad,212,11.2,5.2,17.9,0.0,10.0,0.0,33.0,0.6,0.03,11.0,26.0,17.23076923076923,5.966666666666666,0.0,0.0,Low,0,ยังไม่พบตัวชี้วัดที่ถึงหรือเกินเกณฑ์อ้างอิง
succotash,213,1.5,0.3,46.8,0.0,9.7,0.0,0.0,0.5,0.025,0.0,1.5,2.307692307692308,15.6,0.0,0.0,Low,0,ยังไม่พบตัวชี้วัดที่ถึงหรือเกินเกณฑ์อ้างอิง
nachos with cheese jalapeno peppers,608,34.1,14.0,60.1,0.0,16.8,0.0,83.6,1.7,0.08499999999999999,27.866666666666667,70.0,52.46153846153846,20.033333333333335,0.0,0.0,Low,0,ยังไม่พบตัวชี้วัดที่ถึงหรือเกินเกณฑ์อ้างอิง
biscuit with egg ham,442,27.0,5.9,31.4,4.2,20.4,0.8,299.5,1.4,0.06999999999999999,99.83333333333333,29.500000000000004,41.53846153846154,10.466666666666665,3.2,42.00000000000001,Low,0,ยังไม่พบตัวชี้วัดที่ถึงหรือเกินเกณฑ์อ้างอิง
ladyfingers,103,2.6,0.9,16.9,7.2,3.0,0.3,62.5,0.016,0.0007999999999999999,20.833333333333336,4.5,4.0,5.633333333333333,1.2,72.0,Low,0,ยังไม่พบตัวชี้วัดที่ถึงหรือเกินเกณฑ์อ้างอิง
mozzarella steak fried,102,5.9,2.2,7.7,0.7,4.6,0.6,10.2,0.2,0.01,3.3999999999999995,11.000000000000002,9.076923076923077,2.566666666666667,2.4,6.999999999999999,Low,0,ยังไม่พบตัวชี้วัดที่ถึงหรือเกินเกณฑ์อ้างอิง
tamale navajo,285,11.4,4.5,33.7,1.8,11.7,5.8,31.6,0.8,0.04,10.533333333333333,22.5,17.53846153846154,11.233333333333334,23.2,18.0,Low,0,ยังไม่พบตัวชี้วัดที่ถึงหรือเกินเกณฑ์อ้างอิง
blueberry pancakes,84,3.5,0.8,11.0,0.0,2.3,0.0,21.3,0.2,0.01,7.1000000000000005,4.0,5.384615384615385,3.6666666666666665,0.0,0.0,Low,0,ยังไม่พบตัวชี้วัดที่ถึงหรือเกินเกณฑ์อ้างอิง
chimichanga with beef cheese,443,23.4,11.2,39.3,0.0,20.1,0.0,51.2,1.0,0.05,17.06666666666667,55.99999999999999,36.0,13.099999999999998,0.0,0.0,Low,0,ยังไม่พบตัวชี้วัดที่ถึงหรือเกินเกณฑ์อ้างอิง
egg cheese sandwich,340,19.4,6.6,25.9,0.0,15.6,0.0,290.5,0.8,0.04,96.83333333333334,32.99999999999999,29.846153846153843,8.633333333333333,0.0,0.0,Low,0,ยังไม่พบตัวชี้วัดที่ถึงหรือเกินเกณฑ์อ้างอิง
biscuit with egg bacon,458,31.1,8.0,28.6,3.3,17.0,0.8,352.5,1.3,0.065,117.5,40.0,47.84615384615385,9.533333333333333,3.2,32.99999999999999,Medium,1,โคเลสเตอรอลถึงหรือเกินเกณฑ์อ้างอิงต่อวัน
pupusas con queso,300,15.5,7.6,26.2,1.4,13.7,3.4,37.4,0.5,0.025,12.466666666666667,38.0,23.846153846153847,8.733333333333333,13.600000000000001,13.999999999999998,Low,0,ยังไม่พบตัวชี้วัดที่ถึงหรือเกินเกณฑ์อ้างอิง
apple croissant,145,5.0,2.8,21.1,0.0,4.2,1.4,17.7,0.2,0.01,5.8999999999999995,13.999999999999998,7.6923076923076925,7.033333333333334,5.6,0.0,Low,0,ยังไม่พบตัวชี้วัดที่ถึงหรือเกินเกณฑ์อ้างอิง
refried red beans,336,16.1,2.2,36.0,0.0,11.7,11.0,0.0,0.9,0.045,0.0,11.000000000000002,24.76923076923077,12.0,44.0,0.0,Low,0,ยังไม่พบตัวชี้วัดที่ถึงหรือเกินเกณฑ์อ้างอิง
tostada with guacamole,180,11.6,4.9,16.0,0.0,6.2,0.0,19.6,0.4,0.02,6.533333333333334,24.500000000000004,17.846153846153847,5.333333333333334,0.0,0.0,Low,0,ยังไม่พบตัวชี้วัดที่ถึงหรือเกินเกณฑ์อ้างอิง
chicken sandwich,468,20.9,4.0,39.1,6.8,30.4,2.6,65.5,1.4,0.06999999999999999,21.833333333333332,20.0,32.153846153846146,13.033333333333333,10.4,68.0,Low,0,ยังไม่พบตัวชี้วัดที่ถึงหรือเกินเกณฑ์อ้างอิง
fried rice,228,3.2,0.7,43.4,0.6,6.5,1.5,32.2,0.6,0.03,10.733333333333334,3.4999999999999996,4.923076923076923,14.466666666666667,6.0,6.0,Low,0,ยังไม่พบตัวชี้วัดที่ถึงหรือเกินเกณฑ์อ้างอิง
pupusas del cerdo,283,12.7,3.9,28.1,1.8,14.0,3.2,35.4,0.5,0.025,11.799999999999999,19.5,19.538461538461537,9.366666666666667,12.8,18.0,Low,0,ยังไม่พบตัวชี้วัดที่ถึงหรือเกินเกณฑ์อ้างอิง
turkey pot pie,699,34.9,11.4,70.3,0.0,25.8,4.4,63.5,1.4,0.06999999999999999,21.166666666666668,57.00000000000001,53.69230769230769,23.43333333333333,17.6,0.0,Low,0,ยังไม่พบตัวชี้วัดที่ถึงหรือเกินเกณฑ์อ้างอิง
cheese croissant,331,16.7,8.5,37.6,9.1,7.4,2.1,45.6,0.3,0.015,15.2,42.5,25.692307692307693,12.533333333333333,8.4,90.99999999999999,Low,0,ยังไม่พบตัวชี้วัดที่ถึงหรือเกินเกณฑ์อ้างอิง
chimichanga with beef,425,19.7,8.5,42.8,0.0,19.6,0.0,8.7,0.9,0.045,2.9,42.5,30.307692307692307,14.266666666666666,0.0,0.0,Low,0,ยังไม่พบตัวชี้วัดที่ถึงหรือเกินเกณฑ์อ้างอิง
french toast with butter,178,9.4,3.9,18.0,0.0,5.2,0.0,58.1,0.3,0.015,19.366666666666667,19.5,14.461538461538462,6.0,0.0,0.0,Low,0,ยังไม่พบตัวชี้วัดที่ถึงหรือเกินเกณฑ์อ้างอิง
ham egg cheese sandwich,347,16.3,7.4,30.9,0.0,19.2,0.0,246.0,1.0,0.05,82.0,37.0,25.07692307692308,10.299999999999999,0.0,0.0,Low,0,ยังไม่พบตัวชี้วัดที่ถึงหรือเกินเกณฑ์อ้างอิง
english muffin with butter,189,5.8,2.4,30.4,0.0,4.9,0.0,12.6,0.4,0.02,4.199999999999999,12.0,8.923076923076923,10.133333333333333,0.0,0.0,Low,0,ยังไม่พบตัวชี้วัดที่ถึงหรือเกินเกณฑ์อ้างอิง
savoury noodle one pan dinner tandaco,172,1.2,0.5,5.5,0.0,0.0,0.0,0.0,0.0,0.0,0.0,2.5,1.846153846153846,1.8333333333333333,0.0,0.0,Low,0,ยังไม่พบตัวชี้วัดที่ถึงหรือเกินเกณฑ์อ้างอิง
ham cheese sandwich,352,15.5,6.4,33.3,0.0,20.7,0.0,58.4,0.8,0.04,19.466666666666665,32.0,23.846153846153847,11.099999999999998,0.0,0.0,Low,0,ยังไม่พบตัวชี้วัดที่ถึงหรือเกินเกณฑ์อ้างอิง
sweet gefilte fish,35,0.7,0.2,3.1,0.0,3.8,0.0,12.6,0.2,0.01,4.199999999999999,1.0,1.0769230769230769,1.0333333333333332,0.0,0.0,Low,0,ยังไม่พบตัวชี้วัดที่ถึงหรือเกินเกณฑ์อ้างอิง
poached egg,72,4.7,1.6,0.4,0.2,6.3,0.0,185.0,0.1,0.005,61.66666666666667,8.0,7.230769230769231,0.13333333333333336,0.0,2.0,Low,0,ยังไม่พบตัวชี้วัดที่ถึงหรือเกินเกณฑ์อ้างอิง
tostada with beef cheese,315,16.3,10.4,22.8,0.0,19.0,0.0,40.8,0.9,0.045,13.599999999999998,52.0,25.07692307692308,7.6,0.0,0.0,Low,0,ยังไม่พบตัวชี้วัดที่ถึงหรือเกินเกณฑ์อ้างอิง
tostada with beans cheese,223,9.9,5.4,26.5,0.0,9.6,0.0,30.2,0.5,0.025,10.066666666666666,27.0,15.230769230769232,8.833333333333334,0.0,0.0,Low,0,ยังไม่พบตัวชี้วัดที่ถึงหรือเกินเกณฑ์อ้างอิง
pork tamale,247,12.8,3.8,22.4,0.7,10.4,3.4,28.4,0.7,0.034999999999999996,9.466666666666667,19.0,19.692307692307693,7.466666666666666,13.600000000000001,6.999999999999999,Low,0,ยังไม่พบตัวชี้วัดที่ถึงหรือเกินเกณฑ์อ้างอิง
nachos with cheese,274,17.2,1.7,27.9,1.7,3.5,2.6,2.4,0.3,0.015,0.8,8.5,26.46153846153846,9.3,10.4,17.0,Low,0,ยังไม่พบตัวชี้วัดที่ถึงหรือเกินเกณฑ์อ้างอิง
pulled pork in barbecue sauce,418,11.0,3.5,46.7,37.8,32.8,3.0,87.2,1.7,0.08499999999999999,29.06666666666667,17.5,16.923076923076923,15.566666666666668,12.0,378.0,Medium,1,น้ำตาลถึงหรือเกินเกณฑ์ต่อมื้อ
baked potato with cheese sauce,474,28.7,10.6,46.5,0.0,14.6,0.0,17.8,0.4,0.02,5.933333333333334,53.0,44.15384615384615,15.5,0.0,0.0,Low,0,ยังไม่พบตัวชี้วัดที่ถึงหรือเกินเกณฑ์อ้างอิง
baked beans,310,10.3,3.9,43.3,0.0,11.1,11.0,10.0,0.8,0.04,3.3333333333333335,19.5,15.846153846153847,14.433333333333332,44.0,0.0,Low,0,ยังไม่พบตัวชี้วัดที่ถึงหรือเกินเกณฑ์อ้างอิง
arroz con frijoles,220,5.6,1.1,35.6,1.3,6.8,5.0,0.0,0.6,0.03,0.0,5.500000000000001,8.615384615384615,11.866666666666667,20.0,13.0,Low,0,ยังไม่พบตัวชี้วัดที่ถึงหรือเกินเกณฑ์อ้างอิง
taco with beef cheese lettuce,156,8.8,3.0,13.7,0.6,6.1,2.7,19.3,0.3,0.015,6.433333333333334,15.0,13.53846153846154,4.566666666666666,10.8,6.0,Low,0,ยังไม่พบตัวชี้วัดที่ถึงหรือเกินเกณฑ์อ้างอิง
burrito with beans cheese beef,165,6.6,3.6,19.8,0.0,7.3,0.0,61.9,0.5,0.025,20.633333333333333,18.0,10.153846153846153,6.6000000000000005,0.0,0.0,Low,0,ยังไม่พบตัวชี้วัดที่ถึงหรือเกินเกณฑ์อ้างอิง
egg mix,30,2.2,0.8,0.098,0.091,2.4,0.0,81.5,0.012,0.0006000000000000001,27.166666666666668,4.0,3.384615384615385,0.03266666666666667,0.0,0.91,Low,0,ยังไม่พบตัวชี้วัดที่ถึงหรือเกินเกณฑ์อ้างอิง
falafel,57,3.0,0.4,5.4,0.0,2.3,0.0,0.0,0.081,0.00405,0.0,2.0,4.615384615384616,1.8000000000000003,0.0,0.0,Low,0,ยังไม่พบตัวชี้วัดที่ถึงหรือเกินเกณฑ์อ้างอิง
taco salad with chili con carne,193,8.8,4.0,17.7,0.0,11.6,0.0,3.5,0.6,0.03,1.1666666666666667,20.0,13.53846153846154,5.8999999999999995,0.0,0.0,Low,0,ยังไม่พบตัวชี้วัดที่ถึงหรือเกินเกณฑ์อ้างอิง
wonton wrappers,93,0.5,0.022,18.5,0.0,3.1,0.6,2.9,0.2,0.01,0.9666666666666667,0.10999999999999999,0.7692307692307693,6.166666666666667,2.4,0.0,Low,0,ยังไม่พบตัวชี้วัดที่ถึงหรือเกินเกณฑ์อ้างอิง
hushpuppies,512,20.5,3.2,69.9,3.1,11.7,4.3,68.4,1.0,0.05,22.8,16.0,31.538461538461537,23.3,17.2,31.0,Low,0,ยังไม่พบตัวชี้วัดที่ถึงหรือเกินเกณฑ์อ้างอิง
chicken pot pie,598,34.6,12.6,57.3,7.2,14.6,3.0,51.3,1.2,0.06,17.099999999999998,63.0,53.23076923076924,19.1,12.0,72.0,Low,0,ยังไม่พบตัวชี้วัดที่ถึงหรือเกินเกณฑ์อ้างอิง
general tsos chicken,1578,87.5,14.8,128.3,62.1,69.0,4.8,283.6,2.3,0.11499999999999999,94.53333333333333,74.0,134.6153846153846,42.76666666666667,19.2,621.0,Medium,1,น้ำตาลถึงหรือเกินเกณฑ์ต่อมื้อ
burrito with beans cheese,379,11.2,4.3,57.8,3.2,13.6,7.8,9.3,1.0,0.05,3.1000000000000005,21.5,17.23076923076923,19.266666666666666,31.2,32.0,Low,0,ยังไม่พบตัวชี้วัดที่ถึงหรือเกินเกณฑ์อ้างอิง
vegetarian fillets,247,15.3,2.4,7.7,0.7,19.6,5.2,0.0,0.4,0.02,0.0,12.0,23.53846153846154,2.566666666666667,20.8,6.999999999999999,Low,0,ยังไม่พบตัวชี้วัดที่ถึงหรือเกินเกณฑ์อ้างอิง
biscuit with egg sausage,505,33.6,10.4,34.1,1.5,18.0,0.3,260.8,1.1,0.055,86.93333333333334,52.0,51.69230769230769,11.366666666666667,1.2,15.0,Low,0,ยังไม่พบตัวชี้วัดที่ถึงหรือเกินเกณฑ์อ้างอิง
chicken chow mein,513,16.9,3.0,50.1,10.5,40.8,6.0,96.6,1.9,0.095,32.2,15.0,25.999999999999996,16.7,24.0,105.0,Medium,1,น้ำตาลถึงหรือเกินเกณฑ์ต่อมื้อ
fruit burrito,231,9.5,4.6,35.0,0.0,2.5,0.0,3.7,0.2,0.01,1.2333333333333334,23.0,14.615384615384617,11.666666666666666,0.0,0.0,Low,0,ยังไม่พบตัวชี้วัดที่ถึงหรือเกินเกณฑ์อ้างอิง
arroz con leche,369,9.3,4.8,63.0,38.6,8.1,1.3,20.2,0.3,0.015,6.7333333333333325,24.0,14.30769230769231,21.0,5.2,386.00000000000006,Medium,1,น้ำตาลถึงหรือเกินเกณฑ์ต่อมื้อ
caramel custard flan,444,12.3,5.5,69.7,70.8,13.9,0.0,275.4,0.2,0.01,91.8,27.500000000000004,18.923076923076923,23.233333333333334,0.0,708.0,Medium,1,น้ำตาลถึงหรือเกินเกณฑ์ต่อมื้อ
gelatin dessert,167,0.0,0.0,38.3,36.4,3.3,0.0,0.0,0.2,0.01,0.0,0.0,0.0,12.766666666666666,0.0,363.99999999999994,Medium,1,น้ำตาลถึงหรือเกินเกณฑ์ต่อมื้อ
chocolate milk dessert,229,1.4,0.8,51.6,51.6,5.9,0.0,0.0,0.1,0.005,0.0,4.0,2.1538461538461537,17.200000000000003,0.0,516.0,Medium,1,น้ำตาลถึงหรือเกินเกณฑ์ต่อมื้อ
chocolate mousse,338,24.0,13.7,24.1,22.2,6.2,0.9,210.0,0.081,0.00405,70.0,68.5,36.92307692307693,8.033333333333333,3.6000000000000005,221.99999999999997,Medium,1,น้ำตาลถึงหรือเกินเกณฑ์ต่อมื้อ
dulce de leche,60,1.4,0.9,10.5,9.5,1.3,0.0,5.5,0.036,0.0017999999999999997,1.8333333333333333,4.5,2.1538461538461537,3.5000000000000004,0.0,95.0,Low,0,ยังไม่พบตัวชี้วัดที่ถึงหรือเกินเกณฑ์อ้างอิง
apple crisp,454,9.7,1.9,87.0,55.5,4.9,3.9,0.0,1.0,0.05,0.0,9.5,14.923076923076922,28.999999999999996,15.6,555.0,Medium,1,น้ำตาลถึงหรือเกินเกณฑ์ต่อมื้อ
spinach spaghetti cooked,182,0.9,0.1,36.6,0.0,6.4,0.0,0.0,0.061,0.0030499999999999998,0.0,0.5,1.3846153846153846,12.200000000000001,0.0,0.0,Low,0,ยังไม่พบตัวชี้วัดที่ถึงหรือเกินเกณฑ์อ้างอิง
corn pasta cooked,176,1.0,0.1,39.1,0.0,3.7,6.7,0.0,0.0,0.0,0.0,0.5,1.5384615384615385,13.033333333333333,26.8,0.0,Low,0,ยังไม่พบตัวชี้วัดที่ถึงหรือเกินเกณฑ์อ้างอิง
spaghetti with meat sauce,255,2.9,1.0,43.1,7.4,14.3,5.1,17.0,0.7,0.034999999999999996,5.666666666666666,5.0,4.461538461538462,14.366666666666667,20.4,74.0,Low,0,ยังไม่พบตัวชี้วัดที่ถึงหรือเกินเกณฑ์อ้างอิง
pasta with meatballs in tomato sauce,273,13.0,5.0,28.3,7.2,10.6,6.9,23.0,0.7,0.034999999999999996,7.666666666666666,25.0,20.0,9.433333333333334,27.6,72.0,Low,0,ยังไม่พบตัวชี้วัดที่ถึงหรือเกินเกณฑ์อ้างอิง
cheese tortellini,332,7.8,3.9,50.8,1.0,14.6,2.1,45.4,0.4,0.02,15.133333333333333,19.5,12.0,16.933333333333334,8.4,10.0,Low,0,ยังไม่พบตัวชี้วัดที่ถึงหรือเกินเกณฑ์อ้างอิง
pasta with sliced franks in tomato sauce,227,6.0,2.5,32.0,8.0,11.0,4.0,22.7,0.7,0.034999999999999996,7.566666666666666,12.5,9.230769230769232,10.666666666666668,16.0,80.0,Low,0,ยังไม่พบตัวชี้วัดที่ถึงหรือเกินเกณฑ์อ้างอิง
lasagna,166,6.1,2.9,18.9,3.8,9.0,2.1,20.9,0.5,0.025,6.966666666666667,14.499999999999998,9.384615384615385,6.3,8.4,38.0,Low,0,ยังไม่พบตัวชี้วัดที่ถึงหรือเกินเกณฑ์อ้างอิง
macaroni cheese,310,9.4,3.1,43.7,3.0,12.6,2.3,15.1,0.9,0.045,5.033333333333333,15.5,14.461538461538462,14.566666666666666,9.2,30.0,Low,0,ยังไม่พบตัวชี้วัดที่ถึงหรือเกินเกณฑ์อ้างอิง
vegetable lasagna,316,13.7,5.5,32.2,5.8,15.6,4.3,31.8,1.0,0.05,10.6,27.500000000000004,21.076923076923077,10.733333333333334,17.2,57.99999999999999,Low,0,ยังไม่พบตัวชี้วัดที่ถึงหรือเกินเกณฑ์อ้างอิง
spinach egg noodles cooked,211,2.5,0.6,38.8,1.1,8.1,3.7,52.8,0.068,0.0034,17.599999999999998,3.0,3.8461538461538463,12.933333333333334,14.800000000000002,11.000000000000002,Low,0,ยังไม่พบตัวชี้วัดที่ถึงหรือเกินเกณฑ์อ้างอิง
cheese lasagna,316,13.0,5.1,33.6,10.3,15.9,4.1,31.6,0.7,0.034999999999999996,10.533333333333333,25.5,20.0,11.200000000000001,16.4,103.0,Medium,1,น้ำตาลถึงหรือเกินเกณฑ์ต่อมื้อ
pasta with tomato sauce,176,1.8,0.4,35.1,10.1,5.6,2.3,15.1,1.0,0.05,5.033333333333333,2.0,2.769230769230769,11.700000000000001,9.2,101.0,Medium,1,น้ำตาลถึงหรือเกินเกณฑ์ต่อมื้อ
spinach pasta cooked,37,0.3,0.078,7.1,0.0,1.4,0.0,9.3,0.004,0.00019999999999999998,3.1000000000000005,0.38999999999999996,0.4615384615384615,2.3666666666666667,0.0,0.0,Low,0,ยังไม่พบตัวชี้วัดที่ถึงหรือเกินเกณฑ์อ้างอิง
vegetable chicken soup,166,4.8,1.4,21.1,3.4,12.3,1.0,16.9,0.075,0.00375,5.633333333333333,6.999999999999999,7.384615384615384,7.033333333333334,4.0,34.0,Low,0,ยังไม่พบตัวชี้วัดที่ถึงหรือเกินเกณฑ์อ้างอิง
bean ham soup,198,2.5,0.6,33.5,7.8,10.3,9.8,4.9,0.5,0.025,1.6333333333333335,3.0,3.8461538461538463,11.166666666666666,39.2,78.0,Low,0,ยังไม่พบตัวชี้วัดที่ถึงหรือเกินเกณฑ์อ้างอิง
cream of chicken soup,227,14.5,4.3,18.0,1.4,6.0,0.0,20.2,1.8,0.09,6.7333333333333325,21.5,22.30769230769231,6.0,0.0,13.999999999999998,Low,0,ยังไม่พบตัวชี้วัดที่ถึงหรือเกินเกณฑ์อ้างอิง
tomato soup canned,139,3.3,1.8,22.6,16.5,6.3,1.5,10.1,0.5,0.025,3.3666666666666663,9.0,5.076923076923077,7.533333333333333,6.0,165.0,Medium,1,น้ำตาลถึงหรือเกินเกณฑ์ต่อมื้อ
egg drop soup,65,1.5,0.4,10.3,0.2,2.8,1.0,55.4,0.9,0.045,18.46666666666667,2.0,2.307692307692308,3.4333333333333336,4.0,2.0,Low,0,ยังไม่พบตัวชี้วัดที่ถึงหรือเกินเกณฑ์อ้างอิง
scotch broth,197,6.4,2.7,23.0,0.0,12.1,3.0,11.9,2.1,0.10500000000000001,3.966666666666667,13.5,9.846153846153847,7.666666666666666,12.0,0.0,Low,0,ยังไม่พบตัวชี้วัดที่ถึงหรือเกินเกณฑ์อ้างอิง
cream of onion soup,268,12.8,3.6,31.7,11.1,6.7,1.2,36.6,1.9,0.095,12.200000000000001,18.0,19.692307692307693,10.566666666666666,4.8,110.99999999999999,Medium,1,น้ำตาลถึงหรือเกินเกณฑ์ต่อมื้อ
chicken broth dry,10,0.2,0.055,1.1,0.0,0.7,0.0,0.6,1.2,0.06,0.2,0.27499999999999997,0.3076923076923077,0.3666666666666667,0.0,0.0,Low,0,ยังไม่พบตัวชี้วัดที่ถึงหรือเกินเกณฑ์อ้างอิง
vegetable soup with beef broth,162,3.8,0.9,26.3,4.0,6.0,3.2,2.5,1.3,0.065,0.8333333333333334,4.5,5.846153846153846,8.766666666666667,12.8,40.0,Low,0,ยังไม่พบตัวชี้วัดที่ถึงหรือเกินเกณฑ์อ้างอิง
chili with beans canned,287,14.1,6.0,30.5,3.0,14.6,11.3,43.5,1.3,0.065,14.499999999999998,30.0,21.69230769230769,10.166666666666666,45.2,30.0,Low,0,ยังไม่พบตัวชี้วัดที่ถึงหรือเกินเกณฑ์อ้างอิง
beef noodle soup,168,6.2,2.3,17.9,5.2,9.6,1.5,10.0,1.6,0.08,3.3333333333333335,11.5,9.538461538461538,5.966666666666666,6.0,52.0,Low,0,ยังไม่พบตัวชี้วัดที่ถึงหรือเกินเกณฑ์อ้างอิง
consomme dry,17,0.2,0.0,1.9,1.1,2.2,0.0,0.0,0.8,0.04,0.0,0.0,0.3076923076923077,0.6333333333333333,0.0,11.000000000000002,Low,0,ยังไม่พบตัวชี้วัดที่ถึงหรือเกินเกณฑ์อ้างอิง
chicken mushroom soup,126,6.1,1.6,15.1,1.0,2.0,4.0,10.1,0.8,0.04,3.3666666666666663,8.0,9.384615384615385,5.033333333333333,16.0,10.0,Low,0,ยังไม่พบตัวชี้วัดที่ถึงหรือเกินเกณฑ์อ้างอิง
beef vegetable soup,120,2.9,1.0,15.4,3.1,8.0,3.0,17.5,0.8,0.04,5.833333333333333,5.0,4.461538461538462,5.133333333333334,12.0,31.0,Low,0,ยังไม่พบตัวชี้วัดที่ถึงหรือเกินเกณฑ์อ้างอิง
black bean soup,234,3.4,0.9,39.6,6.4,12.4,17.5,0.0,2.5,0.125,0.0,4.5,5.230769230769231,13.200000000000001,70.0,64.0,Low,0,ยังไม่พบตัวชี้วัดที่ถึงหรือเกินเกณฑ์อ้างอิง
split pea soup with ham bacon,189,3.1,0.9,28.6,0.0,11.6,4.1,4.1,1.0,0.05,1.3666666666666665,4.5,4.769230769230769,9.533333333333333,16.4,0.0,Low,0,ยังไม่พบตัวชี้วัดที่ถึงหรือเกินเกณฑ์อ้างอิง
cream of mushroom soup,199,13.4,2.4,17.1,1.0,3.4,1.8,0.0,1.7,0.08499999999999999,0.0,12.0,20.615384615384617,5.7,7.200000000000001,10.0,Low,0,ยังไม่พบตัวชี้วัดที่ถึงหรือเกินเกณฑ์อ้างอิง
green pea soup,320,5.7,2.7,51.7,16.7,16.7,10.0,0.0,1.7,0.08499999999999999,0.0,13.5,8.76923076923077,17.233333333333334,40.0,167.0,Medium,1,น้ำตาลถึงหรือเกินเกณฑ์ต่อมื้อ
chicken broth soup,78,2.6,0.8,1.9,0.9,11.1,0.0,2.5,1.6,0.08,0.8333333333333334,4.0,4.0,0.6333333333333333,0.0,9.0,Low,0,ยังไม่พบตัวชี้วัดที่ถึงหรือเกินเกณฑ์อ้างอิง
chicken mushroom chowder soup,431,23.7,6.2,38.3,0.0,16.2,7.5,32.3,1.8,0.09,10.766666666666666,31.0,36.46153846153846,12.766666666666666,30.0,0.0,Low,0,ยังไม่พบตัวชี้วัดที่ถึงหรือเกินเกณฑ์อ้างอิง
chicken dumplings soup,235,13.4,3.2,14.7,1.4,13.6,1.2,80.5,1.8,0.09,26.833333333333332,16.0,20.615384615384617,4.8999999999999995,4.8,13.999999999999998,Low,0,ยังไม่พบตัวชี้วัดที่ถึงหรือเกินเกณฑ์อ้างอิง
chicken vegetable soup,148,5.6,1.7,17.0,3.0,7.1,1.7,16.9,1.7,0.08499999999999999,5.633333333333333,8.5,8.615384615384615,5.666666666666666,6.800000000000001,30.0,Low,0,ยังไม่พบตัวชี้วัดที่ถึงหรือเกินเกณฑ์อ้างอิง
turkey vegetable soup,72,3.0,0.9,8.6,2.6,3.1,0.5,2.4,0.9,0.045,0.8,4.5,4.615384615384616,2.8666666666666667,2.0,26.0,Low,0,ยังไม่พบตัวชี้วัดที่ถึงหรือเกินเกณฑ์อ้างอิง
wonton soup,71,0.6,0.1,11.7,0.8,4.6,0.4,8.9,0.9,0.045,2.966666666666667,0.5,0.923076923076923,3.9,1.6,8.0,Low,0,ยังไม่พบตัวชี้วัดที่ถึงหรือเกินเกณฑ์อ้างอิง
beef stock,31,0.2,0.003,2.9,1.3,4.7,0.0,0.0,0.5,0.025,0.0,0.015000000000000001,0.3076923076923077,0.9666666666666667,0.0,13.0,Low,0,ยังไม่พบตัวชี้วัดที่ถึงหรือเกินเกณฑ์อ้างอิง
mushroom barley soup,186,5.5,1.1,29.3,0.0,4.6,0.0,0.0,1.7,0.08499999999999999,0.0,5.500000000000001,8.461538461538462,9.766666666666666,0.0,0.0,Low,0,ยังไม่พบตัวชี้วัดที่ถึงหรือเกินเกณฑ์อ้างอิง
gazpacho soup,70,0.4,0.008,6.6,2.2,10.7,0.7,0.0,1.1,0.055,0.0,0.04,0.6153846153846154,2.1999999999999997,2.8,22.000000000000004,Low,0,ยังไม่พบตัวชี้วัดที่ถึงหรือเกินเกณฑ์อ้างอิง
beef mushroom soup,186,7.3,3.7,15.9,0.0,14.0,0.6,15.3,2.2,0.11,5.1000000000000005,18.5,11.23076923076923,5.3,2.4,0.0,Low,0,ยังไม่พบตัวชี้วัดที่ถึงหรือเกินเกณฑ์อ้างอิง
chicken rice soup,127,3.2,1.0,13.0,1.4,12.3,1.0,12.0,0.9,0.045,4.0,5.0,4.923076923076923,4.333333333333334,4.0,13.999999999999998,Low,0,ยังไม่พบตัวชี้วัดที่ถึงหรือเกินเกณฑ์อ้างอิง
pepperpot soup,100,4.5,2.0,9.1,0.0,6.2,0.5,9.7,0.9,0.045,3.2333333333333334,10.0,6.923076923076923,3.033333333333333,2.0,0.0,Low,0,ยังไม่พบตัวชี้วัดที่ถึงหรือเกินเกณฑ์อ้างอิง
vegetable soup,149,4.0,0.6,24.6,7.9,4.3,1.3,0.0,1.3,0.065,0.0,3.0,6.153846153846154,8.200000000000001,5.2,79.0,Low,0,ยังไม่พบตัวชี้วัดที่ถึงหรือเกินเกณฑ์อ้างอิง
chili beef soup,308,6.7,3.3,49.6,13.4,13.4,6.6,26.3,2.1,0.10500000000000001,8.766666666666667,16.499999999999996,10.307692307692308,16.53333333333333,26.400000000000002,134.0,Medium,1,น้ำตาลถึงหรือเกินเกณฑ์ต่อมื้อ
chicken soup,174,6.5,1.9,16.9,2.1,12.4,1.5,29.4,0.9,0.045,9.799999999999999,9.5,10.0,5.633333333333333,6.0,21.000000000000004,Low,0,ยังไม่พบตัวชี้วัดที่ถึงหรือเกินเกณฑ์อ้างอิง
bean with frankfurters soup,188,7.0,2.1,22.0,0.0,10.0,0.0,12.5,1.1,0.055,4.166666666666666,10.500000000000002,10.76923076923077,7.333333333333333,0.0,0.0,Low,0,ยังไม่พบตัวชี้วัดที่ถึงหรือเกินเกณฑ์อ้างอิง
pea soup,161,2.8,1.4,25.6,8.3,8.3,4.9,0.0,0.015,0.0007499999999999999,0.0,6.999999999999999,4.3076923076923075,8.533333333333335,19.6,83.0,Low,0,ยังไม่พบตัวชี้วัดที่ถึงหรือเกินเกณฑ์อ้างอิง
turkey soup,135,4.4,1.2,14.1,0.0,10.2,0.0,9.4,0.9,0.045,3.1333333333333333,6.0,6.76923076923077,4.7,0.0,0.0,Low,0,ยังไม่พบตัวชี้วัดที่ถึงหรือเกินเกณฑ์อ้างอิง
stockpot soup,201,7.8,1.7,23.1,0.0,9.8,0.0,7.7,2.1,0.10500000000000001,2.566666666666667,8.5,12.0,7.7,0.0,0.0,Low,0,ยังไม่พบตัวชี้วัดที่ถึงหรือเกินเกณฑ์อ้างอิง
hot sour soup,91,2.8,0.5,10.1,1.0,6.0,1.2,48.9,0.9,0.045,16.3,2.5,4.3076923076923075,3.3666666666666663,4.8,10.0,Low,0,ยังไม่พบตัวชี้วัดที่ถึงหรือเกินเกณฑ์อ้างอิง
cheese soup,203,9.7,6.1,28.0,9.3,2.0,5.5,7.4,1.7,0.08499999999999999,2.466666666666667,30.5,14.923076923076922,9.333333333333334,22.0,93.0,Low,0,ยังไม่พบตัวชี้วัดที่ถึงหรือเกินเกณฑ์อ้างอิง
cream of potato soup,186,4.7,2.4,32.2,3.6,3.8,3.3,2.5,1.5,0.075,0.8333333333333334,12.0,7.230769230769231,10.733333333333334,13.200000000000001,36.0,Low,0,ยังไม่พบตัวชี้วัดที่ถึงหรือเกินเกณฑ์อ้างอิง
bean with bacon soup,106,2.1,1.0,16.4,0.6,5.5,9.0,2.7,0.9,0.045,0.9000000000000001,5.0,3.230769230769231,5.466666666666666,36.0,6.0,Low,0,ยังไม่พบตัวชี้วัดที่ถึงหรือเกินเกณฑ์อ้างอิง
fish stock,40,1.9,0.5,0.0,0.0,5.3,0.0,2.3,0.4,0.02,0.7666666666666666,2.5,2.923076923076923,0.0,0.0,0.0,Low,0,ยังไม่พบตัวชี้วัดที่ถึงหรือเกินเกณฑ์อ้างอิง
split pea soup with ham,381,8.9,3.5,56.2,0.0,20.7,4.6,16.2,1.7,0.08499999999999999,5.4,17.5,13.692307692307693,18.733333333333334,18.4,0.0,Low,0,ยังไม่พบตัวชี้วัดที่ถึงหรือเกินเกณฑ์อ้างอิง
beef broth soup,17,0.5,0.3,0.01,0.0,2.7,0.0,0.0,0.9,0.045,0.0,1.5,0.7692307692307693,0.0033333333333333335,0.0,0.0,Low,0,ยังไม่พบตัวชี้วัดที่ถึงหรือเกินเกณฑ์อ้างอิง
lentil soup with ham,139,2.8,1.1,20.2,0.0,9.3,0.0,7.4,1.3,0.065,2.466666666666667,5.500000000000001,4.3076923076923075,6.7333333333333325,0.0,0.0,Low,0,ยังไม่พบตัวชี้วัดที่ถึงหรือเกินเกณฑ์อ้างอิง
tomato soup,98,0.7,0.2,22.5,12.2,2.2,1.6,0.0,0.6,0.03,0.0,1.0,1.0769230769230769,7.5,6.4,122.0,Medium,1,น้ำตาลถึงหรือเกินเกณฑ์ต่อมื้อ
fish broth,39,1.5,0.3,1.0,0.2,4.9,0.0,0.0,0.5,0.025,0.0,1.5,2.307692307692308,0.33333333333333337,0.0,2.0,Low,0,ยังไม่พบตัวชี้วัดที่ถึงหรือเกินเกณฑ์อ้างอิง
chili without beans canned,283,17.0,5.4,14.6,0.0,18.1,0.0,50.4,0.9,0.045,16.799999999999997,27.0,26.153846153846157,4.866666666666666,0.0,0.0,Low,0,ยังไม่พบตัวชี้วัดที่ถึงหรือเกินเกณฑ์อ้างอิง
minestrone soup,167,5.0,1.1,22.6,3.7,8.6,2.0,2.5,1.3,0.065,0.8333333333333334,5.500000000000001,7.6923076923076925,7.533333333333333,8.0,37.0,Low,0,ยังไม่พบตัวชี้วัดที่ถึงหรือเกินเกณฑ์อ้างอิง
clam chowder soup,154,4.4,0.8,24.5,6.8,4.4,3.0,5.0,1.8,0.09,1.6666666666666667,4.0,6.76923076923077,8.166666666666666,12.0,68.0,Low,0,ยังไม่พบตัวชี้วัดที่ถึงหรือเกินเกณฑ์อ้างอิง
tomato vegetable soup,54,0.8,0.4,9.9,2.4,1.9,0.7,0.0,0.3,0.015,0.0,2.0,1.2307692307692308,3.3000000000000003,2.8,24.0,Low,0,ยังไม่พบตัวชี้วัดที่ถึงหรือเกินเกณฑ์อ้างอิง
cream of rice coup,127,0.2,0.07,28.1,0.022,2.2,0.2,0.0,0.4,0.02,0.0,0.35000000000000003,0.3076923076923077,9.366666666666667,0.8,0.21999999999999997,Low,0,ยังไม่พบตัวชี้วัดที่ถึงหรือเกินเกณฑ์อ้างอิง
cream of celery soup,181,11.2,2.8,17.7,3.4,3.3,1.5,27.7,1.3,0.065,9.233333333333334,13.999999999999998,17.23076923076923,5.8999999999999995,6.0,34.0,Low,0,ยังไม่พบตัวชี้วัดที่ถึงหรือเกินเกณฑ์อ้างอิง
chicken gravy,188,13.6,3.4,12.9,1.9,4.6,1.0,4.8,1.0,0.05,1.6,17.0,20.923076923076923,4.300000000000001,4.0,19.0,Low,0,ยังไม่พบตัวชี้วัดที่ถึงหรือเกินเกณฑ์อ้างอิง
tomato rice soup,240,5.5,1.0,44.1,15.2,4.2,3.4,2.6,1.6,0.08,0.8666666666666666,5.0,8.461538461538462,14.7,13.600000000000001,152.0,Medium,1,น้ำตาลถึงหรือเกินเกณฑ์ต่อมื้อ
vegetable beef soup,128,2.0,0.6,9.6,0.0,18.1,4.4,8.8,1.1,0.055,2.9333333333333336,3.0,3.076923076923077,3.2,17.6,0.0,Low,0,ยังไม่พบตัวชี้วัดที่ถึงหรือเกินเกณฑ์อ้างอิง
tomato beef noodle soup,281,8.6,3.2,42.3,0.0,8.9,3.0,7.5,1.8,0.09,2.5,16.0,13.23076923076923,14.099999999999998,12.0,0.0,Low,0,ยังไม่พบตัวชี้วัดที่ถึงหรือเกินเกณฑ์อ้างอิง
oyster stew soup,118,7.7,5.0,8.2,0.0,4.2,0.0,27.1,1.8,0.09,9.033333333333333,25.0,11.846153846153847,2.733333333333333,0.0,0.0,Low,0,ยังไม่พบตัวชี้วัดที่ถึงหรือเกินเกณฑ์อ้างอิง
ramen noodle soup dry,371,13.3,6.4,53.9,1.3,8.9,2.0,0.0,1.7,0.08499999999999999,0.0,32.0,20.46153846153846,17.96666666666667,8.0,13.0,Low,0,ยังไม่พบตัวชี้วัดที่ถึงหรือเกินเกณฑ์อ้างอิง
chicken noodle soup,145,4.7,1.2,18.4,0.0,7.2,2.7,24.2,2.1,0.10500000000000001,8.066666666666666,6.0,7.230769230769231,6.133333333333333,10.8,0.0,Low,0,ยังไม่พบตัวชี้วัดที่ถึงหรือเกินเกณฑ์อ้างอิง
chicken bouillon dry,11,0.6,0.1,0.7,0.7,0.7,0.0,0.5,1.0,0.05,0.16666666666666669,0.5,0.923076923076923,0.2333333333333333,0.0,6.999999999999999,Low,0,ยังไม่พบตัวชี้วัดที่ถึงหรือเกินเกณฑ์อ้างอิง
cream of asparagus soup,174,8.2,2.1,21.5,1.8,4.6,1.0,10.1,1.7,0.08499999999999999,3.3666666666666663,10.500000000000002,12.615384615384615,7.166666666666667,4.0,18.0,Low,0,ยังไม่พบตัวชี้วัดที่ถึงหรือเกินเกณฑ์อ้างอิง
turkey noodle soup,139,4.0,1.1,17.3,1.0,7.8,1.5,10.1,1.6,0.08,3.3666666666666663,5.500000000000001,6.153846153846154,5.7666666666666675,6.0,10.0,Low,0,ยังไม่พบตัวชี้วัดที่ถึงหรือเกินเกณฑ์อ้างอิง
cream of shrimp soup,181,10.4,6.5,16.5,0.0,5.6,0.5,32.8,1.7,0.08499999999999999,10.933333333333332,32.5,16.0,5.5,2.0,0.0,Low,0,ยังไม่พบตัวชี้วัดที่ถึงหรือเกินเกณฑ์อ้างอิง
bean with pork soup,335,11.5,3.0,44.1,7.8,15.3,15.3,5.2,1.7,0.08499999999999999,1.7333333333333332,15.0,17.692307692307693,14.7,61.199999999999996,78.0,Low,0,ยังไม่พบตัวชี้วัดที่ถึงหรือเกินเกณฑ์อ้างอิง
chicken broth,12,0.5,0.008,1.0,0.0,1.0,0.0,0.0,0.9,0.045,0.0,0.04,0.7692307692307693,0.33333333333333337,0.0,0.0,Low,0,ยังไม่พบตัวชี้วัดที่ถึงหรือเกินเกณฑ์อ้างอิง
beef broth powder,8,0.3,0.2,0.6,0.6,0.6,0.0,0.4,0.9,0.045,0.13333333333333336,1.0,0.4615384615384615,0.2,0.0,6.0,Low,0,ยังไม่พบตัวชี้วัดที่ถึงหรือเกินเกณฑ์อ้างอิง
split pea soup,180,2.3,0.8,29.9,12.8,9.7,4.8,5.1,0.4,0.02,1.6999999999999997,4.0,3.5384615384615383,9.966666666666667,19.2,128.0,Medium,1,น้ำตาลถึงหรือเกินเกณฑ์ต่อมื้อ
escarole soup,61,4.0,1.2,4.0,0.0,3.4,0.0,5.5,2.3,0.11499999999999999,1.8333333333333333,6.0,6.153846153846154,1.3333333333333335,0.0,0.0,Low,0,ยังไม่พบตัวชี้วัดที่ถึงหรือเกินเกณฑ์อ้างอิง
chicken stock,86,2.9,0.8,8.5,3.8,6.0,0.0,7.2,0.3,0.015,2.4,4.0,4.461538461538462,2.833333333333333,0.0,38.0,Low,0,ยังไม่พบตัวชี้วัดที่ถึงหรือเกินเกณฑ์อ้างอิง
tomato bisque soup,248,5.0,1.1,47.7,0.0,4.5,2.1,10.3,1.8,0.09,3.4333333333333336,5.500000000000001,7.6923076923076925,15.9,8.4,0.0,Low,0,ยังไม่พบตัวชี้วัดที่ถึงหรือเกินเกณฑ์อ้างอิง
shark fin soup,99,4.3,1.1,8.2,0.0,6.9,0.0,4.3,1.1,0.055,1.4333333333333333,5.500000000000001,6.615384615384615,2.733333333333333,0.0,0.0,Low,0,ยังไม่พบตัวชี้วัดที่ถึงหรือเกินเกณฑ์อ้างอิง
onion soup,113,3.5,0.5,16.4,6.7,7.5,1.7,0.0,1.3,0.065,0.0,2.5,5.384615384615385,5.466666666666666,6.800000000000001,67.0,Low,0,ยังไม่พบตัวชี้วัดที่ถึงหรือเกินเกณฑ์อ้างอิง
chicken gumbo soup,113,2.9,0.7,16.8,4.9,5.3,4.0,7.6,1.7,0.08499999999999999,2.533333333333333,3.4999999999999996,4.461538461538462,5.6000000000000005,16.0,49.00000000000001,Low,0,ยังไม่พบตัวชี้วัดที่ถึงหรือเกินเกณฑ์อ้างอิง
crab soup,95,0.8,0.2,12.5,0.0,10.4,2.4,41.5,0.6,0.03,13.833333333333334,1.0,1.2307692307692308,4.166666666666666,9.6,0.0,Low,0,ยังไม่พบตัวชี้วัดที่ถึงหรือเกินเกณฑ์อ้างอิง
tripe soup,148,5.2,2.1,8.1,0.0,17.2,0.0,118.0,0.8,0.04,39.33333333333333,10.500000000000002,8.0,2.7,0.0,0.0,Low,0,ยังไม่พบตัวชี้วัดที่ถึงหรือเกินเกณฑ์อ้างอิง
little india little lunch,164,10.6,15.6,2.0,0.0,0.0,0.0,0.0,0.0,0.0,0.0,78.0,16.307692307692307,0.6666666666666667,0.0,0.0,Low,0,ยังไม่พบตัวชี้วัดที่ถึงหรือเกินเกณฑ์อ้างอิง
original chicken sandwich chick fil a,125,5.1,11.6,0.0,0.0,0.0,0.0,0.0,0.0,0.0,0.0,57.99999999999999,7.846153846153846,0.0,0.0,0.0,Low,0,ยังไม่พบตัวชี้วัดที่ถึงหรือเกินเกณฑ์อ้างอิง
sausage mcmuffin mcdonalds,383,24.2,8.3,28.2,2.2,14.6,1.6,44.9,0.8,0.04,14.966666666666667,41.5,37.230769230769226,9.4,6.4,22.000000000000004,Low,0,ยังไม่พบตัวชี้วัดที่ถึงหรือเกินเกณฑ์อ้างอิง
sausage mcgriddles mcdonalds,421,24.0,7.3,42.2,15.2,11.4,1.4,32.4,1.0,0.05,10.8,36.5,36.92307692307693,14.066666666666668,5.6,152.0,Medium,1,น้ำตาลถึงหรือเกินเกณฑ์ต่อมื้อ
crispy chicken drumstick kentucky fried chicken,70,3.0,0.8,0.0,0.0,10.6,0.0,56.2,0.2,0.01,18.733333333333334,4.0,4.615384615384616,0.0,0.0,0.0,Low,0,ยังไม่พบตัวชี้วัดที่ถึงหรือเกินเกณฑ์อ้างอิง
chicken crispy drumsticks kentucky fried chicken,156,10.1,2.2,4.5,0.0,11.8,0.0,62.1,0.4,0.02,20.700000000000003,11.000000000000002,15.538461538461537,1.5,0.0,0.0,Low,0,ยังไม่พบตัวชี้วัดที่ถึงหรือเกินเกณฑ์อ้างอิง
biscuit kentucky fried chicken,185,9.1,2.2,22.1,1.7,3.8,0.8,0.5,0.5,0.025,0.16666666666666669,11.000000000000002,13.999999999999998,7.366666666666667,3.2,17.0,Low,0,ยังไม่พบตัวชี้วัดที่ถึงหรือเกินเกณฑ์อ้างอิง
english muffin mcdonalds,97,2.3,1.1,2.9,1.5,5.7,0.2,20.7,0.031,0.0015500000000000002,6.8999999999999995,5.500000000000001,3.5384615384615383,0.9666666666666667,0.8,15.0,Low,0,ยังไม่พบตัวชี้วัดที่ถึงหรือเกินเกณฑ์อ้างอิง
french fries mcdonalds,378,18.1,2.7,49.8,0.2,4.0,4.6,0.0,0.2,0.01,0.0,13.5,27.846153846153847,16.599999999999998,18.4,2.0,Low,0,ยังไม่พบตัวชี้วัดที่ถึงหรือเกินเกณฑ์อ้างอิง
hotdog,383,23.0,8.1,28.5,0.0,16.4,0.0,69.8,1.1,0.055,23.266666666666666,40.5,35.38461538461539,9.5,0.0,0.0,Low,0,ยังไม่พบตัวชี้วัดที่ถึงหรือเกินเกณฑ์อ้างอิง
french fries burger king,207,9.2,1.6,28.6,0.4,2.4,2.1,0.0,0.2,0.01,0.0,8.0,14.153846153846153,9.533333333333333,8.4,4.0,Low,0,ยังไม่พบตัวชี้วัดที่ถึงหรือเกินเกณฑ์อ้างอิง
original taco with beef cheese lettuce taco bell,158,8.8,3.0,13.7,0.6,6.1,2.7,19.3,0.3,0.015,6.433333333333334,15.0,13.53846153846154,4.566666666666666,10.8,6.0,Low,0,ยังไม่พบตัวชี้วัดที่ถึงหรือเกินเกณฑ์อ้างอิง
hotdog with chili,296,13.4,4.9,31.3,0.0,13.5,0.0,51.3,0.5,0.025,17.099999999999998,24.500000000000004,20.615384615384617,10.433333333333334,0.0,0.0,Low,0,ยังไม่พบตัวชี้วัดที่ถึงหรือเกินเกณฑ์อ้างอิง
chicken crispy wings kentucky fried chicken,148,10.1,2.1,5.1,0.0,9.2,0.0,47.1,0.3,0.015,15.7,10.500000000000002,15.538461538461537,1.6999999999999997,0.0,0.0,Low,0,ยังไม่พบตัวชี้วัดที่ถึงหรือเกินเกณฑ์อ้างอิง
egg white delight mcdonalds,250,16.0,4.0,0.0,0.0,0.0,0.0,0.0,0.0,0.0,0.0,20.0,24.615384615384617,0.0,0.0,0.0,Low,0,ยังไม่พบตัวชี้วัดที่ถึงหรือเกินเกณฑ์อ้างอิง
french toast sticks burger king,73,3.7,0.8,8.7,2.1,1.3,0.3,0.0,0.014,0.0007,0.0,4.0,5.6923076923076925,2.9,1.2,21.000000000000004,Low,0,ยังไม่พบตัวชี้วัดที่ถึงหรือเกินเกณฑ์อ้างอิง
mcchicken mcdonalds,358,17.3,3.1,36.6,4.7,13.7,1.7,35.4,0.8,0.04,11.799999999999999,15.5,26.61538461538462,12.200000000000001,6.800000000000001,47.0,Low,0,ยังไม่พบตัวชี้วัดที่ถึงหรือเกินเกณฑ์อ้างอิง
nachos supreme taco bell,480,26.6,7.8,45.0,0.0,14.8,8.0,37.1,0.8,0.04,12.366666666666667,39.0,40.92307692307692,15.0,32.0,0.0,Low,0,ยังไม่พบตัวชี้วัดที่ถึงหรือเกินเกณฑ์อ้างอิง
crispy chicken wing kentucky fried chicken,104,5.3,1.1,1.3,0.0,12.6,0.0,64.2,0.3,0.015,21.4,5.500000000000001,8.153846153846153,0.4333333333333333,0.0,0.0,Low,0,ยังไม่พบตัวชี้วัดที่ถึงหรือเกินเกณฑ์อ้างอิง
chicken strips burger king,105,5.5,1.0,7.4,0.0,6.6,0.5,15.8,0.3,0.015,5.266666666666667,5.0,8.461538461538462,2.466666666666667,2.0,0.0,Low,0,ยังไม่พบตัวชี้วัดที่ถึงหรือเกินเกณฑ์อ้างอิง
crispy chicken breast kentucky fried chicken,214,6.7,1.7,0.4,0.0,38.2,0.0,121.8,0.7,0.034999999999999996,40.599999999999994,8.5,10.307692307692308,0.13333333333333336,0.0,0.0,Low,0,ยังไม่พบตัวชี้วัดที่ถึงหรือเกินเกณฑ์อ้างอิง
sausage biscuit mcdonalds,440,29.7,12.5,31.8,2.3,11.3,1.4,33.9,1.0,0.05,11.299999999999999,62.5,45.69230769230769,10.6,5.6,23.0,Low,0,ยังไม่พบตัวชี้วัดที่ถึงหรือเกินเกณฑ์อ้างอิง
sausage burrito mcdonalds,339,17.1,6.1,24.2,1.4,13.0,1.2,172.9,0.8,0.04,57.63333333333334,30.5,26.30769230769231,8.066666666666666,4.8,13.999999999999998,Low,0,ยังไม่พบตัวชี้วัดที่ถึงหรือเกินเกณฑ์อ้างอิง
onion rings fried,27,1.6,0.3,2.8,0.4,0.3,0.2,0.0,0.015,0.0007499999999999999,0.0,1.5,2.4615384615384617,0.9333333333333332,0.8,4.0,Low,0,ยังไม่พบตัวชี้วัดที่ถึงหรือเกินเกณฑ์อ้างอิง
onion rings burger king,379,23.0,3.8,39.7,4.9,3.5,2.5,0.0,0.7,0.034999999999999996,0.0,19.0,35.38461538461539,13.233333333333333,10.0,49.00000000000001,Low,0,ยังไม่พบตัวชี้วัดที่ถึงหรือเกินเกณฑ์อ้างอิง
turkey patty fried,79,5.0,1.3,4.4,0.053,3.9,0.1,21.0,0.2,0.01,7.000000000000001,6.5,7.6923076923076925,1.4666666666666668,0.4,0.53,Low,0,ยังไม่พบตัวชี้วัดที่ถึงหรือเกินเกณฑ์อ้างอิง
hotcakes with syrup mcdonalds,601,17.8,1.8,101.8,45.5,9.0,2.0,19.9,0.6,0.03,6.633333333333333,9.0,27.384615384615387,33.93333333333333,8.0,455.0,Medium,1,น้ำตาลถึงหรือเกินเกณฑ์ต่อมื้อ
crispy chicken thigh kentucky fried chicken,163,9.1,2.5,0.0,0.0,20.4,0.0,107.4,0.5,0.025,35.800000000000004,12.5,13.999999999999998,0.0,0.0,0.0,Low,0,ยังไม่พบตัวชี้วัดที่ถึงหรือเกินเกณฑ์อ้างอิง
corn dog,195,9.4,2.7,21.0,5.9,6.7,0.8,34.3,0.5,0.025,11.433333333333334,13.5,14.461538461538462,7.000000000000001,3.2,59.00000000000001,Low,0,ยังไม่พบตัวชี้วัดที่ถึงหรือเกินเกณฑ์อ้างอิง
chicken box mcdonalds,70,4.0,0.8,5.5,0.5,0.2,0.0,0.0,0.0,0.0,0.0,4.0,6.153846153846154,1.8333333333333333,0.0,5.0,Low,0,ยังไม่พบตัวชี้วัดที่ถึงหรือเกินเกณฑ์อ้างอิง
potato wedges kentucky fried chicken,379,19.8,4.0,45.0,0.0,5.4,4.2,0.0,1.0,0.05,0.0,20.0,30.461538461538463,15.0,16.8,0.0,Low,0,ยังไม่พบตัวชี้วัดที่ถึงหรือเกินเกณฑ์อ้างอิง
scrambled eggs mcdonalds,98,7.5,2.1,0.9,0.1,7.7,0.0,217.8,0.04,0.002,72.60000000000001,10.500000000000002,11.538461538461538,0.3,0.0,1.0,Low,0,ยังไม่พบตัวชี้วัดที่ถึงหรือเกินเกณฑ์อ้างอิง
egg mcmuffin mcdonalds,287,12.2,4.5,27.3,2.7,17.2,1.4,207.9,0.8,0.04,69.30000000000001,22.5,18.76923076923077,9.1,5.6,27.0,Low,0,ยังไม่พบตัวชี้วัดที่ถึงหรือเกินเกณฑ์อ้างอิง
nachos taco bell,362,21.9,4.7,36.0,0.0,5.1,3.8,4.0,0.5,0.025,1.3333333333333335,23.5,33.692307692307686,12.0,15.2,0.0,Low,0,ยังไม่พบตัวชี้วัดที่ถึงหรือเกินเกณฑ์อ้างอิง
biscuit large mcdonalds,310,14.4,8.3,39.4,2.7,5.5,1.8,0.0,0.9,0.045,0.0,41.5,22.153846153846153,13.133333333333333,7.200000000000001,27.0,Low,0,ยังไม่พบตัวชี้วัดที่ถึงหรือเกินเกณฑ์อ้างอิง
crispy chicken strips kentucky fried chicken,129,7.2,1.4,6.4,0.0,9.5,0.7,24.0,0.4,0.02,8.0,6.999999999999999,11.076923076923077,2.1333333333333337,2.8,0.0,Low,0,ยังไม่พบตัวชี้วัดที่ถึงหรือเกินเกณฑ์อ้างอิง
hotcakes mcdonalds,113,2.9,0.6,19.0,4.4,3.0,0.7,6.4,0.2,0.01,2.1333333333333337,3.0,4.461538461538462,6.333333333333334,2.8,44.00000000000001,Low,0,ยังไม่พบตัวชี้วัดที่ถึงหรือเกินเกณฑ์อ้างอิง
chicken crispy breast kentucky fried chicken,375,23.2,5.0,11.9,0.0,29.7,0.0,106.4,0.8,0.04,35.46666666666667,25.0,35.69230769230769,3.966666666666667,0.0,0.0,Low,0,ยังไม่พบตัวชี้วัดที่ถึงหรือเกินเกณฑ์อ้างอิง
hotcakes sausage mcdonalds,776,34.9,7.3,102.4,45.7,15.5,2.1,50.2,0.9,0.045,16.733333333333334,36.5,53.69230769230769,34.13333333333334,8.4,457.0,Medium,1,น้ำตาลถึงหรือเกินเกณฑ์ต่อมื้อ
chicken mcnuggets mcdonalds,48,3.2,0.5,2.4,0.025,2.5,0.0,7.0,0.009,0.00044999999999999993,2.3333333333333335,2.5,4.923076923076923,0.8,0.0,0.25,Low,0,ยังไม่พบตัวชี้วัดที่ถึงหรือเกินเกณฑ์อ้างอิง
chips chipotle,151,7.1,0.9,2.1,2.1,0.2,0.0,0.0,0.0,0.0,0.0,4.5,10.923076923076923,0.7000000000000001,0.0,21.000000000000004,Low,0,ยังไม่พบตัวชี้วัดที่ถึงหรือเกินเกณฑ์อ้างอิง
biscuit mcdonalds,261,12.2,7.0,33.3,2.2,4.7,1.5,0.0,0.7,0.034999999999999996,0.0,35.0,18.76923076923077,11.099999999999998,6.0,22.000000000000004,Low,0,ยังไม่พบตัวชี้วัดที่ถึงหรือเกินเกณฑ์อ้างอิง
rice bowl with chicken,36,0.4,0.01,6.4,1.2,1.6,0.2,4.5,0.064,0.0031999999999999997,1.5,0.05,0.6153846153846154,2.1333333333333337,0.8,12.0,Low,0,ยังไม่พบตัวชี้วัดที่ถึงหรือเกินเกณฑ์อ้างอิง
spaghetti with meatballs,200,8.2,2.9,22.9,5.8,8.7,5.4,14.0,0.6,0.03,4.666666666666667,14.499999999999998,12.615384615384615,7.633333333333332,21.6,57.99999999999999,Low,0,ยังไม่พบตัวชี้วัดที่ถึงหรือเกินเกณฑ์อ้างอิง
meat ravioli canned,259,8.9,3.7,36.0,6.3,8.9,4.2,13.1,0.9,0.045,4.366666666666666,18.5,13.692307692307693,12.0,16.8,63.0,Low,0,ยังไม่พบตัวชี้วัดที่ถึงหรือเกินเกณฑ์อ้างอิง
cheese ravioli canned,186,3.5,1.7,33.0,9.0,6.0,3.1,7.3,0.7,0.034999999999999996,2.433333333333333,8.5,5.384615384615385,11.0,12.4,90.0,Low,0,ยังไม่พบตัวชี้วัดที่ถึงหรือเกินเกณฑ์อ้างอิง
premium crispy chicken ranch blt sandwich mcdonalds,586,22.9,4.7,59.8,13.3,35.3,3.4,72.0,1.2,0.06,24.0,23.5,35.230769230769226,19.933333333333334,13.600000000000001,133.0,Medium,1,น้ำตาลถึงหรือเกินเกณฑ์ต่อมื้อ
steak sandwich,459,14.1,3.8,52.0,0.0,30.3,0.0,73.4,0.8,0.04,24.46666666666667,19.0,21.69230769230769,17.333333333333336,0.0,0.0,Low,0,ยังไม่พบตัวชี้วัดที่ถึงหรือเกินเกณฑ์อ้างอิง
cheeseburger burger king,380,19.7,9.1,31.5,6.0,19.4,3.7,59.9,0.8,0.04,19.966666666666665,45.49999999999999,30.307692307692307,10.5,14.800000000000002,60.0,Low,0,ยังไม่พบตัวชี้วัดที่ถึงหรือเกินเกณฑ์อ้างอิง
cheeseburger mcdonalds,313,14.0,5.3,33.1,7.4,15.4,1.3,41.7,0.7,0.034999999999999996,13.900000000000002,26.5,21.53846153846154,11.033333333333333,5.2,74.0,Low,0,ยังไม่พบตัวชี้วัดที่ถึงหรือเกินเกณฑ์อ้างอิง
double cheeseburger,643,36.9,15.9,41.0,9.5,37.0,2.1,114.0,0.9,0.045,38.0,79.5,56.769230769230774,13.666666666666666,8.4,95.0,Low,0,ยังไม่พบตัวชี้วัดที่ถึงหรือเกินเกณฑ์อ้างอิง
double hamburger,942,58.6,21.6,51.4,13.2,52.1,5.2,172.0,1.1,0.055,57.333333333333336,108.0,90.15384615384615,17.133333333333333,20.8,131.99999999999997,Medium,1,น้ำตาลถึงหรือเกินเกณฑ์ต่อมื้อ | ไขมันอิ่มตัวถึงหรือเกินเกณฑ์อ้างอิงต่อวัน
premium grilled chicken classic sandwich mcdonalds,366,8.6,1.7,44.6,10.0,28.3,2.8,68.0,0.8,0.04,22.666666666666664,8.5,13.23076923076923,14.866666666666667,11.2,100.0,Medium,1,น้ำตาลถึงหรือเกินเกณฑ์ต่อมื้อ
big n tasty with cheese mcdonalds,573,36.0,10.8,39.7,9.5,27.2,3.2,91.4,1.0,0.05,30.46666666666667,54.0,55.38461538461539,13.233333333333333,12.8,95.0,Low,0,ยังไม่พบตัวชี้วัดที่ถึงหรือเกินเกณฑ์อ้างอิง
premium grilled chicken club sandwich mcdonalds,493,18.0,6.4,44.3,6.4,38.3,2.7,102.6,1.0,0.05,34.199999999999996,32.0,27.692307692307693,14.766666666666667,10.8,64.0,Low,0,ยังไม่พบตัวชี้วัดที่ถึงหรือเกินเกณฑ์อ้างอิง
quarter pounder mcdonalds,417,19.8,6.9,37.9,8.8,24.1,2.7,66.7,0.7,0.034999999999999996,22.233333333333334,34.5,30.461538461538463,12.633333333333333,10.8,88.00000000000001,Low,0,ยังไม่พบตัวชี้วัดที่ถึงหรือเกินเกณฑ์อ้างอิง
premium crispy chicken classic sandwich mcdonalds,524,20.0,3.2,58.6,12.4,27.8,3.2,59.8,1.0,0.05,19.933333333333334,16.0,30.76923076923077,19.53333333333333,12.8,124.0,Medium,1,น้ำตาลถึงหรือเกินเกณฑ์ต่อมื้อ
veggie burger,124,4.4,1.0,10.0,0.7,11.0,3.4,3.5,0.4,0.02,1.1666666666666667,5.0,6.76923076923077,3.3333333333333335,13.600000000000001,6.999999999999999,Low,0,ยังไม่พบตัวชี้วัดที่ถึงหรือเกินเกณฑ์อ้างอิง
quarter pounder with cheese mcdonalds,513,28.3,11.2,39.7,9.8,29.0,2.8,93.5,1.2,0.06,31.166666666666664,55.99999999999999,43.53846153846154,13.233333333333333,11.2,98.00000000000001,Low,0,ยังไม่พบตัวชี้วัดที่ถึงหรือเกินเกณฑ์อ้างอิง
beef sandwich steak raw,173,15.1,6.5,0.0,0.0,9.2,0.0,39.8,0.043,0.0021499999999999996,13.266666666666666,32.5,23.23076923076923,0.0,0.0,0.0,Low,0,ยังไม่พบตัวชี้วัดที่ถึงหรือเกินเกณฑ์อ้างอิง
cheeseburger,292,13.2,6.0,28.7,5.9,15.0,1.6,41.4,0.6,0.03,13.799999999999999,30.0,20.307692307692307,9.566666666666666,6.4,59.00000000000001,Low,0,ยังไม่พบตัวชี้วัดที่ถึงหรือเกินเกณฑ์อ้างอิง
premium grilled chicken ranch blt sandwich mcdonalds,412,10.9,3.0,44.3,10.5,33.7,2.8,76.8,1.0,0.05,25.6,15.0,16.76923076923077,14.766666666666667,11.2,105.0,Medium,1,น้ำตาลถึงหรือเกินเกณฑ์ต่อมื้อ
double whopper with cheese burger king,1061,68.1,27.9,53.9,14.4,57.7,6.4,187.5,1.5,0.075,62.5,139.5,104.76923076923077,17.96666666666667,25.6,144.0,Medium,1,น้ำตาลถึงหรือเกินเกณฑ์ต่อมื้อ | ไขมันอิ่มตัวถึงหรือเกินเกณฑ์อ้างอิงต่อวัน
big mac mcdonalds,563,32.8,8.3,44.0,8.7,25.9,3.5,78.8,1.0,0.05,26.266666666666666,41.5,50.46153846153846,14.666666666666666,14.000000000000002,86.99999999999999,Low,0,ยังไม่พบตัวชี้วัดที่ถึงหรือเกินเกณฑ์อ้างอิง
sandwich with cold cuts,833,39.3,13.9,79.9,12.4,41.1,4.7,105.6,2.2,0.11,35.199999999999996,69.5,60.46153846153845,26.633333333333336,18.8,124.0,Medium,1,น้ำตาลถึงหรือเกินเกณฑ์ต่อมื้อ
filet o fish mcdonalds,378,19.6,3.8,35.4,4.9,15.1,1.9,42.9,0.6,0.03,14.299999999999999,19.0,30.153846153846153,11.799999999999999,7.6,49.00000000000001,Low,0,ยังไม่พบตัวชี้วัดที่ถึงหรือเกินเกณฑ์อ้างอิง
hand breaded chicken tenders carls jr,57,2.9,0.6,0.2,0.0,0.0,0.0,0.0,0.0,0.0,0.0,3.0,4.461538461538462,0.06666666666666668,0.0,0.0,Low,0,ยังไม่พบตัวชี้วัดที่ถึงหรือเกินเกณฑ์อ้างอิง
grilled chicken sandwich wendys,370,8.0,42.0,0.0,0.0,0.0,0.0,0.0,0.0,0.0,0.0,210.0,12.307692307692308,0.0,0.0,0.0,Medium,1,ไขมันอิ่มตัวถึงหรือเกินเกณฑ์อ้างอิงต่อวัน
sandwich with roast beef,410,13.0,7.1,44.3,0.0,28.6,0.0,73.4,0.8,0.04,24.46666666666667,35.5,20.0,14.766666666666667,0.0,0.0,Low,0,ยังไม่พบตัวชี้วัดที่ถึงหรือเกินเกณฑ์อ้างอิง
hamburger burger king,258,10.4,3.8,26.5,5.5,14.7,2.0,34.7,0.5,0.025,11.566666666666668,19.0,16.0,8.833333333333334,8.0,55.00000000000001,Low,0,ยังไม่พบตัวชี้วัดที่ถึงหรือเกินเกณฑ์อ้างอิง
big n tasty mcdonalds,524,31.7,8.6,38.5,8.8,24.7,3.2,76.6,0.7,0.034999999999999996,25.53333333333333,43.0,48.769230769230774,12.833333333333332,12.8,88.00000000000001,Low,0,ยังไม่พบตัวชี้วัดที่ถึงหรือเกินเกณฑ์อ้างอิง
roast beef sandwich,364,15.3,5.1,33.1,5.7,22.6,1.9,44.7,1.0,0.05,14.900000000000002,25.5,23.53846153846154,11.033333333333333,7.6,57.00000000000001,Low,0,ยังไม่พบตัวชี้วัดที่ถึงหรือเกินเกณฑ์อ้างอิง
roast beef sandwich with cheese,473,18.0,9.0,45.4,0.0,32.2,0.0,77.4,1.6,0.08,25.8,45.0,27.692307692307693,15.133333333333333,0.0,0.0,Low,0,ยังไม่พบตัวชี้วัดที่ถึงหรือเกินเกณฑ์อ้างอิง
hamburger,255,9.9,3.5,28.7,5.8,12.9,1.7,28.1,0.5,0.025,9.366666666666667,17.5,15.230769230769232,9.566666666666666,6.800000000000001,57.99999999999999,Low,0,ยังไม่พบตัวชี้วัดที่ถึงหรือเกินเกณฑ์อ้างอิง
premium fish sandwich burger king,572,27.4,4.3,58.7,7.8,22.6,2.0,68.2,1.3,0.065,22.733333333333334,21.5,42.15384615384615,19.56666666666667,8.0,78.0,Low,0,ยังไม่พบตัวชี้วัดที่ถึงหรือเกินเกณฑ์อ้างอิง
whopper burger king,790,48.4,18.3,52.8,13.0,35.4,3.2,113.8,1.4,0.06999999999999999,37.93333333333333,91.5,74.46153846153845,17.599999999999998,12.8,130.0,Medium,1,น้ำตาลถึงหรือเกินเกณฑ์ต่อมื้อ
sandwich with tuna salad,584,28.0,5.3,55.4,0.0,29.7,0.0,48.6,1.3,0.065,16.2,26.5,43.07692307692308,18.46666666666667,0.0,0.0,Low,0,ยังไม่พบตัวชี้วัดที่ถึงหรือเกินเกณฑ์อ้างอิง
original chicken sandwich burger king,569,29.2,5.4,52.2,6.0,24.2,4.8,61.7,1.3,0.065,20.566666666666666,27.0,44.92307692307692,17.400000000000002,19.2,60.0,Low,0,ยังไม่พบตัวชี้วัดที่ถึงหรือเกินเกณฑ์อ้างอิง
double whopper burger king,942,58.6,21.6,51.4,13.2,52.1,5.2,172.0,1.1,0.055,57.333333333333336,108.0,90.15384615384615,17.133333333333333,20.8,131.99999999999997,Medium,1,น้ำตาลถึงหรือเกินเกณฑ์ต่อมื้อ | ไขมันอิ่มตัวถึงหรือเกินเกณฑ์อ้างอิงต่อวัน
premium crispy chicken club sandwich mcdonalds,635,29.9,8.5,57.4,12.7,39.1,3.0,96.5,1.2,0.06,32.166666666666664,42.5,46.0,19.133333333333333,12.0,127.0,Medium,1,น้ำตาลถึงหรือเกินเกณฑ์ต่อมื้อ
hamburger mcdonalds,251,9.6,3.3,28.8,5.7,12.3,1.2,25.7,0.5,0.025,8.566666666666666,16.499999999999996,14.769230769230768,9.6,4.8,57.00000000000001,Low,0,ยังไม่พบตัวชี้วัดที่ถึงหรือเกินเกณฑ์อ้างอิง
pepperoni pizza dominos,308,12.6,5.4,36.0,4.2,12.7,2.4,28.3,0.7,0.034999999999999996,9.433333333333334,27.0,19.384615384615383,12.0,9.6,42.00000000000001,Low,0,ยังไม่พบตัวชี้วัดที่ถึงหรือเกินเกณฑ์อ้างอิง
sausage pizza,325,14.3,5.8,35.5,3.9,13.3,2.7,26.7,0.7,0.034999999999999996,8.9,28.999999999999996,22.0,11.833333333333334,10.8,39.0,Low,0,ยังไม่พบตัวชี้วัดที่ถึงหรือเกินเกณฑ์อ้างอิง
pepperoni pizza,313,13.2,5.7,35.5,3.6,13.0,2.6,27.8,0.8,0.04,9.266666666666667,28.500000000000004,20.307692307692307,11.833333333333334,10.4,36.0,Low,0,ยังไม่พบตัวชี้วัดที่ถึงหรือเกินเกณฑ์อ้างอิง
pepperoni pizza pizza hut,269,10.9,5.0,30.3,3.5,12.3,1.6,25.0,0.8,0.04,8.333333333333332,25.0,16.76923076923077,10.100000000000001,6.4,35.0,Low,0,ยังไม่พบตัวชี้วัดที่ถึงหรือเกินเกณฑ์อ้างอิง
cheese pizza pizza hut,260,10.5,4.8,30.0,3.2,11.5,1.7,23.0,0.7,0.034999999999999996,7.666666666666666,24.0,16.153846153846153,10.0,6.800000000000001,32.0,Low,0,ยังไม่พบตัวชี้วัดที่ถึงหรือเกินเกณฑ์อ้างอิง
cheese pizza,285,10.4,4.8,35.7,3.8,12.2,2.5,18.2,0.6,0.03,6.066666666666666,24.0,16.0,11.9,10.0,38.0,Low,0,ยังไม่พบตัวชี้วัดที่ถึงหรือเกินเกณฑ์อ้างอิง
cheese pizza dominos,278,9.7,4.4,35.9,4.3,11.7,2.4,18.4,0.6,0.03,6.133333333333333,22.000000000000004,14.923076923076922,11.966666666666665,9.6,43.0,Low,0,ยังไม่พบตัวชี้วัดที่ถึงหรือเกินเกณฑ์อ้างอิง
meat vegetable pizza,332,14.8,6.0,34.5,5.1,15.0,3.0,36.7,0.8,0.04,12.233333333333334,30.0,22.76923076923077,11.5,12.0,51.0,Low,0,ยังไม่พบตัวชี้วัดที่ถึงหรือเกินเกณฑ์อ้างอิง
sucker raw,146,3.7,0.7,0.0,0.0,26.6,0.0,65.2,0.0,0.0,21.733333333333334,3.4999999999999996,5.6923076923076925,0.0,0.0,0.0,Low,0,ยังไม่พบตัวชี้วัดที่ถึงหรือเกินเกณฑ์อ้างอิง
northern pike raw,348,2.7,0.5,0.0,0.0,76.3,0.0,154.4,0.2,0.01,51.46666666666667,2.5,4.153846153846154,0.0,0.0,0.0,Low,0,ยังไม่พบตัวชี้วัดที่ถึงหรือเกินเกณฑ์อ้างอิง
haddock cooked,135,0.8,0.2,0.0,0.0,30.0,0.0,99.0,0.4,0.02,33.0,1.0,1.2307692307692308,0.0,0.0,0.0,Low,0,ยังไม่พบตัวชี้วัดที่ถึงหรือเกินเกณฑ์อ้างอิง
burbot cooked,104,0.9,0.2,0.0,0.0,22.3,0.0,69.3,0.1,0.005,23.099999999999998,1.0,1.3846153846153846,0.0,0.0,0.0,Low,0,ยังไม่พบตัวชี้วัดที่ถึงหรือเกินเกณฑ์อ้างอิง
pollock cooked,356,3.8,0.5,0.0,0.0,75.3,0.0,274.8,0.3,0.015,91.60000000000001,2.5,5.846153846153846,0.0,0.0,0.0,Low,0,ยังไม่พบตัวชี้วัดที่ถึงหรือเกินเกณฑ์อ้างอิง
rainbow smelt raw,27,0.7,0.1,0.0,0.0,5.0,0.0,19.8,0.019,0.0009500000000000001,6.6000000000000005,0.5,1.0769230769230769,0.0,0.0,0.0,Low,0,ยังไม่พบตัวชี้วัดที่ถึงหรือเกินเกณฑ์อ้างอิง
whitefish cooked,265,11.6,1.8,0.0,0.0,37.7,0.0,118.6,0.1,0.005,39.53333333333333,9.0,17.846153846153847,0.0,0.0,0.0,Low,0,ยังไม่พบตัวชี้วัดที่ถึงหรือเกินเกณฑ์อ้างอิง
walleye pike raw,148,1.9,0.4,0.0,0.0,30.4,0.0,136.7,0.011,0.00055,45.56666666666666,2.0,2.923076923076923,0.0,0.0,0.0,Low,0,ยังไม่พบตัวชี้วัดที่ถึงหรือเกินเกณฑ์อ้างอิง
carp cooked,275,12.2,2.4,0.0,0.0,38.9,0.0,142.8,0.1,0.005,47.6,12.0,18.76923076923077,0.0,0.0,0.0,Low,0,ยังไม่พบตัวชี้วัดที่ถึงหรือเกินเกณฑ์อ้างอิง
wolffish cooked,293,7.3,1.1,0.0,0.0,53.4,0.0,140.4,0.3,0.015,46.800000000000004,5.500000000000001,11.23076923076923,0.0,0.0,0.0,Low,0,ยังไม่พบตัวชี้วัดที่ถึงหรือเกินเกณฑ์อ้างอิง
snapper cooked,218,2.9,0.6,0.0,0.0,44.7,0.0,79.9,0.066,0.0033000000000000004,26.633333333333336,3.0,4.461538461538462,0.0,0.0,0.0,Low,0,ยังไม่พบตัวชี้วัดที่ถึงหรือเกินเกณฑ์อ้างอิง
roe cooked,58,2.3,0.5,0.5,0.0,8.1,0.0,135.6,0.055,0.0027500000000000003,45.199999999999996,2.5,3.5384615384615383,0.16666666666666669,0.0,0.0,Low,0,ยังไม่พบตัวชี้วัดที่ถึงหรือเกินเกณฑ์อ้างอิง
anchovy raw,37,1.4,0.4,0.0,0.0,5.8,0.0,17.0,0.012,0.0006000000000000001,5.666666666666666,2.0,2.1538461538461537,0.0,0.0,0.0,Low,0,ยังไม่พบตัวชี้วัดที่ถึงหรือเกินเกณฑ์อ้างอิง
herring raw,291,16.6,3.8,0.0,0.0,33.0,0.0,110.4,0.2,0.01,36.8,19.0,25.538461538461544,0.0,0.0,0.0,Low,0,ยังไม่พบตัวชี้วัดที่ถึงหรือเกินเกณฑ์อ้างอิง
cod raw,189,1.5,0.3,0.0,0.0,41.1,0.0,99.3,0.1,0.005,33.1,1.5,2.307692307692308,0.0,0.0,0.0,Low,0,ยังไม่พบตัวชี้วัดที่ถึงหรือเกินเกณฑ์อ้างอิง
tilapia raw,111,2.0,0.7,0.0,0.0,23.3,0.0,58.0,0.009,0.00044999999999999993,19.333333333333332,3.4999999999999996,3.076923076923077,0.0,0.0,0.0,Low,0,ยังไม่พบตัวชี้วัดที่ถึงหรือเกินเกณฑ์อ้างอิง
whiting cooked,84,1.2,0.3,0.0,0.0,16.9,0.0,60.5,0.018,0.0008999999999999999,20.166666666666664,1.5,1.846153846153846,0.0,0.0,0.0,Low,0,ยังไม่พบตัวชี้วัดที่ถึงหรือเกินเกณฑ์อ้างอิง
skipjack tuna cooked,407,4.0,1.3,0.0,0.0,86.9,0.0,184.8,0.1,0.005,61.6,6.5,6.153846153846154,0.0,0.0,0.0,Low,0,ยังไม่พบตัวชี้วัดที่ถึงหรือเกินเกณฑ์อ้างอิง
salmon cooked,733,44.0,8.5,0.0,0.0,78.7,0.0,224.3,0.2,0.01,74.76666666666667,42.5,67.6923076923077,0.0,0.0,0.0,Low,0,ยังไม่พบตัวชี้วัดที่ถึงหรือเกินเกณฑ์อ้างอิง
chum salmon cooked,474,14.9,3.3,0.0,0.0,79.5,0.0,292.6,0.2,0.01,97.53333333333333,16.499999999999996,22.923076923076923,0.0,0.0,0.0,Low,0,ยังไม่พบตัวชี้วัดที่ถึงหรือเกินเกณฑ์อ้างอิง
american shad cooked,363,25.4,0.0,0.0,0.0,31.3,0.0,138.2,0.043,0.0021499999999999996,46.06666666666666,0.0,39.07692307692307,0.0,0.0,0.0,Low,0,ยังไม่พบตัวชี้วัดที่ถึงหรือเกินเกณฑ์อ้างอิง
shark cooked,65,3.9,0.9,1.8,0.0,5.3,0.0,16.7,0.068,0.0034,5.566666666666666,4.5,6.0,0.6,0.0,0.0,Low,0,ยังไม่พบตัวชี้วัดที่ถึงหรือเกินเกณฑ์อ้างอิง
trout cooked,118,5.3,0.9,0.0,0.0,16.5,0.0,45.9,0.027,0.0013499999999999999,15.299999999999999,4.5,8.153846153846153,0.0,0.0,0.0,Low,0,ยังไม่พบตัวชี้วัดที่ถึงหรือเกินเกณฑ์อ้างอิง
swordfish raw,196,9.0,2.2,0.0,0.0,26.7,0.0,89.8,0.1,0.005,29.933333333333334,11.000000000000002,13.846153846153847,0.0,0.0,0.0,Low,0,ยังไม่พบตัวชี้วัดที่ถึงหรือเกินเกณฑ์อ้างอิง
rainbow trout cooked,119,5.2,1.2,0.0,0.0,16.9,0.0,49.7,0.041,0.00205,16.56666666666667,6.0,8.0,0.0,0.0,0.0,Low,0,ยังไม่พบตัวชี้วัดที่ถึงหรือเกินเกณฑ์อ้างอิง
fish sandwich with cheese,374,19.6,3.8,35.4,4.9,15.1,0.0,49.6,0.6,0.03,16.53333333333333,19.0,30.153846153846153,11.799999999999999,0.0,49.00000000000001,Low,0,ยังไม่พบตัวชี้วัดที่ถึงหรือเกินเกณฑ์อ้างอิง
jellyfish dried,21,0.8,0.2,0.0,0.0,3.2,0.0,2.9,5.6,0.27999999999999997,0.9666666666666667,1.0,1.2307692307692308,0.0,0.0,0.0,Low,0,ยังไม่พบตัวชี้วัดที่ถึงหรือเกินเกณฑ์อ้างอิง
mullet raw,139,4.5,1.3,0.0,0.0,23.0,0.0,58.3,0.098,0.004900000000000001,19.433333333333334,6.5,6.923076923076923,0.0,0.0,0.0,Low,0,ยังไม่พบตัวชี้วัดที่ถึงหรือเกินเกณฑ์อ้างอิง
halibut cooked,353,5.1,1.1,0.0,0.0,71.7,0.0,190.8,0.3,0.015,63.6,5.500000000000001,7.846153846153846,0.0,0.0,0.0,Low,0,ยังไม่พบตัวชี้วัดที่ถึงหรือเกินเกณฑ์อ้างอิง
lingcod raw,213,2.7,0.5,0.0,0.0,44.2,0.0,130.0,0.1,0.005,43.333333333333336,2.5,4.153846153846154,0.0,0.0,0.0,Low,0,ยังไม่พบตัวชี้วัดที่ถึงหรือเกินเกณฑ์อ้างอิง
orange roughy cooked,30,0.3,0.046,0.0,0.0,6.4,0.0,22.6,0.079,0.0039499999999999995,7.533333333333333,0.22999999999999998,0.4615384615384615,0.0,0.0,0.0,Low,0,ยังไม่พบตัวชี้วัดที่ถึงหรือเกินเกณฑ์อ้างอิง
cisco raw,77,1.5,0.3,0.0,0.0,15.0,0.0,39.5,0.042,0.0021000000000000003,13.166666666666666,1.5,2.307692307692308,0.0,0.0,0.0,Low,0,ยังไม่พบตัวชี้วัดที่ถึงหรือเกินเกณฑ์อ้างอิง
florida pompano cooked,186,10.7,4.0,0.0,0.0,20.8,0.0,56.3,0.05,0.0025,18.766666666666666,20.0,16.46153846153846,0.0,0.0,0.0,Low,0,ยังไม่พบตัวชี้วัดที่ถึงหรือเกินเกณฑ์อ้างอิง
snapper raw,218,2.9,0.6,0.0,0.0,44.7,0.0,80.7,0.1,0.005,26.900000000000002,3.0,4.461538461538462,0.0,0.0,0.0,Low,0,ยังไม่พบตัวชี้วัดที่ถึงหรือเกินเกณฑ์อ้างอิง
fish sandwich,565,27.4,4.3,58.7,7.8,22.6,0.0,77.0,1.3,0.065,25.666666666666664,21.5,42.15384615384615,19.56666666666667,0.0,78.0,Low,0,ยังไม่พบตัวชี้วัดที่ถึงหรือเกินเกณฑ์อ้างอิง
haddock raw,143,0.9,0.2,0.0,0.0,31.5,0.0,104.2,0.4,0.02,34.733333333333334,1.0,1.3846153846153846,0.0,0.0,0.0,Low,0,ยังไม่พบตัวชี้วัดที่ถึงหรือเกินเกณฑ์อ้างอิง
ocean perch raw,51,1.0,0.2,0.0,0.0,9.8,0.0,33.3,0.2,0.01,11.099999999999998,1.0,1.5384615384615385,0.0,0.0,0.0,Low,0,ยังไม่พบตัวชี้วัดที่ถึงหรือเกินเกณฑ์อ้างอิง
cuttlefish cooked,45,0.4,0.08,0.5,0.0,9.2,0.0,63.4,0.2,0.01,21.133333333333333,0.4,0.6153846153846154,0.16666666666666669,0.0,0.0,Low,0,ยังไม่พบตัวชี้วัดที่ถึงหรือเกินเกณฑ์อ้างอิง
cod cooked,189,1.5,0.3,0.0,0.0,41.1,0.0,99.0,0.1,0.005,33.0,1.5,2.307692307692308,0.0,0.0,0.0,Low,0,ยังไม่พบตัวชี้วัดที่ถึงหรือเกินเกณฑ์อ้างอิง
seatrout raw,248,8.6,2.4,0.0,0.0,39.8,0.0,197.5,0.1,0.005,65.83333333333333,12.0,13.23076923076923,0.0,0.0,0.0,Low,0,ยังไม่พบตัวชี้วัดที่ถึงหรือเกินเกณฑ์อ้างอิง
flounder raw,114,3.1,0.7,0.0,0.0,20.2,0.0,73.4,0.5,0.025,24.46666666666667,3.4999999999999996,4.769230769230769,0.0,0.0,0.0,Low,0,ยังไม่พบตัวชี้วัดที่ถึงหรือเกินเกณฑ์อ้างอิง
spot cooked,79,3.1,0.9,0.0,0.0,11.9,0.0,38.5,0.022,0.0011,12.833333333333332,4.5,4.769230769230769,0.0,0.0,0.0,Low,0,ยังไม่พบตัวชี้วัดที่ถึงหรือเกินเกณฑ์อ้างอิง
walleye pike cooked,148,1.9,0.4,0.0,0.0,30.4,0.0,136.4,0.069,0.0034500000000000004,45.46666666666667,2.0,2.923076923076923,0.0,0.0,0.0,Low,0,ยังไม่พบตัวชี้วัดที่ถึงหรือเกินเกณฑ์อ้างอิง
perch raw,55,0.6,0.1,0.0,0.0,11.6,0.0,54.0,0.037,0.0018499999999999999,18.0,0.5,0.923076923076923,0.0,0.0,0.0,Low,0,ยังไม่พบตัวชี้วัดที่ถึงหรือเกินเกณฑ์อ้างอิง
pumpkin seed sunfish raw,43,0.3,0.051,0.0,0.0,9.3,0.0,32.2,0.06,0.0029999999999999996,10.733333333333334,0.25499999999999995,0.4615384615384615,0.0,0.0,0.0,Low,0,ยังไม่พบตัวชี้วัดที่ถึงหรือเกินเกณฑ์อ้างอิง
salt mackerel,415,34.1,9.7,0.0,0.0,25.2,0.0,129.2,6.1,0.305,43.06666666666666,48.5,52.46153846153846,0.0,0.0,0.0,Low,0,ยังไม่พบตัวชี้วัดที่ถึงหรือเกินเกณฑ์อ้างอิง
mackerel cooked,231,15.7,3.7,0.0,0.0,21.0,0.0,66.0,0.064,0.0031999999999999997,22.0,18.5,24.153846153846153,0.0,0.0,0.0,Low,0,ยังไม่พบตัวชี้วัดที่ถึงหรือเกินเกณฑ์อ้างอิง
tilapia cooked,111,2.3,0.8,0.0,0.0,22.8,0.0,49.6,0.011,0.00055,16.53333333333333,4.0,3.5384615384615383,0.0,0.0,0.0,Low,0,ยังไม่พบตัวชี้วัดที่ถึงหรือเกินเกณฑ์อ้างอิง
drum raw,236,9.8,2.2,0.0,0.0,34.7,0.0,126.7,0.1,0.005,42.233333333333334,11.000000000000002,15.076923076923077,0.0,0.0,0.0,Low,0,ยังไม่พบตัวชี้วัดที่ถึงหรือเกินเกณฑ์อ้างอิง
atlantic croaker fried,192,11.0,3.0,6.6,0.0,15.8,0.3,73.1,0.3,0.015,24.366666666666664,15.0,16.923076923076923,2.1999999999999997,1.2,0.0,Low,0,ยังไม่พบตัวชี้วัดที่ถึงหรือเกินเกณฑ์อ้างอิง
pumpkin seed sunfish cooked,42,0.3,0.025,0.0,0.0,9.2,0.0,31.8,0.046,0.0023,10.6,0.125,0.4615384615384615,0.0,0.0,0.0,Low,0,ยังไม่พบตัวชี้วัดที่ถึงหรือเกินเกณฑ์อ้างอิง
wolffish raw,294,7.3,1.1,0.0,0.0,53.6,0.0,140.8,0.3,0.015,46.93333333333334,5.500000000000001,11.23076923076923,0.0,0.0,0.0,Low,0,ยังไม่พบตัวชี้วัดที่ถึงหรือเกินเกณฑ์อ้างอิง
bluefin tuna cooked,276,9.4,2.4,0.0,0.0,44.9,0.0,73.5,0.02,0.001,24.5,12.0,14.461538461538462,0.0,0.0,0.0,Low,0,ยังไม่พบตัวชี้วัดที่ถึงหรือเกินเกณฑ์อ้างอิง
scup cooked,68,1.8,0.0,0.0,0.0,12.1,0.0,33.5,0.061,0.0030499999999999998,11.166666666666666,0.0,2.769230769230769,0.0,0.0,0.0,Low,0,ยังไม่พบตัวชี้วัดที่ถึงหรือเกินเกณฑ์อ้างอิง
herring cooked,290,16.6,3.7,0.0,0.0,32.9,0.0,110.1,0.2,0.01,36.7,18.5,25.538461538461544,0.0,0.0,0.0,Low,0,ยังไม่พบตัวชี้วัดที่ถึงหรือเกินเกณฑ์อ้างอิง
bluefish raw,186,6.4,1.4,0.0,0.0,30.1,0.0,88.5,0.028,0.0014,29.5,6.999999999999999,9.846153846153847,0.0,0.0,0.0,Low,0,ยังไม่พบตัวชี้วัดที่ถึงหรือเกินเกณฑ์อ้างอิง
sheepshead cooked,234,3.0,0.7,0.0,0.0,48.4,0.0,119.0,0.1,0.005,39.666666666666664,3.4999999999999996,4.615384615384616,0.0,0.0,0.0,Low,0,ยังไม่พบตัวชี้วัดที่ถึงหรือเกินเกณฑ์อ้างอิง
bass cooked,91,2.9,0.6,0.0,0.0,15.0,0.0,53.9,0.078,0.0039,17.96666666666667,3.0,4.461538461538462,0.0,0.0,0.0,Low,0,ยังไม่พบตัวชี้วัดที่ถึงหรือเกินเกณฑ์อ้างอิง
pout cooked,279,3.2,1.1,0.0,0.0,58.4,0.0,183.6,0.2,0.01,61.199999999999996,5.500000000000001,4.923076923076923,0.0,0.0,0.0,Low,0,ยังไม่พบตัวชี้วัดที่ถึงหรือเกินเกณฑ์อ้างอิง
chinook salmon raw,709,41.3,12.3,0.0,0.0,78.9,0.0,198.0,0.2,0.01,66.0,61.5,63.53846153846153,0.0,0.0,0.0,Low,0,ยังไม่พบตัวชี้วัดที่ถึงหรือเกินเกณฑ์อ้างอิง
rockfish raw,172,2.6,0.7,0.0,0.0,35.1,0.0,95.5,0.1,0.005,31.833333333333336,3.4999999999999996,4.0,0.0,0.0,0.0,Low,0,ยังไม่พบตัวชี้วัดที่ถึงหรือเกินเกณฑ์อ้างอิง
tilefish raw,371,8.9,1.7,0.0,0.0,67.6,0.0,193.0,0.2,0.01,64.33333333333333,8.5,13.692307692307693,0.0,0.0,0.0,Low,0,ยังไม่พบตัวชี้วัดที่ถึงหรือเกินเกณฑ์อ้างอิง
scup raw,174,4.5,1.1,0.0,0.0,31.3,0.0,86.3,0.082,0.0041,28.76666666666667,5.500000000000001,6.923076923076923,0.0,0.0,0.0,Low,0,ยังไม่พบตัวชี้วัดที่ถึงหรือเกินเกณฑ์อ้างอิง
sablefish cooked,755,59.3,12.4,0.0,0.0,51.9,0.0,190.3,0.2,0.01,63.433333333333344,62.0,91.23076923076923,0.0,0.0,0.0,Low,0,ยังไม่พบตัวชี้วัดที่ถึงหรือเกินเกณฑ์อ้างอิง
tuna salad,383,19.0,3.2,19.3,0.0,32.9,0.0,26.7,0.8,0.04,8.9,16.0,29.230769230769234,6.433333333333334,0.0,0.0,Low,0,ยังไม่พบตัวชี้วัดที่ถึงหรือเกินเกณฑ์อ้างอิง
coho salmon cooked,255,11.8,2.8,0.0,0.0,34.7,0.0,90.1,0.06,0.0029999999999999996,30.033333333333335,13.999999999999998,18.153846153846153,0.0,0.0,0.0,Low,0,ยังไม่พบตัวชี้วัดที่ถึงหรือเกินเกณฑ์อ้างอิง
roe raw,20,0.9,0.2,0.2,0.0,3.1,0.0,52.4,0.052,0.0026,17.466666666666665,1.0,1.3846153846153846,0.06666666666666668,0.0,0.0,Low,0,ยังไม่พบตัวชี้วัดที่ถึงหรือเกินเกณฑ์อ้างอิง
sea bass raw,125,2.6,0.7,0.0,0.0,23.8,0.0,52.9,0.084,0.004200000000000001,17.633333333333333,3.4999999999999996,4.0,0.0,0.0,0.0,Low,0,ยังไม่พบตัวชี้วัดที่ถึงหรือเกินเกณฑ์อ้างอิง
pink salmon cooked,349,12.0,2.2,0.0,0.0,56.0,0.0,125.4,0.2,0.01,41.800000000000004,11.000000000000002,18.461538461538463,0.0,0.0,0.0,Low,0,ยังไม่พบตัวชี้วัดที่ถึงหรือเกินเกณฑ์อ้างอิง
sockeye salmon cooked,493,17.3,3.0,0.0,0.0,82.1,0.0,189.1,0.3,0.015,63.03333333333333,15.0,26.61538461538462,0.0,0.0,0.0,Low,0,ยังไม่พบตัวชี้วัดที่ถึงหรือเกินเกณฑ์อ้างอิง
whitefish raw,265,11.6,1.8,0.0,0.0,37.8,0.0,118.8,0.1,0.005,39.599999999999994,9.0,17.846153846153847,0.0,0.0,0.0,Low,0,ยังไม่พบตัวชี้วัดที่ถึงหรือเกินเกณฑ์อ้างอิง
greenland halibut cooked,760,56.4,9.9,0.0,0.0,58.6,0.0,187.6,0.3,0.015,62.53333333333333,49.5,86.76923076923076,0.0,0.0,0.0,Low,0,ยังไม่พบตัวชี้วัดที่ถึงหรือเกินเกณฑ์อ้างอิง
northern pike cooked,350,2.7,0.5,0.0,0.0,76.5,0.0,155.0,0.2,0.01,51.66666666666667,2.5,4.153846153846154,0.0,0.0,0.0,Low,0,ยังไม่พบตัวชี้วัดที่ถึงหรือเกินเกณฑ์อ้างอิง
salmon raw,824,53.1,12.1,0.0,0.0,80.9,0.0,217.8,0.2,0.01,72.60000000000001,60.5,81.6923076923077,0.0,0.0,0.0,Low,0,ยังไม่พบตัวชี้วัดที่ถึงหรือเกินเกณฑ์อ้างอิง
turbot cooked,388,12.0,0.0,0.0,0.0,65.4,0.0,197.2,0.6,0.03,65.73333333333333,0.0,18.461538461538463,0.0,0.0,0.0,Low,0,ยังไม่พบตัวชี้วัดที่ถึงหรือเกินเกณฑ์อ้างอิง
surimi,28,0.3,0.059,1.9,0.0,4.3,0.0,8.5,0.042,0.0021000000000000003,2.833333333333333,0.295,0.4615384615384615,0.6333333333333333,0.0,0.0,Low,0,ยังไม่พบตัวชี้วัดที่ถึงหรือเกินเกณฑ์อ้างอิง
chinook salmon cooked,711,41.2,9.9,0.0,0.0,79.2,0.0,261.8,0.2,0.01,87.26666666666667,49.5,63.38461538461539,0.0,0.0,0.0,Low,0,ยังไม่พบตัวชี้วัดที่ถึงหรือเกินเกณฑ์อ้างอิง
mullet cooked,140,4.5,1.3,0.0,0.0,23.1,0.0,58.6,0.001,4.9999999999999996e-05,19.53333333333333,6.5,6.923076923076923,0.0,0.0,0.0,Low,0,ยังไม่พบตัวชี้วัดที่ถึงหรือเกินเกณฑ์อ้างอิง
chum salmon raw,3,0.1,0.08,0.0,0.0,0.6,0.0,2.1,0.029,0.00145,0.7000000000000001,0.4,0.15384615384615385,0.0,0.0,0.0,Low,0,ยังไม่พบตัวชี้วัดที่ถึงหรือเกินเกณฑ์อ้างอิง
butterfish raw,47,2.6,1.1,0.0,0.0,5.5,0.0,20.8,0.072,0.0035999999999999995,6.933333333333333,5.500000000000001,4.0,0.0,0.0,0.0,Low,0,ยังไม่พบตัวชี้วัดที่ถึงหรือเกินเกณฑ์อ้างอิง
sea bass cooked,125,2.6,0.7,0.0,0.0,23.9,0.0,53.5,0.058,0.0029,17.833333333333336,3.4999999999999996,4.0,0.0,0.0,0.0,Low,0,ยังไม่พบตัวชี้วัดที่ถึงหรือเกินเกณฑ์อ้างอิง
greenland halibut raw,759,56.5,9.9,0.0,0.0,58.6,0.0,187.7,0.3,0.015,62.56666666666666,49.5,86.92307692307692,0.0,0.0,0.0,Low,0,ยังไม่พบตัวชี้วัดที่ถึงหรือเกินเกณฑ์อ้างอิง
halibut raw,371,5.4,1.2,0.0,0.0,75.7,0.0,199.9,0.3,0.015,66.63333333333334,6.0,8.307692307692308,0.0,0.0,0.0,Low,0,ยังไม่พบตัวชี้วัดที่ถึงหรือเกินเกณฑ์อ้างอิง
sturgeon cooked,184,7.0,1.6,0.0,0.0,28.2,0.0,104.7,0.019,0.0009500000000000001,34.900000000000006,8.0,10.76923076923077,0.0,0.0,0.0,Low,0,ยังไม่พบตัวชี้วัดที่ถึงหรือเกินเกณฑ์อ้างอิง
fish fillet fried,211,11.2,2.6,15.4,0.0,13.3,0.5,30.9,0.5,0.025,10.299999999999999,13.0,17.23076923076923,5.133333333333334,2.0,0.0,Low,0,ยังไม่พบตัวชี้วัดที่ถึงหรือเกินเกณฑ์อ้างอิง
rainbow trout raw,111,4.9,1.1,0.0,0.0,15.8,0.0,46.6,0.022,0.0011,15.533333333333335,5.500000000000001,7.538461538461538,0.0,0.0,0.0,Low,0,ยังไม่พบตัวชี้วัดที่ถึงหรือเกินเกณฑ์อ้างอิง
pout raw,278,3.2,1.1,0.0,0.0,58.6,0.0,183.0,0.2,0.01,61.0,5.500000000000001,4.923076923076923,0.0,0.0,0.0,Low,0,ยังไม่พบตัวชี้วัดที่ถึงหรือเกินเกณฑ์อ้างอิง
rainbow smelt cooked,35,0.9,0.2,0.0,0.0,6.4,0.0,25.5,0.047,0.0023499999999999997,8.5,1.0,1.3846153846153846,0.0,0.0,0.0,Low,0,ยังไม่พบตัวชี้วัดที่ถึงหรือเกินเกณฑ์อ้างอิง
monkfish raw,22,0.4,0.079,0.0,0.0,4.1,0.0,7.1,0.059,0.00295,2.3666666666666667,0.395,0.6153846153846154,0.0,0.0,0.0,Low,0,ยังไม่พบตัวชี้วัดที่ถึงหรือเกินเกณฑ์อ้างอิง
trout raw,117,5.2,0.9,0.0,0.0,16.4,0.0,45.8,0.051,0.00255,15.266666666666664,4.5,8.0,0.0,0.0,0.0,Low,0,ยังไม่พบตัวชี้วัดที่ถึงหรือเกินเกณฑ์อ้างอิง
shark raw,37,1.3,0.3,0.0,0.0,5.9,0.0,14.4,0.003,0.00015000000000000001,4.8,1.5,2.0,0.0,0.0,0.0,Low,0,ยังไม่พบตัวชี้วัดที่ถึงหรือเกินเกณฑ์อ้างอิง
burbot raw,104,0.9,0.2,0.0,0.0,22.4,0.0,69.6,0.1,0.005,23.2,1.0,1.3846153846153846,0.0,0.0,0.0,Low,0,ยังไม่พบตัวชี้วัดที่ถึงหรือเกินเกณฑ์อ้างอิง
dolphinfish cooked,173,1.4,0.4,0.0,0.0,37.7,0.0,149.5,0.2,0.01,49.833333333333336,2.0,2.1538461538461537,0.0,0.0,0.0,Low,0,ยังไม่พบตัวชี้วัดที่ถึงหรือเกินเกณฑ์อ้างอิง
crayfish cooked,25,0.4,0.089,0.0,0.0,5.0,0.0,38.8,0.058,0.0029,12.933333333333334,0.445,0.6153846153846154,0.0,0.0,0.0,Low,0,ยังไม่พบตัวชี้วัดที่ถึงหรือเกินเกณฑ์อ้างอิง
dolphinfish raw,173,1.4,0.4,0.0,0.0,37.7,0.0,148.9,0.2,0.01,49.63333333333333,2.0,2.1538461538461537,0.0,0.0,0.0,Low,0,ยังไม่พบตัวชี้วัดที่ถึงหรือเกินเกณฑ์อ้างอิง
perch cooked,54,0.5,0.1,0.0,0.0,11.4,0.0,52.9,0.043,0.0021499999999999996,17.633333333333333,0.5,0.7692307692307693,0.0,0.0,0.0,Low,0,ยังไม่พบตัวชี้วัดที่ถึงหรือเกินเกณฑ์อ้างอิง
cusk raw,106,0.8,0.2,0.0,0.0,23.2,0.0,50.0,0.086,0.004299999999999999,16.666666666666664,1.0,1.2307692307692308,0.0,0.0,0.0,Low,0,ยังไม่พบตัวชี้วัดที่ถึงหรือเกินเกณฑ์อ้างอิง
bluefin tuna raw,41,1.4,0.4,0.0,0.0,6.6,0.0,10.8,0.013,0.00065,3.6000000000000005,2.0,2.1538461538461537,0.0,0.0,0.0,Low,0,ยังไม่พบตัวชี้วัดที่ถึงหรือเกินเกณฑ์อ้างอิง
milkfish cooked,54,2.4,0.0,0.0,0.0,7.4,0.0,19.0,0.076,0.0038000000000000004,6.333333333333334,0.0,3.692307692307692,0.0,0.0,0.0,Low,0,ยังไม่พบตัวชี้วัดที่ถึงหรือเกินเกณฑ์อ้างอิง
carp raw,277,12.2,2.4,0.0,0.0,38.9,0.0,143.9,0.1,0.005,47.96666666666667,12.0,18.76923076923077,0.0,0.0,0.0,Low,0,ยังไม่พบตัวชี้วัดที่ถึงหรือเกินเกณฑ์อ้างอิง
sturgeon raw,30,1.1,0.3,0.0,0.0,4.6,0.0,17.0,0.007,0.00035,5.666666666666666,1.5,1.6923076923076925,0.0,0.0,0.0,Low,0,ยังไม่พบตัวชี้วัดที่ถึงหรือเกินเกณฑ์อ้างอิง
orange roughy raw,22,0.2,0.057,0.0,0.0,4.6,0.0,17.0,0.063,0.00315,5.666666666666666,0.28500000000000003,0.3076923076923077,0.0,0.0,0.0,Low,0,ยังไม่พบตัวชี้วัดที่ถึงหรือเกินเกณฑ์อ้างอิง
catfish fried,199,11.6,2.9,7.0,0.0,15.7,0.6,61.8,0.2,0.01,20.599999999999998,14.499999999999998,17.846153846153847,2.3333333333333335,2.4,0.0,Low,0,ยังไม่พบตัวชี้วัดที่ถึงหรือเกินเกณฑ์อ้างอิง
cuttlefish raw,22,0.2,0.002,0.2,0.0,4.6,0.0,31.7,0.1,0.005,10.566666666666666,0.01,0.3076923076923077,0.06666666666666668,0.0,0.0,Low,0,ยังไม่พบตัวชี้วัดที่ถึงหรือเกินเกณฑ์อ้างอิง
bass raw,90,2.9,0.6,0.0,0.0,14.9,0.0,53.7,0.055,0.0027500000000000003,17.900000000000002,3.0,4.461538461538462,0.0,0.0,0.0,Low,0,ยังไม่พบตัวชี้วัดที่ถึงหรือเกินเกณฑ์อ้างอิง
flounder cooked,109,3.0,0.7,0.0,0.0,19.4,0.0,71.1,0.5,0.025,23.7,3.4999999999999996,4.615384615384616,0.0,0.0,0.0,Low,0,ยังไม่พบตัวชี้วัดที่ถึงหรือเกินเกณฑ์อ้างอิง
milkfish raw,42,1.9,0.5,0.0,0.0,5.8,0.0,14.7,0.098,0.004900000000000001,4.8999999999999995,2.5,2.923076923076923,0.0,0.0,0.0,Low,0,ยังไม่พบตัวชี้วัดที่ถึงหรือเกินเกณฑ์อ้างอิง
eel raw,375,23.8,4.8,0.0,0.0,37.6,0.0,257.0,0.1,0.005,85.66666666666667,24.0,36.61538461538461,0.0,0.0,0.0,Low,0,ยังไม่พบตัวชี้วัดที่ถึงหรือเกินเกณฑ์อ้างอิง
catfish raw,189,9.4,2.1,0.0,0.0,24.2,0.0,87.5,0.2,0.01,29.166666666666668,10.500000000000002,14.461538461538462,0.0,0.0,0.0,Low,0,ยังไม่พบตัวชี้วัดที่ถึงหรือเกินเกณฑ์อ้างอิง
fish sticks,78,4.5,1.0,6.1,0.5,3.1,0.4,7.8,0.1,0.005,2.6,5.0,6.923076923076923,2.033333333333333,1.6,5.0,Low,0,ยังไม่พบตัวชี้วัดที่ถึงหรือเกินเกณฑ์อ้างอิง
coho salmon raw,254,12.2,2.9,0.0,0.0,33.8,0.0,81.1,0.054,0.0026999999999999997,27.03333333333333,14.499999999999998,18.76923076923077,0.0,0.0,0.0,Low,0,ยังไม่พบตัวชี้วัดที่ถึงหรือเกินเกณฑ์อ้างอิง
monkfish cooked,27,0.6,0.0,0.0,0.0,5.3,0.0,9.1,0.004,0.00019999999999999998,3.033333333333333,0.0,0.923076923076923,0.0,0.0,0.0,Low,0,ยังไม่พบตัวชี้วัดที่ถึงหรือเกินเกณฑ์อ้างอิง
yellowtail cooked,546,19.6,0.0,0.0,0.0,86.6,0.0,207.3,0.1,0.005,69.10000000000001,0.0,30.153846153846153,0.0,0.0,0.0,Low,0,ยังไม่พบตัวชี้วัดที่ถึงหรือเกินเกณฑ์อ้างอิง
yellowfin tuna cooked,37,0.2,0.054,0.0,0.0,8.2,0.0,13.3,0.011,0.00055,4.433333333333334,0.27,0.3076923076923077,0.0,0.0,0.0,Low,0,ยังไม่พบตัวชี้วัดที่ถึงหรือเกินเกณฑ์อ้างอิง
ling cooked,168,1.2,0.0,0.0,0.0,36.8,0.0,77.0,0.3,0.015,25.666666666666664,0.0,1.846153846153846,0.0,0.0,0.0,Low,0,ยังไม่พบตัวชี้วัดที่ถึงหรือเกินเกณฑ์อ้างอิง
eel cooked,67,4.2,0.9,0.0,0.0,6.7,0.0,45.6,0.069,0.0034500000000000004,15.2,4.5,6.461538461538462,0.0,0.0,0.0,Low,0,ยังไม่พบตัวชี้วัดที่ถึงหรือเกินเกณฑ์อ้างอิง
sablefish raw,753,59.1,12.4,0.0,0.0,51.8,0.0,189.1,0.2,0.01,63.03333333333333,62.0,90.92307692307693,0.0,0.0,0.0,Low,0,ยังไม่พบตัวชี้วัดที่ถึงหรือเกินเกณฑ์อ้างอิง
salmon nuggets,60,3.3,0.4,4.0,0.0,3.6,0.0,7.4,0.005,0.00025,2.466666666666667,2.0,5.076923076923077,1.3333333333333335,0.0,0.0,Low,0,ยังไม่พบตัวชี้วัดที่ถึงหรือเกินเกณฑ์อ้างอิง
yellowtail raw,546,19.6,4.8,0.0,0.0,86.5,0.0,205.7,0.1,0.005,68.56666666666666,24.0,30.153846153846153,0.0,0.0,0.0,Low,0,ยังไม่พบตัวชี้วัดที่ถึงหรือเกินเกณฑ์อ้างอิง
butterfish cooked,47,2.6,0.0,0.0,0.0,5.5,0.0,20.8,0.042,0.0021000000000000003,6.933333333333333,0.0,4.0,0.0,0.0,0.0,Low,0,ยังไม่พบตัวชี้วัดที่ถึงหรือเกินเกณฑ์อ้างอิง
caviar,42,2.9,0.6,0.6,0.0,3.9,0.0,94.1,0.2,0.01,31.366666666666664,3.0,4.461538461538462,0.2,0.0,0.0,Low,0,ยังไม่พบตัวชี้วัดที่ถึงหรือเกินเกณฑ์อ้างอิง
pollock raw,355,3.8,0.5,0.0,0.0,75.0,0.0,274.1,0.3,0.015,91.36666666666667,2.5,5.846153846153846,0.0,0.0,0.0,Low,0,ยังไม่พบตัวชี้วัดที่ถึงหรือเกินเกณฑ์อ้างอิง
catfish cooked,206,10.3,2.3,0.0,0.0,26.4,0.0,94.4,0.2,0.01,31.466666666666672,11.5,15.846153846153847,0.0,0.0,0.0,Low,0,ยังไม่พบตัวชี้วัดที่ถึงหรือเกินเกณฑ์อ้างอิง
whiting raw,83,1.2,0.2,0.0,0.0,16.8,0.0,61.6,0.016,0.0007999999999999999,20.533333333333335,1.0,1.846153846153846,0.0,0.0,0.0,Low,0,ยังไม่พบตัวชี้วัดที่ถึงหรือเกินเกณฑ์อ้างอิง
pink salmon raw,404,14.0,2.6,0.0,0.0,65.2,0.0,146.3,0.2,0.01,48.766666666666666,13.0,21.53846153846154,0.0,0.0,0.0,Low,0,ยังไม่พบตัวชี้วัดที่ถึงหรือเกินเกณฑ์อ้างอิง
yellowfin tuna raw,31,0.1,0.073,0.0,0.0,6.9,0.0,11.0,0.049,0.0024500000000000004,3.6666666666666665,0.36499999999999994,0.15384615384615385,0.0,0.0,0.0,Low,0,ยังไม่พบตัวชี้วัดที่ถึงหรือเกินเกณฑ์อ้างอิง
mackerel raw,230,15.6,3.6,0.0,0.0,20.8,0.0,78.4,0.1,0.005,26.133333333333336,18.0,24.0,0.0,0.0,0.0,Low,0,ยังไม่พบตัวชี้วัดที่ถึงหรือเกินเกณฑ์อ้างอิง
turbot raw,388,12.0,3.1,0.0,0.0,65.5,0.0,195.8,0.6,0.03,65.26666666666668,15.5,18.461538461538463,0.0,0.0,0.0,Low,0,ยังไม่พบตัวชี้วัดที่ถึงหรือเกินเกณฑ์อ้างอิง
cusk cooked,106,0.8,0.0,0.0,0.0,23.1,0.0,50.4,0.047,0.0023499999999999997,16.799999999999997,0.0,1.2307692307692308,0.0,0.0,0.0,Low,0,ยังไม่พบตัวชี้วัดที่ถึงหรือเกินเกณฑ์อ้างอิง
atlantic croaker raw,82,2.5,0.9,0.0,0.0,14.0,0.0,48.2,0.014,0.0007,16.066666666666666,4.5,3.8461538461538463,0.0,0.0,0.0,Low,0,ยังไม่พบตัวชี้วัดที่ถึงหรือเกินเกณฑ์อ้างอิง
sucker cooked,148,3.7,0.7,0.0,0.0,26.6,0.0,65.7,0.019,0.0009500000000000001,21.9,3.4999999999999996,5.6923076923076925,0.0,0.0,0.0,Low,0,ยังไม่พบตัวชี้วัดที่ถึงหรือเกินเกณฑ์อ้างอิง
spot raw,79,3.1,0.9,0.0,0.0,11.8,0.0,38.4,0.022,0.0011,12.8,4.5,4.769230769230769,0.0,0.0,0.0,Low,0,ยังไม่พบตัวชี้วัดที่ถึงหรือเกินเกณฑ์อ้างอิง
drum cooked,236,9.7,2.2,0.0,0.0,34.6,0.0,126.3,0.1,0.005,42.1,11.000000000000002,14.923076923076922,0.0,0.0,0.0,Low,0,ยังไม่พบตัวชี้วัดที่ถึงหรือเกินเกณฑ์อ้างอิง
crayfish raw,3,0.048,0.01,0.0,0.0,0.6,0.0,4.3,0.024,0.0012000000000000001,1.4333333333333333,0.05,0.07384615384615385,0.0,0.0,0.0,Low,0,ยังไม่พบตัวชี้วัดที่ถึงหรือเกินเกณฑ์อ้างอิง
tilefish cooked,441,14.1,2.6,0.0,0.0,73.5,0.0,192.0,0.2,0.01,64.0,13.0,21.69230769230769,0.0,0.0,0.0,Low,0,ยังไม่พบตัวชี้วัดที่ถึงหรือเกินเกณฑ์อ้างอิง
bluefish cooked,186,6.4,1.4,0.0,0.0,30.1,0.0,88.9,0.045,0.00225,29.633333333333333,6.999999999999999,9.846153846153847,0.0,0.0,0.0,Low,0,ยังไม่พบตัวชี้วัดที่ถึงหรือเกินเกณฑ์อ้างอิง
grouper cooked,238,2.6,0.6,0.0,0.0,50.2,0.0,94.9,0.1,0.005,31.633333333333336,3.0,4.0,0.0,0.0,0.0,Low,0,ยังไม่พบตัวชี้วัดที่ถึงหรือเกินเกณฑ์อ้างอิง
sheepshead raw,257,5.7,1.4,0.0,0.0,48.1,0.0,119.0,0.2,0.01,39.666666666666664,6.999999999999999,8.76923076923077,0.0,0.0,0.0,Low,0,ยังไม่พบตัวชี้วัดที่ถึงหรือเกินเกณฑ์อ้างอิง
herring kippered,87,4.9,1.1,0.0,0.0,9.8,0.0,32.8,0.4,0.02,10.933333333333332,5.500000000000001,7.538461538461538,0.0,0.0,0.0,Low,0,ยังไม่พบตัวชี้วัดที่ถึงหรือเกินเกณฑ์อ้างอิง
grouper raw,238,2.6,0.6,0.0,0.0,50.2,0.0,95.8,0.1,0.005,31.93333333333333,3.0,4.0,0.0,0.0,0.0,Low,0,ยังไม่พบตัวชี้วัดที่ถึงหรือเกินเกณฑ์อ้างอิง
ocean perch cooked,48,0.9,0.2,0.0,0.0,9.3,0.0,31.5,0.2,0.01,10.5,1.0,1.3846153846153846,0.0,0.0,0.0,Low,0,ยังไม่พบตัวชี้วัดที่ถึงหรือเกินเกณฑ์อ้างอิง
ling raw,168,1.2,0.2,0.0,0.0,36.7,0.0,77.2,0.3,0.015,25.733333333333334,1.0,1.846153846153846,0.0,0.0,0.0,Low,0,ยังไม่พบตัวชี้วัดที่ถึงหรือเกินเกณฑ์อ้างอิง
lingcod cooked,329,4.1,0.8,0.0,0.0,68.4,0.0,202.3,0.2,0.01,67.43333333333334,4.0,6.3076923076923075,0.0,0.0,0.0,Low,0,ยังไม่พบตัวชี้วัดที่ถึงหรือเกินเกณฑ์อ้างอิง
florida pompano raw,184,10.6,3.9,0.0,0.0,20.7,0.0,56.0,0.081,0.00405,18.666666666666668,19.5,16.307692307692307,0.0,0.0,0.0,Low,0,ยังไม่พบตัวชี้วัดที่ถึงหรือเกินเกณฑ์อ้างอิง
rockfish cooked,162,2.4,0.6,0.0,0.0,33.1,0.0,90.9,0.1,0.005,30.3,3.0,3.692307692307692,0.0,0.0,0.0,Low,0,ยังไม่พบตัวชี้วัดที่ถึงหรือเกินเกณฑ์อ้างอิง
seatrout cooked,247,8.6,2.4,0.0,0.0,39.9,0.0,197.2,0.1,0.005,65.73333333333333,12.0,13.23076923076923,0.0,0.0,0.0,Low,0,ยังไม่พบตัวชี้วัดที่ถึงหรือเกินเกณฑ์อ้างอิง
sockeye salmon raw,562,22.2,4.7,0.0,0.0,84.4,0.0,209.9,0.4,0.02,69.96666666666667,23.5,34.15384615384615,0.0,0.0,0.0,Low,0,ยังไม่พบตัวชี้วัดที่ถึงหรือเกินเกณฑ์อ้างอิง
swordfish cooked,182,8.4,2.0,0.0,0.0,24.9,0.0,82.7,0.1,0.005,27.566666666666666,10.0,12.923076923076923,0.0,0.0,0.0,Low,0,ยังไม่พบตัวชี้วัดที่ถึงหรือเกินเกณฑ์อ้างอิง
american shad raw,362,25.3,5.8,0.0,0.0,31.2,0.0,138.0,0.001,4.9999999999999996e-05,46.0,28.999999999999996,38.92307692307693,0.0,0.0,0.0,Low,0,ยังไม่พบตัวชี้วัดที่ถึงหรือเกินเกณฑ์อ้างอิง
sardine canned in oil,310,17.1,2.3,0.0,0.0,36.7,0.0,211.6,0.5,0.025,70.53333333333333,11.5,26.30769230769231,0.0,0.0,0.0,Low,0,ยังไม่พบตัวชี้วัดที่ถึงหรือเกินเกณฑ์อ้างอิง
anchovy canned in oil,8,0.4,0.001,0.0,0.0,1.2,0.0,3.4,0.1,0.005,1.1333333333333333,0.005,0.6153846153846154,0.0,0.0,0.0,Low,0,ยังไม่พบตัวชี้วัดที่ถึงหรือเกินเกณฑ์อ้างอิง
salmon canned,520,20.3,5.5,0.0,0.0,79.1,0.0,143.9,1.8,0.09,47.96666666666667,27.500000000000004,31.230769230769234,0.0,0.0,0.0,Low,0,ยังไม่พบตัวชี้วัดที่ถึงหรือเกินเกณฑ์อ้างอิง
sardines in tomato sauce canned,165,9.3,2.4,0.5,0.4,18.6,0.009,54.3,0.4,0.02,18.099999999999998,12.0,14.30769230769231,0.16666666666666669,0.036,4.0,Low,0,ยังไม่พบตัวชี้วัดที่ถึงหรือเกินเกณฑ์อ้างอิง
sockeye salmon canned,563,24.9,4.9,0.0,0.0,79.5,0.0,266.2,1.4,0.06999999999999999,88.73333333333333,24.500000000000004,38.30769230769231,0.0,0.0,0.0,Low,0,ยังไม่พบตัวชี้วัดที่ถึงหรือเกินเกณฑ์อ้างอิง
tuna canned,102,2.4,0.6,0.0,0.0,18.9,0.0,33.6,0.3,0.015,11.200000000000001,3.0,3.692307692307692,0.0,0.0,0.0,Low,0,ยังไม่พบตัวชี้วัดที่ถึงหรือเกินเกณฑ์อ้างอิง
pink salmon canned,530,20.4,3.5,0.0,0.0,80.9,0.0,226.1,1.7,0.08499999999999999,75.36666666666666,17.5,31.384615384615383,0.0,0.0,0.0,Low,0,ยังไม่พบตัวชี้วัดที่ถึงหรือเกินเกณฑ์อ้างอิง
cod canned,328,2.7,0.5,0.0,0.0,71.0,0.0,171.6,0.7,0.034999999999999996,57.199999999999996,2.5,4.153846153846154,0.0,0.0,0.0,Low,0,ยังไม่พบตัวชี้วัดที่ถึงหรือเกินเกณฑ์อ้างอิง
eastern oyster canned,110,4.0,1.0,6.3,0.0,11.4,0.0,89.1,0.2,0.01,29.7,5.0,6.153846153846154,2.0999999999999996,0.0,0.0,Low,0,ยังไม่พบตัวชี้วัดที่ถึงหรือเกินเกณฑ์อ้างอิง
chum salmon canned,520,20.3,5.5,0.0,0.0,79.1,0.0,143.9,0.3,0.015,47.96666666666667,27.500000000000004,31.230769230769234,0.0,0.0,0.0,Low,0,ยังไม่พบตัวชี้วัดที่ถึงหรือเกินเกณฑ์อ้างอิง
tuna canned in oil,331,14.4,2.3,0.0,0.0,47.2,0.0,55.2,0.7,0.034999999999999996,18.4,11.5,22.153846153846153,0.0,0.0,0.0,Low,0,ยังไม่พบตัวชี้วัดที่ถึงหรือเกินเกณฑ์อ้างอิง
wild pink salmon oceans,320,16.0,0.0,0.0,0.0,0.0,0.0,0.0,0.0,0.0,0.0,0.0,24.615384615384617,0.0,0.0,0.0,Low,0,ยังไม่พบตัวชี้วัดที่ถึงหรือเกินเกณฑ์อ้างอิง
shrimp canned,128,1.7,0.2,0.0,0.0,26.1,0.0,322.6,1.1,0.055,107.53333333333335,1.0,2.6153846153846154,0.0,0.0,0.0,Medium,1,โคเลสเตอรอลถึงหรือเกินเกณฑ์อ้างอิงต่อวัน
alaska king crab raw,144,1.0,0.2,0.0,0.0,31.5,0.0,72.2,1.4,0.06999999999999999,24.066666666666666,1.0,1.5384615384615385,0.0,0.0,0.0,Low,0,ยังไม่พบตัวชี้วัดที่ถึงหรือเกินเกณฑ์อ้างอิง
scallops fried,64,3.2,0.8,6.4,0.0,2.6,0.0,18.0,0.2,0.01,6.0,4.0,4.923076923076923,2.1333333333333337,0.0,0.0,Low,0,ยังไม่พบตัวชี้วัดที่ถึงหรือเกินเกณฑ์อ้างอิง
shrimp cooked,7,0.092,0.023,0.013,0.0,1.3,0.0,11.6,0.012,0.0006000000000000001,3.8666666666666667,0.11499999999999999,0.14153846153846156,0.004333333333333333,0.0,0.0,Low,0,ยังไม่พบตัวชี้วัดที่ถึงหรือเกินเกณฑ์อ้างอิง
clams fried,19,1.0,0.3,1.0,0.0,1.3,0.0,5.7,0.068,0.0034,1.9,1.5,1.5384615384615385,0.33333333333333337,0.0,0.0,Low,0,ยังไม่พบตัวชี้วัดที่ถึงหรือเกินเกณฑ์อ้างอิง
alaska king crab cooked,130,2.1,0.2,0.0,0.0,25.9,0.0,71.0,1.4,0.06999999999999999,23.666666666666668,1.0,3.230769230769231,0.0,0.0,0.0,Low,0,ยังไม่พบตัวชี้วัดที่ถึงหรือเกินเกณฑ์อ้างอิง
scallops cooked,11,0.058,0.092,0.5,0.0,2.1,0.0,4.1,0.06,0.0029999999999999996,1.3666666666666665,0.45999999999999996,0.08923076923076924,0.16666666666666669,0.0,0.0,Low,0,ยังไม่พบตัวชี้วัดที่ถึงหรือเกินเกณฑ์อ้างอิง
squid fried,140,6.0,1.5,6.2,0.0,14.4,0.0,208.0,0.2,0.01,69.33333333333334,7.5,9.230769230769232,2.0666666666666664,0.0,0.0,Low,0,ยังไม่พบตัวชี้วัดที่ถึงหรือเกินเกณฑ์อ้างอิง
oyster raw,41,1.2,0.3,2.5,0.0,4.7,0.0,25.0,0.059,0.00295,8.333333333333332,1.5,1.846153846153846,0.8333333333333334,0.0,0.0,Low,0,ยังไม่พบตัวชี้วัดที่ถึงหรือเกินเกณฑ์อ้างอิง
abalone,89,0.6,0.1,5.1,0.0,14.5,0.0,72.3,0.3,0.015,24.099999999999998,0.5,0.923076923076923,1.6999999999999997,0.0,0.0,Low,0,ยังไม่พบตัวชี้วัดที่ถึงหรือเกินเกณฑ์อ้างอิง
queen crab raw,25,0.3,0.096,0.0,0.0,5.2,0.0,15.6,0.2,0.01,5.2,0.48000000000000004,0.4615384615384615,0.0,0.0,0.0,Low,0,ยังไม่พบตัวชี้วัดที่ถึงหรือเกินเกณฑ์อ้างอิง
whelk cooked,78,0.2,0.003,4.4,0.0,13.5,0.0,36.8,0.1,0.005,12.266666666666666,0.015000000000000001,0.3076923076923077,1.4666666666666668,0.0,0.0,Low,0,ยังไม่พบตัวชี้วัดที่ถึงหรือเกินเกณฑ์อ้างอิง
oyster cooked,41,1.2,0.3,2.5,0.0,4.7,0.0,25.0,0.066,0.0033000000000000004,8.333333333333332,1.5,1.846153846153846,0.8333333333333334,0.0,0.0,Low,0,ยังไม่พบตัวชี้วัดที่ถึงหรือเกินเกณฑ์อ้างอิง
eastern oyster cooked,8,0.2,0.073,0.7,0.0,0.7,0.0,3.7,0.038,0.0019000000000000002,1.2333333333333334,0.36499999999999994,0.3076923076923077,0.2333333333333333,0.0,0.0,Low,0,ยังไม่พบตัวชี้วัดที่ถึงหรือเกินเกณฑ์อ้างอิง
blue mussels cooked,344,9.0,1.7,14.8,0.0,47.6,0.0,112.0,0.7,0.034999999999999996,37.333333333333336,8.5,13.846153846153847,4.933333333333334,0.0,0.0,Low,0,ยังไม่พบตัวชี้วัดที่ถึงหรือเกินเกณฑ์อ้างอิง
octopus raw,23,0.3,0.002,0.6,0.0,4.2,0.0,13.6,0.064,0.0031999999999999997,4.533333333333333,0.01,0.4615384615384615,0.2,0.0,0.0,Low,0,ยังไม่พบตัวชี้วัดที่ถึงหรือเกินเกณฑ์อ้างอิง
spiny lobster cooked,233,3.2,0.5,5.1,0.0,43.0,0.0,146.7,0.4,0.02,48.89999999999999,2.5,4.923076923076923,1.6999999999999997,0.0,0.0,Low,0,ยังไม่พบตัวชี้วัดที่ถึงหรือเกินเกณฑ์อ้างอิง
blue mussels raw,129,3.4,0.6,5.5,0.0,17.9,0.0,42.0,0.4,0.02,14.000000000000002,3.0,5.230769230769231,1.8333333333333333,0.0,0.0,Low,0,ยังไม่พบตัวชี้วัดที่ถึงหรือเกินเกณฑ์อ้างอิง
queen crab cooked,98,1.3,0.2,0.0,0.0,20.2,0.0,60.4,0.6,0.03,20.133333333333333,1.0,2.0,0.0,0.0,0.0,Low,0,ยังไม่พบตัวชี้วัดที่ถึงหรือเกินเกณฑ์อ้างอิง
dungeness crab cooked,140,1.6,0.2,1.2,0.0,28.3,0.0,96.5,0.5,0.025,32.166666666666664,1.0,2.4615384615384617,0.4,0.0,0.0,Low,0,ยังไม่พบตัวชี้วัดที่ถึงหรือเกินเกณฑ์อ้างอิง
dungeness crab raw,140,1.6,0.2,1.2,0.0,28.4,0.0,96.2,0.5,0.025,32.06666666666666,1.0,2.4615384615384617,0.4,0.0,0.0,Low,0,ยังไม่พบตัวชี้วัดที่ถึงหรือเกินเกณฑ์อ้างอิง
shrimp fried,52,3.2,0.7,4.8,0.086,1.3,0.1,9.9,0.2,0.01,3.3000000000000003,3.4999999999999996,4.923076923076923,1.6,0.4,0.86,Low,0,ยังไม่พบตัวชี้วัดที่ถึงหรือเกินเกณฑ์อ้างอิง
shrimp raw,4,0.023,0.061,0.041,0.0,0.7,0.0,6.3,0.083,0.00415,2.0999999999999996,0.305,0.03538461538461539,0.013666666666666667,0.0,0.0,Low,0,ยังไม่พบตัวชี้วัดที่ถึงหรือเกินเกณฑ์อ้างอิง
blue crab cooked,71,0.6,0.2,0.0,0.0,15.2,0.0,82.5,0.3,0.015,27.500000000000004,1.0,0.923076923076923,0.0,0.0,0.0,Low,0,ยังไม่พบตัวชี้วัดที่ถึงหรือเกินเกณฑ์อ้างอิง
shrimp imitation,29,0.4,0.019,2.6,0.0,3.5,0.0,10.2,0.2,0.01,3.3999999999999995,0.095,0.6153846153846154,0.8666666666666666,0.0,0.0,Low,0,ยังไม่พบตัวชี้วัดที่ถึงหรือเกินเกณฑ์อ้างอิง
conch baked,165,1.5,0.5,2.2,0.0,33.4,0.0,82.6,0.2,0.01,27.53333333333333,2.5,2.307692307692308,0.7333333333333334,0.0,0.0,Low,0,ยังไม่พบตัวชี้วัดที่ถึงหรือเกินเกณฑ์อ้างอิง
squid raw,26,0.4,0.1,0.9,0.0,4.4,0.0,65.9,0.09,0.0045,21.96666666666667,0.5,0.6153846153846154,0.3,0.0,0.0,Low,0,ยังไม่พบตัวชี้วัดที่ถึงหรือเกินเกณฑ์อ้างอิง
scallop raw,10,0.091,0.089,0.5,0.0,1.8,0.0,3.6,0.057,0.00285,1.2,0.445,0.13999999999999999,0.16666666666666669,0.0,0.0,Low,0,ยังไม่พบตัวชี้วัดที่ถึงหรือเกินเกณฑ์อ้างอิง
lobster raw,116,1.1,0.3,0.0,0.0,24.8,0.0,190.5,0.6,0.03,63.5,1.5,1.6923076923076925,0.0,0.0,0.0,Low,0,ยังไม่พบตัวชี้วัดที่ถึงหรือเกินเกณฑ์อ้างอิง
scallop imitation,28,0.1,0.065,3.0,0.0,3.6,0.0,6.2,0.2,0.01,2.0666666666666664,0.325,0.15384615384615385,1.0,0.0,0.0,Low,0,ยังไม่พบตัวชี้วัดที่ถึงหรือเกินเกณฑ์อ้างอิง
blue crab raw,18,0.2,0.067,0.018,0.0,3.8,0.0,16.4,0.079,0.0039499999999999995,5.466666666666666,0.335,0.3076923076923077,0.005999999999999999,0.0,0.0,Low,0,ยังไม่พบตัวชี้วัดที่ถึงหรือเกินเกณฑ์อ้างอิง
whelk raw,39,0.1,0.096,2.2,0.0,6.7,0.0,18.4,0.073,0.00365,6.133333333333333,0.48000000000000004,0.15384615384615385,0.7333333333333334,0.0,0.0,Low,0,ยังไม่พบตัวชี้วัดที่ถึงหรือเกินเกณฑ์อ้างอิง
spiny lobster raw,234,3.2,0.5,5.1,0.0,43.1,0.0,146.3,0.4,0.02,48.766666666666666,2.5,4.923076923076923,1.6999999999999997,0.0,0.0,Low,0,ยังไม่พบตัวชี้วัดที่ถึงหรือเกินเกณฑ์อ้างอิง
clams canned,227,2.5,0.5,9.4,0.0,38.8,0.0,80.0,0.2,0.01,26.666666666666668,2.5,3.8461538461538463,3.1333333333333333,0.0,0.0,Low,0,ยังไม่พบตัวชี้วัดที่ถึงหรือเกินเกณฑ์อ้างอิง
lobster cooked,134,1.3,0.3,0.0,0.0,28.5,0.0,219.0,0.7,0.034999999999999996,73.0,1.5,2.0,0.0,0.0,0.0,Low,0,ยังไม่พบตัวชี้วัดที่ถึงหรือเกินเกณฑ์อ้างอิง
eastern oyster fried,29,1.8,0.5,1.7,0.0,1.3,0.0,10.4,0.015,0.0007499999999999999,3.4666666666666663,2.5,2.769230769230769,0.5666666666666667,0.0,0.0,Low,0,ยังไม่พบตัวชี้วัดที่ถึงหรือเกินเกณฑ์อ้างอิง
clams raw,195,2.2,0.4,8.1,0.0,33.3,0.0,68.1,1.4,0.06999999999999999,22.7,2.0,3.384615384615385,2.7,0.0,0.0,Low,0,ยังไม่พบตัวชี้วัดที่ถึงหรือเกินเกณฑ์อ้างอิง
octopus cooked,139,1.8,0.4,3.7,0.0,25.3,0.0,81.6,0.4,0.02,27.199999999999996,2.0,2.769230769230769,1.2333333333333334,0.0,0.0,Low,0,ยังไม่พบตัวชี้วัดที่ถึงหรือเกินเกณฑ์อ้างอิง
eastern oyster raw,8,0.2,0.0,0.8,0.0,0.7,0.0,3.5,0.021,0.0010500000000000002,1.1666666666666667,0.0,0.3076923076923077,0.2666666666666667,0.0,0.0,Low,0,ยังไม่พบตัวชี้วัดที่ถึงหรือเกินเกณฑ์อ้างอิง
oyster fried,61,3.0,0.8,6.7,0.0,2.1,0.0,18.1,0.1,0.005,6.033333333333333,4.0,4.615384615384616,2.2333333333333334,0.0,0.0,Low,0,ยังไม่พบตัวชี้วัดที่ถึงหรือเกินเกณฑ์อ้างอิง
sturgeon smoked,49,1.2,0.3,0.0,0.0,8.8,0.0,22.6,0.2,0.01,7.533333333333333,1.5,1.846153846153846,0.0,0.0,0.0,Low,0,ยังไม่พบตัวชี้วัดที่ถึงหรือเกินเกณฑ์อ้างอิง
chinook salmon smoked,159,5.9,1.3,0.0,0.0,24.9,0.0,31.3,1.1,0.055,10.433333333333334,6.5,9.076923076923077,0.0,0.0,0.0,Low,0,ยังไม่พบตัวชี้วัดที่ถึงหรือเกินเกณฑ์อ้างอิง
cisco smoked,50,3.4,0.5,0.0,0.0,4.6,0.0,9.1,0.1,0.005,3.033333333333333,2.5,5.230769230769231,0.0,0.0,0.0,Low,0,ยังไม่พบตัวชี้วัดที่ถึงหรือเกินเกณฑ์อ้างอิง
haddock smoked,33,0.3,0.049,0.0,0.0,7.1,0.0,21.8,0.2,0.01,7.2666666666666675,0.245,0.4615384615384615,0.0,0.0,0.0,Low,0,ยังไม่พบตัวชี้วัดที่ถึงหรือเกินเกณฑ์อ้างอิง
whitefish smoked,147,1.3,0.3,0.0,0.0,31.8,0.0,44.9,1.4,0.06999999999999999,14.966666666666667,1.5,2.0,0.0,0.0,0.0,Low,0,ยังไม่พบตัวชี้วัดที่ถึงหรือเกินเกณฑ์อ้างอิง
red salmon sockeye filets smoked,373,12.3,2.8,0.0,0.0,65.5,0.0,167.4,0.065,0.0032500000000000003,55.800000000000004,13.999999999999998,18.923076923076923,0.0,0.0,0.0,Low,0,ยังไม่พบตัวชี้วัดที่ถึงหรือเกินเกณฑ์อ้างอิง
eggnog,224,10.6,6.6,20.4,20.4,11.6,0.0,149.9,0.1,0.005,49.96666666666667,32.99999999999999,16.307692307692307,6.799999999999999,0.0,204.0,Medium,1,น้ำตาลถึงหรือเกินเกณฑ์ต่อมื้อ
beer light,96,0.0,0.0,5.4,0.3,0.8,0.0,0.0,0.095,0.00475,0.0,0.0,0.0,1.8000000000000003,0.0,3.0,Low,0,ยังไม่พบตัวชี้วัดที่ถึงหรือเกินเกณฑ์อ้างอิง
beer budweiser,12,0.0,0.0,0.9,0.0,0.1,0.0,0.0,0.095,0.00475,0.0,0.0,0.0,0.3,0.0,0.0,Low,0,ยังไม่พบตัวชี้วัดที่ถึงหรือเกินเกณฑ์อ้างอิง
weizenbier erdinger,220,18.0,13.0,0.0,0.0,0.0,0.0,0.0,0.0,0.0,0.0,65.0,27.692307692307693,0.0,0.0,0.0,Low,0,ยังไม่พบตัวชี้วัดที่ถึงหรือเกินเกณฑ์อ้างอิง
beer light budweiser,9,0.0,0.0,0.4,0.0,0.066,0.0,0.0,0.016,0.0007999999999999999,0.0,0.0,0.0,0.13333333333333336,0.0,0.0,Low,0,ยังไม่พบตัวชี้วัดที่ถึงหรือเกินเกณฑ์อ้างอิง
beer,142,0.0,0.0,11.7,0.0,1.5,0.0,0.0,0.067,0.00335,0.0,0.0,0.0,3.9,0.0,0.0,Low,0,ยังไม่พบตัวชี้วัดที่ถึงหรือเกินเกณฑ์อ้างอิง
root beer,202,0.0,0.0,52.3,52.3,0.0,0.0,0.0,0.068,0.0034,0.0,0.0,0.0,17.43333333333333,0.0,523.0,Medium,1,น้ำตาลถึงหรือเกินเกณฑ์ต่อมื้อ
whiskey sour mix,26,0.072,0.069,6.3,6.3,0.051,0.0,0.0,0.073,0.00365,0.0,0.34500000000000003,0.11076923076923076,2.0999999999999996,0.0,63.0,Low,0,ยังไม่พบตัวชี้วัดที่ถึงหรือเกินเกณฑ์อ้างอิง
whiskey sour,158,0.0,0.018,13.9,0.0,0.0,0.0,0.0,0.067,0.00335,0.0,0.09,0.0,4.633333333333334,0.0,0.0,Low,0,ยังไม่พบตัวชี้วัดที่ถึงหรือเกินเกณฑ์อ้างอิง
tequila sunrise,232,0.2,0.0,23.8,0.0,0.6,0.0,0.0,0.1,0.005,0.0,0.0,0.3076923076923077,7.933333333333334,0.0,0.0,Low,0,ยังไม่พบตัวชี้วัดที่ถึงหรือเกินเกณฑ์อ้างอิง
daiquiri,112,0.036,0.063,4.2,3.3,0.035,0.001,0.0,0.008,0.00039999999999999996,0.0,0.315,0.05538461538461538,1.4000000000000001,0.004,32.99999999999999,Low,0,ยังไม่พบตัวชี้วัดที่ถึงหรือเกินเกณฑ์อ้างอิง
pina colada,245,2.7,2.3,32.0,31.5,0.6,0.4,0.0,0.089,0.00445,0.0,11.5,4.153846153846154,10.666666666666668,1.6,315.0,Medium,1,น้ำตาลถึงหรือเกินเกณฑ์ต่อมื้อ
whiskey,58,0.0,0.0,0.1,0.078,0.0,0.0,0.0,0.0,0.0,0.0,0.0,0.0,0.03333333333333334,0.0,0.7799999999999999,Low,0,ยังไม่พบตัวชี้วัดที่ถึงหรือเกินเกณฑ์อ้างอิง
rum,49,0.0,0.0,0.0,0.0,0.0,0.0,0.0,0.053,0.00265,0.0,0.0,0.0,0.0,0.0,0.0,Low,0,ยังไม่พบตัวชี้วัดที่ถึงหรือเกินเกณฑ์อ้างอิง
vodka smirnoff,13,0.4,0.013,2.0,0.082,0.0,0.0,0.0,0.0,0.0,0.0,0.065,0.6153846153846154,0.6666666666666667,0.0,0.8200000000000001,Low,0,ยังไม่พบตัวชี้วัดที่ถึงหรือเกินเกณฑ์อ้างอิง
coffee liqueur,96,0.038,0.096,13.8,13.7,0.041,0.0,0.0,0.093,0.00465,0.0,0.48000000000000004,0.05846153846153846,4.6,0.0,137.0,Medium,1,น้ำตาลถึงหรือเกินเกณฑ์ต่อมื้อ
gin,53,0.0,0.0,0.0,0.0,0.0,0.0,0.0,0.029,0.00145,0.0,0.0,0.0,0.0,0.0,0.0,Low,0,ยังไม่พบตัวชี้วัดที่ถึงหรือเกินเกณฑ์อ้างอิง
dessert wine sweet,165,0.0,0.0,14.1,8.0,0.2,0.0,0.0,0.047,0.0023499999999999997,0.0,0.0,0.0,4.7,0.0,80.0,Low,0,ยังไม่พบตัวชี้วัดที่ถึงหรือเกินเกณฑ์อ้างอิง
chenin blanc white wine,118,0.0,0.0,4.9,0.0,0.1,0.0,0.0,0.0,0.0,0.0,0.0,0.0,1.6333333333333335,0.0,0.0,Low,0,ยังไม่พบตัวชี้วัดที่ถึงหรือเกินเกณฑ์อ้างอิง
gamay red wine,115,0.0,0.0,3.5,0.0,0.1,14.4,0.0,0.0,0.0,0.0,0.0,0.0,1.1666666666666667,57.60000000000001,0.0,Low,0,ยังไม่พบตัวชี้วัดที่ถึงหรือเกินเกณฑ์อ้างอิง
late harvest white wine,172,0.0,0.0,20.6,0.0,0.1,13.1,0.0,0.0,0.0,0.0,0.0,0.0,6.866666666666667,52.400000000000006,0.0,Low,0,ยังไม่พบตัวชี้วัดที่ถึงหรือเกินเกณฑ์อ้างอิง
gewurztraminer white wine,119,0.0,0.0,3.8,0.0,0.1,0.0,0.0,0.0,0.0,0.0,0.0,0.0,1.2666666666666666,0.0,0.0,Low,0,ยังไม่พบตัวชี้วัดที่ถึงหรือเกินเกณฑ์อ้างอิง
burgundy red wine,172,0.0,0.0,7.4,0.0,0.1,0.0,0.0,0.0,0.0,0.0,0.0,0.0,2.466666666666667,0.0,0.0,Low,0,ยังไม่พบตัวชี้วัดที่ถึงหรือเกินเกณฑ์อ้างอิง
zinfandel red wine,129,0.0,0.0,4.2,0.0,0.1,0.0,0.0,0.0,0.0,0.0,0.0,0.0,1.4000000000000001,0.0,0.0,Low,0,ยังไม่พบตัวชี้วัดที่ถึงหรือเกินเกณฑ์อ้างอิง
muller thurgau white wine,112,0.0,0.0,5.2,0.0,0.1,13.3,0.0,0.0,0.0,0.0,0.0,0.0,1.7333333333333332,53.2,0.0,Low,0,ยังไม่พบตัวชี้วัดที่ถึงหรือเกินเกณฑ์อ้างอิง
mouvedre red wine,129,0.0,0.0,3.9,0.0,0.1,16.5,0.0,0.0,0.0,0.0,0.0,0.0,1.3,66.0,0.0,Low,0,ยังไม่พบตัวชี้วัดที่ถึงหรือเกินเกณฑ์อ้างอิง
table wine,123,0.0,0.0,4.0,1.2,0.1,0.0,0.0,0.087,0.00435,0.0,0.0,0.0,1.3333333333333335,0.0,12.0,Low,0,ยังไม่พบตัวชี้วัดที่ถึงหรือเกินเกณฑ์อ้างอิง
wine light,73,0.0,0.0,1.7,1.7,0.1,0.0,0.0,0.046,0.0023,0.0,0.0,0.0,0.5666666666666667,0.0,17.0,Low,0,ยังไม่พบตัวชี้วัดที่ถึงหรือเกินเกณฑ์อ้างอิง
white wine,121,0.0,0.0,3.8,1.4,0.1,0.0,0.0,0.098,0.004900000000000001,0.0,0.0,0.0,1.2666666666666666,0.0,13.999999999999998,Low,0,ยังไม่พบตัวชี้วัดที่ถึงหรือเกินเกณฑ์อ้างอิง
petite sirah red wine,125,0.0,0.0,3.9,0.0,0.1,15.7,0.0,0.0,0.0,0.0,0.0,0.0,1.3,62.8,0.0,Low,0,ยังไม่พบตัวชี้วัดที่ถึงหรือเกินเกณฑ์อ้างอิง
non alcoholic wine,2,0.0,0.0,0.3,0.3,0.1,0.0,0.0,0.095,0.00475,0.0,0.0,0.0,0.1,0.0,3.0,Low,0,ยังไม่พบตัวชี้วัดที่ถึงหรือเกินเกณฑ์อ้างอิง
pinot noir red wine,121,0.0,0.0,3.4,0.0,0.1,0.0,0.0,0.0,0.0,0.0,0.0,0.0,1.1333333333333333,0.0,0.0,Low,0,ยังไม่พบตัวชี้วัดที่ถึงหรือเกินเกณฑ์อ้างอิง
pinot gris grigio white wine,122,0.0,0.0,3.0,0.0,0.1,0.0,0.0,0.0,0.0,0.0,0.0,0.0,1.0,0.0,0.0,Low,0,ยังไม่พบตัวชี้วัดที่ถึงหรือเกินเกณฑ์อ้างอิง
riesling white wine,118,0.0,0.0,5.5,0.0,0.1,0.0,0.0,0.0,0.0,0.0,0.0,0.0,1.8333333333333333,0.0,0.0,Low,0,ยังไม่พบตัวชี้วัดที่ถึงหรือเกินเกณฑ์อ้างอิง
barbera red wine,170,0.0,0.0,5.6,0.0,0.1,0.0,0.0,0.0,0.0,0.0,0.0,0.0,1.8666666666666665,0.0,0.0,Low,0,ยังไม่พบตัวชี้วัดที่ถึงหรือเกินเกณฑ์อ้างอิง
lemberger red wine,118,0.0,0.0,3.6,0.0,0.1,15.0,0.0,0.0,0.0,0.0,0.0,0.0,1.2,60.0,0.0,Low,0,ยังไม่พบตัวชี้วัดที่ถึงหรือเกินเกณฑ์อ้างอิง
merlot red wine,122,0.0,0.0,3.7,0.9,0.1,0.0,0.0,0.011,0.00055,0.0,0.0,0.0,1.2333333333333334,0.0,9.0,Low,0,ยังไม่พบตัวชี้วัดที่ถึงหรือเกินเกณฑ์อ้างอิง
sangiovese red wine,126,0.0,0.0,3.9,0.0,0.1,0.0,0.0,0.0,0.0,0.0,0.0,0.0,1.3,0.0,0.0,Low,0,ยังไม่พบตัวชี้วัดที่ถึงหรือเกินเกณฑ์อ้างอิง
sauvignon blanc white wine,119,0.0,0.0,3.0,0.0,0.1,0.0,0.0,0.0,0.0,0.0,0.0,0.0,1.0,0.0,0.0,Low,0,ยังไม่พบตัวชี้วัดที่ถึงหรือเกินเกณฑ์อ้างอิง
syrah red wine,122,0.0,0.0,3.8,0.0,0.1,0.0,0.0,0.0,0.0,0.0,0.0,0.0,1.2666666666666666,0.0,0.0,Low,0,ยังไม่พบตัวชี้วัดที่ถึงหรือเกินเกณฑ์อ้างอิง
carignane red wine,370,0.0,0.0,12.0,0.0,0.4,0.0,0.0,0.0,0.0,0.0,0.0,0.0,4.0,0.0,0.0,Low,0,ยังไม่พบตัวชี้วัดที่ถึงหรือเกินเกณฑ์อ้างอิง
pinot blanc white wine,119,0.0,0.0,2.9,0.0,0.1,0.0,0.0,0.0,0.0,0.0,0.0,0.0,0.9666666666666667,0.0,0.0,Low,0,ยังไม่พบตัวชี้วัดที่ถึงหรือเกินเกณฑ์อ้างอิง
semillon white wine,121,0.0,0.0,4.6,0.0,0.1,14.9,0.0,0.0,0.0,0.0,0.0,0.0,1.5333333333333332,59.599999999999994,0.0,Low,0,ยังไม่พบตัวชี้วัดที่ถึงหรือเกินเกณฑ์อ้างอิง
dessert wine dry,760,0.0,0.0,58.4,5.5,1.0,76.5,0.0,0.0,0.0,0.0,0.0,0.0,19.466666666666665,306.0,55.00000000000001,Low,0,ยังไม่พบตัวชี้วัดที่ถึงหรือเกินเกณฑ์อ้างอิง
red wine,125,0.0,0.0,3.8,0.9,0.1,0.0,0.0,0.027,0.0013499999999999999,0.0,0.0,0.0,1.2666666666666666,0.0,9.0,Low,0,ยังไม่พบตัวชี้วัดที่ถึงหรือเกินเกณฑ์อ้างอิง
cabernet sauvignon red wine,166,0.0,0.0,5.2,0.0,0.1,0.0,0.0,0.0,0.0,0.0,0.0,0.0,1.7333333333333332,0.0,0.0,Low,0,ยังไม่พบตัวชี้วัดที่ถึงหรือเกินเกณฑ์อ้างอิง
muscat white wine,123,0.0,0.0,7.8,0.0,0.1,0.0,0.0,0.0,0.0,0.0,0.0,0.0,2.6,0.0,0.0,Low,0,ยังไม่พบตัวชี้วัดที่ถึงหรือเกินเกณฑ์อ้างอิง
cooking wine,2,0.0,0.0,0.3,0.09,0.028,0.0,0.0,0.002,9.999999999999999e-05,0.0,0.0,0.0,0.1,0.0,0.8999999999999999,Low,0,ยังไม่พบตัวชี้วัดที่ถึงหรือเกินเกณฑ์อ้างอิง
chardonnay white wine,168,0.0,0.0,4.3,1.9,0.1,0.0,0.0,0.027,0.0013499999999999999,0.0,0.0,0.0,1.4333333333333333,0.0,19.0,Low,0,ยังไม่พบตัวชี้วัดที่ถึงหรือเกินเกณฑ์อ้างอิง
claret red wine,122,0.0,0.0,4.4,0.0,0.1,15.0,0.0,0.0,0.0,0.0,0.0,0.0,1.4666666666666668,60.0,0.0,Low,0,ยังไม่พบตัวชี้วัดที่ถึงหรือเกินเกณฑ์อ้างอิง
rice sake,197,0.0,0.0,7.4,0.0,0.7,0.0,0.0,0.046,0.0023,0.0,0.0,0.0,2.466666666666667,0.0,0.0,Low,0,ยังไม่พบตัวชี้วัดที่ถึงหรือเกินเกณฑ์อ้างอิง
fume blanc white wine,121,0.0,0.0,3.3,0.0,0.1,15.4,0.0,0.0,0.0,0.0,0.0,0.0,1.0999999999999999,61.6,0.0,Low,0,ยังไม่พบตัวชี้วัดที่ถึงหรือเกินเกณฑ์อ้างอิง
cabarnet franc red wine,122,0.0,0.0,3.6,0.0,0.1,0.0,0.0,0.0,0.0,0.0,0.0,0.0,1.2,0.0,0.0,Low,0,ยังไม่พบตัวชี้วัดที่ถึงหรือเกินเกณฑ์อ้างอิง
chocolate frosting,81,3.6,1.1,13.0,11.8,0.2,0.2,0.0,0.025,0.00125,0.0,5.500000000000001,5.538461538461538,4.333333333333334,0.8,118.00000000000001,Medium,1,น้ำตาลถึงหรือเกินเกณฑ์ต่อมื้อ
white sugar,19,0.0,0.0,5.0,4.9,0.0,0.0,0.0,0.012,0.0006000000000000001,0.0,0.0,0.0,1.6666666666666667,0.0,49.00000000000001,Low,0,ยังไม่พบตัวชี้วัดที่ถึงหรือเกินเกณฑ์อ้างอิง
egg substitute,115,0.0,0.0,4.8,4.8,24.0,0.0,0.0,0.5,0.025,0.0,0.0,0.0,1.6,0.0,48.0,Low,0,ยังไม่พบตัวชี้วัดที่ถึงหรือเกินเกณฑ์อ้างอิง
agave syrup,21,0.081,0.0,5.3,4.7,0.025,0.01,0.0,0.09,0.0045,0.0,0.0,0.12461538461538463,1.7666666666666668,0.04,47.0,Low,0,ยังไม่พบตัวชี้วัดที่ถึงหรือเกินเกณฑ์อ้างอิง
splenda sweetener,336,0.0,0.0,91.2,80.3,0.0,0.0,0.0,0.0,0.0,0.0,0.0,0.0,30.4,0.0,802.9999999999999,Medium,1,น้ำตาลถึงหรือเกินเกณฑ์ต่อมื้อ
vanilla extract,12,0.069,0.003,0.5,0.5,0.0,0.0,0.0,0.061,0.0030499999999999998,0.0,0.015000000000000001,0.10615384615384617,0.16666666666666669,0.0,5.0,Low,0,ยังไม่พบตัวชี้วัดที่ถึงหรือเกินเกณฑ์อ้างอิง
egg yolk dried,27,2.3,0.7,0.054,0.002,1.3,0.0,92.3,0.071,0.0035499999999999993,30.766666666666666,3.4999999999999996,3.5384615384615383,0.018000000000000002,0.0,0.02,Low,0,ยังไม่พบตัวชี้วัดที่ถึงหรือเกินเกณฑ์อ้างอิง
granulated sugar,16,0.0,0.0,4.2,4.2,0.0,0.0,0.0,0.019,0.0009500000000000001,0.0,0.0,0.0,1.4000000000000001,0.0,42.00000000000001,Low,0,ยังไม่พบตัวชี้วัดที่ถึงหรือเกินเกณฑ์อ้างอิง
baking chocolate,145,15.2,9.4,8.7,0.3,3.7,4.8,0.0,0.049,0.0024500000000000004,0.0,47.0,23.384615384615383,2.9,19.2,3.0,Low,0,ยังไม่พบตัวชี้วัดที่ถึงหรือเกินเกณฑ์อ้างอิง
bakers yeast,18,0.3,0.089,3.1,0.0,1.4,1.4,0.0,0.066,0.0033000000000000004,0.0,0.445,0.4615384615384615,1.0333333333333332,5.6,0.0,Low,0,ยังไม่พบตัวชี้วัดที่ถึงหรือเกินเกณฑ์อ้างอิง
fondant,106,0.009,0.0,26.4,25.2,0.0,0.0,0.0,0.022,0.0011,0.0,0.0,0.013846153846153845,8.799999999999999,0.0,252.0,Medium,1,น้ำตาลถึงหรือเกินเกณฑ์ต่อมื้อ
brown sugar,16,0.0,0.0,4.1,4.1,0.024,0.0,0.0,0.094,0.004699999999999999,0.0,0.0,0.0,1.3666666666666665,0.0,41.0,Low,0,ยังไม่พบตัวชี้วัดที่ถึงหรือเกินเกณฑ์อ้างอิง
white frosting dry,768,0.0,0.0,196.4,0.0,4.8,0.0,0.0,0.5,0.025,0.0,0.0,0.0,65.46666666666667,0.0,0.0,Low,0,ยังไม่พบตัวชี้วัดที่ถึงหรือเกินเกณฑ์อ้างอิง
maple sugar,42,0.061,0.076,10.9,10.2,0.036,0.0,0.0,0.031,0.0015500000000000002,0.0,0.38,0.09384615384615384,3.6333333333333337,0.0,102.0,Medium,1,น้ำตาลถึงหรือเกินเกณฑ์ต่อมื้อ
fructose sweetener,15,0.0,0.0,4.2,3.9,0.0,0.0,0.0,0.013,0.00065,0.0,0.0,0.0,1.4000000000000001,0.0,39.0,Low,0,ยังไม่พบตัวชี้วัดที่ถึงหรือเกินเกณฑ์อ้างอิง
saccharin sweetener,360,0.0,0.0,89.1,85.2,0.9,0.0,0.0,0.4,0.02,0.0,0.0,0.0,29.7,0.0,852.0,Medium,1,น้ำตาลถึงหรือเกินเกณฑ์ต่อมื้อ
egg white raw,17,0.063,0.0,0.2,0.2,3.6,0.0,0.0,0.038,0.0019000000000000002,0.0,0.0,0.09692307692307692,0.06666666666666668,0.0,2.0,Low,0,ยังไม่พบตัวชี้วัดที่ถึงหรือเกินเกณฑ์อ้างอิง
turbinado sugar,18,0.0,0.0,4.6,4.6,0.0,0.0,0.0,0.008,0.00039999999999999996,0.0,0.0,0.0,1.5333333333333332,0.0,46.0,Low,0,ยังไม่พบตัวชี้วัดที่ถึงหรือเกินเกณฑ์อ้างอิง
vanilla frosting,1931,75.0,13.7,313.7,291.5,0.0,0.0,0.0,0.9,0.045,0.0,68.5,115.38461538461537,104.56666666666665,0.0,2915.0,Medium,1,น้ำตาลถึงหรือเกินเกณฑ์ต่อมื้อ
aspartame sweetener,365,0.0,0.0,89.1,80.7,2.2,0.0,0.0,0.0,0.0,0.0,0.0,0.0,29.7,0.0,807.0,Medium,1,น้ำตาลถึงหรือเกินเกณฑ์ต่อมื้อ
egg raw,80,5.3,1.8,0.4,0.2,7.0,0.0,208.3,0.08,0.004,69.43333333333334,9.0,8.153846153846153,0.13333333333333336,0.0,2.0,Low,0,ยังไม่พบตัวชี้วัดที่ถึงหรือเกินเกณฑ์อ้างอิง
pineapple topping,860,0.3,0.066,225.8,71.4,0.3,1.4,0.0,0.1,0.005,0.0,0.33,0.4615384615384615,75.26666666666667,5.6,714.0,Medium,1,น้ำตาลถึงหรือเกินเกณฑ์ต่อมื้อ
egg white dried,26,0.087,0.0,0.3,0.0,5.8,0.0,0.0,0.052,0.0026,0.0,0.0,0.13384615384615384,0.1,0.0,0.0,Low,0,ยังไม่พบตัวชี้วัดที่ถึงหรือเกินเกณฑ์อ้างอิง
egg yolk raw,55,4.5,1.6,0.6,0.08,2.7,0.0,184.5,0.006,0.00030000000000000003,61.5,8.0,6.923076923076923,0.2,0.0,0.8,Low,0,ยังไม่พบตัวชี้วัดที่ถึงหรือเกินเกณฑ์อ้างอิง
baking soda,0,0.0,0.0,0.0,0.0,0.0,0.0,0.0,1.3,0.065,0.0,0.0,0.0,0.0,0.0,0.0,Low,0,ยังไม่พบตัวชี้วัดที่ถึงหรือเกินเกณฑ์อ้างอิง
egg dried,30,2.2,0.7,0.047,0.05,2.4,0.0,81.5,0.06,0.0029999999999999996,27.166666666666668,3.4999999999999996,3.384615384615385,0.015666666666666666,0.0,0.5,Low,0,ยังไม่พบตัวชี้วัดที่ถึงหรือเกินเกณฑ์อ้างอิง
strawberry topping,53,0.096,0.071,13.9,5.7,0.014,0.1,0.0,0.099,0.00495,0.0,0.355,0.1476923076923077,4.633333333333334,0.4,57.00000000000001,Low,0,ยังไม่พบตัวชี้วัดที่ถึงหรือเกินเกณฑ์อ้างอิง
bakers yeast dry,13,0.3,0.078,1.6,0.0,1.6,1.1,0.0,0.081,0.00405,0.0,0.38999999999999996,0.4615384615384615,0.5333333333333334,4.4,0.0,Low,0,ยังไม่พบตัวชี้วัดที่ถึงหรือเกินเกณฑ์อ้างอิง
almond paste,1040,63.0,6.0,108.5,82.3,20.4,10.9,0.0,0.051,0.00255,0.0,30.0,96.92307692307692,36.16666666666667,43.6,823.0,Medium,1,น้ำตาลถึงหรือเกินเกณฑ์ต่อมื้อ
cream of tartar,8,0.0,0.0,1.8,0.0,0.0,0.01,0.0,0.009,0.00044999999999999993,0.0,0.0,0.0,0.6,0.04,0.0,Low,0,ยังไม่พบตัวชี้วัดที่ถึงหรือเกินเกณฑ์อ้างอิง
popover dry mix,631,7.3,1.7,120.7,0.0,17.7,0.0,0.0,1.5,0.075,0.0,8.5,11.23076923076923,40.233333333333334,0.0,0.0,Low,0,ยังไม่พบตัวชี้วัดที่ถึงหรือเกินเกณฑ์อ้างอิง
egg substitute powder,126,3.7,1.1,6.2,6.2,15.7,0.0,161.9,0.2,0.01,53.966666666666676,5.500000000000001,5.6923076923076925,2.0666666666666664,0.0,62.0,Low,0,ยังไม่พบตัวชี้วัดที่ถึงหรือเกินเกณฑ์อ้างอิง
gelatin powder,17,0.086,0.09,0.0,0.0,4.3,0.0,0.0,0.029,0.00145,0.0,0.44999999999999996,0.1323076923076923,0.0,0.0,0.0,Low,0,ยังไม่พบตัวชี้วัดที่ถึงหรือเกินเกณฑ์อ้างอิง
tapioca pearls,544,0.093,0.075,134.8,5.1,0.3,1.4,0.0,0.077,0.00385,0.0,0.375,0.14307692307692307,44.93333333333334,5.6,51.0,Low,0,ยังไม่พบตัวชี้วัดที่ถึงหรือเกินเกณฑ์อ้างอิง
baking powder,2,0.0,0.0,1.3,0.0,0.0,0.03,0.0,0.5,0.025,0.0,0.0,0.0,0.4333333333333333,0.12,0.0,Low,0,ยังไม่พบตัวชี้วัดที่ถึงหรือเกินเกณฑ์อ้างอิง
egg boiled,93,6.4,2.0,0.7,0.7,7.5,0.0,223.8,0.042,0.0021000000000000003,74.6,10.0,9.846153846153847,0.2333333333333333,0.0,6.999999999999999,Low,0,ยังไม่พบตัวชี้วัดที่ถึงหรือเกินเกณฑ์อ้างอิง
millet flour,444,5.1,0.6,86.9,2.0,12.8,4.2,0.0,0.056,0.0028,0.0,3.0,7.846153846153846,28.96666666666667,16.8,20.0,Low,0,ยังไม่พบตัวชี้วัดที่ถึงหรือเกินเกณฑ์อ้างอิง
triticale flour,439,2.4,0.4,95.1,0.0,17.1,19.0,0.0,0.096,0.0048000000000000004,0.0,2.0,3.692307692307692,31.7,76.0,0.0,Low,0,ยังไม่พบตัวชี้วัดที่ถึงหรือเกินเกณฑ์อ้างอิง
corn flour white,414,4.2,0.6,87.3,1.8,9.6,7.3,0.0,0.036,0.0017999999999999997,0.0,3.0,6.461538461538462,29.099999999999998,29.2,18.0,Low,0,ยังไม่พบตัวชี้วัดที่ถึงหรือเกินเกณฑ์อ้างอิง
rice flour brown,574,4.4,0.9,120.8,1.3,11.4,7.3,0.0,0.039,0.00195,0.0,4.5,6.76923076923077,40.266666666666666,29.2,13.0,Low,0,ยังไม่พบตัวชี้วัดที่ถึงหรือเกินเกณฑ์อ้างอิง
sorghum flour,437,4.0,0.6,93.7,2.3,9.5,8.0,0.0,0.023,0.00115,0.0,3.0,6.153846153846154,31.233333333333334,32.0,23.0,Low,0,ยังไม่พบตัวชี้วัดที่ถึงหรือเกินเกณฑ์อ้างอิง
cornmeal whole grain,442,4.4,0.6,93.8,0.8,9.9,8.9,0.0,0.022,0.0011,0.0,3.0,6.76923076923077,31.266666666666666,35.6,8.0,Low,0,ยังไม่พบตัวชี้วัดที่ถึงหรือเกินเกณฑ์อ้างอิง
cornmeal white,581,2.7,0.3,124.7,2.5,11.2,6.1,0.0,0.094,0.004699999999999999,0.0,1.5,4.153846153846154,41.56666666666667,24.4,25.0,Low,0,ยังไม่พบตัวชี้วัดที่ถึงหรือเกินเกณฑ์อ้างอิง
barley flour,511,2.4,0.5,110.3,1.2,15.5,14.9,0.0,0.062,0.0031000000000000003,0.0,2.5,3.692307692307692,36.766666666666666,59.599999999999994,12.0,Low,0,ยังไม่พบตัวชี้วัดที่ถึงหรือเกินเกณฑ์อ้างอิง
safflower seed meal,97,0.7,0.029,13.8,0.0,10.1,0.0,0.0,0.006,0.00030000000000000003,0.0,0.14500000000000002,1.0769230769230769,4.6,0.0,0.0,Low,0,ยังไม่พบตัวชี้วัดที่ถึงหรือเกินเกณฑ์อ้างอิง
sesame flour,658,46.4,6.5,33.3,0.0,38.5,0.0,0.0,0.041,0.00205,0.0,32.5,71.38461538461539,11.099999999999998,0.0,0.0,Low,0,ยังไม่พบตัวชี้วัดที่ถึงหรือเกินเกณฑ์อ้างอิง
whole grain wheat flour,408,3.0,0.5,86.4,0.5,15.9,12.8,0.0,0.027,0.0013499999999999999,0.0,2.5,4.615384615384616,28.800000000000004,51.2,5.0,Low,0,ยังไม่พบตัวชี้วัดที่ถึงหรือเกินเกณฑ์อ้างอิง
corn flour yellow,422,4.5,0.6,89.9,0.7,8.1,8.5,0.0,0.04,0.002,0.0,3.0,6.923076923076923,29.96666666666667,34.0,6.999999999999999,Low,0,ยังไม่พบตัวชี้วัดที่ถึงหรือเกินเกณฑ์อ้างอิง
corn flour whole grain,422,4.5,0.6,89.9,0.7,8.1,8.5,0.0,0.033,0.0016500000000000002,0.0,3.0,6.923076923076923,29.96666666666667,34.0,6.999999999999999,Low,0,ยังไม่พบตัวชี้วัดที่ถึงหรือเกินเกณฑ์อ้างอิง
cottonseed flour low fat,94,0.4,0.082,10.2,0.0,14.1,0.0,0.0,0.022,0.0011,0.0,0.41000000000000003,0.6153846153846154,3.3999999999999995,0.0,0.0,Low,0,ยังไม่พบตัวชี้วัดที่ถึงหรือเกินเกณฑ์อ้างอิง
sunflower seed flour,13,0.013,0.036,1.4,0.0,1.9,0.2,0.0,0.073,0.00365,0.0,0.18,0.019999999999999997,0.4666666666666666,0.8,0.0,Low,0,ยังไม่พบตัวชี้วัดที่ถึงหรือเกินเกณฑ์อ้างอิง
sesame meal,160,13.6,1.9,7.4,0.0,4.8,0.0,0.0,0.073,0.00365,0.0,9.5,20.923076923076923,2.466666666666667,0.0,0.0,Low,0,ยังไม่พบตัวชี้วัดที่ถึงหรือเกินเกณฑ์อ้างอิง
acorn flour,626,37.7,4.9,68.3,0.0,9.4,0.0,0.0,0.0,0.0,0.0,24.500000000000004,58.00000000000001,22.766666666666666,0.0,0.0,Low,0,ยังไม่พบตัวชี้วัดที่ถึงหรือเกินเกณฑ์อ้างอิง
rice flour white,578,2.2,0.6,126.6,0.2,9.4,3.8,0.0,0.0,0.0,0.0,3.0,3.384615384615385,42.199999999999996,15.2,2.0,Low,0,ยังไม่พบตัวชี้วัดที่ถึงหรือเกินเกณฑ์อ้างอิง
sesame flour low fat,94,0.5,0.011,10.0,0.0,14.2,0.0,0.0,0.072,0.0035999999999999995,0.0,0.05499999999999999,0.7692307692307693,3.3333333333333335,0.0,0.0,Low,0,ยังไม่พบตัวชี้วัดที่ถึงหรือเกินเกณฑ์อ้างอิง
potato flour,571,0.5,0.1,133.0,5.6,11.0,9.4,0.0,0.042,0.0021000000000000003,0.0,0.5,0.7692307692307693,44.333333333333336,37.6,55.99999999999999,Low,0,ยังไม่พบตัวชี้วัดที่ถึงหรือเกินเกณฑ์อ้างอิง
cornmeal yellow,581,2.7,0.3,124.7,2.5,11.2,6.1,0.0,0.011,0.00055,0.0,1.5,4.153846153846154,41.56666666666667,24.4,25.0,Low,0,ยังไม่พบตัวชี้วัดที่ถึงหรือเกินเกณฑ์อ้างอิง
rye flour,364,1.4,0.2,78.2,0.9,10.0,8.2,0.0,0.061,0.0030499999999999998,0.0,1.0,2.1538461538461537,26.066666666666666,32.8,9.0,Low,0,ยังไม่พบตัวชี้วัดที่ถึงหรือเกินเกณฑ์อ้างอิง
arrowroot flour,457,0.1,0.019,112.8,0.0,0.4,4.4,0.0,0.002,9.999999999999999e-05,0.0,0.095,0.15384615384615385,37.6,17.6,0.0,Low,0,ยังไม่พบตัวชี้วัดที่ถึงหรือเกินเกณฑ์อ้างอิง
chickpea flour,356,6.2,0.6,53.2,10.0,20.6,9.9,0.0,0.05,0.0025,0.0,3.0,9.538461538461538,17.733333333333334,39.6,100.0,Medium,1,น้ำตาลถึงหรือเกินเกณฑ์ต่อมื้อ
wheat flour,455,1.2,0.2,95.4,0.3,12.9,3.4,0.0,0.061,0.0030499999999999998,0.0,1.0,1.846153846153846,31.8,13.600000000000001,3.0,Low,0,ยังไม่พบตัวชี้วัดที่ถึงหรือเกินเกณฑ์อ้างอิง
cornstarch,488,0.03,0.077,116.8,0.0,0.3,1.2,0.0,0.093,0.00465,0.0,0.385,0.04615384615384615,38.93333333333333,4.8,0.0,Low,0,ยังไม่พบตัวชี้วัดที่ถึงหรือเกินเกณฑ์อ้างอิง
carob flour,13,0.061,0.041,5.3,2.9,0.3,2.4,0.0,0.033,0.0016500000000000002,0.0,0.20500000000000002,0.09384615384615384,1.7666666666666668,9.6,28.999999999999996,Low,0,ยังไม่พบตัวชี้วัดที่ถึงหรือเกินเกณฑ์อ้างอิง
buckwheat flour,402,3.7,0.8,84.7,3.1,15.1,12.0,0.0,0.033,0.0016500000000000002,0.0,4.0,5.6923076923076925,28.233333333333334,48.0,31.0,Low,0,ยังไม่พบตัวชี้วัดที่ถึงหรือเกินเกณฑ์อ้างอิง
pecan pie,503,27.1,4.9,63.7,0.0,6.0,0.0,106.1,0.3,0.015,35.36666666666666,24.500000000000004,41.69230769230769,21.233333333333334,0.0,0.0,Low,0,ยังไม่พบตัวชี้วัดที่ถึงหรือเกินเกณฑ์อ้างอิง
apple pie,331,15.6,3.8,46.4,0.0,3.0,0.0,0.0,0.3,0.015,0.0,19.0,24.0,15.466666666666667,0.0,0.0,Low,0,ยังไม่พบตัวชี้วัดที่ถึงหรือเกินเกณฑ์อ้างอิง
vanilla wafer pie crust,935,63.7,13.1,88.4,12.9,6.5,0.2,68.6,0.9,0.045,22.866666666666667,65.5,98.00000000000001,29.46666666666667,0.8,129.0,Medium,1,น้ำตาลถึงหรือเกินเกณฑ์ต่อมื้อ
chocolate pie crust,881,40.8,8.6,117.4,47.9,11.1,4.9,0.0,0.9,0.045,0.0,43.0,62.76923076923077,39.13333333333334,19.6,479.0,Medium,1,น้ำตาลถึงหรือเกินเกณฑ์ต่อมื้อ
apple strudel,195,8.0,1.5,29.2,18.3,2.3,1.6,4.3,0.02,0.001,1.4333333333333333,7.5,12.307692307692308,9.733333333333333,6.4,183.0,Medium,1,น้ำตาลถึงหรือเกินเกณฑ์ต่อมื้อ
chocolate snack cake,200,8.0,2.4,30.2,18.9,1.8,1.6,0.0,0.2,0.01,0.0,12.0,12.307692307692308,10.066666666666666,6.4,189.0,Medium,1,น้ำตาลถึงหรือเกินเกณฑ์ต่อมื้อ
fruit fried pie,404,20.6,3.1,54.5,27.4,3.8,3.3,0.0,0.4,0.02,0.0,15.5,31.692307692307693,18.166666666666668,13.200000000000001,274.0,Medium,1,น้ำตาลถึงหรือเกินเกณฑ์ต่อมื้อ
pumpkin pie,316,14.4,4.9,40.9,0.0,7.0,0.0,65.1,0.3,0.015,21.699999999999996,24.500000000000004,22.153846153846153,13.633333333333333,0.0,0.0,Low,0,ยังไม่พบตัวชี้วัดที่ถึงหรือเกินเกณฑ์อ้างอิง
corn cake,35,0.2,0.019,7.5,2.1,0.7,0.2,0.0,0.01,0.0005,0.0,0.095,0.3076923076923077,2.5,0.8,21.000000000000004,Low,0,ยังไม่พบตัวชี้วัดที่ถึงหรือเกินเกณฑ์อ้างอิง
sponge snack cake,157,4.8,1.7,26.9,15.7,1.5,0.4,17.2,0.2,0.01,5.733333333333333,8.5,7.384615384615384,8.966666666666665,1.6,156.99999999999997,Medium,1,น้ำตาลถึงหรือเกินเกณฑ์ต่อมื้อ
danish pastry with nuts,280,16.4,3.8,29.7,16.8,4.6,1.3,29.9,0.2,0.01,9.966666666666667,19.0,25.23076923076923,9.899999999999999,5.2,168.00000000000003,Medium,1,น้ำตาลถึงหรือเกินเกณฑ์ต่อมื้อ
chocolate cream pie,301,19.2,4.9,33.3,0.0,2.6,2.0,5.0,0.1,0.005,1.6666666666666667,24.500000000000004,29.538461538461537,11.099999999999998,8.0,0.0,Low,0,ยังไม่พบตัวชี้วัดที่ถึงหรือเกินเกณฑ์อ้างอิง
angel food cake,72,0.2,0.071,16.2,0.0,1.7,0.4,0.0,0.2,0.01,0.0,0.355,0.3076923076923077,5.4,1.6,0.0,Low,0,ยังไม่พบตัวชี้วัดที่ถึงหรือเกินเกณฑ์อ้างอิง
lemon meringue pie,362,16.4,4.0,49.7,0.0,4.8,0.0,67.3,0.3,0.015,22.433333333333334,20.0,25.23076923076923,16.56666666666667,0.0,0.0,Low,0,ยังไม่พบตัวชี้วัดที่ถึงหรือเกินเกณฑ์อ้างอิง
danish pastry with cinnamon,349,16.7,3.5,46.9,0.0,4.8,0.0,27.3,0.3,0.015,9.1,17.5,25.692307692307693,15.633333333333333,0.0,0.0,Low,0,ยังไม่พบตัวชี้วัดที่ถึงหรือเกินเกณฑ์อ้างอิง
cinnamon coffeecake,238,13.3,3.3,26.6,0.0,3.9,1.1,18.2,0.2,0.01,6.066666666666666,16.499999999999996,20.46153846153846,8.866666666666667,4.4,0.0,Low,0,ยังไม่พบตัวชี้วัดที่ถึงหรือเกินเกณฑ์อ้างอิง
cheesecake,257,18.0,7.9,20.4,17.4,4.4,0.3,44.0,0.4,0.02,14.666666666666666,39.5,27.692307692307693,6.799999999999999,1.2,173.99999999999997,Medium,1,น้ำตาลถึงหรือเกินเกณฑ์ต่อมื้อ
fruitcake,139,3.9,0.5,26.5,11.8,1.2,1.6,2.2,0.013,0.00065,0.7333333333333334,2.5,6.0,8.833333333333334,6.4,118.00000000000001,Medium,1,น้ำตาลถึงหรือเกินเกณฑ์ต่อมื้อ
egg custard,293,12.9,6.1,31.0,31.0,14.2,0.0,236.9,0.2,0.01,78.96666666666667,30.5,19.846153846153847,10.333333333333334,0.0,310.0,Medium,1,น้ำตาลถึงหรือเกินเกณฑ์ต่อมื้อ
mince pie,477,17.8,4.4,79.2,46.7,4.3,4.3,0.0,0.4,0.02,0.0,22.000000000000004,27.384615384615387,26.400000000000002,17.2,467.0,Medium,1,น้ำตาลถึงหรือเกินเกณฑ์ต่อมื้อ
yellow cake with chocolate frosting,546,25.6,8.3,79.7,56.5,4.6,2.2,23.0,0.4,0.02,7.666666666666666,41.5,39.38461538461539,26.566666666666666,8.8,565.0,Medium,1,น้ำตาลถึงหรือเกินเกณฑ์ต่อมื้อ
danish pastry with fruit,335,15.9,3.3,45.1,0.0,4.8,0.0,18.8,0.3,0.015,6.266666666666667,16.499999999999996,24.461538461538463,15.033333333333335,0.0,0.0,Low,0,ยังไม่พบตัวชี้วัดที่ถึงหรือเกินเกณฑ์อ้างอิง
white cake with coconut frosting,399,11.5,4.4,70.8,64.3,4.9,1.1,1.1,0.3,0.015,0.3666666666666667,22.000000000000004,17.692307692307693,23.599999999999998,4.4,643.0,Medium,1,น้ำตาลถึงหรือเกินเกณฑ์ต่อมื้อ
danish pastry with cheese,353,24.6,5.1,28.7,0.0,5.8,0.0,20.0,0.3,0.015,6.666666666666667,25.5,37.84615384615385,9.566666666666666,0.0,0.0,Low,0,ยังไม่พบตัวชี้วัดที่ถึงหรือเกินเกณฑ์อ้างอิง
graham cracker pie crust,917,45.4,9.1,117.7,33.2,9.3,3.5,0.0,0.9,0.045,0.0,45.49999999999999,69.84615384615384,39.233333333333334,14.000000000000002,332.0,Medium,1,น้ำตาลถึงหรือเกินเกณฑ์ต่อมื้อ
blueberry pie,360,17.5,4.3,49.2,0.0,4.0,0.0,0.0,0.3,0.015,0.0,21.5,26.923076923076923,16.400000000000002,0.0,0.0,Low,0,ยังไม่พบตัวชี้วัดที่ถึงหรือเกินเกณฑ์อ้างอิง
yellow cake with vanilla frosting,239,9.3,1.5,37.6,0.0,2.2,0.2,35.2,0.2,0.01,11.733333333333334,7.5,14.30769230769231,12.533333333333333,0.8,0.0,Low,0,ยังไม่พบตัวชี้วัดที่ถึงหรือเกินเกณฑ์อ้างอิง
pie crust,121,8.0,2.0,10.9,0.045,1.5,0.4,0.0,0.1,0.005,0.0,10.0,12.307692307692308,3.6333333333333337,1.6,0.44999999999999996,Low,0,ยังไม่พบตัวชี้วัดที่ถึงหรือเกินเกณฑ์อ้างอิง
chocolate cake with chocolate frosting,537,27.7,8.2,72.9,55.1,4.8,3.0,30.4,0.5,0.025,10.133333333333333,41.0,42.61538461538461,24.3,12.0,551.0,Medium,1,น้ำตาลถึงหรือเกินเกณฑ์ต่อมื้อ
cheese coffeecake,258,11.6,4.1,33.7,0.0,5.3,0.8,64.6,0.3,0.015,21.53333333333333,20.5,17.846153846153847,11.233333333333334,3.2,0.0,Low,0,ยังไม่พบตัวชี้วัดที่ถึงหรือเกินเกณฑ์อ้างอิง
vanilla cream pie,350,18.1,5.1,41.1,16.0,6.0,0.8,78.1,0.3,0.015,26.03333333333333,25.5,27.846153846153847,13.700000000000001,3.2,160.0,Medium,1,น้ำตาลถึงหรือเกินเกณฑ์ต่อมื้อ
pineapple cake,367,13.9,3.4,58.1,0.0,4.0,0.9,25.3,0.4,0.02,8.433333333333334,17.0,21.384615384615387,19.366666666666667,3.6000000000000005,0.0,Low,0,ยังไม่พบตัวชี้วัดที่ถึงหรือเกินเกณฑ์อ้างอิง
peach pie,262,11.7,1.8,38.5,19.0,2.2,0.9,0.0,0.3,0.015,0.0,9.0,18.0,12.833333333333332,3.6000000000000005,190.0,Medium,1,น้ำตาลถึงหรือเกินเกณฑ์ต่อมื้อ
fruit coffeecake,156,5.1,1.2,25.8,0.0,2.6,1.3,3.5,0.2,0.01,1.1666666666666667,6.0,7.846153846153846,8.600000000000001,5.2,0.0,Low,0,ยังไม่พบตัวชี้วัดที่ถึงหรือเกินเกณฑ์อ้างอิง
pound cake,116,6.0,3.5,14.6,0.0,1.7,0.2,66.3,0.1,0.005,22.1,17.5,9.230769230769232,4.866666666666666,0.8,0.0,Low,0,ยังไม่พบตัวชี้วัดที่ถึงหรือเกินเกณฑ์อ้างอิง
pound cake bread,215,9.6,1.7,28.2,10.0,3.9,0.9,0.0,0.2,0.01,0.0,8.5,14.769230769230768,9.4,3.6000000000000005,100.0,Medium,1,น้ำตาลถึงหรือเกินเกณฑ์ต่อมื้อ
white cake,264,9.2,2.4,42.3,26.3,4.0,0.6,1.5,0.2,0.01,0.5,12.0,14.153846153846153,14.099999999999998,2.4,263.0,Medium,1,น้ำตาลถึงหรือเกินเกณฑ์ต่อมื้อ
coffeecake with chocolate frosting,298,9.7,2.5,48.4,0.0,4.5,1.8,62.1,0.3,0.015,20.700000000000003,12.5,14.923076923076922,16.133333333333333,7.200000000000001,0.0,Low,0,ยังไม่พบตัวชี้วัดที่ถึงหรือเกินเกณฑ์อ้างอิง
popcorn cake,38,0.3,0.074,8.0,0.001,1.0,0.3,0.0,0.05,0.0025,0.0,0.37,0.4615384615384615,2.666666666666667,1.2,0.01,Low,0,ยังไม่พบตัวชี้วัดที่ถึงหรือเกินเกณฑ์อ้างอิง
banana cream pie,3190,161.3,44.6,390.2,143.0,52.2,8.3,604.9,2.8,0.13999999999999999,201.63333333333333,223.0,248.15384615384616,130.06666666666666,33.2,1430.0,High,2,โคเลสเตอรอลถึงหรือเกินเกณฑ์อ้างอิงต่อวัน | น้ำตาลถึงหรือเกินเกณฑ์ต่อมื้อ | ไขมันอิ่มตัวถึงหรือเกินเกณฑ์อ้างอิงต่อวัน
baked apple pie mcdonalds,91,4.4,1.1,12.3,4.9,0.9,0.6,0.0,0.076,0.0038000000000000004,0.0,5.500000000000001,6.76923076923077,4.1000000000000005,2.4,49.00000000000001,Low,0,ยังไม่พบตัวชี้วัดที่ถึงหรือเกินเกณฑ์อ้างอิง
sponge cake,187,2.7,0.8,36.4,0.0,4.6,0.0,107.1,0.1,0.005,35.699999999999996,4.0,4.153846153846154,12.133333333333333,0.0,0.0,Low,0,ยังไม่พบตัวชี้วัดที่ถึงหรือเกินเกณฑ์อ้างอิง
yellow cake,245,9.9,2.7,36.0,0.0,3.6,0.5,36.7,0.2,0.01,12.233333333333334,13.5,15.230769230769232,12.0,2.0,0.0,Low,0,ยังไม่พบตัวชี้วัดที่ถึงหรือเกินเกณฑ์อ้างอิง
shortcake,98,4.0,1.1,13.7,0.0,1.7,0.0,0.8,0.1,0.005,0.2666666666666667,5.500000000000001,6.153846153846154,4.566666666666666,0.0,0.0,Low,0,ยังไม่พบตัวชี้วัดที่ถึงหรือเกินเกณฑ์อ้างอิง
cherry pie,486,22.0,5.4,69.3,0.0,5.0,0.0,0.0,0.3,0.015,0.0,27.0,33.84615384615385,23.099999999999998,0.0,0.0,Low,0,ยังไม่พบตัวชี้วัดที่ถึงหรือเกินเกณฑ์อ้างอิง
dutch apple pie,397,15.8,3.2,61.0,30.2,3.0,2.2,0.0,0.3,0.015,0.0,16.0,24.307692307692307,20.333333333333332,8.8,302.0,Medium,1,น้ำตาลถึงหรือเกินเกณฑ์ต่อมื้อ
chocolate cake,352,14.3,5.2,50.7,0.0,5.0,1.5,55.1,0.3,0.015,18.366666666666667,26.0,22.0,16.900000000000002,6.0,0.0,Low,0,ยังไม่พบตัวชี้วัดที่ถึงหรือเกินเกณฑ์อ้างอิง
marshmallow,64,0.033,0.045,16.3,11.5,0.4,0.013,0.0,0.039,0.00195,0.0,0.22499999999999998,0.050769230769230775,5.433333333333334,0.052,114.99999999999999,Medium,1,น้ำตาลถึงหรือเกินเกณฑ์ต่อมื้อ
sugar apple,72,0.2,0.009,18.2,0.0,1.6,3.4,0.0,0.045,0.00225,0.0,0.045,0.3076923076923077,6.066666666666666,13.600000000000001,0.0,Low,0,ยังไม่พบตัวชี้วัดที่ถึงหรือเกินเกณฑ์อ้างอิง
toffee,67,3.9,2.5,7.8,7.6,0.1,0.0,12.5,0.044,0.0022,4.166666666666666,12.5,6.0,2.6,0.0,76.0,Low,0,ยังไม่พบตัวชี้วัดที่ถึงหรือเกินเกณฑ์อ้างอิง
vanilla fudge with nuts,123,3.9,1.1,21.1,20.1,0.8,0.3,3.7,0.075,0.00375,1.2333333333333334,5.500000000000001,6.0,7.033333333333334,1.2,201.00000000000003,Medium,1,น้ำตาลถึงหรือเกินเกณฑ์ต่อมื้อ
peanuts chocolate coated,21,1.3,0.6,2.0,1.5,0.5,0.2,0.4,0.063,0.00315,0.13333333333333336,3.0,2.0,0.6666666666666667,0.8,15.0,Low,0,ยังไม่พบตัวชี้วัดที่ถึงหรือเกินเกณฑ์อ้างอิง
caramel with nuts chocolate coated,66,2.9,0.7,8.5,5.8,1.3,0.6,0.0,0.041,0.00205,0.0,3.4999999999999996,4.461538461538462,2.833333333333333,2.4,57.99999999999999,Low,0,ยังไม่พบตัวชี้วัดที่ถึงหรือเกินเกณฑ์อ้างอิง
gingerbread,263,12.1,3.1,36.4,0.0,2.9,0.0,23.7,0.2,0.01,7.9,15.5,18.615384615384613,12.133333333333333,0.0,0.0,Low,0,ยังไม่พบตัวชี้วัดที่ถึงหรือเกินเกณฑ์อ้างอิง
rolo nestle,24,1.0,0.6,0.2,0.078,0.009,0.0,0.0,0.0,0.0,0.0,3.0,1.5384615384615385,0.06666666666666668,0.0,0.7799999999999999,Low,0,ยังไม่พบตัวชี้วัดที่ถึงหรือเกินเกณฑ์อ้างอิง
vanilla fudge,108,1.5,1.0,23.2,22.6,0.3,0.0,4.2,0.04,0.002,1.4000000000000001,5.0,2.307692307692308,7.733333333333333,0.0,226.00000000000003,Medium,1,น้ำตาลถึงหรือเกินเกณฑ์ต่อมื้อ
halavah,328,15.1,2.9,42.3,0.0,8.7,3.2,0.0,0.1,0.005,0.0,14.499999999999998,23.23076923076923,14.099999999999998,12.8,0.0,Low,0,ยังไม่พบตัวชี้วัดที่ถึงหรือเกินเกณฑ์อ้างอิง
praline,189,10.1,0.9,23.2,21.8,1.3,1.4,0.0,0.016,0.0007999999999999999,0.0,4.5,15.538461538461537,7.733333333333333,5.6,218.00000000000003,Medium,1,น้ำตาลถึงหรือเกินเกณฑ์ต่อมื้อ
fruit juice bar,67,0.089,0.0,15.6,13.5,0.9,0.8,0.0,0.011,0.00055,0.0,0.0,0.1369230769230769,5.2,3.2,135.0,Medium,1,น้ำตาลถึงหรือเกินเกณฑ์ต่อมื้อ
peanut brittle,138,5.4,1.2,20.2,14.5,2.1,0.7,3.4,0.1,0.005,1.1333333333333333,6.0,8.307692307692308,6.7333333333333325,2.8,145.0,Medium,1,น้ำตาลถึงหรือเกินเกณฑ์ต่อมื้อ
butterscotch,21,0.2,0.1,4.8,4.3,0.079,0.0,0.5,0.039,0.00195,0.16666666666666669,0.5,0.3076923076923077,1.6,0.0,43.0,Low,0,ยังไม่พบตัวชี้วัดที่ถึงหรือเกินเกณฑ์อ้างอิง
chocolate coffee beans,155,9.4,5.1,15.6,14.4,2.1,1.6,5.7,0.006,0.00030000000000000003,1.9,25.5,14.461538461538462,5.2,6.4,144.0,Medium,1,น้ำตาลถึงหรือเกินเกณฑ์ต่อมื้อ
nougat with almonds,56,0.2,0.2,12.9,11.7,0.5,0.5,0.0,0.061,0.0030499999999999998,0.0,1.0,0.3076923076923077,4.300000000000001,2.0,117.0,Medium,1,น้ำตาลถึงหรือเกินเกณฑ์ต่อมื้อ
carob,135,7.8,7.3,14.1,8.5,2.0,1.0,0.3,0.015,0.0007499999999999999,0.1,36.5,12.0,4.7,4.0,85.0,Low,0,ยังไม่พบตัวชี้วัดที่ถึงหรือเกินเกณฑ์อ้างอิง
peanut butter fudge,62,1.1,0.3,12.4,11.7,0.6,0.1,0.5,0.085,0.00425,0.16666666666666669,1.5,1.6923076923076925,4.133333333333333,0.4,117.0,Medium,1,น้ำตาลถึงหรือเกินเกณฑ์ต่อมื้อ
sugar coated almonds,17,0.6,0.016,2.4,2.2,0.4,0.013,0.0,0.021,0.0010500000000000002,0.0,0.08,0.923076923076923,0.8,0.052,22.000000000000004,Low,0,ยังไม่พบตัวชี้วัดที่ถึงหรือเกินเกณฑ์อ้างอิง
chocolate coated marshmallow,118,4.7,1.3,19.0,12.5,1.1,0.6,0.0,0.002,9.999999999999999e-05,0.0,6.5,7.230769230769231,6.333333333333334,2.4,125.0,Medium,1,น้ำตาลถึงหรือเกินเกณฑ์ต่อมื้อ
raisins chocolate coated,390,14.8,10.3,68.4,62.2,4.1,3.1,3.0,0.021,0.0010500000000000002,1.0,51.5,22.76923076923077,22.8,12.4,622.0000000000001,Medium,1,น้ำตาลถึงหรือเกินเกณฑ์ต่อมื้อ
chewing gum sugarless,5,0.013,0.09,1.9,0.0,0.0,0.078,0.0,0.001,4.9999999999999996e-05,0.0,0.44999999999999996,0.019999999999999997,0.6333333333333333,0.312,0.0,Low,0,ยังไม่พบตัวชี้วัดที่ถึงหรือเกินเกณฑ์อ้างอิง
chewing gum,11,0.032,0.058,2.9,2.0,0.0,0.012,0.0,0.083,0.00415,0.0,0.29000000000000004,0.04923076923076923,0.9666666666666667,0.048,20.0,Low,0,ยังไม่พบตัวชี้วัดที่ถึงหรือเกินเกณฑ์อ้างอิง
chocolate syrup,109,0.4,0.2,25.4,19.4,0.8,1.0,0.0,0.061,0.0030499999999999998,0.0,1.0,0.6153846153846154,8.466666666666667,4.0,194.0,Medium,1,น้ำตาลถึงหรือเกินเกณฑ์ต่อมื้อ
chocolate fudge syrup,67,1.7,0.8,12.0,6.6,0.9,0.5,0.2,0.084,0.004200000000000001,0.06666666666666668,4.0,2.6153846153846154,4.0,2.0,65.99999999999999,Low,0,ยังไม่พบตัวชี้วัดที่ถึงหรือเกินเกณฑ์อ้างอิง
m ms milk chocolate mars,207,8.9,5.5,29.9,26.7,1.8,1.2,5.9,0.018,0.0008999999999999999,1.966666666666667,27.500000000000004,13.692307692307693,9.966666666666667,4.8,267.0,Medium,1,น้ำตาลถึงหรือเกินเกณฑ์ต่อมื้อ
milk chocolate with almonds,216,14.1,7.3,21.9,18.0,3.7,2.5,7.8,0.051,0.00255,2.6,36.5,21.69230769230769,7.3,10.0,180.0,Medium,1,น้ำตาลถึงหรือเกินเกณฑ์ต่อมื้อ
chocolate fudge,70,1.8,1.1,13.0,12.4,0.4,0.3,2.4,0.032,0.0015999999999999999,0.8,5.500000000000001,2.769230769230769,4.333333333333334,1.2,124.0,Medium,1,น้ำตาลถึงหรือเกินเกณฑ์ต่อมื้อ
milk chocolate with rice cereal,0,0.0,0.0,0.0,0.0,0.0,0.0,0.0,0.0,0.0,0.0,0.0,0.0,0.0,0.0,0.0,Low,0,ยังไม่พบตัวชี้วัดที่ถึงหรือเกินเกณฑ์อ้างอิง
m ms peanut chocolate mars,93,4.7,1.8,10.9,9.1,1.7,0.7,1.4,0.017,0.00085,0.4666666666666666,9.0,7.230769230769231,3.6333333333333337,2.8,90.99999999999999,Low,0,ยังไม่พบตัวชี้วัดที่ถึงหรือเกินเกณฑ์อ้างอิง
dark chocolate,165,9.7,5.7,18.0,13.8,1.5,2.2,2.1,0.013,0.00065,0.7000000000000001,28.500000000000004,14.923076923076922,6.0,8.8,138.0,Medium,1,น้ำตาลถึงหรือเกินเกณฑ์ต่อมื้อ
chocolate semisweet,806,50.4,29.8,107.4,91.6,7.1,9.9,0.0,0.042,0.0021000000000000003,0.0,149.0,77.53846153846153,35.800000000000004,39.6,916.0,Medium,1,น้ำตาลถึงหรือเกินเกณฑ์ต่อมื้อ | ไขมันอิ่มตัวถึงหรือเกินเกณฑ์อ้างอิงต่อวัน
after eight mints nestle,36,1.0,0.7,6.7,5.6,0.1,0.2,0.0,0.025,0.00125,0.0,3.4999999999999996,1.5384615384615385,2.2333333333333334,0.8,55.99999999999999,Low,0,ยังไม่พบตัวชี้วัดที่ถึงหรือเกินเกณฑ์อ้างอิง
milk chocolate,37,2.1,1.3,4.2,3.6,0.5,0.2,1.6,0.045,0.00225,0.5333333333333334,6.5,3.230769230769231,1.4000000000000001,0.8,36.0,Low,0,ยังไม่พบตัวชี้วัดที่ถึงหรือเกินเกณฑ์อ้างอิง
white chocolate,162,9.6,5.8,17.8,17.7,1.8,0.081,6.3,0.009,0.00044999999999999993,2.0999999999999996,28.999999999999996,14.769230769230768,5.933333333333334,0.324,177.0,Medium,1,น้ำตาลถึงหรือเกินเกณฑ์ต่อมื้อ
chocolate,208,14.0,8.2,24.8,21.1,1.6,2.3,0.0,0.001,4.9999999999999996e-05,0.0,41.0,21.53846153846154,8.266666666666666,9.2,211.00000000000003,Medium,1,น้ำตาลถึงหรือเกินเกณฑ์ต่อมื้อ
twix mars,146,7.2,5.5,18.8,14.0,1.4,0.3,2.0,0.064,0.0031999999999999997,0.6666666666666667,27.500000000000004,11.076923076923077,6.266666666666667,1.2,140.0,Medium,1,น้ำตาลถึงหรือเกินเกณฑ์ต่อมื้อ
kit kat nestle,62,3.3,2.2,7.6,6.5,0.7,0.2,1.1,0.022,0.0011,0.3666666666666667,11.000000000000002,5.076923076923077,2.533333333333333,0.8,65.0,Low,0,ยังไม่พบตัวชี้วัดที่ถึงหรือเกินเกณฑ์อ้างอิง
snickers mars,280,13.6,5.2,35.1,28.8,4.3,1.3,7.4,0.1,0.005,2.466666666666667,26.0,20.923076923076923,11.700000000000001,5.2,288.0,Medium,1,น้ำตาลถึงหรือเกินเกณฑ์ต่อมื้อ
milky way mars,264,10.0,7.0,41.3,34.6,2.3,0.6,5.2,0.021,0.0010500000000000002,1.7333333333333332,35.0,15.384615384615385,13.766666666666666,2.4,346.0,Medium,1,น้ำตาลถึงหรือเกินเกณฑ์ต่อมื้อ
clif bar,235,4.0,1.0,44.5,21.5,10.0,5.0,0.0,0.1,0.005,0.0,5.0,6.153846153846154,14.833333333333334,20.0,215.0,Medium,1,น้ำตาลถึงหรือเกินเกณฑ์ต่อมื้อ
gum drops,18,0.042,0.05,4.4,3.5,0.0,0.0,0.0,0.008,0.00039999999999999996,0.0,0.25,0.06461538461538462,1.4666666666666668,0.0,35.0,Low,0,ยังไม่พบตัวชี้วัดที่ถึงหรือเกินเกณฑ์อ้างอิง
skittles wild berry mars,249,2.6,2.6,56.3,47.1,0.1,0.0,0.0,0.036,0.0017999999999999997,0.0,13.0,4.0,18.766666666666666,0.0,471.0,Medium,1,น้ำตาลถึงหรือเกินเกณฑ์ต่อมื้อ
skittles original mars,251,2.7,2.6,56.3,47.0,0.1,0.0,0.0,0.025,0.00125,0.0,13.0,4.153846153846154,18.766666666666666,0.0,470.0,Medium,1,น้ำตาลถึงหรือเกินเกณฑ์ต่อมื้อ
skittles tropical mars,251,2.7,0.0,56.3,47.0,0.1,0.0,0.0,0.095,0.00475,0.0,0.0,4.153846153846154,18.766666666666666,0.0,470.0,Medium,1,น้ำตาลถึงหรือเกินเกณฑ์ต่อมื้อ
fruit leather,52,0.4,0.025,12.0,6.9,0.029,0.0,0.0,0.0,0.0,0.0,0.125,0.6153846153846154,4.0,0.0,69.0,Low,0,ยังไม่พบตัวชี้วัดที่ถึงหรือเกินเกณฑ์อ้างอิง
taffy,60,0.5,0.3,13.7,10.3,0.087,0.0,1.4,0.028,0.0014,0.4666666666666666,1.5,0.7692307692307693,4.566666666666666,0.0,103.0,Medium,1,น้ำตาลถึงหรือเกินเกณฑ์ต่อมื้อ
eisbonbons mac iver,23,0.0,0.0,0.0,0.0,0.0,0.0,0.0,0.0,0.0,0.0,0.0,0.0,0.0,0.0,0.0,Low,0,ยังไม่พบตัวชี้วัดที่ถึงหรือเกินเกณฑ์อ้างอิง
caramels,39,0.8,0.3,7.8,6.6,0.5,0.0,0.7,0.015,0.0007499999999999999,0.2333333333333333,1.5,1.2307692307692308,2.6,0.0,65.99999999999999,Low,0,ยังไม่พบตัวชี้วัดที่ถึงหรือเกินเกณฑ์อ้างอิง
hard candy,24,0.067,0.0,5.9,3.8,0.0,0.0,0.0,0.021,0.0010500000000000002,0.0,0.0,0.1030769230769231,1.966666666666667,0.0,38.0,Low,0,ยังไม่พบตัวชี้วัดที่ถึงหรือเกินเกณฑ์อ้างอิง
jellybeans,4,0.043,0.0,1.0,0.8,0.0,0.083,0.0,0.076,0.0038000000000000004,0.0,0.0,0.06615384615384615,0.33333333333333337,0.332,8.0,Low,0,ยังไม่พบตัวชี้วัดที่ถึงหรือเกินเกณฑ์อ้างอิง
jellies,56,0.069,0.033,14.7,10.8,0.005,0.2,0.0,0.016,0.0007999999999999999,0.0,0.165,0.10615384615384617,4.8999999999999995,0.8,108.0,Medium,1,น้ำตาลถึงหรือเกินเกณฑ์ต่อมื้อ
wheat germ toasted,115,3.2,0.5,14.9,2.3,8.7,4.5,0.0,0.06,0.0029999999999999996,0.0,2.5,4.923076923076923,4.966666666666667,18.0,23.0,Low,0,ยังไม่พบตัวชี้วัดที่ถึงหรือเกินเกณฑ์อ้างอิง
crispy brown rice,124,1.1,0.2,27.5,2.9,2.3,2.3,0.0,0.086,0.004299999999999999,0.0,1.0,1.6923076923076925,9.166666666666666,9.2,28.999999999999996,Low,0,ยังไม่พบตัวชี้วัดที่ถึงหรือเกินเกณฑ์อ้างอิง
bran flakes asda,109,0.6,0.2,0.2,0.0,0.0,0.0,0.0,0.0,0.0,0.0,1.0,0.923076923076923,0.06666666666666668,0.0,0.0,Low,0,ยังไม่พบตัวชี้วัดที่ถึงหรือเกินเกณฑ์อ้างอิง
amaranth cooked,251,3.9,0.0,46.0,0.0,9.3,5.2,0.0,0.095,0.00475,0.0,0.0,6.0,15.333333333333332,20.8,0.0,Low,0,ยังไม่พบตัวชี้วัดที่ถึงหรือเกินเกณฑ์อ้างอิง
triticale,645,4.0,0.7,138.5,0.0,25.1,0.0,0.0,0.049,0.0024500000000000004,0.0,3.4999999999999996,6.153846153846154,46.166666666666664,0.0,0.0,Low,0,ยังไม่พบตัวชี้วัดที่ถึงหรือเกินเกณฑ์อ้างอิง
barley raw,42,0.1,0.041,9.3,0.094,1.2,1.9,0.0,0.016,0.0007999999999999999,0.0,0.20500000000000002,0.15384615384615385,3.1000000000000005,7.6,0.9400000000000001,Low,0,ยังไม่พบตัวชี้วัดที่ถึงหรือเกินเกณฑ์อ้างอิง
bulgur dry,171,0.7,0.1,37.9,0.2,6.1,9.2,0.0,0.071,0.0035499999999999993,0.0,0.5,1.0769230769230769,12.633333333333333,36.8,2.0,Low,0,ยังไม่พบตัวชี้วัดที่ถึงหรือเกินเกณฑ์อ้างอิง
cottonseed kernels roasted,754,54.1,14.5,32.6,0.0,48.6,8.2,0.0,0.073,0.00365,0.0,72.5,83.23076923076923,10.866666666666667,32.8,0.0,Low,0,ยังไม่พบตัวชี้วัดที่ถึงหรือเกินเกณฑ์อ้างอิง
rice bran,373,24.6,4.9,58.6,1.1,15.8,24.8,0.0,0.036,0.0017999999999999997,0.0,24.500000000000004,37.84615384615385,19.53333333333333,99.2,11.000000000000002,Low,0,ยังไม่พบตัวชี้วัดที่ถึงหรือเกินเกณฑ์อ้างอิง
chaptti roti indian bread,491,2.5,2.5,0.089,68.4,7.0,0.0,0.0,0.0,0.0,0.0,12.5,3.8461538461538463,0.029666666666666664,0.0,684.0000000000001,Medium,1,น้ำตาลถึงหรือเกินเกณฑ์ต่อมื้อ
quinoa cooked,222,3.6,0.4,39.4,1.6,8.1,5.2,0.0,0.026,0.0013,0.0,2.0,5.538461538461538,13.133333333333333,20.8,16.0,Low,0,ยังไม่พบตัวชี้วัดที่ถึงหรือเกินเกณฑ์อ้างอิง
dar vida swiss original,116,3.1,0.3,0.5,0.0,0.0,0.0,0.0,0.0,0.0,0.0,1.5,4.769230769230769,0.16666666666666669,0.0,0.0,Low,0,ยังไม่พบตัวชี้วัดที่ถึงหรือเกินเกณฑ์อ้างอิง
teff cooked,255,1.6,0.0,50.0,0.0,9.8,7.1,0.0,0.053,0.00265,0.0,0.0,2.4615384615384617,16.666666666666664,28.4,0.0,Low,0,ยังไม่พบตัวชี้วัดที่ถึงหรือเกินเกณฑ์อ้างอิง
couscous dry,650,1.1,0.2,134.0,0.0,22.1,8.7,0.0,0.031,0.0015500000000000002,0.0,1.0,1.6923076923076925,44.666666666666664,34.8,0.0,Low,0,ยังไม่พบตัวชี้วัดที่ถึงหรือเกินเกณฑ์อ้างอิง
weetabix weetabix,2078,11.5,396.1,0.0,0.0,0.0,0.0,0.0,0.0,0.0,0.0,1980.5,17.692307692307693,0.0,0.0,0.0,Medium,1,ไขมันอิ่มตัวถึงหรือเกินเกณฑ์อ้างอิงต่อวัน
oat bran cooked,88,1.9,0.4,25.1,0.0,7.0,5.7,0.0,0.082,0.0041,0.0,2.0,2.923076923076923,8.366666666666667,22.8,0.0,Low,0,ยังไม่พบตัวชี้วัดที่ถึงหรือเกินเกณฑ์อ้างอิง
buckwheat cooked,155,1.0,0.2,33.5,1.5,5.7,4.5,0.0,0.053,0.00265,0.0,1.0,1.5384615384615385,11.166666666666666,18.0,15.0,Low,0,ยังไม่พบตัวชี้วัดที่ถึงหรือเกินเกณฑ์อ้างอิง
millet puffed,74,0.7,0.1,16.8,0.1,2.7,0.6,0.0,0.076,0.0038000000000000004,0.0,0.5,1.0769230769230769,5.6000000000000005,2.4,1.0,Low,0,ยังไม่พบตัวชี้วัดที่ถึงหรือเกินเกณฑ์อ้างอิง
oat bran raw,23,0.5,0.077,4.9,0.1,1.3,1.2,0.0,0.036,0.0017999999999999997,0.0,0.385,0.7692307692307693,1.6333333333333335,4.8,1.0,Low,0,ยังไม่พบตัวชี้วัดที่ถึงหรือเกินเกณฑ์อ้างอิง
popcorn oil popped,64,4.8,0.8,5.0,0.027,0.8,0.9,0.0,0.018,0.0008999999999999999,0.0,4.0,7.384615384615384,1.6666666666666667,3.6000000000000005,0.27,Low,0,ยังไม่พบตัวชี้วัดที่ถึงหรือเกินเกณฑ์อ้างอิง
kamut cooked,251,1.6,0.0,52.4,0.0,11.1,6.7,0.0,0.038,0.0019000000000000002,0.0,0.0,2.4615384615384617,17.466666666666665,26.8,0.0,Low,0,ยังไม่พบตัวชี้วัดที่ถึงหรือเกินเกณฑ์อ้างอิง
wheat bran,125,2.5,0.4,37.4,0.2,9.0,24.8,0.0,0.015,0.0007499999999999999,0.0,2.0,3.8461538461538463,12.466666666666667,99.2,2.0,Low,0,ยังไม่พบตัวชี้วัดที่ถึงหรือเกินเกณฑ์อ้างอิง
cheese popcorn,58,3.7,0.7,5.7,0.0,1.0,1.1,1.2,0.002,9.999999999999999e-05,0.4,3.4999999999999996,5.6923076923076925,1.9,4.4,0.0,Low,0,ยังไม่พบตัวชี้วัดที่ถึงหรือเกินเกณฑ์อ้างอิง
raisin bran crunch kelloggs,90,0.5,0.0,21.2,9.0,1.9,0.0,0.0,0.0,0.0,0.0,0.0,0.7692307692307693,7.066666666666667,0.0,90.0,Low,0,ยังไม่พบตัวชี้วัดที่ถึงหรือเกินเกณฑ์อ้างอิง
couscous cooked,176,0.3,0.091,36.5,0.2,6.0,2.2,0.0,0.054,0.0026999999999999997,0.0,0.455,0.4615384615384615,12.166666666666668,8.8,2.0,Low,0,ยังไม่พบตัวชี้วัดที่ถึงหรือเกินเกณฑ์อ้างอิง
multigrain cheerios general mills,4,0.005,0.0,1.0,0.2,0.038,0.1,0.072,0.0,0.0,0.023999999999999997,0.0,0.007692307692307693,0.33333333333333337,0.4,2.0,Low,0,ยังไม่พบตัวชี้วัดที่ถึงหรือเกินเกณฑ์อ้างอิง
bulgur cooked,151,0.4,0.053,33.8,0.2,5.6,8.2,0.0,0.049,0.0024500000000000004,0.0,0.265,0.6153846153846154,11.266666666666666,32.8,2.0,Low,0,ยังไม่พบตัวชี้วัดที่ถึงหรือเกินเกณฑ์อ้างอิง
popcorn air popped,31,0.4,0.011,6.2,0.086,1.0,1.2,0.0,0.016,0.0007999999999999999,0.0,0.05499999999999999,0.6153846153846154,2.0666666666666664,4.8,0.86,Low,0,ยังไม่พบตัวชี้วัดที่ถึงหรือเกินเกณฑ์อ้างอิง
teff raw,708,4.6,0.9,141.1,3.6,25.7,15.4,0.0,0.053,0.00265,0.0,4.5,7.076923076923077,47.03333333333333,61.6,36.0,Low,0,ยังไม่พบตัวชี้วัดที่ถึงหรือเกินเกณฑ์อ้างอิง
spelt cooked,246,1.6,0.0,51.3,0.0,10.7,7.6,0.0,0.041,0.00205,0.0,0.0,2.4615384615384617,17.099999999999998,30.4,0.0,Low,0,ยังไม่พบตัวชี้วัดที่ถึงหรือเกินเกณฑ์อ้างอิง
millet raw,756,8.4,1.4,145.7,0.0,22.0,17.0,0.0,0.013,0.00065,0.0,6.999999999999999,12.923076923076923,48.56666666666666,68.0,0.0,Low,0,ยังไม่พบตัวชี้วัดที่ถึงหรือเกินเกณฑ์อ้างอิง
popcorn unpopped,106,1.2,0.2,20.9,0.3,3.1,3.6,0.0,0.001,4.9999999999999996e-05,0.0,1.0,1.846153846153846,6.966666666666667,14.400000000000002,3.0,Low,0,ยังไม่พบตัวชี้วัดที่ถึงหรือเกินเกณฑ์อ้างอิง
whole wheat cooked,150,1.0,0.1,33.2,0.2,4.8,3.9,0.0,0.6,0.03,0.0,0.5,1.5384615384615385,11.066666666666668,15.6,2.0,Low,0,ยังไม่พบตัวชี้วัดที่ถึงหรือเกินเกณฑ์อ้างอิง
wheat sprouted,214,1.4,0.2,45.9,0.0,8.1,1.2,0.0,0.026,0.0013,0.0,1.0,2.1538461538461537,15.299999999999999,4.8,0.0,Low,0,ยังไม่พบตัวชี้วัดที่ถึงหรือเกินเกณฑ์อ้างอิง
whole wheat dry,96,0.6,0.031,21.1,0.1,3.1,2.7,0.0,0.036,0.0017999999999999997,0.0,0.155,0.923076923076923,7.033333333333334,10.8,1.0,Low,0,ยังไม่พบตัวชี้วัดที่ถึงหรือเกินเกณฑ์อ้างอิง
caramel popcorn,122,3.6,1.0,22.4,15.1,1.1,1.5,1.4,0.069,0.0034500000000000004,0.4666666666666666,5.0,5.538461538461538,7.466666666666666,6.0,151.0,Medium,1,น้ำตาลถึงหรือเกินเกณฑ์ต่อมื้อ
wheat puffed,44,0.1,0.025,9.6,0.0,1.8,0.5,0.0,0.03,0.0014999999999999998,0.0,0.125,0.15384615384615385,3.2,2.0,0.0,Low,0,ยังไม่พบตัวชี้วัดที่ถึงหรือเกินเกณฑ์อ้างอิง
roggenmischbrot sonnenblumenkerne aldi,82,3.1,9.9,0.0,0.0,0.0,0.0,0.0,0.0,0.0,0.0,49.5,4.769230769230769,0.0,0.0,0.0,Low,0,ยังไม่พบตัวชี้วัดที่ถึงหรือเกินเกณฑ์อ้างอิง
wheat germ,112,3.0,0.5,16.1,0.0,7.2,4.1,0.0,0.037,0.0018499999999999999,0.0,2.5,4.615384615384616,5.366666666666667,16.4,0.0,Low,0,ยังไม่พบตัวชี้วัดที่ถึงหรือเกินเกณฑ์อ้างอิง
microwave popcorn,465,26.3,12.7,49.8,0.3,7.3,8.7,0.0,0.6,0.03,0.0,63.5,40.46153846153846,16.599999999999998,34.8,3.0,Low,0,ยังไม่พบตัวชี้วัดที่ถึงหรือเกินเกณฑ์อ้างอิง
millet cooked,207,1.7,0.3,41.2,0.2,6.1,2.3,0.0,0.046,0.0023,0.0,1.5,2.6153846153846154,13.733333333333334,9.2,2.0,Low,0,ยังไม่พบตัวชี้วัดที่ถึงหรือเกินเกณฑ์อ้างอิง
kamut raw,627,4.1,0.4,130.9,15.2,27.3,16.9,0.0,0.012,0.0006000000000000001,0.0,2.0,6.3076923076923075,43.63333333333333,67.6,152.0,Medium,1,น้ำตาลถึงหรือเกินเกณฑ์ต่อมื้อ
wheat durum,651,4.7,0.9,136.6,0.0,26.3,0.0,0.0,0.032,0.0015999999999999999,0.0,4.5,7.230769230769231,45.53333333333333,0.0,0.0,Low,0,ยังไม่พบตัวชี้วัดที่ถึงหรือเกินเกณฑ์อ้างอิง
sorghum,651,6.3,0.9,143.3,0.0,21.7,12.1,0.0,0.045,0.00225,0.0,4.5,9.692307692307692,47.766666666666666,48.4,0.0,Low,0,ยังไม่พบตัวชี้วัดที่ถึงหรือเกินเกณฑ์อ้างอิง
white wheat,657,3.3,0.5,145.7,0.8,21.7,23.4,0.0,0.094,0.004699999999999999,0.0,2.5,5.076923076923077,48.56666666666666,93.6,8.0,Low,0,ยังไม่พบตัวชี้วัดที่ถึงหรือเกินเกณฑ์อ้างอิง
rye,571,2.8,0.3,128.2,1.7,17.5,25.5,0.0,0.078,0.0039,0.0,1.5,4.3076923076923075,42.73333333333333,102.0,17.0,Low,0,ยังไม่พบตัวชี้วัดที่ถึงหรือเกินเกณฑ์อ้างอิง
spelt raw,588,4.2,0.7,122.1,11.9,25.4,18.6,0.0,0.076,0.0038000000000000004,0.0,3.4999999999999996,6.461538461538462,40.699999999999996,74.4,119.0,Medium,1,น้ำตาลถึงหรือเกินเกณฑ์ต่อมื้อ
buckwheat raw,41,0.4,0.007,8.6,0.0,1.6,1.2,0.0,0.054,0.0026999999999999997,0.0,0.034999999999999996,0.6153846153846154,2.8666666666666667,4.8,0.0,Low,0,ยังไม่พบตัวชี้วัดที่ถึงหรือเกินเกณฑ์อ้างอิง
honey cereali general mills,104,2.0,21.2,3.0,0.0,0.0,0.0,0.0,0.0,0.0,0.0,106.0,3.076923076923077,1.0,0.0,0.0,Medium,1,ไขมันอิ่มตัวถึงหรือเกินเกณฑ์อ้างอิงต่อวัน
barley cooked,193,0.7,0.1,44.3,0.4,3.5,6.0,0.0,0.064,0.0031999999999999997,0.0,0.5,1.0769230769230769,14.766666666666667,24.0,4.0,Low,0,ยังไม่พบตัวชี้วัดที่ถึงหรือเกินเกณฑ์อ้างอิง
oats,39,0.7,0.1,6.6,0.0,1.7,1.1,0.0,0.074,0.0036999999999999997,0.0,0.5,1.0769230769230769,2.1999999999999997,4.4,0.0,Low,0,ยังไม่พบตัวชี้วัดที่ถึงหรือเกินเกณฑ์อ้างอิง
amaranth raw,37,0.7,0.1,6.5,0.2,1.4,0.7,0.0,0.077,0.00385,0.0,0.5,1.0769230769230769,2.166666666666667,2.8,2.0,Low,0,ยังไม่พบตัวชี้วัดที่ถึงหรือเกินเกณฑ์อ้างอิง
semolina,601,1.8,0.3,121.6,0.0,21.2,6.5,0.0,0.097,0.00485,0.0,1.5,2.769230769230769,40.53333333333333,26.0,0.0,Low,0,ยังไม่พบตัวชี้วัดที่ถึงหรือเกินเกณฑ์อ้างอิง
quinoa dry,221,3.6,0.4,38.5,0.0,8.5,4.2,0.0,0.026,0.0013,0.0,2.0,5.538461538461538,12.833333333333332,16.8,0.0,Low,0,ยังไม่พบตัวชี้วัดที่ถึงหรือเกินเกณฑ์อ้างอิง
wheat shredded,155,1.0,0.2,36.2,0.4,5.2,5.5,0.0,0.086,0.004299999999999999,0.0,1.0,1.5384615384615385,12.066666666666666,22.0,4.0,Low,0,ยังไม่พบตัวชี้วัดที่ถึงหรือเกินเกณฑ์อ้างอิง
cattail,5,0.0,0.0,1.0,0.074,0.2,0.9,0.0,0.031,0.0015500000000000002,0.0,0.0,0.0,0.33333333333333337,3.6000000000000005,0.74,Low,0,ยังไม่พบตัวชี้วัดที่ถึงหรือเกินเกณฑ์อ้างอิง
peanut granola bar,116,5.7,0.8,15.0,8.2,2.4,0.7,0.0,0.006,0.00030000000000000003,0.0,4.0,8.76923076923077,5.0,2.8,82.0,Low,0,ยังไม่พบตัวชี้วัดที่ถึงหรือเกินเกณฑ์อ้างอิง
vanilla bluberry bar kind,49,1.4,8.4,0.9,0.096,0.0,0.0,0.0,0.0,0.0,0.0,42.00000000000001,2.1538461538461537,0.3,0.0,0.9600000000000001,Low,0,ยังไม่พบตัวชี้วัดที่ถึงหรือเกินเกณฑ์อ้างอิง
coconut granola bar,150,9.1,6.4,15.6,9.7,1.5,1.8,0.0,0.006,0.00030000000000000003,0.0,32.0,13.999999999999998,5.2,7.200000000000001,97.0,Low,0,ยังไม่พบตัวชี้วัดที่ถึงหรือเกินเกณฑ์อ้างอิง
almond granola bar,119,6.1,3.0,14.9,0.0,1.8,1.2,0.0,0.067,0.00335,0.0,15.0,9.384615384615385,4.966666666666667,4.8,0.0,Low,0,ยังไม่พบตัวชี้วัดที่ถึงหรือเกินเกณฑ์อ้างอิง
chocolate chip granola bar,105,3.9,2.7,17.3,0.0,1.8,1.1,0.0,0.062,0.0031000000000000003,0.0,13.5,6.0,5.7666666666666675,4.4,0.0,Low,0,ยังไม่พบตัวชี้วัดที่ถึงหรือเกินเกณฑ์อ้างอิง
fruit granola bar,82,0.2,0.034,18.6,13.3,1.4,1.8,0.0,0.028,0.0014,0.0,0.17,0.3076923076923077,6.200000000000001,7.200000000000001,133.0,Medium,1,น้ำตาลถึงหรือเกินเกณฑ์ต่อมื้อ
granola bar,99,4.2,0.5,13.5,6.0,2.1,1.1,0.0,0.084,0.004200000000000001,0.0,2.5,6.461538461538462,4.5,4.4,60.0,Low,0,ยังไม่พบตัวชี้วัดที่ถึงหรือเกินเกณฑ์อ้างอิง
peanut bar,209,13.5,1.9,19.0,16.9,6.2,1.6,0.0,0.059,0.00295,0.0,9.5,20.76923076923077,6.333333333333334,6.4,169.0,Medium,1,น้ำตาลถึงหรือเกินเกณฑ์ต่อมื้อ
milk cereal bar,103,2.7,2.3,18.0,11.5,1.6,0.1,1.5,0.087,0.00435,0.5,11.5,4.153846153846154,6.0,0.4,114.99999999999999,Medium,1,น้ำตาลถึงหรือเกินเกณฑ์ต่อมื้อ
almond rice bar,128,5.7,1.1,18.1,0.0,2.0,1.0,0.0,0.0,0.0,0.0,5.500000000000001,8.76923076923077,6.033333333333333,4.0,0.0,Low,0,ยังไม่พบตัวชี้วัดที่ถึงหรือเกินเกณฑ์อ้างอิง
fruit nut squares,55,1.3,0.1,10.3,6.4,0.3,0.3,0.0,0.086,0.004299999999999999,0.0,0.5,2.0,3.4333333333333336,1.2,64.0,Low,0,ยังไม่พบตัวชี้วัดที่ถึงหรือเกินเกณฑ์อ้างอิง
rice wheat cereal bar,90,2.0,0.0,16.0,7.0,2.0,0.4,0.0,0.1,0.005,0.0,0.0,3.076923076923077,5.333333333333334,1.6,70.0,Low,0,ยังไม่พบตัวชี้วัดที่ถึงหรือเกินเกณฑ์อ้างอิง
crisped rice bar,113,3.8,1.5,20.4,0.0,1.4,0.6,0.0,0.01,0.0005,0.0,7.5,5.846153846153846,6.799999999999999,2.4,0.0,Low,0,ยังไม่พบตัวชี้วัดที่ถึงหรือเกินเกณฑ์อ้างอิง
brown rice raw,685,5.4,1.1,142.9,1.6,14.7,6.5,0.0,0.086,0.004299999999999999,0.0,5.500000000000001,8.307692307692308,47.63333333333333,26.0,16.0,Low,0,ยังไม่พบตัวชี้วัดที่ถึงหรือเกินเกณฑ์อ้างอิง
rice pilaf cooked,352,8.8,1.8,61.1,0.6,7.0,1.4,0.0,1.0,0.05,0.0,9.0,13.53846153846154,20.366666666666667,5.6,6.0,Low,0,ยังไม่พบตัวชี้วัดที่ถึงหรือเกินเกณฑ์อ้างอิง
beef flavored rice raw,657,2.3,0.0,139.1,0.0,19.8,2.9,0.0,2.4,0.12,0.0,0.0,3.5384615384615383,46.36666666666667,11.6,0.0,Low,0,ยังไม่พบตัวชี้วัดที่ถึงหรือเกินเกณฑ์อ้างอิง
wild rice cooked,166,0.6,0.078,35.0,1.2,6.5,3.0,0.0,0.008,0.00039999999999999996,0.0,0.38999999999999996,0.923076923076923,11.666666666666666,12.0,12.0,Low,0,ยังไม่พบตัวชี้วัดที่ถึงหรือเกินเกณฑ์อ้างอิง
wild rice raw,571,1.7,0.2,119.8,4.0,23.6,9.9,0.0,0.051,0.00255,0.0,1.0,2.6153846153846154,39.93333333333333,39.6,40.0,Low,0,ยังไม่พบตัวชี้วัดที่ถึงหรือเกินเกณฑ์อ้างอิง
congee with pork shrimp and squid plus egg,178,0.3,39.3,0.0,0.0,0.0,0.0,0.0,0.0,0.0,0.0,196.5,0.4615384615384615,0.0,0.0,0.0,Medium,1,ไขมันอิ่มตัวถึงหรือเกินเกณฑ์อ้างอิงต่อวัน
white rice pasta cooked,246,5.7,1.1,43.3,0.0,5.1,5.1,2.0,1.1,0.055,0.6666666666666667,5.500000000000001,8.76923076923077,14.433333333333332,20.4,0.0,Low,0,ยังไม่พบตัวชี้วัดที่ถึงหรือเกินเกณฑ์อ้างอิง
chicken flavored rice raw,601,2.2,0.7,127.3,4.0,17.9,2.0,0.0,2.1,0.10500000000000001,0.0,3.4999999999999996,3.384615384615385,42.43333333333334,8.0,40.0,Low,0,ยังไม่พบตัวชี้วัดที่ถึงหรือเกินเกณฑ์อ้างอิง
instant white rice raw,361,0.9,0.1,78.2,0.026,7.4,1.8,0.0,0.039,0.00195,0.0,0.5,1.3846153846153846,26.066666666666666,7.200000000000001,0.26,Low,0,ยังไม่พบตัวชี้วัดที่ถึงหรือเกินเกณฑ์อ้างอิง
rice crisps,107,0.4,0.065,24.1,2.3,1.8,0.2,0.0,0.2,0.01,0.0,0.325,0.6153846153846154,8.033333333333333,0.8,23.0,Low,0,ยังไม่พบตัวชี้วัดที่ถึงหรือเกินเกณฑ์อ้างอิง
parboiled white rice raw,692,1.9,0.5,149.6,0.6,13.9,3.3,0.0,0.055,0.0027500000000000003,0.0,2.5,2.923076923076923,49.86666666666667,13.200000000000001,6.0,Low,0,ยังไม่พบตัวชี้วัดที่ถึงหรือเกินเกณฑ์อ้างอิง
instant white rice cooked,193,0.8,0.088,41.4,0.0,3.6,1.0,0.0,0.001,4.9999999999999996e-05,0.0,0.43999999999999995,1.2307692307692308,13.799999999999999,4.0,0.0,Low,0,ยังไม่พบตัวชี้วัดที่ถึงหรือเกินเกณฑ์อ้างอิง
rice pilaf raw,732,2.8,0.0,155.7,3.1,21.3,2.4,0.0,2.7,0.135,0.0,0.0,4.3076923076923075,51.9,9.6,31.0,Low,0,ยังไม่พบตัวชี้วัดที่ถึงหรือเกินเกณฑ์อ้างอิง
rice cracker cake,111,1.2,0.2,23.0,0.2,2.0,1.2,0.0,0.097,0.00485,0.0,1.0,1.846153846153846,7.666666666666666,4.8,2.0,Low,0,ยังไม่พบตัวชี้วัดที่ถึงหรือเกินเกณฑ์อ้างอิง
parboiled white rice cooked,194,0.6,0.1,41.2,0.2,4.6,1.4,0.0,0.088,0.0044,0.0,0.5,0.923076923076923,13.733333333333334,5.6,2.0,Low,0,ยังไม่พบตัวชี้วัดที่ถึงหรือเกินเกณฑ์อ้างอิง
white rice steamed,199,0.4,0.0,44.7,0.0,4.2,1.2,0.0,0.009,0.00044999999999999993,0.0,0.0,0.6153846153846154,14.900000000000002,4.8,0.0,Low,0,ยังไม่พบตัวชี้วัดที่ถึงหรือเกินเกณฑ์อ้างอิง
brown rice cake,35,0.3,0.062,7.3,0.047,0.7,0.4,0.0,0.024,0.0012000000000000001,0.0,0.31,0.4615384615384615,2.433333333333333,1.6,0.47000000000000003,Low,0,ยังไม่พบตัวชี้วัดที่ถึงหรือเกินเกณฑ์อ้างอิง
glutinous white rice raw,685,1.0,0.2,151.1,0.0,12.6,5.2,0.0,0.015,0.0007499999999999999,0.0,1.0,1.5384615384615385,50.36666666666666,20.8,0.0,Low,0,ยังไม่พบตัวชี้วัดที่ถึงหรือเกินเกณฑ์อ้างอิง
white rice pasta raw,600,4.0,0.7,122.8,0.0,15.3,0.0,3.3,3.0,0.15,1.0999999999999999,3.4999999999999996,6.153846153846154,40.93333333333333,0.0,0.0,Low,0,ยังไม่พบตัวชี้วัดที่ถึงหรือเกินเกณฑ์อ้างอิง
glutinous white rice cooked,169,0.3,0.056,36.7,0.078,3.5,1.7,0.0,0.027,0.0013499999999999999,0.0,0.27999999999999997,0.4615384615384615,12.233333333333334,6.800000000000001,0.7799999999999999,Low,0,ยังไม่พบตัวชี้วัดที่ถึงหรือเกินเกณฑ์อ้างอิง
brown rice cooked,218,1.6,0.3,45.8,0.7,4.5,3.5,0.0,0.086,0.004299999999999999,0.0,1.5,2.4615384615384617,15.266666666666664,14.000000000000002,6.999999999999999,Low,0,ยังไม่พบตัวชี้วัดที่ถึงหรือเกินเกณฑ์อ้างอิง
beef flavored rice cooked,319,7.9,2.1,54.4,0.0,7.0,1.5,0.0,0.9,0.045,0.0,10.500000000000002,12.153846153846153,18.133333333333333,6.0,0.0,Low,0,ยังไม่พบตัวชี้วัดที่ถึงหรือเกินเกณฑ์อ้างอิง
white rice cooked,205,0.4,0.1,44.5,0.015,4.3,0.6,0.0,0.077,0.00385,0.0,0.5,0.6153846153846154,14.833333333333334,2.4,0.15,Low,0,ยังไม่พบตัวชี้วัดที่ถึงหรือเกินเกณฑ์อ้างอิง
chicken flavored rice cooked,317,8.0,1.7,54.8,1.5,6.2,1.6,0.0,0.9,0.045,0.0,8.5,12.307692307692308,18.266666666666666,6.4,15.0,Low,0,ยังไม่พบตัวชี้วัดที่ถึงหรือเกินเกณฑ์อ้างอิง
white rice raw,675,1.2,0.3,147.9,0.2,13.2,2.4,0.0,0.081,0.00405,0.0,1.5,1.846153846153846,49.3,9.6,2.0,Low,0,ยังไม่พบตัวชี้วัดที่ถึงหรือเกินเกณฑ์อ้างอิง
cheese imitation,441,36.2,6.6,1.1,1.1,28.3,0.0,17.0,0.8,0.04,5.666666666666666,32.99999999999999,55.69230769230769,0.3666666666666667,0.0,11.000000000000002,Low,0,ยังไม่พบตัวชี้วัดที่ถึงหรือเกินเกณฑ์อ้างอิง
cheshire cheese,110,8.7,5.5,1.4,0.0,6.6,0.0,29.1,0.2,0.01,9.700000000000001,27.500000000000004,13.384615384615383,0.4666666666666666,0.0,0.0,Low,0,ยังไม่พบตัวชี้วัดที่ถึงหรือเกินเกณฑ์อ้างอิง
monterey cheese,421,34.2,21.5,0.8,0.6,27.7,0.0,100.6,0.7,0.034999999999999996,33.53333333333333,107.5,52.61538461538462,0.2666666666666667,0.0,6.0,Medium,1,ไขมันอิ่มตัวถึงหรือเกินเกณฑ์อ้างอิงต่อวัน
edam cheese,107,8.3,5.6,0.4,0.0,7.5,0.0,26.7,0.3,0.015,8.9,27.999999999999996,12.769230769230772,0.13333333333333336,0.0,0.0,Low,0,ยังไม่พบตัวชี้วัดที่ถึงหรือเกินเกณฑ์อ้างอิง
fontina cheese,420,33.6,20.7,1.7,1.7,27.6,0.0,125.3,0.9,0.045,41.766666666666666,103.49999999999999,51.69230769230769,0.5666666666666667,0.0,17.0,Medium,1,ไขมันอิ่มตัวถึงหรือเกินเกณฑ์อ้างอิงต่อวัน
monterey cheese low fat,350,24.4,15.9,0.8,0.6,31.9,0.0,73.5,0.6,0.03,24.5,79.5,37.53846153846154,0.2666666666666667,0.0,6.0,Low,0,ยังไม่พบตัวชี้วัดที่ถึงหรือเกินเกณฑ์อ้างอิง
colby cheese,445,36.3,22.8,2.9,0.6,26.8,0.0,107.4,0.7,0.034999999999999996,35.800000000000004,114.00000000000001,55.84615384615385,0.9666666666666667,0.0,6.0,Medium,1,ไขมันอิ่มตัวถึงหรือเกินเกณฑ์อ้างอิงต่อวัน
american cheese,93,7.9,4.5,0.9,0.6,4.5,0.0,25.0,0.4,0.02,8.333333333333332,22.5,12.153846153846153,0.3,0.0,6.0,Low,0,ยังไม่พบตัวชี้วัดที่ถึงหรือเกินเกณฑ์อ้างอิง
blue cheese,106,8.6,5.6,0.7,0.2,6.4,0.0,22.5,0.3,0.015,7.5,27.999999999999996,13.23076923076923,0.2333333333333333,0.0,2.0,Low,0,ยังไม่พบตัวชี้วัดที่ถึงหรือเกินเกณฑ์อ้างอิง
nectarine,66,0.5,0.066,15.8,11.8,1.6,2.6,0.0,0.0,0.0,0.0,0.33,0.7692307692307693,5.266666666666667,10.4,118.00000000000001,Medium,1,น้ำตาลถึงหรือเกินเกณฑ์ต่อมื้อ
kiwifruit gold,51,0.2,0.008,12.8,10.0,0.8,1.1,0.0,0.046,0.0023,0.0,0.04,0.3076923076923077,4.2666666666666675,4.4,100.0,Medium,1,น้ำตาลถึงหรือเกินเกณฑ์ต่อมื้อ
prickly pear raw,8,0.072,0.0,1.9,0.2,0.001,1.0,0.0,0.065,0.0032500000000000003,0.0,0.0,0.11076923076923076,0.6333333333333333,4.0,2.0,Low,0,ยังไม่พบตัวชี้วัดที่ถึงหรือเกินเกณฑ์อ้างอิง
pineapple,45,0.1,0.074,11.8,8.9,0.5,1.3,0.0,0.099,0.00495,0.0,0.37,0.15384615384615385,3.933333333333334,5.2,89.0,Low,0,ยังไม่พบตัวชี้วัดที่ถึงหรือเกินเกณฑ์อ้างอิง
rowan,253,4.6,0.6,54.5,32.1,5.2,14.1,0.0,0.083,0.00415,0.0,3.0,7.076923076923077,18.166666666666668,56.39999999999999,321.0,Medium,1,น้ำตาลถึงหรือเกินเกณฑ์ต่อมื้อ
muscadine grapes,3,0.056,0.0,0.8,0.0,0.014,0.2,0.0,0.024,0.0012000000000000001,0.0,0.0,0.08615384615384615,0.2666666666666667,0.8,0.0,Low,0,ยังไม่พบตัวชี้วัดที่ถึงหรือเกินเกณฑ์อ้างอิง
heidelbeeren jutro,17,0.2,0.039,0.4,0.0,0.0,0.0,0.0,0.0,0.0,0.0,0.19499999999999998,0.3076923076923077,0.13333333333333336,0.0,0.0,Low,0,ยังไม่พบตัวชี้วัดที่ถึงหรือเกินเกณฑ์อ้างอิง
prunes stewed,316,0.7,0.085,83.2,0.0,3.4,0.0,0.0,0.039,0.00195,0.0,0.42500000000000004,1.0769230769230769,27.73333333333333,0.0,0.0,Low,0,ยังไม่พบตัวชี้วัดที่ถึงหรือเกินเกณฑ์อ้างอิง
tangerine,40,0.2,0.07,10.1,8.0,0.6,1.4,0.0,0.056,0.0028,0.0,0.35000000000000003,0.3076923076923077,3.3666666666666663,5.6,80.0,Low,0,ยังไม่พบตัวชี้วัดที่ถึงหรือเกินเกณฑ์อ้างอิง
prunes,237,0.5,0.057,62.3,0.0,2.6,0.0,0.0,0.076,0.0038000000000000004,0.0,0.28500000000000003,0.7692307692307693,20.766666666666666,0.0,0.0,Low,0,ยังไม่พบตัวชี้วัดที่ถึงหรือเกินเกณฑ์อ้างอิง
lemon peel,1,0.002,0.057,0.3,0.054,0.032,0.2,0.0,0.028,0.0014,0.0,0.28500000000000003,0.003076923076923077,0.1,0.8,0.54,Low,0,ยังไม่พบตัวชี้วัดที่ถึงหรือเกินเกณฑ์อ้างอิง
banana,134,0.5,0.2,34.3,18.3,1.6,3.9,0.0,0.055,0.0027500000000000003,0.0,1.0,0.7692307692307693,11.433333333333334,15.6,183.0,Medium,1,น้ำตาลถึงหรือเกินเกณฑ์ต่อมื้อ
raspberries,5,0.034,0.005,1.2,0.4,0.1,0.7,0.0,0.054,0.0026999999999999997,0.0,0.025,0.05230769230769231,0.4,2.8,4.0,Low,0,ยังไม่พบตัวชี้วัดที่ถึงหรือเกินเกณฑ์อ้างอิง
apricot,17,0.1,0.03,3.9,3.2,0.5,0.7,0.0,0.02,0.001,0.0,0.15,0.15384615384615385,1.3,2.8,32.0,Low,0,ยังไม่พบตัวชี้วัดที่ถึงหรือเกินเกณฑ์อ้างอิง
strawberry guava,4,0.008,0.039,1.0,0.0,0.01,0.3,0.0,0.059,0.00295,0.0,0.19499999999999998,0.012307692307692308,0.33333333333333337,1.2,0.0,Low,0,ยังไม่พบตัวชี้วัดที่ถึงหรือเกินเกณฑ์อ้างอิง
kiwifruit green,42,0.4,0.095,10.1,6.2,0.8,2.1,0.0,0.096,0.0048000000000000004,0.0,0.475,0.6153846153846154,3.3666666666666663,8.4,62.0,Low,0,ยังไม่พบตัวชี้วัดที่ถึงหรือเกินเกณฑ์อ้างอิง
figs,37,0.2,0.068,9.6,8.1,0.4,1.5,0.0,0.049,0.0024500000000000004,0.0,0.34,0.3076923076923077,3.2,6.0,81.0,Low,0,ยังไม่พบตัวชี้วัดที่ถึงหรือเกินเกณฑ์อ้างอิง
clementine,35,0.1,0.0,8.9,6.8,0.6,1.3,0.0,0.044,0.0022,0.0,0.0,0.15384615384615385,2.966666666666667,5.2,68.0,Low,0,ยังไม่พบตัวชี้วัดที่ถึงหรือเกินเกณฑ์อ้างอิง
orange,86,0.2,0.008,21.6,17.2,1.7,4.4,0.0,0.0,0.0,0.0,0.04,0.3076923076923077,7.200000000000001,17.6,172.0,Medium,1,น้ำตาลถึงหรือเกินเกณฑ์ต่อมื้อ
bartlett pear,112,0.3,0.0,26.6,17.2,0.7,5.5,0.0,0.047,0.0023499999999999997,0.0,0.0,0.4615384615384615,8.866666666666667,22.0,172.0,Medium,1,น้ำตาลถึงหรือเกินเกณฑ์ต่อมื้อ
red white currants,63,0.2,0.043,15.5,8.3,1.6,4.8,0.0,0.056,0.0028,0.0,0.215,0.3076923076923077,5.166666666666667,19.2,83.0,Low,0,ยังไม่พบตัวชี้วัดที่ถึงหรือเกินเกณฑ์อ้างอิง
blueberries,84,0.5,0.047,21.4,14.7,1.1,3.6,0.0,0.015,0.0007499999999999999,0.0,0.23500000000000001,0.7692307692307693,7.133333333333333,14.400000000000002,147.0,Medium,1,น้ำตาลถึงหรือเกินเกณฑ์ต่อมื้อ
mulberries,6,0.049,0.004,1.5,1.2,0.2,0.3,0.0,0.021,0.0010500000000000002,0.0,0.02,0.07538461538461538,0.5,1.2,12.0,Low,0,ยังไม่พบตัวชี้วัดที่ถึงหรือเกินเกณฑ์อ้างอิง
java plum,2,0.029,0.0,0.5,0.0,0.034,0.0,0.0,0.063,0.00315,0.0,0.0,0.04461538461538462,0.16666666666666669,0.0,0.0,Low,0,ยังไม่พบตัวชี้วัดที่ถึงหรือเกินเกณฑ์อ้างอิง
prune puree,46,0.02,0.038,11.7,7.0,0.4,0.6,0.0,0.036,0.0017999999999999997,0.0,0.19,0.03076923076923077,3.9,2.4,70.0,Low,0,ยังไม่พบตัวชี้วัดที่ถึงหรือเกินเกณฑ์อ้างอิง
applesauce,102,0.2,0.028,27.5,22.9,0.4,2.7,0.0,0.031,0.0015500000000000002,0.0,0.13999999999999999,0.3076923076923077,9.166666666666666,10.8,229.0,Medium,1,น้ำตาลถึงหรือเกินเกณฑ์ต่อมื้อ
blackberries raw,62,0.7,0.076,13.8,7.0,2.0,7.6,0.0,0.05,0.0025,0.0,0.38,1.0769230769230769,4.6,30.4,70.0,Low,0,ยังไม่พบตัวชี้วัดที่ถึงหรือเกินเกณฑ์อ้างอิง
plum,30,0.2,0.062,7.5,6.5,0.5,0.9,0.0,0.0,0.0,0.0,0.31,0.3076923076923077,2.5,3.6000000000000005,65.0,Low,0,ยังไม่พบตัวชี้วัดที่ถึงหรือเกินเกณฑ์อ้างอิง
american grapes,2,0.087,0.029,0.4,0.4,0.035,0.09,0.0,0.056,0.0028,0.0,0.14500000000000002,0.13384615384615384,0.13333333333333336,0.36,4.0,Low,0,ยังไม่พบตัวชี้วัดที่ถึงหรือเกินเกณฑ์อ้างอิง
peach,59,0.4,0.034,14.3,12.6,1.4,2.3,0.0,0.0,0.0,0.0,0.17,0.6153846153846154,4.766666666666667,9.2,126.0,Medium,1,น้ำตาลถึงหรือเกินเกณฑ์ต่อมื้อ
honeydew melon,64,0.2,0.055,16.1,14.4,1.0,1.4,0.0,0.062,0.0031000000000000003,0.0,0.27499999999999997,0.3076923076923077,5.366666666666667,5.6,144.0,Medium,1,น้ำตาลถึงหรือเกินเกณฑ์ต่อมื้อ
yellow plantain fried,399,12.7,3.1,68.9,36.8,2.4,5.4,0.0,0.079,0.0039499999999999995,0.0,15.5,19.538461538461537,22.96666666666667,21.6,368.0,Medium,1,น้ำตาลถึงหรือเกินเกณฑ์ต่อมื้อ
rose hips,206,0.4,0.0,48.5,3.3,2.0,30.6,0.0,0.035,0.0017500000000000003,0.0,0.0,0.6153846153846154,16.166666666666664,122.39999999999999,32.99999999999999,Low,0,ยังไม่พบตัวชี้วัดที่ถึงหรือเกินเกณฑ์อ้างอิง
lemons,17,0.2,0.063,5.4,1.5,0.6,1.6,0.0,0.045,0.00225,0.0,0.315,0.3076923076923077,1.8000000000000003,6.4,15.0,Low,0,ยังไม่พบตัวชี้วัดที่ถึงหรือเกินเกณฑ์อ้างอิง
lime,20,0.1,0.087,7.1,1.1,0.5,1.9,0.0,0.082,0.0041,0.0,0.43499999999999994,0.15384615384615385,2.3666666666666667,7.6,11.000000000000002,Low,0,ยังไม่พบตัวชี้วัดที่ถึงหรือเกินเกณฑ์อ้างอิง
pomegranate,117,1.6,0.2,26.4,19.3,2.4,5.6,0.0,0.042,0.0021000000000000003,0.0,1.0,2.4615384615384617,8.799999999999999,22.4,193.00000000000003,Medium,1,น้ำตาลถึงหรือเกินเกณฑ์ต่อมื้อ
gooseberries,66,0.9,0.001,15.3,0.0,1.3,6.5,0.0,0.074,0.0036999999999999997,0.0,0.005,1.3846153846153846,5.1000000000000005,26.0,0.0,Low,0,ยังไม่พบตัวชี้วัดที่ถึงหรือเกินเกณฑ์อ้างอิง
asian pear,51,0.3,0.009,13.0,8.6,0.6,4.4,0.0,0.0,0.0,0.0,0.045,0.4615384615384615,4.333333333333334,17.6,86.0,Low,0,ยังไม่พบตัวชี้วัดที่ถึงหรือเกินเกณฑ์อ้างอิง
abiyuch,157,0.2,0.065,40.1,19.5,3.4,12.1,0.0,0.093,0.00465,0.0,0.325,0.3076923076923077,13.366666666666669,48.4,195.0,Medium,1,น้ำตาลถึงหรือเกินเกณฑ์ต่อมื้อ
horned melon kiwano,92,2.6,0.0,15.8,0.0,3.7,0.0,0.0,0.095,0.00475,0.0,0.0,4.0,5.266666666666667,0.0,0.0,Low,0,ยังไม่พบตัวชี้วัดที่ถึงหรือเกินเกณฑ์อ้างอิง
fruit walnut salad mcdonalds,312,13.3,1.8,43.8,32.9,4.8,0.0,5.3,0.017,0.00085,1.7666666666666668,9.0,20.46153846153846,14.6,0.0,329.0,Medium,1,น้ำตาลถึงหรือเกินเกณฑ์ต่อมื้อ
grapefruit,53,0.2,0.092,13.3,8.6,1.0,2.0,0.0,0.0,0.0,0.0,0.45999999999999996,0.3076923076923077,4.433333333333334,8.0,86.0,Low,0,ยังไม่พบตัวชี้วัดที่ถึงหรือเกินเกณฑ์อ้างอิง
japanese persimmon,118,0.3,0.089,31.2,21.1,1.0,6.0,0.0,0.067,0.00335,0.0,0.445,0.4615384615384615,10.4,24.0,211.00000000000003,Medium,1,น้ำตาลถึงหรือเกินเกณฑ์ต่อมื้อ
wild raspberries,81,0.4,0.0,18.0,7.2,1.5,9.8,0.0,0.09,0.0045,0.0,0.0,0.6153846153846154,6.0,39.2,72.0,Low,0,ยังไม่พบตัวชี้วัดที่ถึงหรือเกินเกณฑ์อ้างอิง
pink lady apple,18,0.1,0.0,3.9,0.0,0.1,0.0,0.0,0.0,0.0,0.0,0.0,0.15384615384615385,1.3,0.0,0.0,Low,0,ยังไม่พบตัวชี้วัดที่ถึงหรือเกินเกณฑ์อ้างอิง
maraschino cherries,8,0.083,0.06,2.1,1.9,0.06,0.2,0.0,0.072,0.0035999999999999995,0.0,0.3,0.1276923076923077,0.7000000000000001,0.8,19.0,Low,0,ยังไม่พบตัวชี้วัดที่ถึงหรือเกินเกณฑ์อ้างอิง
black currants,71,0.5,0.019,17.2,0.0,1.6,0.0,0.0,0.075,0.00375,0.0,0.095,0.7692307692307693,5.733333333333333,0.0,0.0,Low,0,ยังไม่พบตัวชี้วัดที่ถึงหรือเกินเกณฑ์อ้างอิง
plantain cooked,179,0.3,0.1,48.0,21.6,1.2,3.5,0.0,0.079,0.0039499999999999995,0.0,0.5,0.4615384615384615,16.0,14.000000000000002,216.0,Medium,1,น้ำตาลถึงหรือเกินเกณฑ์ต่อมื้อ
crab apple,84,0.3,0.064,21.9,0.0,0.4,0.0,0.0,0.03,0.0014999999999999998,0.0,0.32,0.4615384615384615,7.3,0.0,0.0,Low,0,ยังไม่พบตัวชี้วัดที่ถึงหรือเกินเกณฑ์อ้างอิง
pom potes materne,19,0.2,0.2,0.2,0.068,0.0,0.0,0.0,0.0,0.0,0.0,1.0,0.3076923076923077,0.06666666666666668,0.0,0.68,Low,0,ยังไม่พบตัวชี้วัดที่ถึงหรือเกินเกณฑ์อ้างอิง
apple,95,0.3,0.043,25.1,18.9,0.5,4.4,0.0,0.062,0.0031000000000000003,0.0,0.215,0.4615384615384615,8.366666666666667,17.6,189.0,Medium,1,น้ำตาลถึงหรือเกินเกณฑ์ต่อมื้อ
cantaloupe melon,60,0.3,0.071,14.4,13.9,1.5,1.6,0.0,0.087,0.00435,0.0,0.355,0.4615384615384615,4.8,6.4,139.0,Medium,1,น้ำตาลถึงหรือเกินเกณฑ์ต่อมื้อ
prickly pear cooked,7,0.043,0.0,1.6,0.0,0.091,0.0,0.0,0.0,0.0,0.0,0.0,0.06615384615384615,0.5333333333333334,0.0,0.0,Low,0,ยังไม่พบตัวชี้วัดที่ถึงหรือเกินเกณฑ์อ้างอิง
guava,37,0.5,0.1,7.9,4.9,1.4,3.0,0.0,0.056,0.0028,0.0,0.5,0.7692307692307693,2.6333333333333333,12.0,49.00000000000001,Low,0,ยังไม่พบตัวชี้วัดที่ถึงหรือเกินเกณฑ์อ้างอิง
strawberries,4,0.069,0.057,0.9,0.6,0.01,0.2,0.0,0.068,0.0034,0.0,0.28500000000000003,0.10615384615384617,0.3,0.8,6.0,Low,0,ยังไม่พบตัวชี้วัดที่ถึงหรือเกินเกณฑ์อ้างอิง
japanese persimmon dried,93,0.2,0.0,25.0,0.0,0.5,4.9,0.0,0.002,9.999999999999999e-05,0.0,0.0,0.3076923076923077,8.333333333333332,19.6,0.0,Low,0,ยังไม่พบตัวชี้วัดที่ถึงหรือเกินเกณฑ์อ้างอิง
watermelon,86,0.4,0.026,21.6,17.7,1.7,1.1,0.0,0.043,0.0021499999999999996,0.0,0.13,0.6153846153846154,7.200000000000001,4.4,177.0,Medium,1,น้ำตาลถึงหรือเกินเกณฑ์ต่อมื้อ
elderberries,106,0.7,0.005,26.7,0.0,1.0,10.2,0.0,0.042,0.0021000000000000003,0.0,0.025,1.0769230769230769,8.9,40.8,0.0,Low,0,ยังไม่พบตัวชี้วัดที่ถึงหรือเกินเกณฑ์อ้างอิง
kumquat,13,0.2,0.063,3.0,1.8,0.4,1.2,0.0,0.018,0.0008999999999999999,0.0,0.315,0.3076923076923077,1.0,4.8,18.0,Low,0,ยังไม่พบตัวชี้วัดที่ถึงหรือเกินเกณฑ์อ้างอิง
orange peel,6,0.017,0.046,1.5,0.0,0.093,0.6,0.0,0.023,0.00115,0.0,0.22999999999999998,0.026153846153846156,0.5,2.4,0.0,Low,0,ยังไม่พบตัวชี้วัดที่ถึงหรือเกินเกณฑ์อ้างอิง
pokeberry shoots cooked,33,0.7,0.0,5.1,2.6,3.8,2.5,0.0,0.4,0.02,0.0,0.0,1.0769230769230769,1.6999999999999997,10.0,26.0,Low,0,ยังไม่พบตัวชี้วัดที่ถึงหรือเกินเกณฑ์อ้างอิง
breadfruit,227,0.5,0.1,59.7,24.2,2.4,10.8,0.0,0.057,0.00285,0.0,0.5,0.7692307692307693,19.900000000000002,43.2,242.0,Medium,1,น้ำตาลถึงหรือเกินเกณฑ์ต่อมื้อ
pear,101,0.2,0.019,27.1,17.4,0.6,5.5,0.0,0.07,0.0035000000000000005,0.0,0.095,0.3076923076923077,9.033333333333333,22.0,173.99999999999997,Medium,1,น้ำตาลถึงหรือเกินเกณฑ์ต่อมื้อ
sour cherries,52,0.3,0.069,12.5,8.7,1.0,1.6,0.0,0.071,0.0035499999999999993,0.0,0.34500000000000003,0.4615384615384615,4.166666666666666,6.4,86.99999999999999,Low,0,ยังไม่พบตัวชี้วัดที่ถึงหรือเกินเกณฑ์อ้างอิง
plantain raw,218,0.6,0.3,57.1,31.3,2.3,3.0,0.0,0.082,0.0041,0.0,1.5,0.923076923076923,19.03333333333333,12.0,313.0,Medium,1,น้ำตาลถึงหรือเกินเกณฑ์ต่อมื้อ
blackberries frozen,97,0.6,0.017,23.7,16.1,1.8,7.6,0.0,0.007,0.00035,0.0,0.085,0.923076923076923,7.9,30.4,161.0,Medium,1,น้ำตาลถึงหรือเกินเกณฑ์ต่อมื้อ
cherries,5,0.056,0.053,1.3,1.0,0.068,0.2,0.0,0.0,0.0,0.0,0.265,0.08615384615384615,0.4333333333333333,0.8,10.0,Low,0,ยังไม่พบตัวชี้วัดที่ถึงหรือเกินเกณฑ์อ้างอิง
plantain fried,16,0.6,0.2,2.6,0.2,0.023,0.2,0.0,0.065,0.0032500000000000003,0.0,1.0,0.923076923076923,0.8666666666666666,0.8,2.0,Low,0,ยังไม่พบตัวชี้วัดที่ถึงหรือเกินเกณฑ์อ้างอิง
carambola starfruit,26,0.3,0.077,5.7,3.4,0.9,2.4,0.0,0.047,0.0023499999999999997,0.0,0.385,0.4615384615384615,1.9,9.6,34.0,Low,0,ยังไม่พบตัวชี้วัดที่ถึงหรือเกินเกณฑ์อ้างอิง
chayote cooked,35,0.8,0.1,7.2,0.0,1.0,4.5,0.0,0.4,0.02,0.0,0.5,1.2307692307692308,2.4,18.0,0.0,Low,0,ยังไม่พบตัวชี้วัดที่ถึงหรือเกินเกณฑ์อ้างอิง
apple dippers mcdonalds,33,0.0,0.0,8.2,6.3,0.0,0.0,0.0,0.0,0.0,0.0,0.0,0.0,2.733333333333333,0.0,63.0,Low,0,ยังไม่พบตัวชี้วัดที่ถึงหรือเกินเกณฑ์อ้างอิง
white grapefruit,78,0.2,0.072,19.8,17.3,1.6,2.6,0.0,0.0,0.0,0.0,0.36,0.3076923076923077,6.6000000000000005,10.4,173.0,Medium,1,น้ำตาลถึงหรือเกินเกณฑ์ต่อมื้อ
cherimoya,176,1.6,0.5,41.6,30.2,3.7,7.1,0.0,0.061,0.0030499999999999998,0.0,2.5,2.4615384615384617,13.866666666666665,28.4,302.0,Medium,1,น้ำตาลถึงหรือเกินเกณฑ์ต่อมื้อ
melon balls,57,0.4,0.1,13.7,0.0,1.5,1.2,0.0,0.022,0.0011,0.0,0.5,0.6153846153846154,4.566666666666666,4.8,0.0,Low,0,ยังไม่พบตัวชี้วัดที่ถึงหรือเกินเกณฑ์อ้างอิง
golden delicious apple,62,0.2,0.0,14.8,10.9,0.3,2.6,0.0,0.034,0.0017,0.0,0.0,0.3076923076923077,4.933333333333334,10.4,109.00000000000001,Medium,1,น้ำตาลถึงหรือเกินเกณฑ์ต่อมื้อ
pokeberry shoots raw,37,0.6,0.0,5.9,0.0,4.2,2.7,0.0,0.05,0.0025,0.0,0.0,0.923076923076923,1.966666666666667,10.8,0.0,Low,0,ยังไม่พบตัวชี้วัดที่ถึงหรือเกินเกณฑ์อ้างอิง
cranberries,21,0.014,0.089,5.4,1.9,0.2,1.6,0.0,0.03,0.0014999999999999998,0.0,0.445,0.021538461538461538,1.8000000000000003,6.4,19.0,Low,0,ยังไม่พบตัวชี้วัดที่ถึงหรือเกินเกณฑ์อ้างอิง
quince,52,0.012,0.049,14.1,0.0,0.4,1.7,0.0,0.081,0.00405,0.0,0.245,0.018461538461538463,4.7,6.800000000000001,0.0,Low,0,ยังไม่พบตัวชี้วัดที่ถึงหรือเกินเกณฑ์อ้างอิง
chayote raw,25,0.2,0.027,6.0,2.2,1.1,2.2,0.0,0.094,0.004699999999999999,0.0,0.135,0.3076923076923077,2.0,8.8,22.000000000000004,Low,0,ยังไม่พบตัวชี้วัดที่ถึงหรือเกินเกณฑ์อ้างอิง
orange with peel,100,0.5,0.036,24.6,0.0,2.1,7.2,0.0,0.028,0.0014,0.0,0.18,0.7692307692307693,8.200000000000001,28.800000000000004,0.0,Low,0,ยังไม่พบตัวชี้วัดที่ถึงหรือเกินเกณฑ์อ้างอิง
chokecherries,249,2.6,0.0,51.8,14.4,4.7,30.8,0.0,0.078,0.0039,0.0,0.0,4.0,17.266666666666666,123.2,144.0,Medium,1,น้ำตาลถึงหรือเกินเกณฑ์ต่อมื้อ
mango,202,1.3,0.3,50.3,45.9,2.8,5.4,0.0,0.027,0.0013499999999999999,0.0,1.5,2.0,16.766666666666666,21.6,459.0,Medium,1,น้ำตาลถึงหรือเกินเกณฑ์ต่อมื้อ
wild plum,147,0.3,0.0,35.3,17.1,0.7,9.7,0.0,0.047,0.0023499999999999997,0.0,0.0,0.4615384615384615,11.766666666666666,38.8,171.00000000000003,Medium,1,น้ำตาลถึงหรือเกินเกณฑ์ต่อมื้อ
jeijoa,148,1.0,0.3,37.0,19.9,1.7,15.6,0.0,0.041,0.00205,0.0,1.5,1.5384615384615385,12.333333333333334,62.4,198.99999999999997,Medium,1,น้ำตาลถึงหรือเกินเกณฑ์ต่อมื้อ
groundcherries,74,1.0,0.0,15.7,0.0,2.7,0.0,0.0,0.0,0.0,0.0,0.0,1.5384615384615385,5.2333333333333325,0.0,0.0,Low,0,ยังไม่พบตัวชี้วัดที่ถึงหรือเกินเกณฑ์อ้างอิง
pesca,30,0.1,6.1,0.0,0.0,0.0,0.0,0.0,0.0,0.0,0.0,30.5,0.15384615384615385,0.0,0.0,0.0,Low,0,ยังไม่พบตัวชี้วัดที่ถึงหรือเกินเกณฑ์อ้างอิง
persimmon,32,0.1,0.0,8.4,0.0,0.2,0.0,0.0,0.024,0.0012000000000000001,0.0,0.0,0.15384615384615385,2.8000000000000003,0.0,0.0,Low,0,ยังไม่พบตัวชี้วัดที่ถึงหรือเกินเกณฑ์อ้างอิง
grapes,3,0.044,0.041,0.9,0.8,0.045,0.087,0.0,0.009,0.00044999999999999993,0.0,0.20500000000000002,0.06769230769230769,0.3,0.348,8.0,Low,0,ยังไม่พบตัวชี้วัดที่ถึงหรือเกินเกณฑ์อ้างอิง
rambutan canned,175,0.4,0.0,44.7,0.0,1.4,1.9,0.0,0.051,0.00255,0.0,0.0,0.6153846153846154,14.900000000000002,7.6,0.0,Low,0,ยังไม่พบตัวชี้วัดที่ถึงหรือเกินเกณฑ์อ้างอิง
figs canned,14,0.039,0.066,3.8,3.2,0.1,0.6,0.0,0.049,0.0024500000000000004,0.0,0.33,0.06,1.2666666666666666,2.4,32.0,Low,0,ยังไม่พบตัวชี้วัดที่ถึงหรือเกินเกณฑ์อ้างอิง
prunes canned,246,0.5,0.072,65.1,0.0,2.0,8.9,0.0,0.044,0.0022,0.0,0.36,0.7692307692307693,21.699999999999996,35.6,0.0,Low,0,ยังไม่พบตัวชี้วัดที่ถึงหรือเกินเกณฑ์อ้างอิง
pineapples canned,28,0.05,0.079,7.4,6.8,0.2,0.4,0.0,0.06,0.0029999999999999996,0.0,0.395,0.07692307692307693,2.466666666666667,1.6,68.0,Low,0,ยังไม่พบตัวชี้วัดที่ถึงหรือเกินเกณฑ์อ้างอิง
prune plums canned,27,0.075,0.006,7.0,6.5,0.2,0.4,0.0,0.055,0.0027500000000000003,0.0,0.030000000000000002,0.11538461538461538,2.3333333333333335,1.6,65.0,Low,0,ยังไม่พบตัวชี้วัดที่ถึงหรือเกินเกณฑ์อ้างอิง
tangerines canned,92,0.1,0.087,23.8,22.1,1.5,1.7,0.0,0.022,0.0011,0.0,0.43499999999999994,0.15384615384615385,7.933333333333334,6.800000000000001,221.0,Medium,1,น้ำตาลถึงหรือเกินเกณฑ์ต่อมื้อ
fruit cocktail canned,109,0.053,0.03,28.1,25.7,1.1,2.4,0.0,0.059,0.00295,0.0,0.15,0.08153846153846153,9.366666666666667,9.6,257.0,Medium,1,น้ำตาลถึงหรือเกินเกณฑ์ต่อมื้อ
sour cherries canned,189,0.3,0.007,48.6,0.0,1.9,2.0,0.0,0.073,0.00365,0.0,0.034999999999999996,0.4615384615384615,16.2,8.0,0.0,Low,0,ยังไม่พบตัวชี้วัดที่ถึงหรือเกินเกณฑ์อ้างอิง
mangosteen canned,143,1.1,0.0,35.1,0.0,0.8,3.5,0.0,0.024,0.0012000000000000001,0.0,0.0,1.6923076923076925,11.700000000000001,14.000000000000002,0.0,Low,0,ยังไม่พบตัวชี้วัดที่ถึงหรือเกินเกณฑ์อ้างอิง
apricot juice,117,0.07,0.008,30.1,26.2,1.5,3.9,0.0,0.024,0.0012000000000000001,0.0,0.04,0.10769230769230771,10.033333333333335,15.6,262.0,Medium,1,น้ำตาลถึงหรือเกินเกณฑ์ต่อมื้อ
strawberries canned,234,0.7,0.064,59.8,55.4,1.4,4.3,0.0,0.024,0.0012000000000000001,0.0,0.32,1.0769230769230769,19.933333333333334,17.2,554.0,Medium,1,น้ำตาลถึงหรือเกินเกณฑ์ต่อมื้อ
peach canned,110,0.094,0.03,28.9,25.7,1.6,3.3,0.0,0.006,0.00030000000000000003,0.0,0.15,0.14461538461538462,9.633333333333333,13.200000000000001,257.0,Medium,1,น้ำตาลถึงหรือเกินเกณฑ์ต่อมื้อ
fruit salad canned,125,0.008,0.08,32.5,0.0,1.3,2.5,0.0,0.069,0.0034500000000000004,0.0,0.4,0.012307692307692308,10.833333333333334,10.0,0.0,Low,0,ยังไม่พบตัวชี้วัดที่ถึงหรือเกินเกณฑ์อ้างอิง
gooseberries canned,184,0.5,0.004,47.3,0.0,1.6,6.0,0.0,0.097,0.00485,0.0,0.02,0.7692307692307693,15.766666666666666,24.0,0.0,Low,0,ยังไม่พบตัวชี้วัดที่ถึงหรือเกินเกณฑ์อ้างอิง
grapefruit canned,88,0.2,0.09,22.3,21.4,1.4,1.0,0.0,0.091,0.00455,0.0,0.44999999999999996,0.3076923076923077,7.433333333333334,4.0,213.99999999999997,Medium,1,น้ำตาลถึงหรือเกินเกณฑ์ต่อมื้อ
pear canned,38,0.001,0.099,9.8,7.4,0.3,1.2,0.0,0.088,0.0044,0.0,0.49500000000000005,0.0015384615384615385,3.266666666666667,4.8,74.0,Low,0,ยังไม่พบตัวชี้วัดที่ถึงหรือเกินเกณฑ์อ้างอิง
raspberries canned,233,0.3,0.081,59.8,51.4,2.1,8.4,0.0,0.013,0.00065,0.0,0.40499999999999997,0.4615384615384615,19.933333333333334,33.6,514.0,Medium,1,น้ำตาลถึงหรือเกินเกณฑ์ต่อมื้อ
papaya canned,80,0.2,0.1,21.8,20.4,0.001,0.6,0.0,0.075,0.00375,0.0,0.5,0.3076923076923077,7.2666666666666675,2.4,204.0,Medium,1,น้ำตาลถึงหรือเกินเกณฑ์ต่อมื้อ
grapes canned,98,0.3,0.034,25.2,23.8,1.2,1.5,0.0,0.022,0.0011,0.0,0.17,0.4615384615384615,8.399999999999999,6.0,238.0,Medium,1,น้ำตาลถึงหรือเกินเกณฑ์ต่อมื้อ
apple dried,145,0.2,0.088,39.1,34.0,0.6,5.1,0.0,0.024,0.0012000000000000001,0.0,0.43999999999999995,0.3076923076923077,13.033333333333333,20.4,340.0,Medium,1,น้ำตาลถึงหรือเกินเกณฑ์ต่อมื้อ
peach dried,199,0.6,0.055,50.8,43.8,3.0,7.0,0.0,0.059,0.00295,0.0,0.27499999999999997,0.923076923076923,16.933333333333334,28.000000000000004,438.0,Medium,1,น้ำตาลถึงหรือเกินเกณฑ์ต่อมื้อ
plantain chips,150,8.4,2.4,18.1,0.3,0.6,1.0,0.0,0.039,0.00195,0.0,12.0,12.923076923076923,6.033333333333333,4.0,3.0,Low,0,ยังไม่พบตัวชี้วัดที่ถึงหรือเกินเกณฑ์อ้างอิง
golden raisins,498,0.8,0.2,131.2,97.7,5.6,6.6,0.0,0.001,4.9999999999999996e-05,0.0,1.0,1.2307692307692308,43.73333333333333,26.400000000000002,977.0,Medium,1,น้ำตาลถึงหรือเกินเกณฑ์ต่อมื้อ
raisins seeded,488,0.9,0.3,129.5,0.0,4.2,11.2,0.0,0.098,0.004900000000000001,0.0,1.5,1.3846153846153846,43.166666666666664,44.8,0.0,Low,0,ยังไม่พบตัวชี้วัดที่ถึงหรือเกินเกณฑ์อ้างอิง
zante currants dried,408,0.4,0.009,106.7,96.9,5.9,9.8,0.0,0.067,0.00335,0.0,0.045,0.6153846153846154,35.56666666666667,39.2,969.0000000000001,Medium,1,น้ำตาลถึงหรือเกินเกณฑ์ต่อมื้อ
pear dried,94,0.2,0.003,25.1,22.4,0.7,2.7,0.0,0.074,0.0036999999999999997,0.0,0.015000000000000001,0.3076923076923077,8.366666666666667,10.8,223.99999999999997,Medium,1,น้ำตาลถึงหรือเกินเกณฑ์ต่อมื้อ
raisins,90,0.056,0.005,23.8,19.6,1.0,1.4,0.0,0.025,0.00125,0.0,0.025,0.08615384615384615,7.933333333333334,5.6,196.00000000000003,Medium,1,น้ำตาลถึงหรือเกินเกณฑ์ต่อมื้อ
prune plums dried,308,0.5,0.01,81.5,0.0,2.7,9.4,0.0,0.011,0.00055,0.0,0.05,0.7692307692307693,27.166666666666668,37.6,0.0,Low,0,ยังไม่พบตัวชี้วัดที่ถึงหรือเกินเกณฑ์อ้างอิง
cranberries dried,370,1.6,0.1,98.8,78.0,0.053,6.8,0.0,0.037,0.0018499999999999999,0.0,0.5,2.4615384615384617,32.93333333333333,27.200000000000003,780.0,Medium,1,น้ำตาลถึงหรือเกินเกณฑ์ต่อมื้อ
figs dried,21,0.008,0.014,5.4,4.0,0.3,0.8,0.0,0.091,0.00455,0.0,0.06999999999999999,0.012307692307692308,1.8000000000000003,3.2,40.0,Low,0,ยังไม่พบตัวชี้วัดที่ถึงหรือเกินเกณฑ์อ้างอิง
longans dried,5,0.091,0.0,1.3,0.0,0.027,0.0,0.0,0.018,0.0008999999999999999,0.0,0.0,0.13999999999999999,0.4333333333333333,0.0,0.0,Low,0,ยังไม่พบตัวชี้วัดที่ถึงหรือเกินเกณฑ์อ้างอิง
banana chips,147,9.5,8.2,16.5,10.0,0.7,2.2,0.0,0.099,0.00495,0.0,41.0,14.615384615384617,5.5,8.8,100.0,Medium,1,น้ำตาลถึงหรือเกินเกณฑ์ต่อมื้อ
lychee dried,7,0.003,0.076,1.8,1.7,0.01,0.1,0.0,0.049,0.0024500000000000004,0.0,0.38,0.004615384615384616,0.6,0.4,17.0,Low,0,ยังไม่พบตัวชี้วัดที่ถึงหรือเกินเกณฑ์อ้างอิง
apricot dried,17,0.015,0.02,4.4,3.7,0.2,0.5,0.0,0.066,0.0033000000000000004,0.0,0.1,0.023076923076923075,1.4666666666666668,2.0,37.0,Low,0,ยังไม่พบตัวชี้วัดที่ถึงหรือเกินเกณฑ์อ้างอิง
longan,2,0.076,0.0,0.5,0.0,0.009,0.071,0.0,0.0,0.0,0.0,0.0,0.11692307692307692,0.16666666666666669,0.284,0.0,Low,0,ยังไม่พบตัวชี้วัดที่ถึงหรือเกินเกณฑ์อ้างอิง
mamey sapote,217,0.8,0.3,56.2,35.2,2.5,9.5,0.0,0.008,0.00039999999999999996,0.0,1.5,1.2307692307692308,18.733333333333334,38.0,352.00000000000006,Medium,1,น้ำตาลถึงหรือเกินเกณฑ์ต่อมื้อ
waxgourd cooked,19,0.4,0.026,4.3,2.1,0.7,1.8,0.0,0.6,0.03,0.0,0.13,0.6153846153846154,1.4333333333333333,7.200000000000001,21.000000000000004,Low,0,ยังไม่พบตัวชี้วัดที่ถึงหรือเกินเกณฑ์อ้างอิง
jackfruit,33,0.2,0.071,8.1,6.7,0.6,0.5,0.0,0.094,0.004699999999999999,0.0,0.355,0.3076923076923077,2.7,2.0,67.0,Low,0,ยังไม่พบตัวชี้วัดที่ถึงหรือเกินเกณฑ์อ้างอิง
loquats,9,0.071,0.085,2.4,0.0,0.09,0.3,0.0,0.053,0.00265,0.0,0.42500000000000004,0.10923076923076921,0.8,1.2,0.0,Low,0,ยังไม่พบตัวชี้วัดที่ถึงหรือเกินเกณฑ์อ้างอิง
mammy apple mamey,431,4.2,1.2,105.8,0.0,4.2,25.4,0.0,0.1,0.005,0.0,6.0,6.461538461538462,35.266666666666666,101.6,0.0,Low,0,ยังไม่พบตัวชี้วัดที่ถึงหรือเกินเกณฑ์อ้างอิง
nance,82,1.3,0.0,19.0,9.3,0.7,8.4,0.0,0.039,0.00195,0.0,0.0,2.0,6.333333333333334,33.6,93.0,Low,0,ยังไม่พบตัวชี้วัดที่ถึงหรือเกินเกณฑ์อ้างอิง
coconut whole coconut,3336,71.5,672.0,0.0,0.0,0.0,0.0,0.0,0.0,0.0,0.0,3360.0,110.00000000000001,0.0,0.0,0.0,Medium,1,ไขมันอิ่มตัวถึงหรือเกินเกณฑ์อ้างอิงต่อวัน
prickly pear,42,0.5,0.014,9.9,0.0,0.8,3.7,0.0,0.044,0.0022,0.0,0.06999999999999999,0.7692307692307693,3.3000000000000003,14.800000000000002,0.0,Low,0,ยังไม่พบตัวชี้วัดที่ถึงหรือเกินเกณฑ์อ้างอิง
lychee,6,0.016,0.06,1.6,1.5,0.024,0.1,0.0,0.029,0.00145,0.0,0.3,0.024615384615384615,0.5333333333333334,0.4,15.0,Low,0,ยังไม่พบตัวชี้วัดที่ถึงหรือเกินเกณฑ์อ้างอิง
naranjilla lulo pulp,30,0.3,0.0,7.1,4.5,0.5,1.3,0.0,0.044,0.0022,0.0,0.0,0.4615384615384615,2.3666666666666667,5.2,45.0,Low,0,ยังไม่พบตัวชี้วัดที่ถึงหรือเกินเกณฑ์อ้างอิง
coconut meat dried,187,18.3,16.2,6.7,2.1,1.9,4.6,0.0,0.058,0.0029,0.0,81.0,28.153846153846157,2.2333333333333334,18.4,21.000000000000004,Low,0,ยังไม่พบตัวชี้วัดที่ถึงหรือเกินเกณฑ์อ้างอิง
waxgourd raw,17,0.3,0.036,4.0,0.0,0.5,3.8,0.0,0.1,0.005,0.0,0.18,0.4615384615384615,1.3333333333333335,15.2,0.0,Low,0,ยังไม่พบตัวชี้วัดที่ถึงหรือเกินเกณฑ์อ้างอิง
surinam cherry pitanga,2,0.059,0.0,0.5,0.0,0.045,0.0,0.0,0.1,0.005,0.0,0.0,0.09076923076923075,0.16666666666666669,0.0,0.0,Low,0,ยังไม่พบตัวชี้วัดที่ถึงหรือเกินเกณฑ์อ้างอิง
passion fruit,17,0.1,0.098,4.2,2.0,0.4,1.9,0.0,0.072,0.0035999999999999995,0.0,0.49,0.15384615384615385,1.4000000000000001,7.6,20.0,Low,0,ยังไม่พบตัวชี้วัดที่ถึงหรือเกินเกณฑ์อ้างอิง
sapodilla,141,1.9,0.3,33.9,0.0,0.7,9.0,0.0,0.08,0.004,0.0,1.5,2.923076923076923,11.299999999999999,36.0,0.0,Low,0,ยังไม่พบตัวชี้วัดที่ถึงหรือเกินเกณฑ์อ้างอิง
pummelo,48,0.06,0.0,12.0,0.0,1.0,1.3,0.0,0.094,0.004699999999999999,0.0,0.0,0.0923076923076923,4.0,5.2,0.0,Low,0,ยังไม่พบตัวชี้วัดที่ถึงหรือเกินเกณฑ์อ้างอิง
coconut meat,1405,133.0,117.9,60.5,24.7,13.2,35.7,0.0,0.022,0.0011,0.0,589.5,204.61538461538458,20.166666666666664,142.8,246.99999999999997,Medium,1,น้ำตาลถึงหรือเกินเกณฑ์ต่อมื้อ | ไขมันอิ่มตัวถึงหรือเกินเกณฑ์อ้างอิงต่อวัน
soursop,149,0.7,0.1,37.9,30.5,2.3,7.4,0.0,0.024,0.0012000000000000001,0.0,0.5,1.0769230769230769,12.633333333333333,29.600000000000005,305.0,Medium,1,น้ำตาลถึงหรือเกินเกณฑ์ต่อมื้อ
papaya,62,0.4,0.1,15.7,11.3,0.7,2.5,0.0,0.004,0.00019999999999999998,0.0,0.5,0.6153846153846154,5.2333333333333325,10.0,113.00000000000001,Medium,1,น้ำตาลถึงหรือเกินเกณฑ์ต่อมื้อ
acerola cherry,2,0.052,0.074,0.4,0.0,0.079,0.077,0.0,0.088,0.0044,0.0,0.37,0.07999999999999999,0.13333333333333336,0.308,0.0,Low,0,ยังไม่พบตัวชี้วัดที่ถึงหรือเกินเกณฑ์อ้างอิง
ohelo berries,39,0.3,0.0,9.6,0.0,0.5,0.0,0.0,0.068,0.0034,0.0,0.0,0.4615384615384615,3.2,0.0,0.0,Low,0,ยังไม่พบตัวชี้วัดที่ถึงหรือเกินเกณฑ์อ้างอิง
loganberries,81,0.5,0.053,19.1,11.3,2.2,7.8,0.0,0.06,0.0029999999999999996,0.0,0.265,0.7692307692307693,6.366666666666668,31.2,113.00000000000001,Medium,1,น้ำตาลถึงหรือเกินเกณฑ์ต่อมื้อ
casaba melon,48,0.2,0.012,11.2,9.7,1.9,1.5,0.0,0.057,0.00285,0.0,0.060000000000000005,0.3076923076923077,3.733333333333333,6.0,97.0,Low,0,ยังไม่พบตัวชี้วัดที่ถึงหรือเกินเกณฑ์อ้างอิง
durian,51,1.9,0.0,9.5,0.0,0.5,1.3,0.0,0.079,0.0039499999999999995,0.0,0.0,2.923076923076923,3.166666666666667,5.2,0.0,Low,0,ยังไม่พบตัวชี้วัดที่ถึงหรือเกินเกณฑ์อ้างอิง
coriander leaves raw,4,0.086,0.044,0.6,0.1,0.3,0.4,0.0,0.005,0.00025,0.0,0.21999999999999997,0.1323076923076923,0.2,1.6,1.0,Low,0,ยังไม่พบตัวชี้วัดที่ถึงหรือเกินเกณฑ์อ้างอิง
garden cress raw,3,0.062,0.052,0.5,0.4,0.2,0.063,0.0,0.079,0.0039499999999999995,0.0,0.26,0.09538461538461539,0.16666666666666669,0.252,4.0,Low,0,ยังไม่พบตัวชี้วัดที่ถึงหรือเกินเกณฑ์อ้างอิง
pasilla peppers dried,24,1.1,0.0,3.6,0.0,0.9,1.9,0.0,0.063,0.00315,0.0,0.0,1.6923076923076925,1.2,7.6,0.0,Low,0,ยังไม่พบตัวชี้วัดที่ถึงหรือเกินเกณฑ์อ้างอิง
parsley dried,1,0.096,0.064,0.3,0.073,0.1,0.1,0.0,0.058,0.0029,0.0,0.32,0.1476923076923077,0.1,0.4,0.7299999999999999,Low,0,ยังไม่พบตัวชี้วัดที่ถึงหรือเกินเกณฑ์อ้างอิง
ancho pepper dried,48,1.4,0.1,8.7,0.0,2.0,3.7,0.0,0.068,0.0034,0.0,0.5,2.1538461538461537,2.9,14.800000000000002,0.0,Low,0,ยังไม่พบตัวชี้วัดที่ถึงหรือเกินเกณฑ์อ้างอิง
coriander seeds,5,0.3,0.049,1.0,0.0,0.2,0.8,0.0,0.095,0.00475,0.0,0.245,0.4615384615384615,0.33333333333333337,3.2,0.0,Low,0,ยังไม่พบตัวชี้วัดที่ถึงหรือเกินเกณฑ์อ้างอิง
dill weed dried,253,4.4,0.2,55.8,0.0,20.0,13.6,0.0,0.2,0.01,0.0,1.0,6.76923076923077,18.6,54.400000000000006,0.0,Low,0,ยังไม่พบตัวชี้วัดที่ถึงหรือเกินเกณฑ์อ้างอิง
borage,19,0.6,0.2,2.7,0.0,1.6,0.0,0.0,0.023,0.00115,0.0,1.0,0.923076923076923,0.9000000000000001,0.0,0.0,Low,0,ยังไม่พบตัวชี้วัดที่ถึงหรือเกินเกณฑ์อ้างอิง
epazote,0,0.06,0.0,0.094,0.0,0.059,0.051,0.0,0.021,0.0010500000000000002,0.0,0.0,0.0923076923076923,0.03133333333333333,0.20399999999999996,0.0,Low,0,ยังไม่พบตัวชี้วัดที่ถึงหรือเกินเกณฑ์อ้างอิง
chives dried,1,0.055,0.051,0.1,0.0,0.013,0.041,0.0,0.04,0.002,0.0,0.25499999999999995,0.08461538461538462,0.03333333333333334,0.164,0.0,Low,0,ยังไม่พบตัวชี้วัดที่ถึงหรือเกินเกณฑ์อ้างอิง
thyme fresh,1,0.068,0.07,0.2,0.0,0.091,0.1,0.0,0.017,0.00085,0.0,0.35000000000000003,0.10461538461538462,0.06666666666666668,0.4,0.0,Low,0,ยังไม่พบตัวชี้วัดที่ถึงหรือเกินเกณฑ์อ้างอิง
butterbur,4,0.2,0.0,0.5,0.0,0.1,0.0,0.0,0.053,0.00265,0.0,0.0,0.3076923076923077,0.16666666666666669,0.0,0.0,Low,0,ยังไม่พบตัวชี้วัดที่ถึงหรือเกินเกณฑ์อ้างอิง
wasabi root,142,0.8,0.0,30.6,0.0,6.2,10.1,0.0,0.02,0.001,0.0,0.0,1.2307692307692308,10.200000000000001,40.4,0.0,Low,0,ยังไม่พบตัวชี้วัดที่ถึงหรือเกินเกณฑ์อ้างอิง
rosemary dried,4,0.2,0.083,0.8,0.0,0.081,0.5,0.0,0.048,0.0024000000000000002,0.0,0.415,0.3076923076923077,0.2666666666666667,2.0,0.0,Low,0,ยังไม่พบตัวชี้วัดที่ถึงหรือเกินเกณฑ์อ้างอิง
ginger root,2,0.028,0.048,0.4,0.019,0.068,0.058,0.0,0.0,0.0,0.0,0.24000000000000002,0.043076923076923075,0.13333333333333336,0.232,0.19,Low,0,ยังไม่พบตัวชี้วัดที่ถึงหรือเกินเกณฑ์อ้างอิง
white pepper,7,0.0,0.002,1.6,0.0,0.2,0.6,0.0,0.075,0.00375,0.0,0.01,0.0,0.5333333333333334,2.4,0.0,Low,0,ยังไม่พบตัวชี้วัดที่ถึงหรือเกินเกณฑ์อ้างอิง
cloves ground,6,0.3,0.017,1.4,0.028,0.1,0.7,0.0,0.0,0.0,0.0,0.085,0.4615384615384615,0.4666666666666666,2.8,0.27999999999999997,Low,0,ยังไม่พบตัวชี้วัดที่ถึงหรือเกินเกณฑ์อ้างอิง
paprika,19,0.9,0.1,3.7,0.7,1.0,2.4,0.0,0.061,0.0030499999999999998,0.0,0.5,1.3846153846153846,1.2333333333333334,9.6,6.999999999999999,Low,0,ยังไม่พบตัวชี้วัดที่ถึงหรือเกินเกณฑ์อ้างอิง
mace ground,25,1.7,0.5,2.7,0.0,0.4,1.1,0.0,0.097,0.00485,0.0,2.5,2.6153846153846154,0.9000000000000001,4.4,0.0,Low,0,ยังไม่พบตัวชี้วัดที่ถึงหรือเกินเกณฑ์อ้างอิง
bay leaf,2,0.042,0.08,0.4,0.0,0.086,0.2,0.0,0.084,0.004200000000000001,0.0,0.4,0.06461538461538462,0.13333333333333336,0.8,0.0,Low,0,ยังไม่พบตัวชี้วัดที่ถึงหรือเกินเกณฑ์อ้างอิง
eppaw,150,1.8,0.0,31.7,0.0,4.6,0.0,0.0,0.015,0.0007499999999999999,0.0,0.0,2.769230769230769,10.566666666666666,0.0,0.0,Low,0,ยังไม่พบตัวชี้วัดที่ถึงหรือเกินเกณฑ์อ้างอิง
tarragon dried,2,0.047,0.01,0.3,0.0,0.1,0.038,0.0,0.012,0.0006000000000000001,0.0,0.05,0.07230769230769231,0.1,0.152,0.0,Low,0,ยังไม่พบตัวชี้วัดที่ถึงหรือเกินเกณฑ์อ้างอิง
ginger ground,6,0.043,0.088,1.3,0.067,0.2,0.3,0.0,0.038,0.0019000000000000002,0.0,0.43999999999999995,0.06615384615384615,0.4333333333333333,1.2,0.67,Low,0,ยังไม่พบตัวชี้วัดที่ถึงหรือเกินเกณฑ์อ้างอิง
savory ground,4,0.029,0.085,1.0,0.0,0.074,0.6,0.0,0.055,0.0027500000000000003,0.0,0.42500000000000004,0.04461538461538462,0.33333333333333337,2.4,0.0,Low,0,ยังไม่พบตัวชี้วัดที่ถึงหรือเกินเกณฑ์อ้างอิง
black pepper,6,0.006,0.034,1.5,0.08,0.2,0.6,0.0,0.036,0.0017999999999999997,0.0,0.17,0.009230769230769232,0.5,2.4,0.8,Low,0,ยังไม่พบตัวชี้วัดที่ถึงหรือเกินเกณฑ์อ้างอิง
spearmint fresh,3,0.089,0.049,0.5,0.0,0.2,0.4,0.0,0.092,0.0046,0.0,0.245,0.1369230769230769,0.16666666666666669,1.6,0.0,Low,0,ยังไม่พบตัวชี้วัดที่ถึงหรือเกินเกณฑ์อ้างอิง
poultry seasoning,14,0.3,0.1,2.9,0.1,0.4,0.5,0.0,0.063,0.00315,0.0,0.5,0.4615384615384615,0.9666666666666667,2.0,1.0,Low,0,ยังไม่พบตัวชี้วัดที่ถึงหรือเกินเกณฑ์อ้างอิง
nutmeg ground,12,0.8,0.6,1.1,0.6,0.1,0.5,0.0,0.095,0.00475,0.0,3.0,1.2307692307692308,0.3666666666666667,2.0,6.0,Low,0,ยังไม่พบตัวชี้วัดที่ถึงหรือเกินเกณฑ์อ้างอิง
curry powder,20,0.9,0.1,3.7,0.2,0.8,2.1,0.0,0.004,0.00019999999999999998,0.0,0.5,1.3846153846153846,1.2333333333333334,8.4,2.0,Low,0,ยังไม่พบตัวชี้วัดที่ถึงหรือเกินเกณฑ์อ้างอิง
peppermint,1,0.004,0.016,0.2,0.0,0.038,0.1,0.0,0.007,0.00035,0.0,0.08,0.006153846153846154,0.06666666666666668,0.4,0.0,Low,0,ยังไม่พบตัวชี้วัดที่ถึงหรือเกินเกณฑ์อ้างอิง
salt,0,0.0,0.0,0.0,0.0,0.0,0.0,0.0,7.0,0.35000000000000003,0.0,0.0,0.0,0.0,0.0,0.0,Low,0,ยังไม่พบตัวชี้วัดที่ถึงหรือเกินเกณฑ์อ้างอิง
coriander leaves dried,2,0.098,0.099,0.3,0.045,0.1,0.095,0.0,0.018,0.0008999999999999999,0.0,0.49500000000000005,0.15076923076923077,0.1,0.38,0.44999999999999996,Low,0,ยังไม่พบตัวชี้วัดที่ถึงหรือเกินเกณฑ์อ้างอิง
sage ground,2,0.046,0.07,0.4,0.052,0.058,0.3,0.0,0.083,0.00415,0.0,0.35000000000000003,0.07076923076923078,0.13333333333333336,1.2,0.52,Low,0,ยังไม่พบตัวชี้วัดที่ถึงหรือเกินเกณฑ์อ้างอิง
garlic powder,10,0.029,0.003,2.3,0.068,0.5,0.3,0.0,0.082,0.0041,0.0,0.015000000000000001,0.04461538461538462,0.7666666666666666,1.2,0.68,Low,0,ยังไม่พบตัวชี้วัดที่ถึงหรือเกินเกณฑ์อ้างอิง
dill weed fresh,4,0.063,0.064,0.6,0.0,0.3,0.2,0.0,0.017,0.00085,0.0,0.32,0.09692307692307692,0.2,0.8,0.0,Low,0,ยังไม่พบตัวชี้วัดที่ถึงหรือเกินเกณฑ์อ้างอิง
cardamom,6,0.1,0.065,1.4,0.0,0.2,0.6,0.0,0.013,0.00065,0.0,0.325,0.15384615384615385,0.4666666666666666,2.4,0.0,Low,0,ยังไม่พบตัวชี้วัดที่ถึงหรือเกินเกณฑ์อ้างอิง
saffron,2,0.092,0.047,0.5,0.0,0.071,0.002,0.0,0.063,0.00315,0.0,0.23500000000000001,0.14153846153846156,0.16666666666666669,0.008,0.0,Low,0,ยังไม่พบตัวชี้วัดที่ถึงหรือเกินเกณฑ์อ้างอิง
allspice ground,5,0.2,0.034,1.4,0.0,0.1,0.4,0.0,0.001,4.9999999999999996e-05,0.0,0.17,0.3076923076923077,0.4666666666666666,1.6,0.0,Low,0,ยังไม่พบตัวชี้วัดที่ถึงหรือเกินเกณฑ์อ้างอิง
parsley fresh,1,0.078,0.016,0.2,0.001,0.1,0.1,0.0,0.056,0.0028,0.0,0.08,0.12,0.06666666666666668,0.4,0.01,Low,0,ยังไม่พบตัวชี้วัดที่ถึงหรือเกินเกณฑ์อ้างอิง
oregano dried,265,4.3,1.6,68.9,4.1,9.0,42.5,0.0,0.009,0.00044999999999999993,0.0,8.0,6.615384615384615,22.96666666666667,170.0,41.0,Low,0,ยังไม่พบตัวชี้วัดที่ถึงหรือเกินเกณฑ์อ้างอิง
marjoram dried,5,0.1,0.056,1.0,0.077,0.2,0.7,0.0,0.004,0.00019999999999999998,0.0,0.27999999999999997,0.15384615384615385,0.33333333333333337,2.8,0.77,Low,0,ยังไม่พบตัวชี้วัดที่ถึงหรือเกินเกณฑ์อ้างอิง
chives raw,1,0.088,0.083,0.1,0.02,0.03,0.044,0.0,0.099,0.00495,0.0,0.415,0.13538461538461538,0.03333333333333334,0.176,0.2,Low,0,ยังไม่พบตัวชี้วัดที่ถึงหรือเกินเกณฑ์อ้างอิง
fireweed leaves,24,0.6,0.0,4.4,0.0,1.1,2.4,0.0,0.035,0.0017500000000000003,0.0,0.0,0.923076923076923,1.4666666666666668,9.6,0.0,Low,0,ยังไม่พบตัวชี้วัดที่ถึงหรือเกินเกณฑ์อ้างอิง
rosemary fresh,1,0.1,0.016,0.1,0.0,0.005,0.012,0.0,0.039,0.00195,0.0,0.08,0.15384615384615385,0.03333333333333334,0.048,0.0,Low,0,ยังไม่พบตัวชี้วัดที่ถึงหรือเกินเกณฑ์อ้างอิง
garlic,4,0.026,0.033,0.9,0.043,0.2,0.064,0.0,0.018,0.0008999999999999999,0.0,0.165,0.039999999999999994,0.3,0.256,0.43,Low,0,ยังไม่พบตัวชี้วัดที่ถึงหรือเกินเกณฑ์อ้างอิง
cinnamon ground,6,0.044,0.074,2.1,0.066,0.1,1.4,0.0,0.022,0.0011,0.0,0.37,0.06769230769230769,0.7000000000000001,5.6,0.66,Low,0,ยังไม่พบตัวชี้วัดที่ถึงหรือเกินเกณฑ์อ้างอิง
chervil dried,5,0.002,0.066,0.9,0.0,0.4,0.2,0.0,0.076,0.0038000000000000004,0.0,0.33,0.003076923076923077,0.3,0.8,0.0,Low,0,ยังไม่พบตัวชี้วัดที่ถึงหรือเกินเกณฑ์อ้างอิง
cayenne pepper,1,0.094,0.043,0.2,0.089,0.039,0.052,0.0,0.059,0.00295,0.0,0.215,0.14461538461538462,0.06666666666666668,0.208,0.89,Low,0,ยังไม่พบตัวชี้วัดที่ถึงหรือเกินเกณฑ์อ้างอิง
turmeric ground,8,0.2,0.093,1.4,0.062,0.2,0.5,0.0,0.064,0.0031999999999999997,0.0,0.46499999999999997,0.3076923076923077,0.4666666666666666,2.0,0.62,Low,0,ยังไม่พบตัวชี้วัดที่ถึงหรือเกินเกณฑ์อ้างอิง
mustard,3,0.2,0.021,0.3,0.048,0.2,0.2,0.0,0.015,0.0007499999999999999,0.0,0.10500000000000001,0.3076923076923077,0.1,0.8,0.48000000000000004,Low,0,ยังไม่พบตัวชี้วัดที่ถึงหรือเกินเกณฑ์อ้างอิง
chili powder,8,0.4,0.061,1.3,0.2,0.4,0.9,0.0,0.014,0.0007,0.0,0.305,0.6153846153846154,0.4333333333333333,3.6000000000000005,2.0,Low,0,ยังไม่พบตัวชี้วัดที่ถึงหรือเกินเกณฑ์อ้างอิง
thyme dried,276,7.4,2.7,63.9,1.7,9.1,37.0,0.0,0.016,0.0007999999999999999,0.0,13.5,11.384615384615385,21.3,148.0,17.0,Low,0,ยังไม่พบตัวชี้วัดที่ถึงหรือเกินเกณฑ์อ้างอิง
spearmint dried,1,0.018,0.09,0.3,0.0,0.094,0.1,0.0,0.012,0.0006000000000000001,0.0,0.44999999999999996,0.02769230769230769,0.1,0.4,0.0,Low,0,ยังไม่พบตัวชี้วัดที่ถึงหรือเกินเกณฑ์อ้างอิง
basil dried,2,0.027,0.02,0.3,0.054,0.2,0.3,0.0,0.089,0.00445,0.0,0.1,0.04153846153846154,0.1,1.2,0.54,Low,0,ยังไม่พบตัวชี้วัดที่ถึงหรือเกินเกณฑ์อ้างอิง
dandelion greens cooked,35,0.6,0.0,6.7,1.7,2.1,3.0,0.0,0.3,0.015,0.0,0.0,0.923076923076923,2.2333333333333334,12.0,17.0,Low,0,ยังไม่พบตัวชี้วัดที่ถึงหรือเกินเกณฑ์อ้างอิง
basil fresh,2,0.089,0.069,0.2,0.064,0.2,0.1,0.0,0.058,0.0029,0.0,0.34500000000000003,0.1369230769230769,0.06666666666666668,0.4,0.64,Low,0,ยังไม่พบตัวชี้วัดที่ถึงหรือเกินเกณฑ์อ้างอิง
dock,29,0.9,0.0,4.3,0.0,2.7,3.9,0.0,0.025,0.00125,0.0,0.0,1.3846153846153846,1.4333333333333333,15.6,0.0,Low,0,ยังไม่พบตัวชี้วัดที่ถึงหรือเกินเกณฑ์อ้างอิง
garden cress cooked,31,0.8,0.001,5.1,4.2,2.6,0.9,0.0,0.3,0.015,0.0,0.005,1.2307692307692308,1.6999999999999997,3.6000000000000005,42.00000000000001,Low,0,ยังไม่พบตัวชี้วัดที่ถึงหรือเกินเกณฑ์อ้างอิง
onion powder,8,0.024,0.068,1.9,0.2,0.2,0.4,0.0,0.048,0.0024000000000000002,0.0,0.34,0.036923076923076927,0.6333333333333333,1.6,2.0,Low,0,ยังไม่พบตัวชี้วัดที่ถึงหรือเกินเกณฑ์อ้างอิง
dandelion greens raw,25,0.4,0.012,5.1,0.4,1.5,1.9,0.0,0.043,0.0021499999999999996,0.0,0.060000000000000005,0.6153846153846154,1.6999999999999997,7.6,4.0,Low,0,ยังไม่พบตัวชี้วัดที่ถึงหรือเกินเกณฑ์อ้างอิง
yokan,36,0.022,0.064,8.5,0.0,0.5,0.0,0.0,0.05,0.0025,0.0,0.32,0.033846153846153845,2.833333333333333,0.0,0.0,Low,0,ยังไม่พบตัวชี้วัดที่ถึงหรือเกินเกณฑ์อ้างอิง
fava beans cooked,187,0.7,0.1,33.4,3.1,12.9,9.2,0.0,0.081,0.00405,0.0,0.5,1.0769230769230769,11.133333333333333,36.8,31.0,Low,0,ยังไม่พบตัวชี้วัดที่ถึงหรือเกินเกณฑ์อ้างอิง
french beans raw,631,3.7,0.4,118.0,0.0,34.6,46.4,0.0,0.069,0.0034500000000000004,0.0,2.0,5.6923076923076925,39.33333333333333,185.6,0.0,Low,0,ยังไม่พบตัวชี้วัดที่ถึงหรือเกินเกณฑ์อ้างอิง
chickpeas canned,352,7.0,0.5,57.0,0.0,17.8,0.0,0.0,0.6,0.03,0.0,2.5,10.76923076923077,19.0,0.0,0.0,Low,0,ยังไม่พบตัวชี้วัดที่ถึงหรือเกินเกณฑ์อ้างอิง
yellow beans cooked,255,1.9,0.5,44.7,0.0,16.2,18.4,0.0,0.086,0.004299999999999999,0.0,2.5,2.923076923076923,14.900000000000002,73.6,0.0,Low,0,ยังไม่พบตัวชี้วัดที่ถึงหรือเกินเกณฑ์อ้างอิง
mung beans cooked,212,0.8,0.2,38.7,4.0,14.2,15.4,0.0,0.083,0.00415,0.0,1.0,1.2307692307692308,12.9,61.6,40.0,Low,0,ยังไม่พบตัวชี้วัดที่ถึงหรือเกินเกณฑ์อ้างอิง
white beans canned,299,0.8,0.2,55.5,0.8,19.0,12.6,0.0,0.079,0.0039499999999999995,0.0,1.0,1.2307692307692308,18.5,50.4,8.0,Low,0,ยังไม่พบตัวชี้วัดที่ถึงหรือเกินเกณฑ์อ้างอิง
pink beans cooked,252,0.8,0.2,47.2,0.6,15.3,9.0,0.0,0.075,0.00375,0.0,1.0,1.2307692307692308,15.733333333333336,36.0,6.0,Low,0,ยังไม่พบตัวชี้วัดที่ถึงหรือเกินเกณฑ์อ้างอิง
pink beans raw,720,2.4,0.6,134.8,4.5,44.0,26.7,0.0,0.057,0.00285,0.0,3.0,3.692307692307692,44.93333333333334,106.80000000000001,45.0,Low,0,ยังไม่พบตัวชี้วัดที่ถึงหรือเกินเกณฑ์อ้างอิง
navy beans raw,701,3.1,0.4,126.4,8.1,46.4,50.8,0.0,0.059,0.00295,0.0,2.0,4.769230769230769,42.13333333333333,203.2,81.0,Low,0,ยังไม่พบตัวชี้วัดที่ถึงหรือเกินเกณฑ์อ้างอิง
snap beans cooked,44,0.4,0.005,9.9,1.9,2.4,4.0,0.0,0.086,0.004299999999999999,0.0,0.025,0.6153846153846154,3.3000000000000003,16.0,19.0,Low,0,ยังไม่พบตัวชี้วัดที่ถึงหรือเกินเกณฑ์อ้างอิง
black eyed cowpeas raw,131,0.5,0.1,27.3,4.4,4.3,7.3,0.0,0.048,0.0024000000000000002,0.0,0.5,0.7692307692307693,9.1,29.2,44.00000000000001,Low,0,ยังไม่พบตัวชี้วัดที่ถึงหรือเกินเกณฑ์อ้างอิง
edamame cooked,189,8.1,1.0,13.8,3.4,18.5,8.1,0.0,0.034,0.0017,0.0,5.0,12.461538461538462,4.6,32.4,34.0,Low,0,ยังไม่พบตัวชี้วัดที่ถึงหรือเกินเกณฑ์อ้างอิง
black eyed cowpeas cooked,160,0.6,0.2,33.5,5.3,5.2,8.3,0.0,0.036,0.0017999999999999997,0.0,1.0,0.923076923076923,11.166666666666666,33.2,53.0,Low,0,ยังไม่พบตัวชี้วัดที่ถึงหรือเกินเกณฑ์อ้างอิง
hyacinth beans cooked,227,1.1,0.2,40.2,0.0,15.8,0.0,0.0,0.0,0.0,0.0,1.0,1.6923076923076925,13.4,0.0,0.0,Low,0,ยังไม่พบตัวชี้วัดที่ถึงหรือเกินเกณฑ์อ้างอิง
cowpeas canned,185,1.3,0.3,32.7,0.0,11.4,7.9,0.0,0.7,0.034999999999999996,0.0,1.5,2.0,10.900000000000002,31.6,0.0,Low,0,ยังไม่พบตัวชี้วัดที่ถึงหรือเกินเกณฑ์อ้างอิง
pinto beans cooked,245,1.1,0.2,44.8,0.6,15.4,15.4,0.0,0.085,0.00425,0.0,1.0,1.6923076923076925,14.933333333333332,61.6,6.0,Low,0,ยังไม่พบตัวชี้วัดที่ถึงหรือเกินเกณฑ์อ้างอิง
winged beans cooked,253,10.0,1.4,25.7,0.0,18.3,0.0,0.0,0.4,0.02,0.0,6.999999999999999,15.384615384615385,8.566666666666666,0.0,0.0,Low,0,ยังไม่พบตัวชี้วัดที่ถึงหรือเกินเกณฑ์อ้างอิง
pinto beans raw,670,2.4,0.5,120.7,4.1,41.3,29.9,0.0,0.036,0.0017999999999999997,0.0,2.5,3.692307692307692,40.233333333333334,119.6,41.0,Low,0,ยังไม่พบตัวชี้วัดที่ถึงหรือเกินเกณฑ์อ้างอิง
black turtle beans raw,624,1.7,0.4,116.4,3.9,39.1,28.5,0.0,0.041,0.00205,0.0,2.0,2.6153846153846154,38.800000000000004,113.99999999999999,39.0,Low,0,ยังไม่พบตัวชี้วัดที่ถึงหรือเกินเกณฑ์อ้างอิง
fava beans raw,512,2.3,0.4,87.4,8.6,39.2,37.5,0.0,0.1,0.005,0.0,2.0,3.5384615384615383,29.133333333333333,150.0,86.0,Low,0,ยังไม่พบตัวชี้วัดที่ถึงหรือเกินเกณฑ์อ้างอิง
lima beans canned,190,0.4,0.095,35.9,0.0,11.9,11.6,0.0,0.8,0.04,0.0,0.475,0.6153846153846154,11.966666666666665,46.4,0.0,Low,0,ยังไม่พบตัวชี้วัดที่ถึงหรือเกินเกณฑ์อ้างอิง
hyacinth beans raw,722,3.5,0.6,127.6,0.0,50.2,53.8,0.0,0.073,0.00365,0.0,3.0,5.384615384615385,42.53333333333333,215.19999999999996,0.0,Low,0,ยังไม่พบตัวชี้วัดที่ถึงหรือเกินเกณฑ์อ้างอิง
white beans raw,673,1.7,0.4,121.7,4.3,47.2,30.7,0.0,0.051,0.00255,0.0,2.0,2.6153846153846154,40.56666666666667,122.8,43.0,Low,0,ยังไม่พบตัวชี้วัดที่ถึงหรือเกินเกณฑ์อ้างอิง
snap beans canned,66,0.4,0.1,15.4,0.0,3.5,6.6,0.0,0.09,0.0045,0.0,0.5,0.6153846153846154,5.133333333333334,26.400000000000002,0.0,Low,0,ยังไม่พบตัวชี้วัดที่ถึงหรือเกินเกณฑ์อ้างอิง
navy beans canned,296,1.1,0.3,53.6,0.7,19.7,13.4,0.0,1.2,0.06,0.0,1.5,1.6923076923076925,17.866666666666667,53.6,6.999999999999999,Low,0,ยังไม่พบตัวชี้วัดที่ถึงหรือเกินเกณฑ์อ้างอิง
mung beans raw,718,2.4,0.7,129.6,13.7,49.4,33.7,0.0,0.085,0.00425,0.0,3.4999999999999996,3.692307692307692,43.2,134.8,137.0,Medium,1,น้ำตาลถึงหรือเกินเกณฑ์ต่อมื้อ
adzuki beans raw,648,1.0,0.4,123.9,0.0,39.1,25.0,0.0,0.06,0.0029999999999999996,0.0,2.0,1.5384615384615385,41.300000000000004,100.0,0.0,Low,0,ยังไม่พบตัวชี้วัดที่ถึงหรือเกินเกณฑ์อ้างอิง
black turtle beans cooked,241,0.6,0.2,45.0,0.6,15.1,15.4,0.0,0.06,0.0029999999999999996,0.0,1.0,0.923076923076923,15.0,61.6,6.0,Low,0,ยังไม่พบตัวชี้วัดที่ถึงหรือเกินเกณฑ์อ้างอิง
pink lentils raw,662,4.2,0.7,113.6,0.0,47.9,20.7,0.0,0.092,0.0046,0.0,3.4999999999999996,6.461538461538462,37.86666666666667,82.8,0.0,Low,0,ยังไม่พบตัวชี้วัดที่ถึงหรือเกินเกณฑ์อ้างอิง
yellow beans raw,676,5.1,1.3,119.0,0.0,43.1,49.2,0.0,0.046,0.0023,0.0,6.5,7.846153846153846,39.666666666666664,196.8,0.0,Low,0,ยังไม่พบตัวชี้วัดที่ถึงหรือเกินเกณฑ์อ้างอิง
white beans cooked,249,0.6,0.2,44.9,0.6,17.4,11.3,0.0,0.045,0.00225,0.0,1.0,0.923076923076923,14.966666666666667,45.2,6.0,Low,0,ยังไม่พบตัวชี้วัดที่ถึงหรือเกินเกณฑ์อ้างอิง
lentils raw,678,2.0,0.3,115.4,3.9,49.5,58.6,0.0,0.039,0.00195,0.0,1.5,3.076923076923077,38.46666666666667,234.39999999999998,39.0,Low,0,ยังไม่พบตัวชี้วัดที่ถึงหรือเกินเกณฑ์อ้างอิง
cranberry beans cooked,241,0.8,0.2,43.3,0.0,16.5,17.7,0.0,0.4,0.02,0.0,1.0,1.2307692307692308,14.433333333333332,70.8,0.0,Low,0,ยังไม่พบตัวชี้วัดที่ถึงหรือเกินเกณฑ์อ้างอิง
chickpeas raw,728,12.1,1.3,121.3,21.4,38.6,34.8,0.0,0.005,0.00025,0.0,6.5,18.615384615384613,40.43333333333333,139.2,213.99999999999997,Medium,1,น้ำตาลถึงหรือเกินเกณฑ์ต่อมื้อ
lentils cooked,230,0.8,0.1,39.9,3.6,17.9,15.6,0.0,0.016,0.0007999999999999999,0.0,0.5,1.2307692307692308,13.3,62.4,36.0,Low,0,ยังไม่พบตัวชี้วัดที่ถึงหรือเกินเกณฑ์อ้างอิง
baked beans canned,239,0.9,0.2,53.7,20.2,12.1,10.4,0.0,0.9,0.045,0.0,1.0,1.3846153846153846,17.900000000000002,41.6,202.0,Medium,1,น้ำตาลถึงหรือเกินเกณฑ์ต่อมื้อ
cranberry beans canned,216,0.7,0.2,39.3,0.0,14.4,16.4,0.0,0.9,0.045,0.0,1.0,1.0769230769230769,13.099999999999998,65.6,0.0,Low,0,ยังไม่พบตัวชี้วัดที่ถึงหรือเกินเกณฑ์อ้างอิง
black beans cooked,227,0.9,0.2,40.8,0.0,15.2,15.0,0.0,0.008,0.00039999999999999996,0.0,1.0,1.3846153846153846,13.599999999999998,60.0,0.0,Low,0,ยังไม่พบตัวชี้วัดที่ถึงหรือเกินเกณฑ์อ้างอิง
lima beans cooked,216,0.7,0.2,39.3,5.5,14.7,13.2,0.0,0.012,0.0006000000000000001,0.0,1.0,1.0769230769230769,13.099999999999998,52.800000000000004,55.00000000000001,Low,0,ยังไม่พบตัวชี้วัดที่ถึงหรือเกินเกณฑ์อ้างอิง
mungo beans raw,706,3.4,0.2,122.1,0.0,52.2,37.9,0.0,0.004,0.00019999999999999998,0.0,1.0,5.230769230769231,40.699999999999996,151.6,0.0,Low,0,ยังไม่พบตัวชี้วัดที่ถึงหรือเกินเกณฑ์อ้างอิง
pigeon peas raw,703,3.1,0.7,128.7,0.0,44.5,30.8,0.0,0.04,0.002,0.0,3.4999999999999996,4.769230769230769,42.89999999999999,123.2,0.0,Low,0,ยังไม่พบตัวชี้วัดที่ถึงหรือเกินเกณฑ์อ้างอิง
fava beans canned,182,0.6,0.092,31.8,0.0,14.0,9.5,0.0,1.2,0.06,0.0,0.45999999999999996,0.923076923076923,10.6,38.0,0.0,Low,0,ยังไม่พบตัวชี้วัดที่ถึงหรือเกินเกณฑ์อ้างอิง
yellow snap beans raw,31,0.1,0.097,7.1,0.0,1.8,3.4,0.0,0.085,0.00425,0.0,0.485,0.15384615384615385,2.3666666666666667,13.600000000000001,0.0,Low,0,ยังไม่พบตัวชี้วัดที่ถึงหรือเกินเกณฑ์อ้างอิง
snap beans raw,31,0.2,0.051,7.0,3.3,1.8,2.7,0.0,0.025,0.00125,0.0,0.25499999999999995,0.3076923076923077,2.3333333333333335,10.8,32.99999999999999,Low,0,ยังไม่พบตัวชี้วัดที่ถึงหรือเกินเกณฑ์อ้างอิง
yellow snap beans canned,36,0.2,0.076,8.4,0.0,1.9,3.6,0.0,0.6,0.03,0.0,0.38,0.3076923076923077,2.8000000000000003,14.400000000000002,0.0,Low,0,ยังไม่พบตัวชี้วัดที่ถึงหรือเกินเกณฑ์อ้างอิง
pigeon peas cooked,203,0.6,0.1,39.1,0.0,11.4,11.3,0.0,0.036,0.0017999999999999997,0.0,0.5,0.923076923076923,13.033333333333333,45.2,0.0,Low,0,ยังไม่พบตัวชี้วัดที่ถึงหรือเกินเกณฑ์อ้างอิง
catjang cowpeas raw,573,3.5,0.9,99.6,0.0,39.8,17.9,0.0,0.07,0.0035000000000000005,0.0,4.5,5.384615384615385,33.199999999999996,71.6,0.0,Low,0,ยังไม่พบตัวชี้วัดที่ถึงหรือเกินเกณฑ์อ้างอิง
navy beans cooked,255,1.1,0.2,47.4,0.7,15.0,19.1,0.0,0.4,0.02,0.0,1.0,1.6923076923076925,15.8,76.4,6.999999999999999,Low,0,ยังไม่พบตัวชี้วัดที่ถึงหรือเกินเกณฑ์อ้างอิง
mothbeans raw,672,3.2,0.7,120.6,0.0,45.0,0.0,0.0,0.001,4.9999999999999996e-05,0.0,3.4999999999999996,4.923076923076923,40.199999999999996,0.0,0.0,Low,0,ยังไม่พบตัวชี้วัดที่ถึงหรือเกินเกณฑ์อ้างอิง
cowpeas cooked,81,0.4,0.037,14.5,2.3,5.4,4.6,0.0,0.037,0.0018499999999999999,0.0,0.185,0.6153846153846154,4.833333333333333,18.4,23.0,Low,0,ยังไม่พบตัวชี้วัดที่ถึงหรือเกินเกณฑ์อ้างอิง
mothbeans cooked,207,1.0,0.2,37.1,0.0,13.8,0.0,0.0,0.086,0.004299999999999999,0.0,1.0,1.5384615384615385,12.366666666666667,0.0,0.0,Low,0,ยังไม่พบตัวชี้วัดที่ถึงหรือเกินเกณฑ์อ้างอิง
french beans cooked,228,1.3,0.1,42.5,0.0,12.5,16.6,0.0,0.003,0.00015000000000000001,0.0,0.5,2.0,14.166666666666666,66.4,0.0,Low,0,ยังไม่พบตัวชี้วัดที่ถึงหรือเกินเกณฑ์อ้างอิง
lima beans raw,602,1.2,0.3,112.8,15.1,38.2,33.8,0.0,0.078,0.0039,0.0,1.5,1.846153846153846,37.6,135.2,151.0,Medium,1,น้ำตาลถึงหรือเกินเกณฑ์ต่อมื้อ
winged beans raw,744,29.7,4.2,75.9,0.0,54.0,47.1,0.0,0.09,0.0045,0.0,21.000000000000004,45.69230769230769,25.3,188.4,0.0,Low,0,ยังไม่พบตัวชี้วัดที่ถึงหรือเกินเกณฑ์อ้างอิง
adzuki beans cooked,294,0.2,0.067,57.0,0.0,17.3,16.8,0.0,0.079,0.0039499999999999995,0.0,0.335,0.3076923076923077,19.0,67.2,0.0,Low,0,ยังไม่พบตัวชี้วัดที่ถึงหรือเกินเกณฑ์อ้างอิง
black beans raw,662,2.8,0.7,121.0,4.1,41.9,30.1,0.0,0.065,0.0032500000000000003,0.0,3.4999999999999996,4.3076923076923075,40.33333333333333,120.39999999999999,41.0,Low,0,ยังไม่พบตัวชี้วัดที่ถึงหรือเกินเกณฑ์อ้างอิง
catjang cowpeas cooked,200,1.2,0.3,34.7,0.0,13.9,6.2,0.0,0.021,0.0010500000000000002,0.0,1.5,1.846153846153846,11.566666666666668,24.8,0.0,Low,0,ยังไม่พบตัวชี้วัดที่ถึงหรือเกินเกณฑ์อ้างอิง
baby lima beans cooked,189,0.5,0.1,35.0,2.5,12.0,10.8,0.0,0.064,0.0031999999999999997,0.0,0.5,0.7692307692307693,11.666666666666666,43.2,25.0,Low,0,ยังไม่พบตัวชี้วัดที่ถึงหรือเกินเกณฑ์อ้างอิง
cowpeas raw,41,0.3,0.082,8.9,4.7,3.1,3.1,0.0,0.026,0.0013,0.0,0.41000000000000003,0.4615384615384615,2.966666666666667,12.4,47.0,Low,0,ยังไม่พบตัวชี้วัดที่ถึงหรือเกินเกณฑ์อ้างอิง
shellie beans canned,74,0.5,0.034,15.2,1.5,4.3,8.3,0.0,0.8,0.04,0.0,0.17,0.7692307692307693,5.066666666666666,33.2,15.0,Low,0,ยังไม่พบตัวชี้วัดที่ถึงหรือเกินเกณฑ์อ้างอิง
yardlong beans raw,579,2.2,0.6,103.4,0.0,40.6,18.4,0.0,0.057,0.00285,0.0,3.0,3.384615384615385,34.46666666666667,73.6,0.0,Low,0,ยังไม่พบตัวชี้วัดที่ถึงหรือเกินเกณฑ์อ้างอิง
pinto beans canned,197,1.3,0.3,36.4,2.4,11.0,11.0,0.0,0.6,0.03,0.0,1.5,2.0,12.133333333333333,44.0,24.0,Low,0,ยังไม่พบตัวชี้วัดที่ถึงหรือเกินเกณฑ์อ้างอิง
chickpeas cooked,269,4.2,0.4,45.0,7.9,14.5,12.5,0.0,0.08,0.004,0.0,2.0,6.461538461538462,15.0,50.0,79.0,Low,0,ยังไม่พบตัวชี้วัดที่ถึงหรือเกินเกณฑ์อ้างอิง
cranberry beans raw,653,2.4,0.6,117.1,0.0,44.9,48.2,0.0,0.014,0.0007,0.0,3.0,3.692307692307692,39.03333333333333,192.8,0.0,Low,0,ยังไม่พบตัวชี้วัดที่ถึงหรือเกินเกณฑ์อ้างอิง
mungo beans cooked,189,1.0,0.065,33.0,3.6,13.6,11.5,0.0,0.083,0.00415,0.0,0.325,1.5384615384615385,11.0,46.0,36.0,Low,0,ยังไม่พบตัวชี้วัดที่ถึงหรือเกินเกณฑ์อ้างอิง
tamarinds,5,0.013,0.023,1.3,0.8,0.057,0.1,0.0,0.007,0.00035,0.0,0.11499999999999999,0.019999999999999997,0.4333333333333333,0.4,8.0,Low,0,ยังไม่พบตัวชี้วัดที่ถึงหรือเกินเกณฑ์อ้างอิง
yellow snap beans cooked,44,0.4,0.037,9.9,4.5,2.4,4.1,0.0,0.096,0.0048000000000000004,0.0,0.185,0.6153846153846154,3.3000000000000003,16.4,45.0,Low,0,ยังไม่พบตัวชี้วัดที่ถึงหรือเกินเกณฑ์อ้างอิง
yardlong beans cooked,202,0.8,0.2,36.1,0.0,14.2,6.5,0.0,0.059,0.00295,0.0,1.0,1.2307692307692308,12.033333333333333,26.0,0.0,Low,0,ยังไม่พบตัวชี้วัดที่ถึงหรือเกินเกณฑ์อ้างอิง
bacon beef steak,146,12.5,4.5,0.2,0.2,8.2,0.0,28.9,0.4,0.02,9.633333333333333,22.5,19.230769230769234,0.06666666666666668,0.0,2.0,Low,0,ยังไม่พบตัวชี้วัดที่ถึงหรือเกินเกณฑ์อ้างอิง
lamb foreshank raw,912,60.7,26.4,0.0,0.0,85.8,0.0,326.6,0.3,0.015,108.86666666666667,131.99999999999997,93.38461538461539,0.0,0.0,0.0,Medium,1,โคเลสเตอรอลถึงหรือเกินเกณฑ์อ้างอิงต่อวัน | ไขมันอิ่มตัวถึงหรือเกินเกณฑ์อ้างอิงต่อวัน
bacon,106,10.2,0.0,0.2,0.2,3.3,0.0,0.0,0.1,0.005,0.0,0.0,15.692307692307692,0.06666666666666668,0.0,2.0,Low,0,ยังไม่พบตัวชี้วัดที่ถึงหรือเกินเกณฑ์อ้างอิง
lamb rib cooked,915,76.0,32.6,0.0,0.0,53.9,0.0,247.4,0.2,0.01,82.46666666666667,163.0,116.92307692307693,0.0,0.0,0.0,Medium,1,ไขมันอิ่มตัวถึงหรือเกินเกณฑ์อ้างอิงต่อวัน
lamb shank raw,912,61.2,26.3,0.0,0.0,84.3,0.0,303.9,0.3,0.015,101.29999999999998,131.5,94.15384615384616,0.0,0.0,0.0,Medium,1,โคเลสเตอรอลถึงหรือเกินเกณฑ์อ้างอิงต่อวัน | ไขมันอิ่มตัวถึงหรือเกินเกณฑ์อ้างอิงต่อวัน
scrapple,60,3.9,1.3,4.0,0.063,2.3,0.052,13.9,0.1,0.005,4.633333333333334,6.5,6.0,1.3333333333333335,0.208,0.63,Low,0,ยังไม่พบตัวชี้วัดที่ถึงหรือเกินเกณฑ์อ้างอิง
chicken nuggets,61,4.1,0.7,3.0,0.039,3.2,0.2,8.6,0.1,0.005,2.8666666666666667,3.4999999999999996,6.3076923076923075,1.0,0.8,0.38999999999999996,Low,0,ยังไม่พบตัวชี้วัดที่ถึงหรือเกินเกณฑ์อ้างอิง
ground lamb cooked,886,61.5,25.4,0.0,0.0,77.5,0.0,303.6,0.3,0.015,101.2,127.0,94.61538461538461,0.0,0.0,0.0,Medium,1,โคเลสเตอรอลถึงหรือเกินเกณฑ์อ้างอิงต่อวัน | ไขมันอิ่มตัวถึงหรือเกินเกณฑ์อ้างอิงต่อวัน
lamb meat cooked,678,45.0,18.6,0.0,0.0,63.8,0.0,240.0,0.2,0.01,80.0,93.0,69.23076923076923,0.0,0.0,0.0,Low,0,ยังไม่พบตัวชี้วัดที่ถึงหรือเกินเกณฑ์อ้างอิง
meat extender,275,2.6,0.4,33.7,0.0,33.5,15.4,0.0,0.041,0.00205,0.0,2.0,4.0,11.233333333333334,61.6,0.0,Low,0,ยังไม่พบตัวชี้วัดที่ถึงหรือเกินเกณฑ์อ้างอิง
lamb leg raw,1043,77.4,33.7,0.0,0.0,81.2,0.0,313.0,0.3,0.015,104.33333333333333,168.5,119.07692307692308,0.0,0.0,0.0,Medium,1,โคเลสเตอรอลถึงหรือเกินเกณฑ์อ้างอิงต่อวัน | ไขมันอิ่มตัวถึงหรือเกินเกณฑ์อ้างอิงต่อวัน
lamb loin cooked,202,14.8,6.3,0.0,0.0,16.1,0.0,64.0,0.089,0.00445,21.333333333333336,31.5,22.76923076923077,0.0,0.0,0.0,Low,0,ยังไม่พบตัวชี้วัดที่ถึงหรือเกินเกณฑ์อ้างอิง
chicken patty,172,11.7,2.2,7.7,0.0,8.9,0.2,25.8,0.3,0.015,8.600000000000001,11.000000000000002,18.0,2.566666666666667,0.8,0.0,Low,0,ยังไม่พบตัวชี้วัดที่ถึงหรือเกินเกณฑ์อ้างอิง
lamb shank roasted,605,33.5,13.7,0.0,0.0,71.0,0.0,242.1,0.2,0.01,80.69999999999999,68.5,51.53846153846153,0.0,0.0,0.0,Low,0,ยังไม่พบตัวชี้วัดที่ถึงหรือเกินเกณฑ์อ้างอิง
barbecue loaf,40,2.0,0.7,1.5,0.0,3.6,0.0,8.5,0.3,0.015,2.833333333333333,3.4999999999999996,3.076923076923077,0.5,0.0,0.0,Low,0,ยังไม่พบตัวชี้วัดที่ถึงหรือเกินเกณฑ์อ้างอิง
lamb sirloin cooked,765,54.2,22.9,0.0,0.0,64.5,0.0,254.1,0.2,0.01,84.7,114.5,83.38461538461539,0.0,0.0,0.0,Medium,1,ไขมันอิ่มตัวถึงหรือเกินเกณฑ์อ้างอิงต่อวัน
poultry salad,26,1.8,0.4,1.0,0.0,1.5,0.0,3.9,0.079,0.0039499999999999995,1.3,2.0,2.769230769230769,0.33333333333333337,0.0,0.0,Low,0,ยังไม่พบตัวชี้วัดที่ถึงหรือเกินเกณฑ์อ้างอิง
ground lamb raw,80,6.6,2.9,0.0,0.0,4.7,0.0,20.7,0.05,0.0025,6.8999999999999995,14.499999999999998,10.153846153846153,0.0,0.0,0.0,Low,0,ยังไม่พบตัวชี้วัดที่ถึงหรือเกินเกณฑ์อ้างอิง
lamb loin raw,88,7.5,3.3,0.0,0.0,4.6,0.0,20.9,0.003,0.00015000000000000001,6.966666666666667,16.499999999999996,11.538461538461538,0.0,0.0,0.0,Low,0,ยังไม่พบตัวชี้วัดที่ถึงหรือเกินเกณฑ์อ้างอิง
lamb sirloin raw,1234,100.3,44.1,0.0,0.0,76.8,0.0,326.6,0.3,0.015,108.86666666666667,220.5,154.3076923076923,0.0,0.0,0.0,Medium,1,โคเลสเตอรอลถึงหรือเกินเกณฑ์อ้างอิงต่อวัน | ไขมันอิ่มตัวถึงหรือเกินเกณฑ์อ้างอิงต่อวัน
sausage patty mcdonalds,115,11.2,3.6,0.4,0.1,4.3,0.0,20.9,0.2,0.01,6.966666666666667,18.0,17.23076923076923,0.13333333333333336,0.0,1.0,Low,0,ยังไม่พบตัวชี้วัดที่ถึงหรือเกินเกณฑ์อ้างอิง
lamb foreshank cooked,360,19.9,8.3,0.0,0.0,42.0,0.0,156.9,0.1,0.005,52.300000000000004,41.5,30.61538461538461,0.0,0.0,0.0,Low,0,ยังไม่พบตัวชี้วัดที่ถึงหรือเกินเกณฑ์อ้างอิง
ham salad,97,7.0,2.3,4.8,0.0,3.9,0.0,16.7,0.5,0.025,5.566666666666666,11.5,10.76923076923077,1.6,0.0,0.0,Low,0,ยังไม่พบตัวชี้วัดที่ถึงหรือเกินเกณฑ์อ้างอิง
lamb rib raw,1687,156.0,68.8,0.0,0.0,65.9,0.0,344.7,0.3,0.015,114.9,344.0,240.0,0.0,0.0,0.0,Medium,1,โคเลสเตอรอลถึงหรือเกินเกณฑ์อ้างอิงต่อวัน | ไขมันอิ่มตัวถึงหรือเกินเกณฑ์อ้างอิงต่อวัน
lamb shoulder raw,1198,97.3,42.1,0.0,0.0,75.2,0.0,326.6,0.3,0.015,108.86666666666667,210.5,149.69230769230768,0.0,0.0,0.0,Medium,1,โคเลสเตอรอลถึงหรือเกินเกณฑ์อ้างอิงต่อวัน | ไขมันอิ่มตัวถึงหรือเกินเกณฑ์อ้างอิงต่อวัน
lamb meat raw,1102,84.6,36.6,0.0,0.0,79.6,0.0,317.5,0.3,0.015,105.83333333333333,183.0,130.15384615384616,0.0,0.0,0.0,Medium,1,โคเลสเตอรอลถึงหรือเกินเกณฑ์อ้างอิงต่อวัน | ไขมันอิ่มตัวถึงหรือเกินเกณฑ์อ้างอิงต่อวัน
lamb shoulder cooked,750,53.5,22.5,0.0,0.0,62.5,0.0,252.9,0.2,0.01,84.3,112.5,82.3076923076923,0.0,0.0,0.0,Medium,1,ไขมันอิ่มตัวถึงหรือเกินเกณฑ์อ้างอิงต่อวัน
mutton cooked,66,3.1,1.5,0.027,0.0,9.5,0.0,30.8,0.07,0.0035000000000000005,10.266666666666667,7.5,4.769230769230769,0.009000000000000001,0.0,0.0,Low,0,ยังไม่พบตัวชี้วัดที่ถึงหรือเกินเกณฑ์อ้างอิง
lamb leg cooked,684,43.7,18.3,0.0,0.0,67.7,0.0,246.5,0.2,0.01,82.16666666666667,91.5,67.23076923076924,0.0,0.0,0.0,Low,0,ยังไม่พบตัวชี้วัดที่ถึงหรือเกินเกณฑ์อ้างอิง
beef stick,110,9.9,4.2,1.1,0.0,4.3,0.0,26.6,0.3,0.015,8.866666666666667,21.000000000000004,15.230769230769232,0.3666666666666667,0.0,0.0,Low,0,ยังไม่พบตัวชี้วัดที่ถึงหรือเกินเกณฑ์อ้างอิง
veal sirloin cooked,517,26.9,10.6,0.0,0.0,64.1,0.0,221.4,0.2,0.01,73.8,53.0,41.38461538461538,0.0,0.0,0.0,Low,0,ยังไม่พบตัวชี้วัดที่ถึงหรือเกินเกณฑ์อ้างอิง
veal rib cooked,444,22.2,8.8,0.0,0.0,57.4,0.0,246.0,0.2,0.01,82.0,44.00000000000001,34.15384615384615,0.0,0.0,0.0,Low,0,ยังไม่พบตัวชี้วัดที่ถึงหรือเกินเกณฑ์อ้างอิง
veal meat cooked,483,23.8,8.9,0.0,0.0,62.9,0.0,238.3,0.2,0.01,79.43333333333334,44.5,36.61538461538461,0.0,0.0,0.0,Low,0,ยังไม่พบตัวชี้วัดที่ถึงหรือเกินเกณฑ์อ้างอิง
beef rib roasted,238,19.1,7.7,0.0,0.0,15.4,0.0,57.0,0.01,0.0005,19.0,38.5,29.384615384615387,0.0,0.0,0.0,Low,0,ยังไม่พบตัวชี้วัดที่ถึงหรือเกินเกณฑ์อ้างอิง
veal sirloin raw,689,35.4,15.2,0.0,0.0,86.5,0.0,353.8,0.3,0.015,117.93333333333334,76.0,54.46153846153846,0.0,0.0,0.0,Medium,1,โคเลสเตอรอลถึงหรือเกินเกณฑ์อ้างอิงต่อวัน
beef top loin filet grilled,323,19.0,6.5,0.8,0.0,37.0,0.0,116.1,0.1,0.005,38.699999999999996,32.5,29.230769230769234,0.2666666666666667,0.0,0.0,Low,0,ยังไม่พบตัวชี้วัดที่ถึงหรือเกินเกณฑ์อ้างอิง
beef under blade steak cooked,983,46.7,17.9,0.0,0.0,140.8,0.0,480.4,0.3,0.015,160.13333333333333,89.49999999999999,71.84615384615385,0.0,0.0,0.0,Medium,1,โคเลสเตอรอลถึงหรือเกินเกณฑ์อ้างอิงต่อวัน
mock tender steak raw,244,8.3,3.6,0.0,0.0,42.2,0.0,132.7,0.2,0.01,44.23333333333333,18.0,12.769230769230772,0.0,0.0,0.0,Low,0,ยังไม่พบตัวชี้วัดที่ถึงหรือเกินเกณฑ์อ้างอิง
ground beef cooked,375,24.8,10.0,0.0,0.0,35.5,0.0,122.3,0.1,0.005,40.766666666666666,50.0,38.15384615384615,0.0,0.0,0.0,Low,0,ยังไม่พบตัวชี้วัดที่ถึงหรือเกินเกณฑ์อ้างอิง
ground beef raw,1506,136.1,51.2,0.0,0.0,65.1,0.0,353.8,0.3,0.015,117.93333333333334,256.0,209.38461538461536,0.0,0.0,0.0,Medium,1,โคเลสเตอรอลถึงหรือเกินเกณฑ์อ้างอิงต่อวัน | ไขมันอิ่มตัวถึงหรือเกินเกณฑ์อ้างอิงต่อวัน
beef diced asda,48,0.7,0.3,10.5,0.054,0.0,0.0,0.0,0.0,0.0,0.0,1.5,1.0769230769230769,3.5000000000000004,0.0,0.54,Low,0,ยังไม่พบตัวชี้วัดที่ถึงหรือเกินเกณฑ์อ้างอิง
veal rib raw,735,40.9,16.8,0.0,0.0,85.5,0.0,372.0,0.4,0.02,124.0,84.00000000000001,62.92307692307693,0.0,0.0,0.0,Medium,1,โคเลสเตอรอลถึงหรือเกินเกณฑ์อ้างอิงต่อวัน
ground veal raw,41,1.9,0.8,0.0,0.0,5.5,0.0,23.2,0.029,0.00145,7.733333333333333,4.0,2.923076923076923,0.0,0.0,0.0,Low,0,ยังไม่พบตัวชี้วัดที่ถึงหรือเกินเกณฑ์อ้างอิง
t bone steak cooked,1049,74.1,30.3,0.0,0.0,89.3,0.0,301.3,0.2,0.01,100.43333333333334,151.5,113.99999999999999,0.0,0.0,0.0,Medium,1,โคเลสเตอรอลถึงหรือเกินเกณฑ์อ้างอิงต่อวัน | ไขมันอิ่มตัวถึงหรือเกินเกณฑ์อ้างอิงต่อวัน
veal leg round raw,531,14.0,5.4,0.0,0.0,95.2,0.0,353.8,0.3,0.015,117.93333333333334,27.0,21.53846153846154,0.0,0.0,0.0,Medium,1,โคเลสเตอรอลถึงหรือเกินเกณฑ์อ้างอิงต่อวัน
beef top sirloin steak raw,1222,77.3,31.2,0.0,0.0,123.4,0.0,456.0,0.3,0.015,152.0,156.0,118.9230769230769,0.0,0.0,0.0,Medium,1,โคเลสเตอรอลถึงหรือเกินเกณฑ์อ้างอิงต่อวัน | ไขมันอิ่มตัวถึงหรือเกินเกณฑ์อ้างอิงต่อวัน
beef plate steak grilled,508,35.6,12.9,0.0,0.0,47.1,0.0,177.5,0.1,0.005,59.166666666666664,64.5,54.769230769230774,0.0,0.0,0.0,Low,0,ยังไม่พบตัวชี้วัดที่ถึงหรือเกินเกณฑ์อ้างอิง
ground veal cooked,514,22.6,9.1,0.0,0.0,72.9,0.0,308.0,0.2,0.01,102.66666666666666,45.49999999999999,34.76923076923077,0.0,0.0,0.0,Medium,1,โคเลสเตอรอลถึงหรือเกินเกณฑ์อ้างอิงต่อวัน
veal leg round cooked,574,17.2,6.9,0.0,0.0,98.4,0.0,364.5,0.2,0.01,121.50000000000001,34.5,26.46153846153846,0.0,0.0,0.0,Medium,1,โคเลสเตอรอลถึงหรือเกินเกณฑ์อ้างอิงต่อวัน
porterhouse steak raw,1170,91.1,36.4,0.0,0.0,81.6,0.0,308.4,0.2,0.01,102.8,181.99999999999997,140.15384615384613,0.0,0.0,0.0,Medium,1,โคเลสเตอรอลถึงหรือเกินเกณฑ์อ้างอิงต่อวัน | ไขมันอิ่มตัวถึงหรือเกินเกณฑ์อ้างอิงต่อวัน
veal shank raw,513,15.8,4.8,0.0,0.0,86.9,0.0,340.2,0.4,0.02,113.39999999999999,24.0,24.307692307692307,0.0,0.0,0.0,Medium,1,โคเลสเตอรอลถึงหรือเกินเกณฑ์อ้างอิงต่อวัน
veal breast cooked,753,47.5,18.5,0.0,0.0,76.3,0.0,319.8,0.2,0.01,106.60000000000001,92.5,73.07692307692307,0.0,0.0,0.0,Medium,1,โคเลสเตอรอลถึงหรือเกินเกณฑ์อ้างอิงต่อวัน
corned beef canned,53,3.1,1.3,0.0,0.0,5.7,0.0,18.1,0.2,0.01,6.033333333333333,6.5,4.769230769230769,0.0,0.0,0.0,Low,0,ยังไม่พบตัวชี้วัดที่ถึงหรือเกินเกณฑ์อ้างอิง
rib eye steak grilled,680,47.7,21.2,0.0,0.0,62.4,0.0,195.8,0.1,0.005,65.26666666666668,106.0,73.38461538461539,0.0,0.0,0.0,Medium,1,ไขมันอิ่มตัวถึงหรือเกินเกณฑ์อ้างอิงต่อวัน
veal shoulder raw,0,0.0,0.0,0.0,0.0,0.0,0.0,0.0,0.0,0.0,0.0,0.0,0.0,0.0,0.0,0.0,Low,0,ยังไม่พบตัวชี้วัดที่ถึงหรือเกินเกณฑ์อ้างอิง
t bone steak raw,1052,76.3,30.4,0.0,0.0,85.7,0.0,281.2,0.2,0.01,93.73333333333332,152.0,117.38461538461537,0.0,0.0,0.0,Medium,1,ไขมันอิ่มตัวถึงหรือเกินเกณฑ์อ้างอิงต่อวัน
sirloin steak,324,14.1,5.2,0.0,0.0,49.5,0.0,144.4,0.6,0.03,48.13333333333333,26.0,21.69230769230769,0.0,0.0,0.0,Low,0,ยังไม่พบตัวชี้วัดที่ถึงหรือเกินเกณฑ์อ้างอิง
mock tender steak cooked,137,4.9,1.5,0.0,0.0,21.9,0.0,55.3,0.028,0.0014,18.433333333333334,7.5,7.538461538461538,0.0,0.0,0.0,Low,0,ยังไม่พบตัวชี้วัดที่ถึงหรือเกินเกณฑ์อ้างอิง
beef round steak cooked,385,12.1,4.3,0.0,0.0,64.8,0.0,174.3,0.011,0.00055,58.10000000000001,21.5,18.615384615384613,0.0,0.0,0.0,Low,0,ยังไม่พบตัวชี้วัดที่ถึงหรือเกินเกณฑ์อ้างอิง
chuck blade roast raw,1125,88.0,35.5,0.0,0.0,77.8,0.0,322.1,0.3,0.015,107.36666666666667,177.5,135.3846153846154,0.0,0.0,0.0,Medium,1,โคเลสเตอรอลถึงหรือเกินเกณฑ์อ้างอิงต่อวัน | ไขมันอิ่มตัวถึงหรือเกินเกณฑ์อ้างอิงต่อวัน
beef shoulder steak raw,349,17.3,7.5,0.0,0.0,48.2,0.0,164.9,0.2,0.01,54.96666666666666,37.5,26.61538461538462,0.0,0.0,0.0,Low,0,ยังไม่พบตัวชี้วัดที่ถึงหรือเกินเกณฑ์อ้างอิง
beef top blade cooked,184,10.0,3.3,0.0,0.0,21.9,0.0,51.9,0.002,9.999999999999999e-05,17.299999999999997,16.499999999999996,15.384615384615385,0.0,0.0,0.0,Low,0,ยังไม่พบตัวชี้วัดที่ถึงหรือเกินเกณฑ์อ้างอิง
corned beef cooked,53,4.0,1.3,0.006,0.0,3.8,0.0,20.6,0.2,0.01,6.866666666666667,6.5,6.153846153846154,0.002,0.0,0.0,Low,0,ยังไม่พบตัวชี้วัดที่ถึงหรือเกินเกณฑ์อ้างอิง
beef round steak raw,753,36.0,14.2,0.0,0.0,100.1,0.0,313.0,0.3,0.015,104.33333333333333,71.0,55.38461538461539,0.0,0.0,0.0,Medium,1,โคเลสเตอรอลถึงหรือเกินเกณฑ์อ้างอิงต่อวัน
beef shoulder steak grilled,155,5.8,2.5,0.0,0.0,24.0,0.0,68.9,0.014,0.0007,22.96666666666667,12.5,8.923076923076923,0.0,0.0,0.0,Low,0,ยังไม่พบตัวชี้วัดที่ถึงหรือเกินเกณฑ์อ้างอิง
chuck eye steak raw,856,62.8,26.7,0.0,0.0,72.4,0.0,261.1,0.3,0.015,87.03333333333335,133.5,96.61538461538461,0.0,0.0,0.0,Medium,1,ไขมันอิ่มตัวถึงหรือเกินเกณฑ์อ้างอิงต่อวัน
beef bottom round steak cooked,980,35.1,12.1,0.0,0.0,155.8,0.0,426.4,0.2,0.01,142.13333333333333,60.5,54.0,0.0,0.0,0.0,Medium,1,โคเลสเตอรอลถึงหรือเกินเกณฑ์อ้างอิงต่อวัน
porterhouse steak cooked,235,16.4,6.2,0.0,0.0,20.4,0.0,57.0,0.085,0.00425,19.0,31.0,25.23076923076923,0.0,0.0,0.0,Low,0,ยังไม่พบตัวชี้วัดที่ถึงหรือเกินเกณฑ์อ้างอิง
beef under blade steak raw,1235,80.8,32.6,0.0,0.0,126.8,0.0,431.0,0.3,0.015,143.66666666666669,163.0,124.30769230769229,0.0,0.0,0.0,Medium,1,โคเลสเตอรอลถึงหรือเกินเกณฑ์อ้างอิงต่อวัน | ไขมันอิ่มตัวถึงหรือเกินเกณฑ์อ้างอิงต่อวัน
beef plate steak raw,617,46.8,19.0,0.9,0.0,47.8,0.0,188.9,0.2,0.01,62.96666666666667,95.0,72.0,0.3,0.0,0.0,Low,0,ยังไม่พบตัวชี้วัดที่ถึงหรือเกินเกณฑ์อ้างอิง
beef meat canned,111,7.9,3.9,0.0,0.0,9.2,0.0,34.7,0.095,0.00475,11.566666666666668,19.5,12.153846153846153,0.0,0.0,0.0,Low,0,ยังไม่พบตัวชี้วัดที่ถึงหรือเกินเกณฑ์อ้างอิง
beef breakfast strips raw,92,8.8,3.6,0.2,0.0,2.8,0.0,18.5,0.2,0.01,6.166666666666667,18.0,13.53846153846154,0.06666666666666668,0.0,0.0,Low,0,ยังไม่พบตัวชี้วัดที่ถึงหรือเกินเกณฑ์อ้างอิง
beef brisket cooked,589,43.6,16.8,0.0,0.0,46.0,0.0,165.5,0.1,0.005,55.166666666666664,84.00000000000001,67.07692307692308,0.0,0.0,0.0,Low,0,ยังไม่พบตัวชี้วัดที่ถึงหรือเกินเกณฑ์อ้างอิง
corned beef raw,898,67.6,21.5,0.6,0.0,66.6,0.0,244.9,5.5,0.27499999999999997,81.63333333333334,107.5,103.99999999999999,0.2,0.0,0.0,Medium,1,ไขมันอิ่มตัวถึงหรือเกินเกณฑ์อ้างอิงต่อวัน
beef mince meat asda,55,3.1,1.3,6.8,0.054,0.0,0.0,0.0,0.0,0.0,0.0,6.5,4.769230769230769,2.2666666666666666,0.0,0.54,Low,0,ยังไม่พบตัวชี้วัดที่ถึงหรือเกินเกณฑ์อ้างอิง
pastrami beef fat free,9,0.1,0.0,0.1,0.0,1.9,0.0,4.5,0.005,0.00025,1.5,0.0,0.15384615384615385,0.03333333333333334,0.0,0.0,Low,0,ยังไม่พบตัวชี้วัดที่ถึงหรือเกินเกณฑ์อ้างอิง
rib eye steak raw,743,54.5,24.0,0.4,0.0,62.8,0.0,221.7,0.2,0.01,73.9,120.0,83.84615384615385,0.13333333333333336,0.0,0.0,Medium,1,ไขมันอิ่มตัวถึงหรือเกินเกณฑ์อ้างอิงต่อวัน
beef tenderloin steak cooked,374,24.0,9.4,0.0,0.0,37.0,0.0,135.8,0.061,0.0030499999999999998,45.26666666666667,47.0,36.92307692307693,0.0,0.0,0.0,Low,0,ยังไม่พบตัวชี้วัดที่ถึงหรือเกินเกณฑ์อ้างอิง
chuck blade roast cooked,842,62.0,24.7,0.0,0.0,66.1,0.0,256.9,0.2,0.01,85.63333333333333,123.49999999999999,95.38461538461539,0.0,0.0,0.0,Medium,1,ไขมันอิ่มตัวถึงหรือเกินเกณฑ์อ้างอิงต่อวัน
cured beef dried,4,0.019,0.086,0.06,0.006,0.9,0.0,2.2,0.049,0.0024500000000000004,0.7333333333333334,0.43,0.02923076923076923,0.019999999999999997,0.0,0.060000000000000005,Low,0,ยังไม่พบตัวชี้วัดที่ถึงหรือเกินเกณฑ์อ้างอิง
beef flank steak cooked,380,17.5,7.2,0.0,0.0,51.8,0.0,152.3,0.068,0.0034,50.76666666666667,36.0,26.923076923076923,0.0,0.0,0.0,Low,0,ยังไม่พบตัวชี้วัดที่ถึงหรือเกินเกณฑ์อ้างอิง
chuck eye steak grilled,853,60.5,26.7,0.0,0.0,76.9,0.0,268.0,0.2,0.01,89.33333333333333,133.5,93.07692307692308,0.0,0.0,0.0,Medium,1,ไขมันอิ่มตัวถึงหรือเกินเกณฑ์อ้างอิงต่อวัน
veal meat raw,653,30.7,12.7,0.0,0.0,87.8,0.0,372.0,0.4,0.02,124.0,63.5,47.23076923076923,0.0,0.0,0.0,Medium,1,โคเลสเตอรอลถึงหรือเกินเกณฑ์อ้างอิงต่อวัน
veal loin cooked,80,4.9,1.9,0.0,0.0,8.5,0.0,33.4,0.001,4.9999999999999996e-05,11.133333333333333,9.5,7.538461538461538,0.0,0.0,0.0,Low,0,ยังไม่พบตัวชี้วัดที่ถึงหรือเกินเกณฑ์อ้างอิง
veal loin raw,46,2.6,1.1,0.0,0.0,5.3,0.0,22.4,0.079,0.0039499999999999995,7.466666666666666,5.500000000000001,4.0,0.0,0.0,0.0,Low,0,ยังไม่พบตัวชี้วัดที่ถึงหรือเกินเกณฑ์อ้างอิง
veal shoulder cooked,435,19.4,7.2,0.0,0.0,61.2,0.0,240.7,0.2,0.01,80.23333333333333,36.0,29.846153846153843,0.0,0.0,0.0,Low,0,ยังไม่พบตัวชี้วัดที่ถึงหรือเกินเกณฑ์อ้างอิง
beef tenderloin steak raw,405,29.8,12.0,0.0,0.0,32.2,0.0,139.4,0.032,0.0015999999999999999,46.46666666666667,60.0,45.84615384615385,0.0,0.0,0.0,Low,0,ยังไม่พบตัวชี้วัดที่ถึงหรือเกินเกณฑ์อ้างอิง
veal shank cooked,371,12.0,4.0,0.0,0.0,61.2,0.0,240.6,0.2,0.01,80.19999999999999,20.0,18.461538461538463,0.0,0.0,0.0,Low,0,ยังไม่พบตัวชี้วัดที่ถึงหรือเกินเกณฑ์อ้างอิง
beef brisket raw,1139,86.5,34.2,0.0,0.0,83.6,0.0,308.4,0.3,0.015,102.8,171.00000000000003,133.07692307692307,0.0,0.0,0.0,Medium,1,โคเลสเตอรอลถึงหรือเกินเกณฑ์อ้างอิงต่อวัน | ไขมันอิ่มตัวถึงหรือเกินเกณฑ์อ้างอิงต่อวัน
pastrami beef,104,4.1,1.9,0.3,0.08,15.5,0.0,48.3,0.8,0.04,16.1,9.5,6.3076923076923075,0.1,0.0,0.8,Low,0,ยังไม่พบตัวชี้วัดที่ถึงหรือเกินเกณฑ์อ้างอิง
beef flank steak raw,47,2.3,1.0,0.0,0.0,6.0,0.0,19.2,0.054,0.0026999999999999997,6.4,5.0,3.5384615384615383,0.0,0.0,0.0,Low,0,ยังไม่พบตัวชี้วัดที่ถึงหรือเกินเกณฑ์อ้างอิง
beef top sirloin steak cooked,430,25.2,9.9,0.0,0.0,47.7,0.0,162.8,0.055,0.0027500000000000003,54.26666666666667,49.5,38.76923076923077,0.0,0.0,0.0,Low,0,ยังไม่พบตัวชี้วัดที่ถึงหรือเกินเกณฑ์อ้างอิง
veal breast raw,943,66.9,26.7,0.0,0.0,79.2,0.0,322.1,0.3,0.015,107.36666666666667,133.5,102.92307692307693,0.0,0.0,0.0,Medium,1,โคเลสเตอรอลถึงหรือเกินเกณฑ์อ้างอิงต่อวัน | ไขมันอิ่มตัวถึงหรือเกินเกณฑ์อ้างอิงต่อวัน
beef rib raw,1433,123.8,51.2,0.0,0.0,73.8,0.0,322.1,0.2,0.01,107.36666666666667,256.0,190.46153846153845,0.0,0.0,0.0,Medium,1,โคเลสเตอรอลถึงหรือเกินเกณฑ์อ้างอิงต่อวัน | ไขมันอิ่มตัวถึงหรือเกินเกณฑ์อ้างอิงต่อวัน
beef jerky,82,5.1,2.2,2.2,1.8,6.6,0.4,9.6,0.4,0.02,3.2,11.000000000000002,7.846153846153846,0.7333333333333334,1.6,18.0,Low,0,ยังไม่พบตัวชี้วัดที่ถึงหรือเกินเกณฑ์อ้างอิง
beef breakfast strips cooked,51,3.9,1.6,0.2,0.0,3.5,0.0,13.4,0.3,0.015,4.466666666666667,8.0,6.0,0.06666666666666668,0.0,0.0,Low,0,ยังไม่พบตัวชี้วัดที่ถึงหรือเกินเกณฑ์อ้างอิง
pork olive loaf,66,4.6,1.6,2.6,0.0,3.3,0.0,10.6,0.3,0.015,3.5333333333333337,8.0,7.076923076923077,0.8666666666666666,0.0,0.0,Low,0,ยังไม่พบตัวชี้วัดที่ถึงหรือเกินเกณฑ์อ้างอิง
beef luncheon meat jellied,31,0.9,0.4,0.0,0.0,5.3,0.0,9.5,0.4,0.02,3.166666666666667,2.0,1.3846153846153846,0.0,0.0,0.0,Low,0,ยังไม่พบตัวชี้วัดที่ถึงหรือเกินเกณฑ์อ้างอิง
turkey pastrami,38,1.8,0.5,0.5,1.0,4.6,0.062,19.4,0.3,0.015,6.466666666666667,2.5,2.769230769230769,0.16666666666666669,0.248,10.0,Low,0,ยังไม่พบตัวชี้วัดที่ถึงหรือเกินเกณฑ์อ้างอิง
pork salami,41,3.4,1.2,0.2,0.0,2.3,0.0,7.9,0.2,0.01,2.6333333333333333,6.0,5.230769230769231,0.06666666666666668,0.0,0.0,Low,0,ยังไม่พบตัวชี้วัดที่ถึงหรือเกินเกณฑ์อ้างอิง
canadian style bacon raw,45,2.0,0.6,0.5,0.0,5.9,0.0,14.3,0.3,0.015,4.766666666666667,3.0,3.076923076923077,0.16666666666666669,0.0,0.0,Low,0,ยังไม่พบตัวชี้วัดที่ถึงหรือเกินเกณฑ์อ้างอิง
honey loaf,85,3.6,1.3,2.6,2.6,9.9,0.0,26.2,0.4,0.02,8.733333333333333,6.5,5.538461538461538,0.8666666666666666,0.0,26.0,Low,0,ยังไม่พบตัวชี้วัดที่ถึงหรือเกินเกณฑ์อ้างอิง
pork beef salami,37,3.1,1.1,0.076,0.008,2.1,0.0,10.6,0.2,0.01,3.5333333333333337,5.500000000000001,4.769230769230769,0.025333333333333333,0.0,0.08,Low,0,ยังไม่พบตัวชี้วัดที่ถึงหรือเกินเกณฑ์อ้างอิง
beef pork bologna,92,7.4,2.8,1.6,1.3,4.6,0.0,18.0,0.3,0.015,6.0,13.999999999999998,11.384615384615385,0.5333333333333334,0.0,13.0,Low,0,ยังไม่พบตัวชี้วัดที่ถึงหรือเกินเกณฑ์อ้างอิง
pork beef salami cooked,41,3.2,1.1,0.3,0.1,2.7,0.0,10.9,0.2,0.01,3.6333333333333337,5.500000000000001,4.923076923076923,0.1,0.0,1.0,Low,0,ยังไม่พบตัวชี้วัดที่ถึงหรือเกินเกณฑ์อ้างอิง
pork breakfast strips raw,88,8.4,2.9,0.2,0.0,2.7,0.0,15.6,0.2,0.01,5.2,14.499999999999998,12.923076923076923,0.06666666666666668,0.0,0.0,Low,0,ยังไม่พบตัวชี้วัดที่ถึงหรือเกินเกณฑ์อ้างอิง
pickle pimiento loaf,86,6.1,2.0,3.2,3.2,4.3,0.6,22.0,0.4,0.02,7.333333333333333,10.0,9.384615384615385,1.0666666666666669,2.4,32.0,Low,0,ยังไม่พบตัวชี้วัดที่ถึงหรือเกินเกณฑ์อ้างอิง
luxury loaf,39,1.3,0.4,1.4,0.0,5.2,0.0,10.1,0.3,0.015,3.3666666666666663,2.0,2.0,0.4666666666666666,0.0,0.0,Low,0,ยังไม่พบตัวชี้วัดที่ถึงหรือเกินเกณฑ์อ้างอิง
mortadella,47,3.8,1.4,0.5,0.0,2.5,0.0,8.4,0.2,0.01,2.8000000000000003,6.999999999999999,5.846153846153846,0.16666666666666669,0.0,0.0,Low,0,ยังไม่พบตัวชี้วัดที่ถึงหรือเกินเกณฑ์อ้างอิง
pork bologna,69,5.6,1.9,0.2,0.0,4.3,0.0,16.5,0.3,0.015,5.5,9.5,8.615384615384615,0.06666666666666668,0.0,0.0,Low,0,ยังไม่พบตัวชี้วัดที่ถึงหรือเกินเกณฑ์อ้างอิง
turkey salami cooked,9,0.5,0.1,0.081,0.063,1.0,0.054,3.8,0.023,0.00115,1.2666666666666666,0.5,0.7692307692307693,0.027,0.216,0.63,Low,0,ยังไม่พบตัวชี้วัดที่ถึงหรือเกินเกณฑ์อ้างอิง
pepperoni beef,10,0.9,0.3,0.0,0.0,0.5,0.0,2.1,0.09,0.0045,0.7000000000000001,1.5,1.3846153846153846,0.0,0.0,0.0,Low,0,ยังไม่พบตัวชี้วัดที่ถึงหรือเกินเกณฑ์อ้างอิง
peppered loaf,42,1.8,0.6,1.3,1.3,4.9,0.0,13.1,0.2,0.01,4.366666666666666,3.0,2.769230769230769,0.4333333333333333,0.0,13.0,Low,0,ยังไม่พบตัวชี้วัดที่ถึงหรือเกินเกณฑ์อ้างอิง
luncheon meat beef,10,0.3,0.1,0.0,0.0,1.8,0.0,3.2,0.1,0.005,1.0666666666666669,0.5,0.4615384615384615,0.0,0.0,0.0,Low,0,ยังไม่พบตัวชี้วัดที่ถึงหรือเกินเกณฑ์อ้างอิง
lebanon bologna,98,6.0,1.6,0.3,0.0,10.8,0.0,31.4,0.8,0.04,10.466666666666665,8.0,9.230769230769232,0.1,0.0,0.0,Low,0,ยังไม่พบตัวชี้วัดที่ถึงหรือเกินเกณฑ์อ้างอิง
chicken pork bologna,94,8.6,2.8,1.2,0.0,2.9,0.0,24.4,0.3,0.015,8.133333333333333,13.999999999999998,13.23076923076923,0.4,0.0,0.0,Low,0,ยังไม่พบตัวชี้วัดที่ถึงหรือเกินเกณฑ์อ้างอิง
turkey roll,40,1.9,0.6,0.6,0.0,4.9,0.0,14.9,0.1,0.005,4.966666666666667,3.0,2.923076923076923,0.2,0.0,0.0,Low,0,ยังไม่พบตัวชี้วัดที่ถึงหรือเกินเกณฑ์อ้างอิง
beef salami cooked,68,5.8,2.6,0.5,0.4,3.3,0.0,18.5,0.3,0.015,6.166666666666667,13.0,8.923076923076923,0.16666666666666669,0.0,4.0,Low,0,ยังไม่พบตัวชี้วัดที่ถึงหรือเกินเกณฑ์อ้างอิง
yachtwurst cooked,150,12.7,4.4,0.8,0.0,8.3,0.0,35.8,0.5,0.025,11.933333333333332,22.000000000000004,19.538461538461537,0.2666666666666667,0.0,0.0,Low,0,ยังไม่พบตัวชี้วัดที่ถึงหรือเกินเกณฑ์อ้างอิง
italian salami,43,3.7,1.3,0.1,0.1,2.2,0.0,8.0,0.2,0.01,2.666666666666667,6.5,5.6923076923076925,0.03333333333333334,0.0,1.0,Low,0,ยังไม่พบตัวชี้วัดที่ถึงหรือเกินเกณฑ์อ้างอิง
turkey ham,38,1.6,0.1,0.3,0.1,5.5,0.0,18.8,0.3,0.015,6.266666666666667,0.5,2.4615384615384617,0.1,0.0,1.0,Low,0,ยังไม่พบตัวชี้วัดที่ถึงหรือเกินเกณฑ์อ้างอิง
turkey bologna,59,4.5,1.2,1.3,0.8,3.2,0.1,21.0,0.3,0.015,7.000000000000001,6.0,6.923076923076923,0.4333333333333333,0.4,8.0,Low,0,ยังไม่พบตัวชี้วัดที่ถึงหรือเกินเกณฑ์อ้างอิง
sliced turkey breast,17,0.6,0.1,0.4,0.1,2.4,0.0,7.8,0.1,0.005,2.6,0.5,0.923076923076923,0.13333333333333336,0.0,1.0,Low,0,ยังไม่พบตัวชี้วัดที่ถึงหรือเกินเกณฑ์อ้างอิง
luncheon meat pork beef,99,9.0,3.2,0.7,0.0,3.5,0.0,15.4,0.4,0.02,5.133333333333334,16.0,13.846153846153847,0.2333333333333333,0.0,0.0,Low,0,ยังไม่พบตัวชี้วัดที่ถึงหรือเกินเกณฑ์อ้างอิง
beef bologna,90,7.8,3.1,1.3,0.6,3.3,0.0,17.1,0.3,0.015,5.7,15.5,12.0,0.4333333333333333,0.0,6.0,Low,0,ยังไม่พบตัวชี้วัดที่ถึงหรือเกินเกณฑ์อ้างอิง
turkey bacon cooked,313,22.9,6.8,2.5,0.0,24.3,0.0,80.4,1.9,0.095,26.8,34.0,35.230769230769226,0.8333333333333334,0.0,0.0,Low,0,ยังไม่พบตัวชี้วัดที่ถึงหรือเกินเกณฑ์อ้างอิง
ground emu cooked,178,5.1,1.4,0.0,0.0,31.0,0.0,94.8,0.025,0.00125,31.6,6.999999999999999,7.846153846153846,0.0,0.0,0.0,Low,0,ยังไม่พบตัวชี้วัดที่ถึงหรือเกินเกณฑ์อ้างอิง
ostrich leg raw,94,1.5,0.5,0.0,0.0,19.0,0.0,56.1,0.067,0.00335,18.7,2.5,2.307692307692308,0.0,0.0,0.0,Low,0,ยังไม่พบตัวชี้วัดที่ถึงหรือเกินเกณฑ์อ้างอิง
ostrich strip raw,108,2.4,0.8,0.0,0.0,20.1,0.0,62.1,0.086,0.004299999999999999,20.700000000000003,4.0,3.692307692307692,0.0,0.0,0.0,Low,0,ยังไม่พบตัวชี้วัดที่ถึงหรือเกินเกณฑ์อ้างอิง
emu fillet cooked,607,9.1,2.3,0.0,0.0,123.2,0.0,323.1,0.2,0.01,107.70000000000002,11.5,13.999999999999998,0.0,0.0,0.0,Medium,1,โคเลสเตอรอลถึงหรือเกินเกณฑ์อ้างอิงต่อวัน
ostrich tenderloin raw,105,2.7,1.0,0.0,0.0,18.8,0.0,68.0,0.005,0.00025,22.666666666666664,5.0,4.153846153846154,0.0,0.0,0.0,Low,0,ยังไม่พบตัวชี้วัดที่ถึงหรือเกินเกณฑ์อ้างอิง
emu drums cooked,649,8.4,2.7,0.0,0.0,134.7,0.0,378.6,0.5,0.025,126.2,13.5,12.923076923076923,0.0,0.0,0.0,Medium,1,โคเลสเตอรอลถึงหรือเกินเกณฑ์อ้างอิงต่อวัน
green turtle raw,25,0.1,0.015,0.0,0.0,5.6,0.0,14.2,0.099,0.00495,4.733333333333333,0.075,0.15384615384615385,0.0,0.0,0.0,Low,0,ยังไม่พบตัวชี้วัดที่ถึงหรือเกินเกณฑ์อ้างอิง
ground bison cooked,448,21.6,8.7,0.0,0.0,63.6,0.0,177.5,0.2,0.01,59.166666666666664,43.49999999999999,33.23076923076923,0.0,0.0,0.0,Low,0,ยังไม่พบตัวชี้วัดที่ถึงหรือเกินเกณฑ์อ้างอิง
goat meat raw,494,10.5,3.2,0.0,0.0,93.4,0.0,258.6,0.4,0.02,86.20000000000002,16.0,16.153846153846153,0.0,0.0,0.0,Low,0,ยังไม่พบตัวชี้วัดที่ถึงหรือเกินเกณฑ์อ้างอิง
ground emu raw,157,4.7,1.2,0.0,0.0,26.6,0.0,80.7,0.062,0.0031000000000000003,26.900000000000002,6.0,7.230769230769231,0.0,0.0,0.0,Low,0,ยังไม่พบตัวชี้วัดที่ถึงหรือเกินเกณฑ์อ้างอิง
ground ostrich raw,180,9.5,2.4,0.0,0.0,22.0,0.0,77.4,0.021,0.0010500000000000002,25.8,12.0,14.615384615384617,0.0,0.0,0.0,Low,0,ยังไม่พบตัวชี้วัดที่ถึงหรือเกินเกณฑ์อ้างอิง
ostrich tip cooked,123,2.2,0.9,0.0,0.0,24.2,0.0,72.3,0.086,0.004299999999999999,24.099999999999998,4.5,3.384615384615385,0.0,0.0,0.0,Low,0,ยังไม่พบตัวชี้วัดที่ถึงหรือเกินเกณฑ์อ้างอิง
caribou cooked,210,6.4,2.5,0.0,0.0,38.0,0.0,141.2,0.004,0.00019999999999999998,47.06666666666666,12.5,9.846153846153847,0.0,0.0,0.0,Low,0,ยังไม่พบตัวชี้วัดที่ถึงหรือเกินเกณฑ์อ้างอิง
ground ostrich cooked,163,6.6,1.7,0.0,0.0,24.3,0.0,77.2,0.099,0.00495,25.733333333333334,8.5,10.153846153846153,0.0,0.0,0.0,Low,0,ยังไม่พบตัวชี้วัดที่ถึงหรือเกินเกณฑ์อ้างอิง
ostrich leg cooked,120,1.6,0.6,0.0,0.0,24.7,0.0,62.1,0.016,0.0007999999999999999,20.700000000000003,3.0,2.4615384615384617,0.0,0.0,0.0,Low,0,ยังไม่พบตัวชี้วัดที่ถึงหรือเกินเกณฑ์อ้างอิง
ostrich top loin cooked,132,3.3,1.1,0.0,0.0,23.9,0.0,79.1,0.029,0.00145,26.366666666666667,5.500000000000001,5.076923076923077,0.0,0.0,0.0,Low,0,ยังไม่พบตัวชี้วัดที่ถึงหรือเกินเกณฑ์อ้างอิง
ostrich strip cooked,139,3.6,1.5,0.0,0.0,25.0,0.0,82.5,0.034,0.0017,27.500000000000004,7.5,5.538461538461538,0.0,0.0,0.0,Low,0,ยังไม่พบตัวชี้วัดที่ถึงหรือเกินเกณฑ์อ้างอิง
ostrich tip raw,97,2.0,0.7,0.0,0.0,18.6,0.0,61.2,0.041,0.00205,20.400000000000002,3.4999999999999996,3.076923076923077,0.0,0.0,0.0,Low,0,ยังไม่พบตัวชี้วัดที่ถึงหรือเกินเกณฑ์อ้างอิง
ostrich round raw,99,2.0,0.7,0.0,0.0,18.7,0.0,60.4,0.074,0.0036999999999999997,20.133333333333333,3.4999999999999996,3.076923076923077,0.0,0.0,0.0,Low,0,ยังไม่พบตัวชี้วัดที่ถึงหรือเกินเกณฑ์อ้างอิง
ground bison raw,124,6.1,2.5,0.099,0.0,17.2,0.0,46.8,0.042,0.0021000000000000003,15.6,12.5,9.384615384615385,0.033,0.0,0.0,Low,0,ยังไม่พบตัวชี้วัดที่ถึงหรือเกินเกณฑ์อ้างอิง
ostrich fan raw,99,2.3,0.8,0.0,0.0,18.5,0.0,62.1,0.04,0.002,20.700000000000003,4.0,3.5384615384615383,0.0,0.0,0.0,Low,0,ยังไม่พบตัวชี้วัดที่ถึงหรือเกินเกณฑ์อ้างอิง
ostrich top loin raw,101,2.5,1.0,0.0,0.0,18.4,0.0,63.8,0.073,0.00365,21.266666666666666,5.0,3.8461538461538463,0.0,0.0,0.0,Low,0,ยังไม่พบตัวชี้วัดที่ถึงหรือเกินเกณฑ์อ้างอิง
veal brain cooked,461,32.6,7.4,0.0,0.0,38.9,0.0,10509.0,0.5,0.025,3503.0,37.0,50.15384615384616,0.0,0.0,0.0,Medium,1,โคเลสเตอรอลถึงหรือเกินเกณฑ์อ้างอิงต่อวัน
veal tongue cooked,515,25.8,11.1,0.0,0.0,65.9,0.0,606.9,0.2,0.01,202.3,55.49999999999999,39.69230769230769,0.0,0.0,0.0,Medium,1,โคเลสเตอรอลถึงหรือเกินเกณฑ์อ้างอิงต่อวัน
beef heart cooked,47,1.3,0.4,0.057,0.0,8.1,0.0,60.0,0.024,0.0012000000000000001,20.0,2.0,2.0,0.019,0.0,0.0,Low,0,ยังไม่พบตัวชี้วัดที่ถึงหรือเกินเกณฑ์อ้างอิง
turkey liver cooked,100,4.3,1.2,0.0,0.0,14.3,0.0,343.4,0.083,0.00415,114.46666666666665,6.0,6.615384615384615,0.0,0.0,0.0,Medium,1,โคเลสเตอรอลถึงหรือเกินเกณฑ์อ้างอิงต่อวัน
veal thymus cooked,35,0.9,0.3,0.0,0.0,6.4,0.0,99.1,0.036,0.0017999999999999997,33.03333333333333,1.5,1.3846153846153846,0.0,0.0,0.0,Low,0,ยังไม่พบตัวชี้วัดที่ถึงหรือเกินเกณฑ์อ้างอิง
beef brain cooked,688,55.6,13.1,0.0,0.0,44.1,0.0,7002.5,0.6,0.03,2334.1666666666665,65.5,85.53846153846155,0.0,0.0,0.0,Medium,1,โคเลสเตอรอลถึงหรือเกินเกณฑ์อ้างอิงต่อวัน
beef pancreas cooked,602,38.2,13.1,0.0,0.0,60.2,0.0,581.6,0.1,0.005,193.86666666666667,65.5,58.769230769230774,0.0,0.0,0.0,Medium,1,โคเลสเตอรอลถึงหรือเกินเกณฑ์อ้างอิงต่อวัน
beef tripe cooked,80,3.4,1.2,1.7,0.0,10.0,0.0,133.5,0.045,0.00225,44.5,6.0,5.230769230769231,0.5666666666666667,0.0,0.0,Low,0,ยังไม่พบตัวชี้วัดที่ถึงหรือเกินเกณฑ์อ้างอิง
chicken gizzard cooked,223,3.9,1.0,0.0,0.0,44.1,0.0,536.5,0.069,0.0034500000000000004,178.83333333333334,5.0,6.0,0.0,0.0,0.0,Medium,1,โคเลสเตอรอลถึงหรือเกินเกณฑ์อ้างอิงต่อวัน
pork pancreas cooked,537,26.5,9.1,0.0,0.0,69.8,0.0,771.8,0.1,0.005,257.26666666666665,45.49999999999999,40.76923076923077,0.0,0.0,0.0,Medium,1,โคเลสเตอรอลถึงหรือเกินเกณฑ์อ้างอิงต่อวัน
beef tongue cooked,80,6.3,2.3,0.0,0.0,5.5,0.0,37.4,0.029,0.00145,12.466666666666667,11.5,9.692307692307692,0.0,0.0,0.0,Low,0,ยังไม่พบตัวชี้วัดที่ถึงหรือเกินเกณฑ์อ้างอิง
lamb heart cooked,353,15.1,6.0,3.7,0.0,47.7,0.0,475.6,0.1,0.005,158.53333333333336,30.0,23.23076923076923,1.2333333333333334,0.0,0.0,Medium,1,โคเลสเตอรอลถึงหรือเกินเกณฑ์อ้างอิงต่อวัน
beef spleen cooked,447,12.9,4.3,0.0,0.0,77.3,0.0,1068.8,0.2,0.01,356.26666666666665,21.5,19.846153846153847,0.0,0.0,0.0,Medium,1,โคเลสเตอรอลถึงหรือเกินเกณฑ์อ้างอิงต่อวัน
veal kidneys cooked,300,10.4,3.2,0.0,0.0,48.4,0.0,1455.4,0.2,0.01,485.1333333333334,16.0,16.0,0.0,0.0,0.0,Medium,1,โคเลสเตอรอลถึงหรือเกินเกณฑ์อ้างอิงต่อวัน
chicken heart cooked,268,11.5,3.3,0.1,0.0,38.3,0.0,350.9,0.081,0.00405,116.96666666666667,16.499999999999996,17.692307692307693,0.03333333333333334,0.0,0.0,Medium,1,โคเลสเตอรอลถึงหรือเกินเกณฑ์อ้างอิงต่อวัน
lamb tongue cooked,701,51.7,20.0,0.0,0.0,55.0,0.0,482.0,0.2,0.01,160.66666666666666,100.0,79.53846153846155,0.0,0.0,0.0,Medium,1,โคเลสเตอรอลถึงหรือเกินเกณฑ์อ้างอิงต่อวัน | ไขมันอิ่มตัวถึงหรือเกินเกณฑ์อ้างอิงต่อวัน
veal heart cooked,368,13.4,3.6,0.3,0.0,57.7,0.0,348.5,0.1,0.005,116.16666666666666,18.0,20.615384615384617,0.1,0.0,0.0,Medium,1,โคเลสเตอรอลถึงหรือเกินเกณฑ์อ้างอิงต่อวัน
chicken liver cooked,76,2.8,0.9,0.5,0.0,11.3,0.0,248.2,0.079,0.0039499999999999995,82.73333333333332,4.5,4.3076923076923075,0.16666666666666669,0.0,0.0,Low,0,ยังไม่พบตัวชี้วัดที่ถึงหรือเกินเกณฑ์อ้างอิง
lamb pancreas cooked,541,34.9,15.8,0.0,0.0,52.7,0.0,924.0,0.1,0.005,308.0,79.0,53.69230769230769,0.0,0.0,0.0,Medium,1,โคเลสเตอรอลถึงหรือเกินเกณฑ์อ้างอิงต่อวัน
veal spleen cooked,445,10.0,3.3,0.0,0.0,83.1,0.0,1542.2,0.2,0.01,514.0666666666667,16.499999999999996,15.384615384615385,0.0,0.0,0.0,Medium,1,โคเลสเตอรอลถึงหรือเกินเกณฑ์อ้างอิงต่อวัน
lamb liver cooked,739,29.6,11.5,8.5,0.0,102.7,0.0,1683.4,0.2,0.01,561.1333333333333,57.49999999999999,45.53846153846154,2.833333333333333,0.0,0.0,Medium,1,โคเลสเตอรอลถึงหรือเกินเกณฑ์อ้างอิงต่อวัน
turkey gizzard cooked,70,2.1,0.5,0.0,0.0,11.9,0.0,203.4,0.031,0.0015500000000000002,67.80000000000001,2.5,3.230769230769231,0.0,0.0,0.0,Low,0,ยังไม่พบตัวชี้วัดที่ถึงหรือเกินเกณฑ์อ้างอิง
lamp spleen cooked,460,14.1,4.7,0.0,0.0,78.1,0.0,1135.8,0.2,0.01,378.6,23.5,21.69230769230769,0.0,0.0,0.0,Medium,1,โคเลสเตอรอลถึงหรือเกินเกณฑ์อ้างอิงต่อวัน
turkey heart cooked,35,1.5,0.4,0.0,0.0,5.0,0.0,71.8,0.046,0.0023,23.93333333333333,2.0,2.307692307692308,0.0,0.0,0.0,Low,0,ยังไม่พบตัวชี้วัดที่ถึงหรือเกินเกณฑ์อ้างอิง
beef liver cooked,130,3.6,1.2,3.5,0.0,19.8,0.0,269.3,0.068,0.0034,89.76666666666667,6.0,5.538461538461538,1.1666666666666667,0.0,0.0,Low,0,ยังไม่พบตัวชี้วัดที่ถึงหรือเกินเกณฑ์อ้างอิง
lamb lungs cooked,431,11.8,4.0,0.0,0.0,75.7,0.0,1082.0,0.3,0.015,360.66666666666663,20.0,18.153846153846153,0.0,0.0,0.0,Medium,1,โคเลสเตอรอลถึงหรือเกินเกณฑ์อ้างอิงต่อวัน
pork brain cooked,527,36.3,8.2,0.0,0.0,46.4,0.0,9748.6,0.3,0.015,3249.5333333333333,41.0,55.84615384615385,0.0,0.0,0.0,Medium,1,โคเลสเตอรอลถึงหรือเกินเกณฑ์อ้างอิงต่อวัน
goose liver,125,4.0,1.5,5.9,0.0,15.4,0.0,484.1,0.1,0.005,161.36666666666667,7.5,6.153846153846154,1.966666666666667,0.0,0.0,Medium,1,โคเลสเตอรอลถึงหรือเกินเกณฑ์อ้างอิงต่อวัน
pork kidneys cooked,211,6.6,2.1,0.0,0.0,35.6,0.0,672.0,0.1,0.005,224.00000000000003,10.500000000000002,10.153846153846153,0.0,0.0,0.0,Medium,1,โคเลสเตอรอลถึงหรือเกินเกณฑ์อ้างอิงต่อวัน
lamb brain cooked,503,35.3,9.0,0.0,0.0,43.5,0.0,7089.2,0.5,0.025,2363.0666666666666,45.0,54.3076923076923,0.0,0.0,0.0,Medium,1,โคเลสเตอรอลถึงหรือเกินเกณฑ์อ้างอิงต่อวัน
pork heart cooked,215,7.3,1.9,0.6,0.0,34.2,0.0,320.5,0.053,0.00265,106.83333333333334,9.5,11.23076923076923,0.2,0.0,0.0,Medium,1,โคเลสเตอรอลถึงหรือเกินเกณฑ์อ้างอิงต่อวัน
lamb kidneys cooked,349,9.2,3.1,2.5,0.0,60.3,0.0,1440.8,0.4,0.02,480.2666666666666,15.5,14.153846153846153,0.8333333333333334,0.0,0.0,Medium,1,โคเลสเตอรอลถึงหรือเกินเกณฑ์อ้างอิงต่อวัน
beef lungs cooked,364,11.2,3.8,0.0,0.0,61.8,0.0,839.3,0.3,0.015,279.76666666666665,19.0,17.23076923076923,0.0,0.0,0.0,Medium,1,โคเลสเตอรอลถึงหรือเกินเกณฑ์อ้างอิงต่อวัน
veal pancreas cooked,614,35.0,12.0,0.0,0.0,69.8,0.0,0.0,0.2,0.01,0.0,60.0,53.84615384615385,0.0,0.0,0.0,Low,0,ยังไม่พบตัวชี้วัดที่ถึงหรือเกินเกณฑ์อ้างอิง
pork liver cooked,584,15.6,5.0,13.3,0.0,92.1,0.0,1256.7,0.2,0.01,418.9,25.0,24.0,4.433333333333334,0.0,0.0,Medium,1,โคเลสเตอรอลถึงหรือเกินเกณฑ์อ้างอิงต่อวัน
beef kidneys cooked,45,1.3,0.3,0.0,0.0,7.7,0.0,202.6,0.029,0.00145,67.53333333333333,1.5,2.0,0.0,0.0,0.0,Low,0,ยังไม่พบตัวชี้วัดที่ถึงหรือเกินเกณฑ์อ้างอิง
turkey giblets cooked,164,6.3,1.6,0.0,0.0,25.1,0.0,495.0,0.1,0.005,165.0,8.0,9.692307692307692,0.0,0.0,0.0,Medium,1,โคเลสเตอรอลถึงหรือเกินเกณฑ์อ้างอิงต่อวัน
duck liver raw,60,2.0,0.6,1.6,0.0,8.2,0.0,226.6,0.089,0.00445,75.53333333333333,3.0,3.076923076923077,0.5333333333333334,0.0,0.0,Low,0,ยังไม่พบตัวชี้วัดที่ถึงหรือเกินเกณฑ์อ้างอิง
veal liver cooked,154,5.0,1.6,3.0,0.0,22.7,0.0,408.8,0.046,0.0023,136.26666666666668,8.0,7.6923076923076925,1.0,0.0,0.0,Medium,1,โคเลสเตอรอลถึงหรือเกินเกณฑ์อ้างอิงต่อวัน
pork lungs cooked,297,9.3,3.3,0.0,0.0,49.8,0.0,1161.0,0.2,0.01,387.0,16.499999999999996,14.30769230769231,0.0,0.0,0.0,Medium,1,โคเลสเตอรอลถึงหรือเกินเกณฑ์อ้างอิงต่อวัน
veal lungs cooked,312,7.9,2.7,0.0,0.0,56.2,0.0,789.0,0.2,0.01,263.0,13.5,12.153846153846153,0.0,0.0,0.0,Medium,1,โคเลสเตอรอลถึงหรือเกินเกณฑ์อ้างอิงต่อวัน
beef thymus cooked,1215,95.2,32.8,0.0,0.0,83.2,0.0,1120.1,0.4,0.02,373.3666666666666,164.0,146.46153846153845,0.0,0.0,0.0,Medium,1,โคเลสเตอรอลถึงหรือเกินเกณฑ์อ้างอิงต่อวัน | ไขมันอิ่มตัวถึงหรือเกินเกณฑ์อ้างอิงต่อวัน
ham,46,2.5,0.1,1.0,0.3,4.6,0.4,16.0,0.2,0.01,5.333333333333334,0.5,3.8461538461538463,0.33333333333333337,1.6,3.0,Low,0,ยังไม่พบตัวชี้วัดที่ถึงหรือเกินเกณฑ์อ้างอิง
pork meat cooked,283,14.1,4.4,0.0,0.0,14.1,0.0,112.6,0.7,0.034999999999999996,37.53333333333333,22.000000000000004,21.69230769230769,0.0,0.0,0.0,Low,0,ยังไม่พบตัวชี้วัดที่ถึงหรือเกินเกณฑ์อ้างอิง
bacon roasted,43,3.3,1.1,0.1,0.0,3.0,0.0,8.8,0.034,0.0017,2.9333333333333336,5.500000000000001,5.076923076923077,0.03333333333333334,0.0,0.0,Low,0,ยังไม่พบตัวชี้วัดที่ถึงหรือเกินเกณฑ์อ้างอิง
pork top loin roasts raw,3644,182.8,35.1,0.0,0.0,468.4,0.0,1404.8,1.0,0.05,468.2666666666666,175.5,281.2307692307693,0.0,0.0,0.0,Medium,1,โคเลสเตอรอลถึงหรือเกินเกณฑ์อ้างอิงต่อวัน | ไขมันอิ่มตัวถึงหรือเกินเกณฑ์อ้างอิงต่อวัน
pork blade roll raw,76,6.2,2.2,0.0,0.0,4.7,0.0,15.0,0.4,0.02,5.0,11.000000000000002,9.538461538461538,0.0,0.0,0.0,Low,0,ยังไม่พบตัวชี้วัดที่ถึงหรือเกินเกณฑ์อ้างอิง
pork backribs raw,2399,174.9,61.9,0.0,0.0,204.2,0.0,739.0,0.9,0.045,246.33333333333334,309.5,269.0769230769231,0.0,0.0,0.0,Medium,1,โคเลสเตอรอลถึงหรือเกินเกณฑ์อ้างอิงต่อวัน | ไขมันอิ่มตัวถึงหรือเกินเกณฑ์อ้างอิงต่อวัน
pork spareribs cooked,703,53.6,19.7,0.0,0.0,51.4,0.0,214.2,0.2,0.01,71.39999999999999,98.5,82.46153846153847,0.0,0.0,0.0,Low,0,ยังไม่พบตัวชี้วัดที่ถึงหรือเกินเกณฑ์อ้างอิง
pork stomach cooked,44,2.1,0.8,0.029,0.0,6.1,0.0,89.4,0.035,0.0017500000000000003,29.800000000000004,4.0,3.230769230769231,0.009666666666666667,0.0,0.0,Low,0,ยังไม่พบตัวชี้วัดที่ถึงหรือเกินเกณฑ์อ้างอิง
honey smoked ham cooked,67,1.3,0.6,4.0,0.0,9.9,0.0,12.1,0.5,0.025,4.033333333333333,3.0,2.0,1.3333333333333335,0.0,0.0,Low,0,ยังไม่พบตัวชี้วัดที่ถึงหรือเกินเกณฑ์อ้างอิง
boston butt steak raw,844,56.1,19.7,0.0,0.0,79.0,0.0,281.2,0.3,0.015,93.73333333333332,98.5,86.3076923076923,0.0,0.0,0.0,Low,0,ยังไม่พบตัวชี้วัดที่ถึงหรือเกินเกณฑ์อ้างอิง
pork sirloin chops cooked,140,4.5,1.5,0.0,0.0,23.3,0.0,65.6,0.001,4.9999999999999996e-05,21.866666666666664,7.5,6.923076923076923,0.0,0.0,0.0,Low,0,ยังไม่พบตัวชี้วัดที่ถึงหรือเกินเกณฑ์อ้างอิง
pork country style ribs raw,242,15.1,3.0,0.0,0.0,24.8,0.0,94.7,0.061,0.0030499999999999998,31.566666666666666,15.0,23.23076923076923,0.0,0.0,0.0,Low,0,ยังไม่พบตัวชี้วัดที่ถึงหรือเกินเกณฑ์อ้างอิง
ham patties,205,18.3,6.6,1.1,0.0,8.3,0.0,45.5,0.7,0.034999999999999996,15.166666666666668,32.99999999999999,28.153846153846157,0.3666666666666667,0.0,0.0,Low,0,ยังไม่พบตัวชี้วัดที่ถึงหรือเกินเกณฑ์อ้างอิง
pork feet cooked,67,4.5,1.2,0.0,0.0,6.2,0.0,30.3,0.046,0.0023,10.100000000000001,6.0,6.923076923076923,0.0,0.0,0.0,Low,0,ยังไม่พบตัวชี้วัดที่ถึงหรือเกินเกณฑ์อ้างอิง
ground pork cooked,930,65.0,24.2,0.0,0.0,80.4,0.0,294.2,0.2,0.01,98.06666666666666,121.0,100.0,0.0,0.0,0.0,Medium,1,ไขมันอิ่มตัวถึงหรือเกินเกณฑ์อ้างอิงต่อวัน
pork centre loin chops cooked,328,17.4,5.5,0.0,0.0,40.2,0.0,131.9,0.065,0.0032500000000000003,43.96666666666667,27.500000000000004,26.769230769230766,0.0,0.0,0.0,Low,0,ยังไม่พบตัวชี้วัดที่ถึงหรือเกินเกณฑ์อ้างอิง
pork leg cap steak cooked,307,8.6,2.6,0.0,0.0,53.5,0.0,157.1,0.1,0.005,52.36666666666666,13.0,13.23076923076923,0.0,0.0,0.0,Low,0,ยังไม่พบตัวชี้วัดที่ถึงหรือเกินเกณฑ์อ้างอิง
pork blade chops raw,376,15.4,5.2,0.0,0.0,55.8,0.0,155.2,0.2,0.01,51.733333333333334,26.0,23.692307692307693,0.0,0.0,0.0,Low,0,ยังไม่พบตัวชี้วัดที่ถึงหรือเกินเกณฑ์อ้างอิง
pork tenderloin raw,606,17.8,6.0,0.0,0.0,104.3,0.0,328.3,0.3,0.015,109.43333333333334,30.0,27.384615384615387,0.0,0.0,0.0,Medium,1,โคเลสเตอรอลถึงหรือเกินเกณฑ์อ้างอิงต่อวัน
pork sirloin chops raw,1090,23.3,8.2,0.0,0.0,205.5,0.0,567.6,0.6,0.03,189.20000000000002,41.0,35.84615384615385,0.0,0.0,0.0,Medium,1,โคเลสเตอรอลถึงหรือเกินเกณฑ์อ้างอิงต่อวัน
pork leg cap steak raw,284,7.8,2.7,0.0,0.0,50.0,0.0,145.5,0.2,0.01,48.5,13.5,12.0,0.0,0.0,0.0,Low,0,ยังไม่พบตัวชี้วัดที่ถึงหรือเกินเกณฑ์อ้างอิง
pork carcass raw,1706,159.1,56.4,0.0,0.0,63.1,0.0,335.7,0.2,0.01,111.9,282.0,244.76923076923077,0.0,0.0,0.0,Medium,1,โคเลสเตอรอลถึงหรือเกินเกณฑ์อ้างอิงต่อวัน | ไขมันอิ่มตัวถึงหรือเกินเกณฑ์อ้างอิงต่อวัน
pork splean cooked,446,9.6,3.2,0.0,0.0,84.3,0.0,1507.0,0.3,0.015,502.33333333333337,16.0,14.769230769230768,0.0,0.0,0.0,Medium,1,โคเลสเตอรอลถึงหรือเกินเกณฑ์อ้างอิงต่อวัน
chopped ham,50,2.9,1.0,1.2,0.0,4.6,0.0,16.5,0.3,0.015,5.5,5.0,4.461538461538462,0.4,0.0,0.0,Low,0,ยังไม่พบตัวชี้วัดที่ถึงหรือเกินเกณฑ์อ้างอิง
pork centre loin chops raw,338,18.0,6.0,0.0,0.0,41.2,0.0,137.3,0.1,0.005,45.76666666666667,30.0,27.692307692307693,0.0,0.0,0.0,Low,0,ยังไม่พบตัวชี้วัดที่ถึงหรือเกินเกณฑ์อ้างอิง
pork blade chops cooked,265,14.6,4.3,1.1,0.0,32.4,0.0,100.9,0.072,0.0035999999999999995,33.63333333333334,21.5,22.46153846153846,0.3666666666666667,0.0,0.0,Low,0,ยังไม่พบตัวชี้วัดที่ถึงหรือเกินเกณฑ์อ้างอิง
boston butt steak cooked,494,32.7,12.2,0.0,0.0,46.4,0.0,181.3,0.1,0.005,60.43333333333334,61.0,50.30769230769231,0.0,0.0,0.0,Low,0,ยังไม่พบตัวชี้วัดที่ถึงหรือเกินเกณฑ์อ้างอิง
pork meat raw,179,18.6,6.2,0.0,0.0,2.6,0.0,20.4,0.021,0.0010500000000000002,6.799999999999999,31.0,28.61538461538462,0.0,0.0,0.0,Low,0,ยังไม่พบตัวชี้วัดที่ถึงหรือเกินเกณฑ์อ้างอิง
pork top loin chops raw,287,12.8,4.5,0.0,0.0,39.9,0.0,124.0,0.099,0.00495,41.333333333333336,22.5,19.692307692307693,0.0,0.0,0.0,Low,0,ยังไม่พบตัวชี้วัดที่ถึงหรือเกินเกณฑ์อ้างอิง
pork blade steak braised,694,44.7,16.6,0.087,0.0,68.2,0.0,256.1,0.4,0.02,85.36666666666667,83.0,68.76923076923077,0.029,0.0,0.0,Low,0,ยังไม่พบตัวชี้วัดที่ถึงหรือเกินเกณฑ์อ้างอิง
pork boston steaks cooked,438,28.1,10.1,0.0,0.0,43.2,0.0,160.6,0.1,0.005,53.53333333333333,50.5,43.23076923076923,0.0,0.0,0.0,Low,0,ยังไม่พบตัวชี้วัดที่ถึงหรือเกินเกณฑ์อ้างอิง
bacon cooked,43,3.1,1.1,0.068,0.0,3.5,0.0,10.1,0.2,0.01,3.3666666666666663,5.500000000000001,4.769230769230769,0.02266666666666667,0.0,0.0,Low,0,ยังไม่พบตัวชี้วัดที่ถึงหรือเกินเกณฑ์อ้างอิง
pickled pork hocks,48,3.0,0.9,0.0,0.0,5.4,0.0,25.2,0.3,0.015,8.399999999999999,4.5,4.615384615384616,0.0,0.0,0.0,Low,0,ยังไม่พบตัวชี้วัดที่ถึงหรือเกินเกณฑ์อ้างอิง
pork boston roast cooked,705,49.4,18.3,0.0,0.0,60.5,0.0,225.3,0.2,0.01,75.1,91.5,76.0,0.0,0.0,0.0,Low,0,ยังไม่พบตัวชี้วัดที่ถึงหรือเกินเกณฑ์อ้างอิง
canadian style bacon grilled,43,2.0,0.7,0.3,0.0,5.7,0.0,13.6,0.4,0.02,4.533333333333333,3.4999999999999996,3.076923076923077,0.1,0.0,0.0,Low,0,ยังไม่พบตัวชี้วัดที่ถึงหรือเกินเกณฑ์อ้างอิง
ham steak,70,2.4,0.8,0.0,0.0,11.1,0.0,25.7,0.7,0.034999999999999996,8.566666666666666,4.0,3.692307692307692,0.0,0.0,0.0,Low,0,ยังไม่พบตัวชี้วัดที่ถึงหรือเกินเกณฑ์อ้างอิง
pork backfat,3683,402.3,146.1,0.0,0.0,13.2,0.0,258.6,0.064,0.0031999999999999997,86.20000000000002,730.5,618.9230769230769,0.0,0.0,0.0,Medium,1,ไขมันอิ่มตัวถึงหรือเกินเกณฑ์อ้างอิงต่อวัน
bacon baked,44,3.5,1.1,0.1,0.0,2.9,0.0,8.7,0.2,0.01,2.9,5.500000000000001,5.384615384615385,0.03333333333333334,0.0,0.0,Low,0,ยังไม่พบตัวชี้วัดที่ถึงหรือเกินเกณฑ์อ้างอิง
pork arm picnic raw,5298,343.4,113.6,0.0,0.0,513.6,0.0,1729.4,2.3,0.11499999999999999,576.4666666666667,568.0,528.3076923076923,0.0,0.0,0.0,Medium,1,โคเลสเตอรอลถึงหรือเกินเกณฑ์อ้างอิงต่อวัน | ไขมันอิ่มตัวถึงหรือเกินเกณฑ์อ้างอิงต่อวัน
salt pork raw,212,22.8,8.3,0.0,0.0,1.4,0.0,24.3,0.8,0.04,8.1,41.5,35.07692307692308,0.0,0.0,0.0,Low,0,ยังไม่พบตัวชี้วัดที่ถึงหรือเกินเกณฑ์อ้างอิง
pork arm picnic cooked,5292,322.7,109.3,0.0,0.0,560.3,0.0,1936.7,2.2,0.11,645.5666666666667,546.5,496.4615384615384,0.0,0.0,0.0,Medium,1,โคเลสเตอรอลถึงหรือเกินเกณฑ์อ้างอิงต่อวัน | ไขมันอิ่มตัวถึงหรือเกินเกณฑ์อ้างอิงต่อวัน
pork top loin chops cooked,270,11.2,4.3,0.0,0.0,39.4,0.0,97.2,0.064,0.0031999999999999997,32.4,21.5,17.23076923076923,0.0,0.0,0.0,Low,0,ยังไม่พบตัวชี้วัดที่ถึงหรือเกินเกณฑ์อ้างอิง
ground pork raw,329,26.5,9.8,0.0,0.0,21.1,0.0,90.0,0.033,0.0016500000000000002,30.0,49.00000000000001,40.76923076923077,0.0,0.0,0.0,Low,0,ยังไม่พบตัวชี้วัดที่ถึงหรือเกินเกณฑ์อ้างอิง
pork shoulder raw,1070,81.6,28.3,0.0,0.0,77.9,0.0,322.1,0.3,0.015,107.36666666666667,141.5,125.53846153846153,0.0,0.0,0.0,Medium,1,โคเลสเตอรอลถึงหรือเกินเกณฑ์อ้างอิงต่อวัน | ไขมันอิ่มตัวถึงหรือเกินเกณฑ์อ้างอิงต่อวัน
pork chitterlings cooked,66,5.8,2.7,0.0,0.0,3.5,0.0,78.4,0.078,0.0039,26.133333333333336,13.5,8.923076923076923,0.0,0.0,0.0,Low,0,ยังไม่พบตัวชี้วัดที่ถึงหรือเกินเกณฑ์อ้างอิง
pork breakfast strips cooked,52,4.1,1.4,0.1,0.0,3.3,0.0,11.9,0.2,0.01,3.966666666666667,6.999999999999999,6.3076923076923075,0.03333333333333334,0.0,0.0,Low,0,ยังไม่พบตัวชี้วัดที่ถึงหรือเกินเกณฑ์อ้างอิง
pork blade roll roasted,1079,88.3,31.5,1.4,0.0,65.0,0.0,251.9,3.7,0.185,83.96666666666667,157.5,135.84615384615384,0.4666666666666666,0.0,0.0,Medium,1,ไขมันอิ่มตัวถึงหรือเกินเกณฑ์อ้างอิงต่อวัน
pork tail cooked,1089,98.5,34.2,0.0,0.0,46.8,0.0,354.8,0.093,0.00465,118.26666666666668,171.00000000000003,151.53846153846155,0.0,0.0,0.0,Medium,1,โคเลสเตอรอลถึงหรือเกินเกณฑ์อ้างอิงต่อวัน | ไขมันอิ่มตัวถึงหรือเกินเกณฑ์อ้างอิงต่อวัน
pork centre rib roasts raw,275,9.7,3.3,0.0,0.0,44.0,0.0,113.1,0.1,0.005,37.7,16.499999999999996,14.923076923076922,0.0,0.0,0.0,Low,0,ยังไม่พบตัวชี้วัดที่ถึงหรือเกินเกณฑ์อ้างอิง
pork centre rib roasts roasted,1942,114.9,42.6,0.0,0.0,211.3,0.0,610.7,0.7,0.034999999999999996,203.56666666666666,213.0,176.76923076923077,0.0,0.0,0.0,Medium,1,โคเลสเตอรอลถึงหรือเกินเกณฑ์อ้างอิงต่อวัน | ไขมันอิ่มตัวถึงหรือเกินเกณฑ์อ้างอิงต่อวัน
minced ham,55,4.3,1.5,0.4,0.0,3.4,0.0,14.7,0.3,0.015,4.8999999999999995,7.5,6.615384615384615,0.13333333333333336,0.0,0.0,Low,0,ยังไม่พบตัวชี้วัดที่ถึงหรือเกินเกณฑ์อ้างอิง
ham roasted,316,21.3,7.1,0.6,0.0,28.7,0.0,86.8,1.3,0.065,28.933333333333334,35.5,32.769230769230774,0.2,0.0,0.0,Low,0,ยังไม่พบตัวชี้วัดที่ถึงหรือเกินเกณฑ์อ้างอิง
pork loin raw,232,14.7,5.1,0.0,0.0,23.1,0.0,73.7,0.003,0.00015000000000000001,24.566666666666666,25.5,22.615384615384613,0.0,0.0,0.0,Low,0,ยังไม่พบตัวชี้วัดที่ถึงหรือเกินเกณฑ์อ้างอิง
pork backribs roasted,2564,188.9,68.5,0.0,0.0,202.0,0.0,737.5,0.8,0.04,245.83333333333334,342.5,290.61538461538464,0.0,0.0,0.0,Medium,1,โคเลสเตอรอลถึงหรือเกินเกณฑ์อ้างอิงต่อวัน | ไขมันอิ่มตัวถึงหรือเกินเกณฑ์อ้างอิงต่อวัน
pork belly raw,2350,240.5,87.7,0.0,0.0,42.4,0.0,326.6,0.1,0.005,108.86666666666667,438.5,370.0,0.0,0.0,0.0,Medium,1,โคเลสเตอรอลถึงหรือเกินเกณฑ์อ้างอิงต่อวัน | ไขมันอิ่มตัวถึงหรือเกินเกณฑ์อ้างอิงต่อวัน
ham raw,266,18.2,6.0,0.046,0.0,23.8,0.0,54.6,1.5,0.075,18.2,30.0,27.999999999999996,0.015333333333333334,0.0,0.0,Low,0,ยังไม่พบตัวชี้วัดที่ถึงหรือเกินเกณฑ์อ้างอิง
ham extra lean,45,2.3,0.8,0.6,0.0,5.1,0.0,14.8,0.4,0.02,4.933333333333334,4.0,3.5384615384615383,0.2,0.0,0.0,Low,0,ยังไม่พบตัวชี้วัดที่ถึงหรือเกินเกณฑ์อ้างอิง
pork feet pickled,635,45.5,13.4,0.029,0.0,52.8,0.0,376.5,4.3,0.215,125.49999999999999,67.0,70.0,0.009666666666666667,0.0,0.0,Medium,1,โคเลสเตอรอลถึงหรือเกินเกณฑ์อ้างอิงต่อวัน
pork shoulder cooked,394,28.9,10.6,0.0,0.0,31.4,0.0,121.5,0.001,4.9999999999999996e-05,40.5,53.0,44.46153846153846,0.0,0.0,0.0,Low,0,ยังไม่พบตัวชี้วัดที่ถึงหรือเกินเกณฑ์อ้างอิง
pork top loin roasts roasted,1628,74.8,24.1,0.0,0.0,224.3,0.0,678.4,0.4,0.02,226.13333333333335,120.5,115.07692307692308,0.0,0.0,0.0,Medium,1,โคเลสเตอรอลถึงหรือเกินเกณฑ์อ้างอิงต่อวัน | ไขมันอิ่มตัวถึงหรือเกินเกณฑ์อ้างอิงต่อวัน
pork skin,154,8.9,3.2,0.0,0.0,17.3,0.0,26.9,0.5,0.025,8.966666666666665,16.0,13.692307692307693,0.0,0.0,0.0,Low,0,ยังไม่พบตัวชี้วัดที่ถึงหรือเกินเกณฑ์อ้างอิง
pork country style ribs cooked,235,15.2,5.4,0.0,0.0,22.8,0.0,88.6,0.049,0.0024500000000000004,29.533333333333335,27.0,23.384615384615383,0.0,0.0,0.0,Low,0,ยังไม่พบตัวชี้วัดที่ถึงหรือเกินเกณฑ์อ้างอิง
pork blade steak raw,664,43.7,15.4,0.6,0.0,67.6,0.0,243.7,0.6,0.03,81.23333333333332,77.0,67.23076923076924,0.2,0.0,0.0,Low,0,ยังไม่พบตัวชี้วัดที่ถึงหรือเกินเกณฑ์อ้างอิง
pork tenderloin cooked,153,6.2,2.2,0.0,0.0,22.7,0.0,71.4,0.091,0.00455,23.8,11.000000000000002,9.538461538461538,0.0,0.0,0.0,Low,0,ยังไม่พบตัวชี้วัดที่ถึงหรือเกินเกณฑ์อ้างอิง
pork loin cooked,213,12.1,4.5,0.0,0.0,24.2,0.0,71.2,0.077,0.00385,23.733333333333334,22.5,18.615384615384613,0.0,0.0,0.0,Low,0,ยังไม่พบตัวชี้วัดที่ถึงหรือเกินเกณฑ์อ้างอิง
pork ears cooked,184,12.0,4.3,0.2,0.0,17.7,0.0,99.9,0.2,0.01,33.300000000000004,21.5,18.461538461538463,0.06666666666666668,0.0,0.0,Low,0,ยังไม่พบตัวชี้วัดที่ถึงหรือเกินเกณฑ์อ้างอิง
pork tongue cooked,626,43.0,14.9,0.0,0.0,55.7,0.0,337.3,0.3,0.015,112.43333333333334,74.5,66.15384615384615,0.0,0.0,0.0,Medium,1,โคเลสเตอรอลถึงหรือเกินเกณฑ์อ้างอิงต่อวัน
pork spareribs raw,3593,303.5,97.7,0.0,0.0,200.6,0.0,1037.6,1.1,0.055,345.8666666666666,488.5,466.92307692307696,0.0,0.0,0.0,Medium,1,โคเลสเตอรอลถึงหรือเกินเกณฑ์อ้างอิงต่อวัน | ไขมันอิ่มตัวถึงหรือเกินเกณฑ์อ้างอิงต่อวัน
ham patties grilled,205,18.5,6.7,1.0,0.0,8.0,0.0,43.2,0.6,0.03,14.400000000000002,33.5,28.46153846153846,0.33333333333333337,0.0,0.0,Low,0,ยังไม่พบตัวชี้วัดที่ถึงหรือเกินเกณฑ์อ้างอิง
chicken skin roasted,508,45.6,12.8,0.0,0.0,22.8,0.0,93.0,0.028,0.0014,31.0,64.0,70.15384615384616,0.0,0.0,0.0,Low,0,ยังไม่พบตัวชี้วัดที่ถึงหรือเกินเกณฑ์อ้างอิง
turkey breast raw,3554,158.9,43.2,0.0,0.0,495.6,0.0,1471.6,1.3,0.065,490.5333333333333,216.0,244.46153846153845,0.0,0.0,0.0,Medium,1,โคเลสเตอรอลถึงหรือเกินเกณฑ์อ้างอิงต่อวัน | ไขมันอิ่มตัวถึงหรือเกินเกณฑ์อ้างอิงต่อวัน
ground turkey raw,169,8.7,2.3,0.0,0.0,22.4,0.0,78.7,0.047,0.0023499999999999997,26.233333333333338,11.5,13.384615384615383,0.0,0.0,0.0,Low,0,ยังไม่พบตัวชี้วัดที่ถึงหรือเกินเกณฑ์อ้างอิง
chicken wing cooked,52,3.5,1.0,0.0,0.0,4.8,0.0,14.7,0.086,0.004299999999999999,4.8999999999999995,5.0,5.384615384615385,0.0,0.0,0.0,Low,0,ยังไม่พบตัวชี้วัดที่ถึงหรือเกินเกณฑ์อ้างอิง
turkey roast roasted,209,7.8,2.6,4.1,0.0,28.8,0.0,71.6,0.9,0.045,23.866666666666664,13.0,12.0,1.3666666666666665,0.0,0.0,Low,0,ยังไม่พบตัวชี้วัดที่ถึงหรือเกินเกณฑ์อ้างอิง
pheasant meat raw,1448,74.3,21.6,0.0,0.0,181.6,0.0,568.0,0.3,0.015,189.33333333333334,108.0,114.3076923076923,0.0,0.0,0.0,Medium,1,โคเลสเตอรอลถึงหรือเกินเกณฑ์อ้างอิงต่อวัน | ไขมันอิ่มตัวถึงหรือเกินเกณฑ์อ้างอิงต่อวัน
chicken back raw,188,17.0,4.9,0.0,0.0,8.3,0.0,46.6,0.043,0.0021499999999999996,15.533333333333335,24.500000000000004,26.153846153846157,0.0,0.0,0.0,Low,0,ยังไม่พบตัวชี้วัดที่ถึงหรือเกินเกณฑ์อ้างอิง
chicken back cooked,93,6.5,1.8,0.0,0.0,8.0,0.0,28.1,0.091,0.00455,9.366666666666667,9.0,10.0,0.0,0.0,0.0,Low,0,ยังไม่พบตัวชี้วัดที่ถึงหรือเกินเกณฑ์อ้างอิง
chicken leg fried,431,25.5,6.8,13.8,0.0,34.4,0.5,142.2,0.4,0.02,47.4,34.0,39.23076923076923,4.6,2.0,0.0,Low,0,ยังไม่พบตัวชี้วัดที่ถึงหรือเกินเกณฑ์อ้างอิง
chicken feet cooked,975,66.2,17.8,0.9,0.0,88.0,0.0,381.0,0.3,0.015,127.0,89.0,101.84615384615385,0.3,0.0,0.0,Medium,1,โคเลสเตอรอลถึงหรือเกินเกณฑ์อ้างอิงต่อวัน
turkey steak fried,179,10.8,2.8,10.9,0.0,9.1,0.0,41.0,0.5,0.025,13.666666666666666,13.999999999999998,16.615384615384617,3.6333333333333337,0.0,0.0,Low,0,ยังไม่พบตัวชี้วัดที่ถึงหรือเกินเกณฑ์อ้างอิง
turkey taco meat cooked,271,13.9,3.2,5.5,0.0,30.7,0.0,129.9,1.2,0.06,43.3,16.0,21.384615384615387,1.8333333333333333,0.0,0.0,Low,0,ยังไม่พบตัวชี้วัดที่ถึงหรือเกินเกณฑ์อ้างอิง
chicken leg raw,736,54.9,15.0,0.6,0.0,56.3,0.0,319.9,0.3,0.015,106.63333333333334,75.0,84.46153846153845,0.2,0.0,0.0,Medium,1,โคเลสเตอรอลถึงหรือเกินเกณฑ์อ้างอิงต่อวัน
chicken meat raw,1978,138.6,39.7,0.0,0.0,171.1,0.0,690.0,0.6,0.03,229.99999999999997,198.5,213.2307692307692,0.0,0.0,0.0,Medium,1,โคเลสเตอรอลถึงหรือเกินเกณฑ์อ้างอิงต่อวัน | ไขมันอิ่มตัวถึงหรือเกินเกณฑ์อ้างอิงต่อวัน
chicken neck cooked,94,6.9,1.9,0.0,0.0,7.5,0.0,26.6,0.085,0.00425,8.866666666666667,9.5,10.615384615384615,0.0,0.0,0.0,Low,0,ยังไม่พบตัวชี้วัดที่ถึงหรือเกินเกณฑ์อ้างอิง
chicken drumstick fried,193,11.3,3.0,6.0,0.0,15.8,0.2,61.9,0.2,0.01,20.633333333333333,15.0,17.384615384615383,2.0,0.8,0.0,Low,0,ยังไม่พบตัวชี้วัดที่ถึงหรือเกินเกณฑ์อ้างอิง
quail egg,14,1.0,0.3,0.08,0.048,1.2,0.0,76.0,0.042,0.0021000000000000003,25.333333333333336,1.5,1.5384615384615385,0.02666666666666667,0.0,0.48000000000000004,Low,0,ยังไม่พบตัวชี้วัดที่ถึงหรือเกินเกณฑ์อ้างอิง
duck meat cooked,472,39.7,13.5,0.0,0.0,26.6,0.0,117.6,0.041,0.00205,39.199999999999996,67.5,61.07692307692309,0.0,0.0,0.0,Low,0,ยังไม่พบตัวชี้วัดที่ถึงหรือเกินเกณฑ์อ้างอิง
chicken wing roasted,216,14.3,4.2,0.0,0.0,20.2,0.0,119.9,0.039,0.00195,39.96666666666667,21.000000000000004,22.0,0.0,0.0,0.0,Low,0,ยังไม่พบตัวชี้วัดที่ถึงหรือเกินเกณฑ์อ้างอิง
quail meat cooked,1028,63.9,17.9,0.0,0.0,113.7,0.0,389.6,0.2,0.01,129.86666666666667,89.49999999999999,98.3076923076923,0.0,0.0,0.0,Medium,1,โคเลสเตอรอลถึงหรือเกินเกณฑ์อ้างอิงต่อวัน
goose meat cooked,427,30.7,9.6,0.0,0.0,35.2,0.0,127.4,0.089,0.00445,42.46666666666667,48.0,47.23076923076923,0.0,0.0,0.0,Low,0,ยังไม่พบตัวชี้วัดที่ถึงหรือเกินเกณฑ์อ้างอิง
chicken breast cooked,114,4.5,1.3,0.0,0.0,17.3,0.0,48.7,0.058,0.0029,16.233333333333334,6.5,6.923076923076923,0.0,0.0,0.0,Low,0,ยังไม่พบตัวชี้วัดที่ถึงหรือเกินเกณฑ์อ้างอิง
chicken neck raw,149,13.1,3.6,0.0,0.0,7.0,0.0,49.5,0.027,0.0013499999999999999,16.5,18.0,20.153846153846153,0.0,0.0,0.0,Low,0,ยังไม่พบตัวชี้วัดที่ถึงหรือเกินเกณฑ์อ้างอิง
duck egg,130,9.6,2.6,1.0,0.7,9.0,0.0,618.8,0.1,0.005,206.26666666666665,13.0,14.769230769230768,0.33333333333333337,0.0,6.999999999999999,Medium,1,โคเลสเตอรอลถึงหรือเกินเกณฑ์อ้างอิงต่อวัน
pheasant breast raw,484,11.8,4.0,0.0,0.0,88.7,0.0,211.1,0.1,0.005,70.36666666666666,20.0,18.153846153846153,0.0,0.0,0.0,Low,0,ยังไม่พบตัวชี้วัดที่ถึงหรือเกินเกณฑ์อ้างอิง
duck meat raw,5123,498.8,167.6,0.0,0.0,145.7,0.0,963.7,0.8,0.04,321.23333333333335,837.9999999999999,767.3846153846154,0.0,0.0,0.0,Medium,1,โคเลสเตอรอลถึงหรือเกินเกณฑ์อ้างอิงต่อวัน | ไขมันอิ่มตัวถึงหรือเกินเกณฑ์อ้างอิงต่อวัน
squab meat raw,585,47.4,16.8,0.0,0.0,36.8,0.0,189.1,0.1,0.005,63.03333333333333,84.00000000000001,72.92307692307692,0.0,0.0,0.0,Low,0,ยังไม่พบตัวชี้วัดที่ถึงหรือเกินเกณฑ์อ้างอิง
chicken drumstick raw,211,12.4,3.3,0.1,0.0,23.4,0.0,122.4,0.1,0.005,40.800000000000004,16.499999999999996,19.076923076923077,0.03333333333333334,0.0,0.0,Low,0,ยังไม่พบตัวชี้วัดที่ถึงหรือเกินเกณฑ์อ้างอิง
turkey meat roasted,284,11.1,3.2,0.031,0.0,42.8,0.0,163.5,0.2,0.01,54.50000000000001,16.0,17.076923076923077,0.010333333333333333,0.0,0.0,Low,0,ยังไม่พบตัวชี้วัดที่ถึงหรือเกินเกณฑ์อ้างอิง
chicken breast raw,299,16.1,4.6,0.0,0.0,36.3,0.0,111.4,0.1,0.005,37.13333333333333,23.0,24.76923076923077,0.0,0.0,0.0,Low,0,ยังไม่พบตัวชี้วัดที่ถึงหรือเกินเกณฑ์อ้างอิง
ground chicken cooked,474,27.4,7.8,0.0,0.0,58.4,0.0,268.6,0.2,0.01,89.53333333333335,39.0,42.15384615384615,0.0,0.0,0.0,Low,0,ยังไม่พบตัวชี้วัดที่ถึงหรือเกินเกณฑ์อ้างอิง
turkey wing cooked,426,23.1,6.3,0.0,0.0,50.9,0.0,150.7,0.1,0.005,50.23333333333333,31.5,35.53846153846154,0.0,0.0,0.0,Low,0,ยังไม่พบตัวชี้วัดที่ถึงหรือเกินเกณฑ์อ้างอิง
goose meat raw,6077,550.7,160.2,0.0,0.0,259.8,0.0,1310.4,1.2,0.06,436.8,801.0,847.2307692307693,0.0,0.0,0.0,Medium,1,โคเลสเตอรอลถึงหรือเกินเกณฑ์อ้างอิงต่อวัน | ไขมันอิ่มตัวถึงหรือเกินเกณฑ์อ้างอิงต่อวัน
turkey breast roasted,3266,128.0,36.3,0.0,0.0,496.1,0.0,1278.7,1.1,0.055,426.23333333333335,181.5,196.92307692307693,0.0,0.0,0.0,Medium,1,โคเลสเตอรอลถึงหรือเกินเกณฑ์อ้างอิงต่อวัน | ไขมันอิ่มตัวถึงหรือเกินเกณฑ์อ้างอิงต่อวัน
chicken fajita strips,13,0.5,0.2,0.2,0.0,1.7,0.0,8.3,0.044,0.0022,2.766666666666667,1.0,0.7692307692307693,0.06666666666666668,0.0,0.0,Low,0,ยังไม่พบตัวชี้วัดที่ถึงหรือเกินเกณฑ์อ้างอิง
crispy chicken strips tyson,145,6.0,7.7,0.0,0.0,0.0,0.0,0.0,0.0,0.0,0.0,38.5,9.230769230769232,0.0,0.0,0.0,Low,0,ยังไม่พบตัวชี้วัดที่ถึงหรือเกินเกณฑ์อ้างอิง
chocolate pudding fat free,105,0.3,0.0,23.6,17.8,2.2,0.3,1.1,0.1,0.005,0.3666666666666667,0.0,0.4615384615384615,7.866666666666668,1.2,178.0,Medium,1,น้ำตาลถึงหรือเกินเกณฑ์ต่อมื้อ
tapioca pudding,143,4.3,1.1,23.9,16.4,2.1,0.0,1.1,0.2,0.01,0.3666666666666667,5.500000000000001,6.615384615384615,7.966666666666667,0.0,164.0,Medium,1,น้ำตาลถึงหรือเกินเกณฑ์ต่อมื้อ
tapioca pudding fat free,105,0.4,0.1,23.9,15.9,1.6,0.0,1.1,0.2,0.01,0.3666666666666667,0.5,0.6153846153846154,7.966666666666667,0.0,159.0,Medium,1,น้ำตาลถึงหรือเกินเกณฑ์ต่อมื้อ
rice pudding,122,2.4,1.4,20.8,13.1,3.6,0.3,13.6,0.1,0.005,4.533333333333333,6.999999999999999,3.692307692307692,6.933333333333333,1.2,131.0,Medium,1,น้ำตาลถึงหรือเกินเกณฑ์ต่อมื้อ
corn pudding,328,12.6,6.3,42.4,16.5,11.1,3.0,180.0,0.7,0.034999999999999996,60.0,31.5,19.384615384615383,14.133333333333335,12.0,165.0,Medium,1,น้ำตาลถึงหรือเกินเกณฑ์ต่อมื้อ
chocolate pudding,213,6.9,1.9,34.5,25.8,3.1,0.0,1.5,0.2,0.01,0.5,9.5,10.615384615384615,11.5,0.0,258.0,Medium,1,น้ำตาลถึงหรือเกินเกณฑ์ต่อมื้อ
lemon pudding,173,4.4,2.6,30.2,0.0,4.1,0.0,16.5,0.4,0.02,5.5,13.0,6.76923076923077,10.066666666666666,0.0,0.0,Low,0,ยังไม่พบตัวชี้วัดที่ถึงหรือเกินเกณฑ์อ้างอิง
vanilla pudding,195,5.7,1.5,33.9,25.5,2.2,0.0,1.5,0.3,0.015,0.5,7.5,8.76923076923077,11.299999999999999,0.0,254.99999999999997,Medium,1,น้ำตาลถึงหรือเกินเกณฑ์ต่อมื้อ
profeel proteiinirahka valio,140,0.4,0.2,19.3,0.2,175.0,0.0,0.0,0.0,0.0,0.0,1.0,0.6153846153846154,6.433333333333334,0.0,2.0,Low,0,ยังไม่พบตัวชี้วัดที่ถึงหรือเกินเกณฑ์อ้างอิง
cottage cheese creamed,20,0.9,0.3,0.7,0.5,2.2,0.0,3.4,0.095,0.00475,1.1333333333333333,1.5,1.3846153846153846,0.2333333333333333,0.0,5.0,Low,0,ยังไม่พบตัวชี้วัดที่ถึงหรือเกินเกณฑ์อ้างอิง
zaziki milfina,51,4.4,1.6,0.0,0.0,0.0,0.0,0.0,0.0,0.0,0.0,8.0,6.76923076923077,0.0,0.0,0.0,Low,0,ยังไม่พบตัวชี้วัดที่ถึงหรือเกินเกณฑ์อ้างอิง
cottage cheese low fat,163,2.3,1.5,6.1,6.1,28.0,0.0,9.0,0.9,0.045,3.0,7.5,3.5384615384615383,2.033333333333333,0.0,61.0,Low,0,ยังไม่พบตัวชี้วัดที่ถึงหรือเกินเกณฑ์อ้างอิง
cottage cheese nonfat,104,0.4,0.2,9.7,2.7,15.0,0.0,10.2,0.5,0.025,3.3999999999999995,1.0,0.6153846153846154,3.2333333333333334,0.0,27.0,Low,0,ยังไม่พบตัวชี้วัดที่ถึงหรือเกินเกณฑ์อ้างอิง
vanilla yogurt low fat,208,3.1,2.0,33.8,33.8,12.1,0.0,12.3,0.2,0.01,4.1000000000000005,10.0,4.769230769230769,11.266666666666666,0.0,338.0,Medium,1,น้ำตาลถึงหรือเกินเกณฑ์ต่อมื้อ
classique yogurt plain 2 liberte,30,1.2,0.7,1.7,1.7,3.3,0.0,0.017,0.0,0.0,0.005666666666666667,3.4999999999999996,1.846153846153846,0.5666666666666667,0.0,17.0,Low,0,ยังไม่พบตัวชี้วัดที่ถึงหรือเกินเกณฑ์อ้างอิง
yoplait light strawberry yogurt yoplait,79,0.0,14.1,0.074,0.0,0.0,0.0,0.0,0.0,0.0,0.0,70.5,0.0,0.024666666666666667,0.0,0.0,Low,0,ยังไม่พบตัวชี้วัดที่ถึงหรือเกินเกณฑ์อ้างอิง
vanilla yogurt,145,2.1,1.3,23.5,23.5,8.4,0.0,8.5,0.1,0.005,2.833333333333333,6.5,3.230769230769231,7.833333333333334,0.0,235.0,Medium,1,น้ำตาลถึงหรือเกินเกณฑ์ต่อมื้อ
chocolate yogurt,168,0.0,0.0,35.3,22.5,5.3,1.8,1.5,0.2,0.01,0.5,0.0,0.0,11.766666666666666,7.200000000000001,225.0,Medium,1,น้ำตาลถึงหรือเกินเกณฑ์ต่อมื้อ
yogurt parfait,125,1.5,0.8,23.6,17.4,5.0,1.6,4.5,0.048,0.0024000000000000002,1.5,4.0,2.307692307692308,7.866666666666668,6.4,173.99999999999997,Medium,1,น้ำตาลถึงหรือเกินเกณฑ์ต่อมื้อ
yogurt,92,4.9,3.1,7.0,7.0,5.2,0.0,19.5,0.005,0.00025,6.5,15.5,7.538461538461538,2.3333333333333335,0.0,70.0,Low,0,ยังไม่พบตัวชี้วัดที่ถึงหรือเกินเกณฑ์อ้างอิง
chocolate frozen yogurt,221,6.3,4.0,37.6,33.5,5.2,4.0,22.6,0.1,0.005,7.533333333333333,20.0,9.692307692307692,12.533333333333333,16.0,335.0,Medium,1,น้ำตาลถึงหรือเกินเกณฑ์ต่อมื้อ
frozen yogurt,221,6.3,4.0,37.6,34.7,5.2,0.0,22.6,0.1,0.005,7.533333333333333,20.0,9.692307692307692,12.533333333333333,0.0,347.0,Medium,1,น้ำตาลถึงหรือเกินเกณฑ์ต่อมื้อ
yogurt low fat,154,3.8,2.5,17.2,17.2,12.9,0.0,14.7,0.2,0.01,4.8999999999999995,12.5,5.846153846153846,5.733333333333333,0.0,172.0,Medium,1,น้ำตาลถึงหรือเกินเกณฑ์ต่อมื้อ
vanilla yoghurt oikos,120,1.8,24.0,0.0,0.0,0.0,0.0,0.0,0.0,0.0,0.0,120.0,2.769230769230769,0.0,0.0,0.0,Medium,1,ไขมันอิ่มตัวถึงหรือเกินเกณฑ์อ้างอิงต่อวัน
fruit yogurt,149,1.7,1.1,28.0,28.0,6.0,0.0,7.5,0.013,0.00065,2.5,5.500000000000001,2.6153846153846154,9.333333333333334,0.0,280.0,Medium,1,น้ำตาลถึงหรือเกินเกณฑ์ต่อมื้อ
danone low fat alsafi,88,1.7,1.0,0.089,255.0,0.0,0.0,0.0,0.0,0.0,0.0,5.0,2.6153846153846154,0.029666666666666664,0.0,2550.0,Medium,1,น้ำตาลถึงหรือเกินเกณฑ์ต่อมื้อ
fruit n yogurt parfait mcdonalds,156,1.9,0.044,30.9,19.1,4.1,1.5,7.5,0.065,0.0032500000000000003,2.5,0.21999999999999997,2.923076923076923,10.299999999999999,6.0,191.0,Medium,1,น้ำตาลถึงหรือเกินเกณฑ์ต่อมื้อ
triple zero greek yogurt dannon oikos,120,0.0,0.0,22.5,6.0,0.038,0.0,0.0,0.0,0.0,0.0,0.0,0.0,7.5,0.0,60.0,Low,0,ยังไม่พบตัวชี้วัดที่ถึงหรือเกินเกณฑ์อ้างอิง
greek yogurt,100,0.7,0.2,6.1,5.5,17.3,0.0,8.5,0.081,0.00405,2.833333333333333,1.0,1.0769230769230769,2.033333333333333,0.0,55.00000000000001,Low,0,ยังไม่พบตัวชี้วัดที่ถึงหรือเกินเกณฑ์อ้างอิง
chocolate rasberry protein mini proteinfx,102,2.9,1.8,0.0,0.0,0.0,0.0,0.0,0.0,0.0,0.0,9.0,4.461538461538462,0.0,0.0,0.0,Low,0,ยังไม่พบตัวชี้วัดที่ถึงหรือเกินเกณฑ์อ้างอิง
gushers fruit gushers,360,6.0,80.0,0.2,0.0,0.0,0.0,0.0,0.0,0.0,0.0,400.0,9.230769230769232,0.06666666666666668,0.0,0.0,Medium,1,ไขมันอิ่มตัวถึงหรือเกินเกณฑ์อ้างอิงต่อวัน
egg fried,90,6.8,2.0,0.4,0.2,6.3,0.0,184.5,0.043,0.0021499999999999996,61.5,10.0,10.461538461538462,0.13333333333333336,0.0,2.0,Low,0,ยังไม่พบตัวชี้วัดที่ถึงหรือเกินเกณฑ์อ้างอิง
glucerna abbott,1010,35.6,2.8,120.9,49.8,0.0,12.8,0.0,0.0,0.0,0.0,13.999999999999998,54.769230769230774,40.300000000000004,51.2,497.99999999999994,Medium,1,น้ำตาลถึงหรือเกินเกณฑ์ต่อมื้อ
sports drink,26,0.0,0.0,7.2,0.0,0.0,0.0,0.0,0.073,0.00365,0.0,0.0,0.0,2.4,0.0,0.0,Low,0,ยังไม่พบตัวชี้วัดที่ถึงหรือเกินเกณฑ์อ้างอิง
peanut butter cookie protein syntha 6,200,6.0,15.0,5.0,0.0,0.0,0.0,0.0,0.0,0.0,0.0,75.0,9.230769230769232,1.6666666666666667,0.0,0.0,Low,0,ยังไม่พบตัวชี้วัดที่ถึงหรือเกินเกณฑ์อ้างอิง
hanfprotein pulver rohkostqualitat veganz,107,3.1,0.3,14.2,0.057,0.0,0.0,0.0,0.0,0.0,0.0,1.5,4.769230769230769,4.733333333333333,0.0,0.5700000000000001,Low,0,ยังไม่พบตัวชี้วัดที่ถึงหรือเกินเกณฑ์อ้างอิง
smoothie high protein creamy chocolate slimfast,110,3.5,0.5,2.1,1.0,12.0,0.0,5.0,0.2,0.01,1.6666666666666667,2.5,5.384615384615385,0.7000000000000001,0.0,10.0,Low,0,ยังไม่พบตัวชี้วัดที่ถึงหรือเกินเกณฑ์อ้างอิง
egg large,138,9.3,0.5,0.0,0.0,0.0,0.0,0.0,0.0,0.0,0.0,2.5,14.30769230769231,0.0,0.0,0.0,Low,0,ยังไม่พบตัวชี้วัดที่ถึงหรือเกินเกณฑ์อ้างอิง
boysenberries frozen,66,0.3,0.049,16.1,9.1,1.5,7.0,0.0,0.064,0.0031999999999999997,0.0,0.245,0.4615384615384615,5.366666666666667,28.000000000000004,90.99999999999999,Low,0,ยังไม่พบตัวชี้วัดที่ถึงหรือเกินเกณฑ์อ้างอิง
malt beverage,88,0.3,0.005,19.1,19.1,0.5,0.0,0.0,0.02,0.001,0.0,0.025,0.4615384615384615,6.366666666666668,0.0,191.0,Medium,1,น้ำตาลถึงหรือเกินเกณฑ์ต่อมื้อ
chocolate powder for milk,88,0.5,0.5,19.9,18.0,1.0,1.0,0.0,0.012,0.0006000000000000001,0.0,2.5,0.7692307692307693,6.633333333333333,4.0,180.0,Medium,1,น้ำตาลถึงหรือเกินเกณฑ์ต่อมื้อ
vegetable fruit juice,9,0.017,0.0,2.2,0.6,0.071,0.0,0.0,0.043,0.0021499999999999996,0.0,0.0,0.026153846153846156,0.7333333333333334,0.0,6.0,Low,0,ยังไม่พบตัวชี้วัดที่ถึงหรือเกินเกณฑ์อ้างอิง
cocoa powder unsweetened,12,0.7,0.4,3.1,0.087,1.1,1.8,0.0,0.062,0.0031000000000000003,0.0,2.0,1.0769230769230769,1.0333333333333332,7.200000000000001,0.8699999999999999,Low,0,ยังไม่พบตัวชี้วัดที่ถึงหรือเกินเกณฑ์อ้างอิง
coconut milk,35,3.6,3.2,0.8,0.5,0.3,0.3,0.0,0.001,4.9999999999999996e-05,0.0,16.0,5.538461538461538,0.2666666666666667,1.2,5.0,Low,0,ยังไม่พบตัวชี้วัดที่ถึงหรือเกินเกณฑ์อ้างอิง
cocoa powder,28,0.3,0.2,5.9,4.6,0.5,0.3,0.0,0.034,0.0017,0.0,1.0,0.4615384615384615,1.966666666666667,1.2,46.0,Low,0,ยังไม่พบตัวชี้วัดที่ถึงหรือเกินเกณฑ์อ้างอิง
rice drink,113,2.3,0.0,22.0,12.7,0.7,0.7,0.0,0.058,0.0029,0.0,0.0,3.5384615384615383,7.333333333333333,2.8,127.0,Medium,1,น้ำตาลถึงหรือเกินเกณฑ์ต่อมื้อ
coconut water,46,0.5,0.4,8.9,6.3,1.7,2.6,0.0,0.3,0.015,0.0,2.0,0.7692307692307693,2.966666666666667,10.4,63.0,Low,0,ยังไม่พบตัวชี้วัดที่ถึงหรือเกินเกณฑ์อ้างอิง
caramel med iced coffee dunkin donuts,268,9.0,41.0,0.0,0.0,0.0,0.0,0.0,0.0,0.0,0.0,204.99999999999997,13.846153846153847,0.0,0.0,0.0,Medium,1,ไขมันอิ่มตัวถึงหรือเกินเกณฑ์อ้างอิงต่อวัน
instant coffee with water decaffeinated,4,0.0,0.024,0.8,0.0,0.2,0.0,0.0,0.093,0.00465,0.0,0.12000000000000001,0.0,0.2666666666666667,0.0,0.0,Low,0,ยังไม่พบตัวชี้วัดที่ถึงหรือเกินเกณฑ์อ้างอิง
instant coffee powder,353,0.5,0.2,75.4,0.0,12.2,0.0,0.0,0.051,0.00255,0.0,1.0,0.7692307692307693,25.133333333333336,0.0,0.0,Low,0,ยังไม่พบตัวชี้วัดที่ถึงหรือเกินเกณฑ์อ้างอิง
instant coffee powder decaffeinated,6,0.069,0.015,1.4,0.0,0.2,0.0,0.0,0.09,0.0045,0.0,0.075,0.10615384615384617,0.4666666666666666,0.0,0.0,Low,0,ยังไม่พบตัวชี้วัดที่ถึงหรือเกินเกณฑ์อ้างอิง
instant cappuccino powder,53,0.7,0.4,11.2,9.0,0.4,0.2,0.3,0.074,0.0036999999999999997,0.1,2.0,1.0769230769230769,3.733333333333333,0.8,90.0,Low,0,ยังไม่พบตัวชี้วัดที่ถึงหรือเกินเกณฑ์อ้างอิง
coffee decaffeinated,0,0.0,0.087,0.0,0.0,0.2,0.0,0.0,0.058,0.0029,0.0,0.43499999999999994,0.0,0.0,0.0,0.0,Low,0,ยังไม่พบตัวชี้วัดที่ถึงหรือเกินเกณฑ์อ้างอิง
espresso decaffeinated,3,0.011,0.037,0.5,0.0,0.065,0.0,0.0,0.011,0.00055,0.0,0.185,0.016923076923076923,0.16666666666666669,0.0,0.0,Low,0,ยังไม่พบตัวชี้วัดที่ถึงหรือเกินเกณฑ์อ้างอิง
instant coffee with water,4,0.0,0.051,0.6,0.0,0.2,0.0,0.0,0.015,0.0007499999999999999,0.0,0.25499999999999995,0.0,0.2,0.0,0.0,Low,0,ยังไม่พบตัวชี้วัดที่ถึงหรือเกินเกณฑ์อ้างอิง
coffee,2,0.069,0.011,0.0,0.0,0.3,0.0,0.0,0.075,0.00375,0.0,0.05499999999999999,0.10615384615384617,0.0,0.0,0.0,Low,0,ยังไม่พบตัวชี้วัดที่ถึงหรือเกินเกณฑ์อ้างอิง
espresso,3,0.086,0.068,0.5,0.0,0.021,0.0,0.0,0.083,0.00415,0.0,0.34,0.1323076923076923,0.16666666666666669,0.0,0.0,Low,0,ยังไม่พบตัวชี้วัดที่ถึงหรือเกินเกณฑ์อ้างอิง
whey protein powder vanilla eas,108,1.7,1.4,0.0,0.0,0.0,0.0,0.0,0.0,0.0,0.0,6.999999999999999,2.6153846153846154,0.0,0.0,0.0,Low,0,ยังไม่พบตัวชี้วัดที่ถึงหรือเกินเกณฑ์อ้างอิง
energy drink sugar free red bull,13,0.2,0.0,1.8,0.0,0.6,0.0,0.0,0.008,0.00039999999999999996,0.0,0.0,0.3076923076923077,0.6,0.0,0.0,Low,0,ยังไม่พบตัวชี้วัดที่ถึงหรือเกินเกณฑ์อ้างอิง
powerade coca cola,9,0.009,0.076,2.3,1.8,0.0,0.0,0.0,0.005,0.00025,0.0,0.38,0.013846153846153845,0.7666666666666666,0.0,18.0,Low,0,ยังไม่พบตัวชี้วัดที่ถึงหรือเกินเกณฑ์อ้างอิง
amp energy pepsi,110,0.2,0.0,29.0,29.0,0.6,0.0,0.0,0.093,0.00465,0.0,0.0,0.3076923076923077,9.666666666666666,0.0,290.0,Medium,1,น้ำตาลถึงหรือเกินเกณฑ์ต่อมื้อ
gatorade g2 pepsi,2,0.052,0.0,0.6,0.4,0.069,0.0,0.0,0.011,0.00055,0.0,0.0,0.07999999999999999,0.2,0.0,4.0,Low,0,ยังไม่พบตัวชี้วัดที่ถึงหรือเกินเกณฑ์อ้างอิง
amp energy sugar free pepsi,5,0.0,0.0,2.5,0.0,0.0,0.0,0.0,0.093,0.00465,0.0,0.0,0.0,0.8333333333333334,0.0,0.0,Low,0,ยังไม่พบตัวชี้วัดที่ถึงหรือเกินเกณฑ์อ้างอิง
energy drink red bull,111,0.0,0.0,26.4,26.4,1.2,0.0,0.0,0.1,0.005,0.0,0.0,0.0,8.799999999999999,0.0,263.99999999999994,Medium,1,น้ำตาลถึงหรือเกินเกณฑ์ต่อมื้อ
powerade zero ion4 coca cola,0,0.0,0.0,0.0,0.0,0.0,0.0,0.0,0.03,0.0014999999999999998,0.0,0.0,0.0,0.0,0.0,0.0,Low,0,ยังไม่พบตัวชี้วัดที่ถึงหรือเกินเกณฑ์อ้างอิง
full throttle coca cola,110,0.2,0.0,29.0,29.0,0.6,0.0,0.0,0.071,0.0035499999999999993,0.0,0.0,0.3076923076923077,9.666666666666666,0.0,290.0,Medium,1,น้ำตาลถึงหรือเกินเกณฑ์ต่อมื้อ
passion fruit juice purple,148,0.4,0.064,35.7,35.2,1.7,0.5,0.0,0.084,0.004200000000000001,0.0,0.32,0.6153846153846154,11.9,2.0,352.00000000000006,Medium,1,น้ำตาลถึงหรือเกินเกณฑ์ต่อมื้อ
pomegranate juice,134,0.7,0.2,32.7,31.5,0.4,0.2,0.0,0.089,0.00445,0.0,1.0,1.0769230769230769,10.900000000000002,0.8,315.0,Medium,1,น้ำตาลถึงหรือเกินเกณฑ์ต่อมื้อ
cranberry apricot juice,157,0.0,0.0,39.7,0.0,0.5,0.2,0.0,0.007,0.00035,0.0,0.0,0.0,13.233333333333333,0.8,0.0,Low,0,ยังไม่พบตัวชี้วัดที่ถึงหรือเกินเกณฑ์อ้างอิง
pineapple juice,133,0.3,0.071,32.2,25.0,0.9,0.5,0.0,0.075,0.00375,0.0,0.355,0.4615384615384615,10.733333333333334,2.0,250.0,Medium,1,น้ำตาลถึงหรือเกินเกณฑ์ต่อมื้อ
passion fruit juice yellow,126,0.1,0.008,33.6,33.1,1.0,0.5,0.0,0.003,0.00015000000000000001,0.0,0.04,0.15384615384615385,11.200000000000001,2.0,331.0,Medium,1,น้ำตาลถึงหรือเกินเกณฑ์ต่อมื้อ
orange apricot juice,128,0.3,0.001,31.8,30.2,0.8,0.3,0.0,0.096,0.0048000000000000004,0.0,0.005,0.4615384615384615,10.6,1.2,302.0,Medium,1,น้ำตาลถึงหรือเกินเกณฑ์ต่อมื้อ
tangerine juice,106,0.5,0.082,24.9,24.5,1.2,0.5,0.0,0.022,0.0011,0.0,0.41000000000000003,0.7692307692307693,8.299999999999999,2.0,245.00000000000003,Medium,1,น้ำตาลถึงหรือเกินเกณฑ์ต่อมื้อ
orange juice,90,0.4,0.079,20.8,16.8,1.4,0.4,0.0,0.067,0.00335,0.0,0.395,0.6153846153846154,6.933333333333333,1.6,168.00000000000003,Medium,1,น้ำตาลถึงหรือเกินเกณฑ์ต่อมื้อ
grapefruit juice,96,0.2,0.011,22.7,0.0,1.2,0.0,0.0,0.061,0.0030499999999999998,0.0,0.05499999999999999,0.3076923076923077,7.566666666666666,0.0,0.0,Low,0,ยังไม่พบตัวชี้วัดที่ถึงหรือเกินเกณฑ์อ้างอิง
pineapple grapefruit juice,118,0.3,0.077,29.0,28.8,0.5,0.3,0.0,0.054,0.0026999999999999997,0.0,0.385,0.4615384615384615,9.666666666666666,1.2,288.0,Medium,1,น้ำตาลถึงหรือเกินเกณฑ์ต่อมื้อ
tamarind nectar,143,0.3,0.0,37.0,31.9,0.2,1.3,0.0,0.046,0.0023,0.0,0.0,0.4615384615384615,12.333333333333334,5.2,319.0,Medium,1,น้ำตาลถึงหรือเกินเกณฑ์ต่อมื้อ
apple juice,114,0.3,0.064,28.0,23.9,0.2,0.5,0.0,0.038,0.0019000000000000002,0.0,0.32,0.4615384615384615,9.333333333333334,2.0,238.99999999999997,Medium,1,น้ำตาลถึงหรือเกินเกณฑ์ต่อมื้อ
limeade,128,0.0,0.0,34.1,32.8,0.0,0.0,0.0,0.071,0.0035499999999999993,0.0,0.0,0.0,11.366666666666667,0.0,328.0,Medium,1,น้ำตาลถึงหรือเกินเกณฑ์ต่อมื้อ
guava nectar,158,0.2,0.05,40.8,32.5,0.2,2.5,0.0,0.063,0.00315,0.0,0.25,0.3076923076923077,13.599999999999998,10.0,325.0,Medium,1,น้ำตาลถึงหรือเกินเกณฑ์ต่อมื้อ
orange grapefruit juice,106,0.2,0.009,25.4,25.1,1.5,0.2,0.0,0.082,0.0041,0.0,0.045,0.3076923076923077,8.466666666666667,0.8,251.00000000000003,Medium,1,น้ำตาลถึงหรือเกินเกณฑ์ต่อมื้อ
orange juice sainsburys,14,0.088,2.5,0.0,0.0,0.0,0.0,0.0,0.0,0.0,0.0,12.5,0.13538461538461538,0.0,0.0,0.0,Low,0,ยังไม่พบตัวชี้วัดที่ถึงหรือเกินเกณฑ์อ้างอิง
cranberry apple juice,154,0.3,0.066,38.8,35.5,0.0,0.0,0.0,0.061,0.0030499999999999998,0.0,0.33,0.4615384615384615,12.933333333333334,0.0,355.0,Medium,1,น้ำตาลถึงหรือเกินเกณฑ์ต่อมื้อ
pineapple orange juice,125,0.0,0.0,29.5,29.0,3.3,0.3,0.0,0.069,0.0034500000000000004,0.0,0.0,0.0,9.833333333333332,1.2,290.0,Medium,1,น้ำตาลถึงหรือเกินเกณฑ์ต่อมื้อ
pear nectar,150,0.062,0.032,39.4,0.0,0.3,1.5,0.0,0.056,0.0028,0.0,0.16,0.09538461538461539,13.133333333333333,6.0,0.0,Low,0,ยังไม่พบตัวชี้วัดที่ถึงหรือเกินเกณฑ์อ้างอิง
blackberry juice,95,1.5,0.095,19.5,19.3,0.8,0.3,0.0,0.072,0.0035999999999999995,0.0,0.475,2.307692307692308,6.5,1.2,193.00000000000003,Medium,1,น้ำตาลถึงหรือเกินเกณฑ์ต่อมื้อ
lemon juice,54,0.6,0.06,16.6,6.1,0.9,0.7,0.0,0.046,0.0023,0.0,0.3,0.923076923076923,5.533333333333334,2.8,61.0,Low,0,ยังไม่พบตัวชี้วัดที่ถึงหรือเกินเกณฑ์อ้างอิง
cranberry grape juice,137,0.2,0.053,34.3,0.0,0.5,0.2,0.0,0.079,0.0039499999999999995,0.0,0.265,0.3076923076923077,11.433333333333334,0.8,0.0,Low,0,ยังไม่พบตัวชี้วัดที่ถึงหรือเกินเกณฑ์อ้างอิง
citrus fruit juice,114,0.057,0.088,28.3,20.2,0.8,0.2,0.0,0.051,0.00255,0.0,0.43999999999999995,0.0876923076923077,9.433333333333334,0.8,202.0,Medium,1,น้ำตาลถึงหรือเกินเกณฑ์ต่อมื้อ
prune juice,182,0.006,0.033,44.7,42.1,1.6,2.6,0.0,0.1,0.005,0.0,0.165,0.009230769230769232,14.900000000000002,10.4,421.0,Medium,1,น้ำตาลถึงหรือเกินเกณฑ์ต่อมื้อ
guanabana nectar,148,0.4,0.096,37.5,32.8,0.3,0.3,0.0,0.061,0.0030499999999999998,0.0,0.48000000000000004,0.6153846153846154,12.5,1.2,328.0,Medium,1,น้ำตาลถึงหรือเกินเกณฑ์ต่อมื้อ
fruit juice,108,0.1,0.059,26.3,24.2,0.3,0.2,0.0,0.1,0.005,0.0,0.295,0.15384615384615385,8.766666666666667,0.8,242.0,Medium,1,น้ำตาลถึงหรือเกินเกณฑ์ต่อมื้อ
horchata,15,0.2,0.0,3.3,2.6,0.1,0.0,0.0,0.013,0.00065,0.0,0.0,0.3076923076923077,1.0999999999999999,0.0,26.0,Low,0,ยังไม่พบตัวชี้วัดที่ถึงหรือเกินเกณฑ์อ้างอิง
fruit punch,98,0.4,0.048,24.4,0.0,0.2,0.0,0.0,0.08,0.004,0.0,0.24000000000000002,0.6153846153846154,8.133333333333333,0.0,0.0,Low,0,ยังไม่พบตัวชี้วัดที่ถึงหรือเกินเกณฑ์อ้างอิง
apricot nectar,139,0.2,0.07,35.7,34.2,0.9,1.5,0.0,0.025,0.00125,0.0,0.35000000000000003,0.3076923076923077,11.9,6.0,342.00000000000006,Medium,1,น้ำตาลถึงหรือเกินเกณฑ์ต่อมื้อ
orangensaft ja,86,0.0,0.0,1.4,0.024,0.0,0.0,0.0,0.0,0.0,0.0,0.0,0.0,0.4666666666666666,0.0,0.24000000000000002,Low,0,ยังไม่พบตัวชี้วัดที่ถึงหรือเกินเกณฑ์อ้างอิง
fruchtcocktail granini,102,0.4,0.2,1.0,0.0,0.0,0.0,0.0,0.0,0.0,0.0,1.0,0.6153846153846154,0.33333333333333337,0.0,0.0,Low,0,ยังไม่พบตัวชี้วัดที่ถึงหรือเกินเกณฑ์อ้างอิง
peach nectar,125,1.3,0.6,29.7,27.8,0.5,0.2,0.0,0.077,0.00385,0.0,3.0,2.0,9.899999999999999,0.8,278.0,Medium,1,น้ำตาลถึงหรือเกินเกณฑ์ต่อมื้อ
orange pineapple juice,15,0.08,0.056,3.6,3.1,0.1,0.032,0.0,0.044,0.0022,0.0,0.27999999999999997,0.12307692307692308,1.2,0.128,31.0,Low,0,ยังไม่พบตัวชี้วัดที่ถึงหรือเกินเกณฑ์อ้างอิง
cranberry juice,92,0.3,0.061,24.4,24.2,0.8,0.2,0.0,0.093,0.00465,0.0,0.305,0.4615384615384615,8.133333333333333,0.8,242.0,Medium,1,น้ำตาลถึงหรือเกินเกณฑ์ต่อมื้อ
white grapefruit juice,96,0.2,0.083,22.7,22.5,1.2,0.2,0.0,0.018,0.0008999999999999999,0.0,0.415,0.3076923076923077,7.566666666666666,0.8,225.0,Medium,1,น้ำตาลถึงหรือเกินเกณฑ์ต่อมื้อ
mango nectar,128,0.2,0.04,32.9,31.2,0.3,0.8,0.0,0.061,0.0030499999999999998,0.0,0.2,0.3076923076923077,10.966666666666667,3.2,312.0,Medium,1,น้ำตาลถึงหรือเกินเกณฑ์ต่อมื้อ
acerola cherry juice,56,0.7,0.2,11.6,10.9,1.0,0.7,0.0,0.082,0.0041,0.0,1.0,1.0769230769230769,3.8666666666666667,2.8,109.00000000000001,Medium,1,น้ำตาลถึงหรือเกินเกณฑ์ต่อมื้อ
apple juice concentrate,350,0.8,0.1,86.5,81.9,1.1,0.8,0.0,0.049,0.0024500000000000004,0.0,0.5,1.2307692307692308,28.833333333333332,3.2,819.0000000000001,Medium,1,น้ำตาลถึงหรือเกินเกณฑ์ต่อมื้อ
papaya nectar,143,0.4,0.1,36.3,34.8,0.4,1.5,0.0,0.082,0.0041,0.0,0.5,0.6153846153846154,12.1,6.0,347.99999999999994,Medium,1,น้ำตาลถึงหรือเกินเกณฑ์ต่อมื้อ
apple juice martinellis,122,0.0,0.0,0.0,0.0,0.0,0.0,0.0,0.0,0.0,0.0,0.0,0.0,0.0,0.0,0.0,Low,0,ยังไม่พบตัวชี้วัดที่ถึงหรือเกินเกณฑ์อ้างอิง
lime juice,61,0.2,0.052,20.4,4.1,1.0,1.0,0.0,0.014,0.0007,0.0,0.26,0.3076923076923077,6.799999999999999,4.0,41.0,Low,0,ยังไม่พบตัวชี้วัดที่ถึงหรือเกินเกณฑ์อ้างอิง
grape juice,152,0.3,0.06,37.4,35.9,0.9,0.5,0.0,0.003,0.00015000000000000001,0.0,0.3,0.4615384615384615,12.466666666666667,2.0,359.0,Medium,1,น้ำตาลถึงหรือเกินเกณฑ์ต่อมื้อ
water dannon,0,0.0,0.0,0.0,0.0,0.0,0.0,0.0,0.0,0.0,0.0,0.0,0.0,0.0,0.0,0.0,Low,0,ยังไม่พบตัวชี้วัดที่ถึงหรือเกินเกณฑ์อ้างอิง
tap water,0,0.0,0.0,0.0,0.0,0.0,0.0,0.0,0.018,0.0008999999999999999,0.0,0.0,0.0,0.0,0.0,0.0,Low,0,ยังไม่พบตัวชี้วัดที่ถึงหรือเกินเกณฑ์อ้างอิง
table water,0,0.0,0.0,0.0,0.0,0.0,0.0,0.0,0.044,0.0022,0.0,0.0,0.0,0.0,0.0,0.0,Low,0,ยังไม่พบตัวชี้วัดที่ถึงหรือเกินเกณฑ์อ้างอิง
fruit flavored water,52,0.0,0.0,13.0,13.0,0.0,0.0,0.0,0.0,0.0,0.0,0.0,0.0,4.333333333333334,0.0,130.0,Medium,1,น้ำตาลถึงหรือเกินเกณฑ์ต่อมื้อ
water,0,0.0,0.0,0.0,0.0,0.0,0.0,0.0,0.024,0.0012000000000000001,0.0,0.0,0.0,0.0,0.0,0.0,Low,0,ยังไม่พบตัวชี้วัดที่ถึงหรือเกินเกณฑ์อ้างอิง
cola light coca cola,0,0.0,0.0,0.0,0.0,0.0,0.0,0.0,0.087,0.00435,0.0,0.0,0.0,0.0,0.0,0.0,Low,0,ยังไม่พบตัวชี้วัดที่ถึงหรือเกินเกณฑ์อ้างอิง
lemon lime soda,151,0.0,0.0,38.4,37.6,0.3,0.0,0.0,0.024,0.0012000000000000001,0.0,0.0,0.0,12.8,0.0,376.0,Medium,1,น้ำตาลถึงหรือเกินเกณฑ์ต่อมื้อ
tonic water,114,0.0,0.0,29.6,29.6,0.0,0.0,0.0,0.049,0.0024500000000000004,0.0,0.0,0.0,9.866666666666667,0.0,296.0,Medium,1,น้ำตาลถึงหรือเกินเกณฑ์ต่อมื้อ
lemonade low calorie,7,0.0,0.0,1.6,0.0,0.092,0.0,0.0,0.013,0.00065,0.0,0.0,0.0,0.5333333333333334,0.0,0.0,Low,0,ยังไม่พบตัวชี้วัดที่ถึงหรือเกินเกณฑ์อ้างอิง
ginger ale,68,0.0,0.0,17.5,17.4,0.0,0.0,0.0,0.043,0.0021499999999999996,0.0,0.0,0.0,5.833333333333333,0.0,173.99999999999997,Medium,1,น้ำตาลถึงหรือเกินเกณฑ์ต่อมื้อ
ice tea lemon flavor nestle,88,0.0,0.0,22.3,22.3,0.0,0.0,0.0,0.063,0.00315,0.0,0.0,0.0,7.433333333333334,0.0,223.0,Medium,1,น้ำตาลถึงหรือเกินเกณฑ์ต่อมื้อ
sprite coca cola,80,0.063,0.0,20.3,18.0,0.1,0.0,0.0,0.021,0.0010500000000000002,0.0,0.0,0.09692307692307692,6.766666666666667,0.0,180.0,Medium,1,น้ำตาลถึงหรือเกินเกณฑ์ต่อมื้อ
cola coca cola,151,0.0,0.0,38.9,38.9,0.0,0.0,0.0,0.045,0.00225,0.0,0.0,0.0,12.966666666666665,0.0,388.99999999999994,Medium,1,น้ำตาลถึงหรือเกินเกณฑ์ต่อมื้อ
cola,74,0.07,0.0,19.1,17.9,0.1,0.0,0.0,0.072,0.0035999999999999995,0.0,0.0,0.10769230769230771,6.366666666666668,0.0,178.99999999999997,Medium,1,น้ำตาลถึงหรือเกินเกณฑ์ต่อมื้อ
cream soda,252,0.0,0.0,65.7,65.7,0.0,0.0,0.0,0.098,0.004900000000000001,0.0,0.0,0.0,21.9,0.0,657.0,Medium,1,น้ำตาลถึงหรือเกินเกณฑ์ต่อมื้อ
club soda,0,0.0,0.0,0.0,0.0,0.0,0.0,0.0,0.046,0.0023,0.0,0.0,0.0,0.0,0.0,0.0,Low,0,ยังไม่พบตัวชี้วัดที่ถึงหรือเกินเกณฑ์อ้างอิง
pink lemonade,86,0.3,0.079,21.6,20.6,0.1,0.2,0.0,0.01,0.0005,0.0,0.395,0.4615384615384615,7.200000000000001,0.8,206.0,Medium,1,น้ำตาลถึงหรือเกินเกณฑ์ต่อมื้อ
grape soda,160,0.0,0.0,41.7,0.0,0.0,0.0,0.0,0.042,0.0021000000000000003,0.0,0.0,0.0,13.900000000000002,0.0,0.0,Low,0,ยังไม่พบตัวชี้วัดที่ถึงหรือเกินเกณฑ์อ้างอิง
cola without caffeine coca cola,151,0.0,0.0,38.9,38.9,0.0,0.0,0.0,0.04,0.002,0.0,0.0,0.0,12.966666666666665,0.0,388.99999999999994,Medium,1,น้ำตาลถึงหรือเกินเกณฑ์ต่อมื้อ
white lemonade,80,0.003,0.093,20.8,20.0,0.1,0.0,0.0,0.02,0.001,0.0,0.46499999999999997,0.004615384615384616,6.933333333333333,0.0,200.0,Medium,1,น้ำตาลถึงหรือเกินเกณฑ์ต่อมื้อ
chocolate soda,207,0.0,0.0,52.6,52.6,0.0,0.0,0.0,0.031,0.0015500000000000002,0.0,0.0,0.0,17.533333333333335,0.0,526.0,Medium,1,น้ำตาลถึงหรือเกินเกณฑ์ต่อมื้อ
sweet tea lipton,130,0.0,0.0,35.0,35.0,0.0,0.0,0.0,0.0,0.0,0.0,0.0,0.0,11.666666666666666,0.0,350.0,Medium,1,น้ำตาลถึงหรือเกินเกณฑ์ต่อมื้อ
hibiscus tea,74,1.3,0.5,14.8,12.0,0.9,0.6,0.0,0.091,0.00455,0.0,2.5,2.0,4.933333333333334,2.4,120.0,Medium,1,น้ำตาลถึงหรือเกินเกณฑ์ต่อมื้อ
instant lemon tea,2,0.0,0.0,0.3,0.047,0.1,0.0,0.0,0.046,0.0023,0.0,0.0,0.0,0.1,0.0,0.47000000000000003,Low,0,ยังไม่พบตัวชี้วัดที่ถึงหรือเกินเกณฑ์อ้างอิง
pesca tea santal,116,0.0,28.1,0.0,0.0,0.0,0.0,0.0,0.0,0.0,0.0,140.5,0.0,0.0,0.0,0.0,Medium,1,ไขมันอิ่มตัวถึงหรือเกินเกณฑ์อ้างอิงต่อวัน
instant lemon tea sweetened,91,0.2,0.018,22.3,21.6,0.071,0.3,0.0,0.089,0.00445,0.0,0.09,0.3076923076923077,7.433333333333334,1.2,216.0,Medium,1,น้ำตาลถึงหรือเกินเกณฑ์ต่อมื้อ
tea with milk and sugar yorkshire,15,0.5,0.3,0.4,0.0,0.0,0.0,0.0,0.0,0.0,0.0,1.5,0.7692307692307693,0.13333333333333336,0.0,0.0,Low,0,ยังไม่พบตัวชี้วัดที่ถึงหรือเกินเกณฑ์อ้างอิง
tea blueberry muffin tekanne,4,0.2,0.2,0.4,0.007,0.0,0.0,0.0,0.0,0.0,0.0,1.0,0.3076923076923077,0.13333333333333336,0.0,0.06999999999999999,Low,0,ยังไม่พบตัวชี้วัดที่ถึงหรือเกินเกณฑ์อ้างอิง
chamomile tea,2,0.0,0.028,0.4,0.0,0.0,0.0,0.0,0.003,0.00015000000000000001,0.0,0.13999999999999999,0.0,0.13333333333333336,0.0,0.0,Low,0,ยังไม่พบตัวชี้วัดที่ถึงหรือเกินเกณฑ์อ้างอิง
black tea,2,0.0,0.072,0.7,0.0,0.0,0.0,0.0,0.091,0.00455,0.0,0.36,0.0,0.2333333333333333,0.0,0.0,Low,0,ยังไม่พบตัวชี้วัดที่ถึงหรือเกินเกณฑ์อ้างอิง
herb tea,2,0.0,0.014,0.4,0.0,0.0,0.0,0.0,0.064,0.0031999999999999997,0.0,0.06999999999999999,0.0,0.13333333333333336,0.0,0.0,Low,0,ยังไม่พบตัวชี้วัดที่ถึงหรือเกินเกณฑ์อ้างอิง
clam tomato juice,80,0.3,0.0,18.2,5.5,1.0,0.7,0.0,0.6,0.03,0.0,0.0,0.4615384615384615,6.066666666666666,2.8,55.00000000000001,Low,0,ยังไม่พบตัวชี้วัดที่ถึงหรือเกินเกณฑ์อ้างอิง
tomato juice,41,0.7,0.043,8.6,6.3,2.1,1.0,0.0,0.063,0.00315,0.0,0.215,1.0769230769230769,2.8666666666666667,4.0,63.0,Low,0,ยังไม่พบตัวชี้วัดที่ถึงหรือเกินเกณฑ์อ้างอิง
vegetable juice,53,0.2,0.071,11.1,7.9,1.5,1.9,0.0,0.1,0.005,0.0,0.355,0.3076923076923077,3.6999999999999997,7.6,79.0,Low,0,ยังไม่พบตัวชี้วัดที่ถึงหรือเกินเกณฑ์อ้างอิง
tomato vegetable juice,53,0.2,0.014,11.1,9.2,1.5,1.9,0.0,0.2,0.01,0.0,0.06999999999999999,0.3076923076923077,3.6999999999999997,7.6,92.0,Low,0,ยังไม่พบตัวชี้วัดที่ถึงหรือเกินเกณฑ์อ้างอิง
carrot juice,80,0.3,0.055,18.6,7.8,1.9,1.6,0.0,0.1,0.005,0.0,0.27499999999999997,0.4615384615384615,6.200000000000001,6.4,78.0,Low,0,ยังไม่พบตัวชี้วัดที่ถึงหรือเกินเกณฑ์อ้างอิง
acorn dried,144,8.9,1.2,15.2,0.0,2.3,0.0,0.0,0.0,0.0,0.0,6.0,13.692307692307693,5.066666666666666,0.0,0.0,Low,0,ยังไม่พบตัวชี้วัดที่ถึงหรือเกินเกณฑ์อ้างอิง
fenugreek seeds,36,0.7,0.2,6.5,0.0,2.6,2.7,0.0,0.09,0.0045,0.0,1.0,1.0769230769230769,2.166666666666667,10.8,0.0,Low,0,ยังไม่พบตัวชี้วัดที่ถึงหรือเกินเกณฑ์อ้างอิง
peanut topping mcdonalds,181,15.0,2.4,4.6,1.2,7.9,0.0,0.0,0.0,0.0,0.0,12.0,23.076923076923077,1.5333333333333332,0.0,12.0,Low,0,ยังไม่พบตัวชี้วัดที่ถึงหรือเกินเกณฑ์อ้างอิง
beechnuts dried,173,15.0,1.7,10.1,0.0,1.9,0.0,0.0,0.068,0.0034,0.0,8.5,23.076923076923077,3.3666666666666663,0.0,0.0,Low,0,ยังไม่พบตัวชี้วัดที่ถึงหรือเกินเกณฑ์อ้างอิง
breadnut tree seeds raw,61,0.3,0.089,13.1,0.0,1.7,0.0,0.0,0.084,0.004200000000000001,0.0,0.445,0.4615384615384615,4.366666666666666,0.0,0.0,Low,0,ยังไม่พบตัวชี้วัดที่ถึงหรือเกินเกณฑ์อ้างอิง
cumin seeds,8,0.5,0.096,0.9,0.063,0.4,0.2,0.0,0.073,0.00365,0.0,0.48000000000000004,0.7692307692307693,0.3,0.8,0.63,Low,0,ยังไม่พบตัวชี้วัดที่ถึงหรือเกินเกณฑ์อ้างอิง
pili nuts dried,863,95.5,37.4,4.8,0.0,13.0,0.0,0.0,0.014,0.0007,0.0,187.0,146.92307692307693,1.6,0.0,0.0,Medium,1,ไขมันอิ่มตัวถึงหรือเกินเกณฑ์อ้างอิงต่อวัน
hazelnuts roasted,194,18.7,1.4,5.3,1.5,4.5,2.8,0.0,0.0,0.0,0.0,6.999999999999999,28.76923076923077,1.7666666666666668,11.2,15.0,Low,0,ยังไม่พบตัวชี้วัดที่ถึงหรือเกินเกณฑ์อ้างอิง
lupins cooked,193,4.8,0.6,15.4,0.0,25.8,4.6,0.0,0.4,0.02,0.0,3.0,7.384615384615384,5.133333333333334,18.4,0.0,Low,0,ยังไม่พบตัวชี้วัดที่ถึงหรือเกินเกณฑ์อ้างอิง
hazelnuts blanched,178,17.3,1.3,4.8,1.0,3.9,3.1,0.0,0.0,0.0,0.0,6.5,26.61538461538462,1.6,12.4,10.0,Low,0,ยังไม่พบตัวชี้วัดที่ถึงหรือเกินเกณฑ์อ้างอิง
brazilnuts dried,33,3.3,0.8,0.6,0.1,0.7,0.4,0.0,0.073,0.00365,0.0,4.0,5.076923076923077,0.2,1.6,1.0,Low,0,ยังไม่พบตัวชี้วัดที่ถึงหรือเกินเกณฑ์อ้างอิง
sunflower seeds dry roasted,47,4.0,0.4,1.9,0.2,1.5,0.9,0.0,0.067,0.00335,0.0,2.0,6.153846153846154,0.6333333333333333,3.6000000000000005,2.0,Low,0,ยังไม่พบตัวชี้วัดที่ถึงหรือเกินเกณฑ์อ้างอิง
ginkgo nuts canned,172,2.5,0.5,34.3,0.0,3.5,14.4,0.0,0.5,0.025,0.0,2.5,3.8461538461538463,11.433333333333334,57.60000000000001,0.0,Low,0,ยังไม่พบตัวชี้วัดที่ถึงหรือเกินเกณฑ์อ้างอิง
peanuts cooked,572,39.6,5.5,38.3,4.4,24.3,15.8,0.0,1.4,0.06999999999999999,0.0,27.500000000000004,60.92307692307693,12.766666666666666,63.2,44.00000000000001,Low,0,ยังไม่พบตัวชี้วัดที่ถึงหรือเกินเกณฑ์อ้างอิง
pumpkin squash seeds dried,721,63.3,11.2,13.8,1.8,39.0,7.7,0.0,0.013,0.00065,0.0,55.99999999999999,97.38461538461539,4.6,30.8,18.0,Low,0,ยังไม่พบตัวชี้วัดที่ถึงหรือเกินเกณฑ์อ้างอิง
cashew nuts raw,156,12.4,2.2,8.5,1.7,5.2,0.9,0.0,0.02,0.001,0.0,11.000000000000002,19.076923076923077,2.833333333333333,3.6000000000000005,17.0,Low,0,ยังไม่พบตัวชี้วัดที่ถึงหรือเกินเกณฑ์อ้างอิง
sunflower seeds dried,269,23.7,2.0,9.2,1.2,9.6,4.0,0.0,0.014,0.0007,0.0,10.0,36.46153846153846,3.0666666666666664,16.0,12.0,Low,0,ยังไม่พบตัวชี้วัดที่ถึงหรือเกินเกณฑ์อ้างอิง
lotus seeds dried,106,0.6,0.1,20.6,0.0,4.9,0.0,0.0,0.024,0.0012000000000000001,0.0,0.5,0.923076923076923,6.866666666666667,0.0,0.0,Low,0,ยังไม่พบตัวชี้วัดที่ถึงหรือเกินเกณฑ์อ้างอิง
butternuts dried,734,68.4,1.6,14.5,0.0,29.9,5.6,0.0,0.062,0.0031000000000000003,0.0,8.0,105.23076923076924,4.833333333333333,22.4,0.0,Low,0,ยังไม่พบตัวชี้วัดที่ถึงหรือเกินเกณฑ์อ้างอิง
sesame seeds dried,52,4.5,0.6,2.1,0.031,1.6,1.1,0.0,0.049,0.0024500000000000004,0.0,3.0,6.923076923076923,0.7000000000000001,4.4,0.31,Low,0,ยังไม่พบตัวชี้วัดที่ถึงหรือเกินเกณฑ์อ้างอิง
breadfruit seeds,57,1.7,0.5,8.8,0.0,2.2,1.6,0.0,0.04,0.002,0.0,2.5,2.6153846153846154,2.9333333333333336,6.4,0.0,Low,0,ยังไม่พบตัวชี้วัดที่ถึงหรือเกินเกณฑ์อ้างอิง
pinyon pine nuts dried,1,0.073,0.022,0.01,0.0,0.083,0.005,0.0,0.07,0.0035000000000000005,0.0,0.10999999999999999,0.1123076923076923,0.0033333333333333335,0.02,0.0,Low,0,ยังไม่พบตัวชี้วัดที่ถึงหรือเกินเกณฑ์อ้างอิง
pine nuts dried,909,92.3,6.6,17.7,4.8,18.5,5.0,0.0,0.086,0.004299999999999999,0.0,32.99999999999999,142.0,5.8999999999999995,20.0,48.0,Low,0,ยังไม่พบตัวชี้วัดที่ถึงหรือเกินเกณฑ์อ้างอิง
flaxseeds,55,4.3,0.4,3.0,0.2,1.9,2.8,0.0,0.035,0.0017500000000000003,0.0,2.0,6.615384615384615,1.0,11.2,2.0,Low,0,ยังไม่พบตัวชี้วัดที่ถึงหรือเกินเกณฑ์อ้างอิง
safflower seed kernels dried,146,10.9,1.0,9.7,0.0,4.6,0.0,0.0,0.042,0.0021000000000000003,0.0,5.0,16.76923076923077,3.2333333333333334,0.0,0.0,Low,0,ยังไม่พบตัวชี้วัดที่ถึงหรือเกินเกณฑ์อ้างอิง
pistachio nuts raw,691,55.8,6.8,33.8,9.4,24.9,12.7,0.0,0.037,0.0018499999999999999,0.0,34.0,85.84615384615384,11.266666666666666,50.8,94.0,Low,0,ยังไม่พบตัวชี้วัดที่ถึงหรือเกินเกณฑ์อ้างอิง
peanuts raw,828,71.9,10.0,23.5,5.8,37.7,12.4,0.0,0.038,0.0019000000000000002,0.0,50.0,110.61538461538463,7.833333333333334,49.6,57.99999999999999,Low,0,ยังไม่พบตัวชี้วัดที่ถึงหรือเกินเกณฑ์อ้างอิง
poppy seeds,46,3.7,0.4,2.5,0.3,1.6,1.7,0.0,0.079,0.0039499999999999995,0.0,2.0,5.6923076923076925,0.8333333333333334,6.800000000000001,3.0,Low,0,ยังไม่พบตัวชี้วัดที่ถึงหรือเกินเกณฑ์อ้างอิง
valencia peanuts raw,832,69.5,10.7,30.5,0.0,36.6,12.7,0.0,0.094,0.004699999999999999,0.0,53.49999999999999,106.92307692307692,10.166666666666666,50.8,0.0,Low,0,ยังไม่พบตัวชี้วัดที่ถึงหรือเกินเกณฑ์อ้างอิง
spanish peanuts,832,72.4,11.2,23.1,0.0,38.2,13.9,0.0,0.036,0.0017999999999999997,0.0,55.99999999999999,111.38461538461539,7.7,55.60000000000001,0.0,Low,0,ยังไม่พบตัวชี้วัดที่ถึงหรือเกินเกณฑ์อ้างอิง
dill seeds,20,1.0,0.018,3.6,0.0,1.1,1.4,0.0,0.037,0.0018499999999999999,0.0,0.09,1.5384615384615385,1.2,5.6,0.0,Low,0,ยังไม่พบตัวชี้วัดที่ถึงหรือเกินเกณฑ์อ้างอิง
caraway seeds,22,1.0,0.03,3.3,0.038,1.3,2.5,0.0,0.014,0.0007,0.0,0.15,1.5384615384615385,1.0999999999999999,10.0,0.38,Low,0,ยังไม่พบตัวชี้วัดที่ถึงหรือเกินเกณฑ์อ้างอิง
acorn raw,110,6.8,0.9,11.5,0.0,1.7,0.0,0.0,0.0,0.0,0.0,4.5,10.461538461538462,3.833333333333333,0.0,0.0,Low,0,ยังไม่พบตัวชี้วัดที่ถึงหรือเกินเกณฑ์อ้างอิง
almonds roasted,182,16.6,1.3,5.3,1.4,6.4,3.2,0.0,0.029,0.00145,0.0,6.5,25.538461538461544,1.7666666666666668,12.8,13.999999999999998,Low,0,ยังไม่พบตัวชี้วัดที่ถึงหรือเกินเกณฑ์อ้างอิง
lotus seeds raw,25,0.1,0.097,4.9,0.0,1.2,0.0,0.0,0.02,0.001,0.0,0.485,0.15384615384615385,1.6333333333333335,0.0,0.0,Low,0,ยังไม่พบตัวชี้วัดที่ถึงหรือเกินเกณฑ์อ้างอิง
chestnuts cooked,37,0.4,0.016,7.9,0.0,0.6,0.0,0.0,0.046,0.0023,0.0,0.08,0.6153846153846154,2.6333333333333333,0.0,0.0,Low,0,ยังไม่พบตัวชี้วัดที่ถึงหรือเกินเกณฑ์อ้างอิง
alfalfa seeds,1,0.075,0.029,0.002,0.058,0.1,0.015,0.0,0.048,0.0024000000000000002,0.0,0.14500000000000002,0.11538461538461538,0.0006666666666666666,0.06,0.5800000000000001,Low,0,ยังไม่พบตัวชี้วัดที่ถึงหรือเกินเกณฑ์อ้างอิง
virginia peanuts roasted,173,14.6,1.9,6.0,0.0,7.8,2.7,0.0,0.018,0.0008999999999999999,0.0,9.5,22.46153846153846,2.0,10.8,0.0,Low,0,ยังไม่พบตัวชี้วัดที่ถึงหรือเกินเกณฑ์อ้างอิง
hazelnuts raw,471,45.6,3.3,12.5,3.3,11.2,7.3,0.0,0.0,0.0,0.0,16.499999999999996,70.15384615384616,4.166666666666666,29.2,32.99999999999999,Low,0,ยังไม่พบตัวชี้วัดที่ถึงหรือเกินเกณฑ์อ้างอิง
anise seeds,7,0.3,0.06,1.1,0.0,0.4,0.3,0.0,0.1,0.005,0.0,0.3,0.4615384615384615,0.3666666666666667,1.2,0.0,Low,0,ยังไม่พบตัวชี้วัดที่ถึงหรือเกินเกณฑ์อ้างอิง
macadamia nuts roasted,215,22.8,3.6,4.0,1.2,2.3,2.4,0.0,0.064,0.0031999999999999997,0.0,18.0,35.07692307692308,1.3333333333333335,9.6,12.0,Low,0,ยังไม่พบตัวชี้วัดที่ถึงหรือเกินเกณฑ์อ้างอิง
studentenfutter alnatura,139,7.8,0.9,13.2,11.7,3.1,0.031,1.7,0.0,0.0,0.5666666666666667,4.5,12.0,4.3999999999999995,0.124,117.0,Medium,1,น้ำตาลถึงหรือเกินเกณฑ์ต่อมื้อ
pumpkin squash seeds roasted,46,3.9,0.7,1.2,0.1,2.4,0.5,0.0,0.045,0.00225,0.0,3.4999999999999996,6.0,0.4,2.0,1.0,Low,0,ยังไม่พบตัวชี้วัดที่ถึงหรือเกินเกณฑ์อ้างอิง
water chestnut raw,120,0.1,0.039,29.7,6.0,1.7,3.7,0.0,0.097,0.00485,0.0,0.19499999999999998,0.15384615384615385,9.899999999999999,14.800000000000002,60.0,Low,0,ยังไม่พบตัวชี้วัดที่ถึงหรือเกินเกณฑ์อ้างอิง
chestnuts roasted,37,0.3,0.009,7.9,1.6,0.5,0.8,0.0,0.043,0.0021499999999999996,0.0,0.045,0.4615384615384615,2.6333333333333333,3.2,16.0,Low,0,ยังไม่พบตัวชี้วัดที่ถึงหรือเกินเกณฑ์อ้างอิง
ginkgo nuts raw,52,0.5,0.029,10.6,0.0,1.2,0.0,0.0,0.067,0.00335,0.0,0.14500000000000002,0.7692307692307693,3.5333333333333337,0.0,0.0,Low,0,ยังไม่พบตัวชี้วัดที่ถึงหรือเกินเกณฑ์อ้างอิง
almonds raw,9,0.7,0.04,0.3,0.026,0.3,0.2,0.0,0.043,0.0021499999999999996,0.0,0.2,1.0769230769230769,0.1,0.8,0.26,Low,0,ยังไม่พบตัวชี้วัดที่ถึงหรือเกินเกณฑ์อ้างอิง
peanuts roasted,180,15.8,2.6,4.6,1.3,8.4,2.8,0.0,0.069,0.0034500000000000004,0.0,13.0,24.307692307692307,1.5333333333333332,11.2,13.0,Low,0,ยังไม่พบตัวชี้วัดที่ถึงหรือเกินเกณฑ์อ้างอิง
sunflower seeds toasted,829,76.1,8.0,27.6,0.0,23.1,15.4,0.0,0.8,0.04,0.0,40.0,117.07692307692308,9.2,61.6,0.0,Low,0,ยังไม่พบตัวชี้วัดที่ถึงหรือเกินเกณฑ์อ้างอิง
sisymbrium seeds,235,3.4,0.7,43.1,0.0,9.0,0.0,0.0,0.047,0.0023499999999999997,0.0,3.4999999999999996,5.230769230769231,14.366666666666667,0.0,0.0,Low,0,ยังไม่พบตัวชี้วัดที่ถึงหรือเกินเกณฑ์อ้างอิง
breadnut tree seeds dried,587,2.7,0.7,127.0,0.0,13.8,23.8,0.0,0.091,0.00455,0.0,3.4999999999999996,4.153846153846154,42.333333333333336,95.2,0.0,Low,0,ยังไม่พบตัวชี้วัดที่ถึงหรือเกินเกณฑ์อ้างอิง
pecans raw,753,78.4,6.7,15.1,4.3,10.0,10.5,0.0,0.0,0.0,0.0,33.5,120.61538461538461,5.033333333333333,42.0,43.0,Low,0,ยังไม่พบตัวชี้วัดที่ถึงหรือเกินเกณฑ์อ้างอิง
chia seeds dried,138,8.7,0.9,11.9,0.0,4.7,9.7,0.0,0.047,0.0023499999999999997,0.0,4.5,13.384615384615383,3.966666666666667,38.8,0.0,Low,0,ยังไม่พบตัวชี้วัดที่ถึงหรือเกินเกณฑ์อ้างอิง
japanese chestnuts roasted,57,0.2,0.08,12.8,0.0,0.8,0.0,0.0,0.079,0.0039499999999999995,0.0,0.4,0.3076923076923077,4.2666666666666675,0.0,0.0,Low,0,ยังไม่พบตัวชี้วัดที่ถึงหรือเกินเกณฑ์อ้างอิง
sesame seeds toasted,45,3.8,0.5,2.1,0.0,1.4,1.1,0.0,0.07,0.0035000000000000005,0.0,2.5,5.846153846153846,0.7000000000000001,4.4,0.0,Low,0,ยังไม่พบตัวชี้วัดที่ถึงหรือเกินเกณฑ์อ้างอิง
cashew nuts roasted,174,14.3,2.5,9.0,1.5,5.1,1.0,0.0,0.091,0.00455,0.0,12.5,22.0,3.0,4.0,15.0,Low,0,ยังไม่พบตัวชี้วัดที่ถึงหรือเกินเกณฑ์อ้างอิง
lupins raw,668,17.5,2.1,72.7,0.0,65.1,34.0,0.0,0.009,0.00044999999999999993,0.0,10.500000000000002,26.923076923076923,24.233333333333334,136.0,0.0,Low,0,ยังไม่พบตัวชี้วัดที่ถึงหรือเกินเกณฑ์อ้างอิง
mustard seeds ground,10,0.7,0.012,0.6,0.1,0.5,0.2,0.0,0.017,0.00085,0.0,0.060000000000000005,1.0769230769230769,0.2,0.8,1.0,Low,0,ยังไม่พบตัวชี้วัดที่ถึงหรือเกินเกณฑ์อ้างอิง
mixed nuts roasted,178,15.4,2.0,7.6,1.4,5.2,2.7,0.0,0.1,0.005,0.0,10.0,23.692307692307693,2.533333333333333,10.8,13.999999999999998,Low,0,ยังไม่พบตัวชี้วัดที่ถึงหรือเกินเกณฑ์อ้างอิง
salat mix alestro,61,5.2,0.9,2.4,0.0,0.0,0.0,0.0,0.0,0.0,0.0,4.5,8.0,0.8,0.0,0.0,Low,0,ยังไม่พบตัวชี้วัดที่ถึงหรือเกินเกณฑ์อ้างอิง
chestnuts raw,309,3.3,0.6,66.0,0.0,3.5,11.7,0.0,0.02,0.001,0.0,3.0,5.076923076923077,22.0,46.8,0.0,Low,0,ยังไม่พบตัวชี้วัดที่ถึงหรือเกินเกณฑ์อ้างอิง
pistachio nuts roasted,172,13.7,1.7,8.5,2.3,6.3,3.1,0.0,0.008,0.00039999999999999996,0.0,8.5,21.076923076923077,2.833333333333333,12.4,23.0,Low,0,ยังไม่พบตัวชี้วัดที่ถึงหรือเกินเกณฑ์อ้างอิง
walnut,33,3.3,0.3,0.7,0.1,0.8,0.3,0.0,0.041,0.00205,0.0,1.5,5.076923076923077,0.2333333333333333,1.2,1.0,Low,0,ยังไม่พบตัวชี้วัดที่ถึงหรือเกินเกณฑ์อ้างอิง
celery seeds,25,1.6,0.1,2.7,0.078,1.2,0.8,0.0,0.068,0.0034,0.0,0.5,2.4615384615384617,0.9000000000000001,3.2,0.7799999999999999,Low,0,ยังไม่พบตัวชี้วัดที่ถึงหรือเกินเกณฑ์อ้างอิง
hickorynuts dried,788,77.2,8.4,21.9,0.0,15.3,7.7,0.0,0.053,0.00265,0.0,42.00000000000001,118.76923076923079,7.3,30.8,0.0,Low,0,ยังไม่พบตัวชี้วัดที่ถึงหรือเกินเกณฑ์อ้างอิง
spanish peanuts roasted,851,72.1,11.1,25.7,0.0,41.2,13.1,0.0,0.6,0.03,0.0,55.49999999999999,110.92307692307692,8.566666666666666,52.400000000000006,0.0,Low,0,ยังไม่พบตัวชี้วัดที่ถึงหรือเกินเกณฑ์อ้างอิง
woca seeds dried,102,0.3,0.025,22.6,0.1,2.2,5.4,0.0,0.048,0.0024000000000000002,0.0,0.125,0.4615384615384615,7.533333333333333,21.6,1.0,Low,0,ยังไม่พบตัวชี้วัดที่ถึงหรือเกินเกณฑ์อ้างอิง
pecans roasted,215,22.6,2.2,3.9,1.2,2.8,2.9,0.0,0.062,0.0031000000000000003,0.0,11.000000000000002,34.76923076923077,1.3,11.6,12.0,Low,0,ยังไม่พบตัวชี้วัดที่ถึงหรือเกินเกณฑ์อ้างอิง
fennel seeds,7,0.3,0.008,1.0,0.0,0.3,0.8,0.0,0.097,0.00485,0.0,0.04,0.4615384615384615,0.33333333333333337,3.2,0.0,Low,0,ยังไม่พบตัวชี้วัดที่ถึงหรือเกินเกณฑ์อ้างอิง
chinese chestnuts roasted,68,0.3,0.027,14.8,0.0,1.3,0.0,0.0,0.052,0.0026,0.0,0.135,0.4615384615384615,4.933333333333334,0.0,0.0,Low,0,ยังไม่พบตัวชี้วัดที่ถึงหรือเกินเกณฑ์อ้างอิง
watermelon seed kernels dried,602,51.2,10.6,16.5,0.0,30.6,0.0,0.0,0.1,0.005,0.0,53.0,78.76923076923077,5.5,0.0,0.0,Low,0,ยังไม่พบตัวชี้วัดที่ถึงหรือเกินเกณฑ์อ้างอิง
macadamia nuts raw,38,4.0,0.6,0.7,0.2,0.4,0.5,0.0,0.011,0.00055,0.0,3.0,6.153846153846154,0.2333333333333333,2.0,2.0,Low,0,ยังไม่พบตัวชี้วัดที่ถึงหรือเกินเกณฑ์อ้างอิง
pectin,163,0.2,0.052,45.2,0.0,0.2,4.3,0.0,0.1,0.005,0.0,0.26,0.3076923076923077,15.066666666666666,17.2,0.0,Low,0,ยังไม่พบตัวชี้วัดที่ถึงหรือเกินเกณฑ์อ้างอิง
black walnut dried,31,3.0,0.2,0.5,0.018,1.2,0.3,0.0,0.028,0.0014,0.0,1.0,4.615384615384616,0.16666666666666669,1.2,0.18,Low,0,ยังไม่พบตัวชี้วัดที่ถึงหรือเกินเกณฑ์อ้างอิง
water chestnut canned,70,0.015,0.05,17.2,3.4,1.2,3.5,0.0,0.011,0.00055,0.0,0.25,0.023076923076923075,5.733333333333333,14.000000000000002,34.0,Low,0,ยังไม่พบตัวชี้วัดที่ถึงหรือเกินเกณฑ์อ้างอิง
ginkgo nuts dried,98,0.6,0.1,20.5,0.0,2.9,0.0,0.0,0.045,0.00225,0.0,0.5,0.923076923076923,6.833333333333333,0.0,0.0,Low,0,ยังไม่พบตัวชี้วัดที่ถึงหรือเกินเกณฑ์อ้างอิง
virginia peanuts raw,822,71.2,9.3,24.1,5.8,36.8,12.4,0.0,0.008,0.00039999999999999996,0.0,46.5,109.53846153846155,8.033333333333333,49.6,57.99999999999999,Low,0,ยังไม่พบตัวชี้วัดที่ถึงหรือเกินเกณฑ์อ้างอิง
valencia peanuts roasted,177,15.4,2.4,4.9,0.0,8.1,2.7,0.0,0.004,0.00019999999999999998,0.0,12.0,23.692307692307693,1.6333333333333335,10.8,0.0,Low,0,ยังไม่พบตัวชี้วัดที่ถึงหรือเกินเกณฑ์อ้างอิง
nesfit diet cereal nestle,75,0.0,14.5,0.0,0.0,0.0,0.0,0.0,0.0,0.0,0.0,72.5,0.0,0.0,0.0,0.0,Low,0,ยังไม่พบตัวชี้วัดที่ถึงหรือเกินเกณฑ์อ้างอิง
corn grits cooked,182,1.2,0.2,37.9,0.3,4.4,2.1,0.0,0.6,0.03,0.0,1.0,1.846153846153846,12.633333333333333,8.4,3.0,Low,0,ยังไม่พบตัวชี้วัดที่ถึงหรือเกินเกณฑ์อ้างอิง
amaranth flakes,134,2.7,0.5,27.0,0.2,5.9,3.6,0.0,0.067,0.00335,0.0,2.5,4.153846153846154,9.0,14.400000000000002,2.0,Low,0,ยังไม่พบตัวชี้วัดที่ถึงหรือเกินเกณฑ์อ้างอิง
granola,293,14.6,2.4,32.3,11.9,8.2,5.3,0.0,0.01,0.0005,0.0,12.0,22.46153846153846,10.766666666666666,21.2,119.0,Medium,1,น้ำตาลถึงหรือเกินเกณฑ์ต่อมื้อ
muesli with fruit nuts,231,3.4,0.5,45.7,14.2,4.3,5.8,0.0,0.1,0.005,0.0,2.5,5.230769230769231,15.233333333333334,23.2,142.0,Medium,1,น้ำตาลถึงหรือเกินเกณฑ์ต่อมื้อ
muesli master crumble,124,2.4,1.0,4.5,0.042,2.4,0.0,0.0,0.0,0.0,0.0,5.0,3.692307692307692,1.5,0.0,0.42000000000000004,Low,0,ยังไม่พบตัวชี้วัดที่ถึงหรือเกินเกณฑ์อ้างอิง
bran flakes,131,0.8,0.2,32.2,7.4,4.0,7.3,0.0,0.2,0.01,0.0,1.0,1.2307692307692308,10.733333333333334,29.2,74.0,Low,0,ยังไม่พบตัวชี้วัดที่ถึงหรือเกินเกณฑ์อ้างอิง
nut cereal,245,5.9,1.0,46.2,17.2,4.0,3.6,0.0,0.3,0.015,0.0,5.0,9.076923076923077,15.4,14.400000000000002,172.0,Medium,1,น้ำตาลถึงหรือเกินเกณฑ์ต่อมื้อ
corn flakes,108,0.3,0.098,24.6,2.2,1.7,0.8,0.0,0.2,0.01,0.0,0.49,0.4615384615384615,8.200000000000001,3.2,22.000000000000004,Low,0,ยังไม่พบตัวชี้วัดที่ถึงหรือเกินเกณฑ์อ้างอิง
corn grits dry,36,0.2,0.022,7.7,0.008,0.7,0.4,0.0,0.054,0.0026999999999999997,0.0,0.10999999999999999,0.3076923076923077,2.566666666666667,1.6,0.08,Low,0,ยังไม่พบตัวชี้วัดที่ถึงหรือเกินเกณฑ์อ้างอิง
margarine with yoghurt,88,9.8,1.9,0.073,0.0,0.058,0.0,0.0,0.018,0.0008999999999999999,0.0,9.5,15.076923076923077,0.024333333333333332,0.0,0.0,Low,0,ยังไม่พบตัวชี้วัดที่ถึงหรือเกินเกณฑ์อ้างอิง
sunflower seed butter,99,8.8,0.7,3.7,1.7,2.8,0.9,0.0,0.065,0.0032500000000000003,0.0,3.4999999999999996,13.53846153846154,1.2333333333333334,3.6000000000000005,17.0,Low,0,ยังไม่พบตัวชี้วัดที่ถึงหรือเกินเกณฑ์อ้างอิง
hazelnut oil,120,13.6,1.0,0.0,0.0,0.0,0.0,0.0,0.0,0.0,0.0,5.0,20.923076923076923,0.0,0.0,0.0,Low,0,ยังไม่พบตัวชี้วัดที่ถึงหรือเกินเกณฑ์อ้างอิง
menhaden fish oil,1966,218.0,66.3,0.0,0.0,0.0,0.0,1135.8,0.0,0.0,378.6,331.5,335.3846153846154,0.0,0.0,0.0,Medium,1,โคเลสเตอรอลถึงหรือเกินเกณฑ์อ้างอิงต่อวัน | ไขมันอิ่มตัวถึงหรือเกินเกณฑ์อ้างอิงต่อวัน
cod liver fish oil,123,13.6,3.1,0.0,0.0,0.0,0.0,77.5,0.0,0.0,25.833333333333336,15.5,20.923076923076923,0.0,0.0,0.0,Low,0,ยังไม่พบตัวชี้วัดที่ถึงหรือเกินเกณฑ์อ้างอิง
sardine oil,123,13.6,4.1,0.0,0.0,0.0,0.0,96.6,0.0,0.0,32.2,20.5,20.923076923076923,0.0,0.0,0.0,Low,0,ยังไม่พบตัวชี้วัดที่ถึงหรือเกินเกณฑ์อ้างอิง
cupu assu oil,120,13.6,7.2,0.0,0.0,0.0,0.0,0.0,0.0,0.0,0.0,36.0,20.923076923076923,0.0,0.0,0.0,Low,0,ยังไม่พบตัวชี้วัดที่ถึงหรือเกินเกณฑ์อ้างอิง
lard,115,12.8,5.0,0.0,0.0,0.0,0.0,12.2,0.0,0.0,4.066666666666666,25.0,19.692307692307693,0.0,0.0,0.0,Low,0,ยังไม่พบตัวชี้วัดที่ถึงหรือเกินเกณฑ์อ้างอิง
sesame butter,94,8.1,1.1,3.8,0.0,2.9,0.9,0.0,0.031,0.0015500000000000002,0.0,5.500000000000001,12.461538461538462,1.2666666666666666,3.6000000000000005,0.0,Low,0,ยังไม่พบตัวชี้วัดที่ถึงหรือเกินเกณฑ์อ้างอิง
margarine spread,59,6.7,1.2,0.1,0.0,0.082,0.0,0.1,0.019,0.0009500000000000001,0.03333333333333334,6.0,10.307692307692308,0.03333333333333334,0.0,0.0,Low,0,ยังไม่พบตัวชี้วัดที่ถึงหรือเกินเกณฑ์อ้างอิง
lard vegetable oil,115,12.8,5.2,0.0,0.0,0.0,0.0,7.2,0.0,0.0,2.4,26.0,19.692307692307693,0.0,0.0,0.0,Low,0,ยังไม่พบตัวชี้วัดที่ถึงหรือเกินเกณฑ์อ้างอิง
shortening,113,12.8,3.2,0.0,0.0,0.0,0.0,0.0,0.0,0.0,0.0,16.0,19.692307692307693,0.0,0.0,0.0,Low,0,ยังไม่พบตัวชี้วัดที่ถึงหรือเกินเกณฑ์อ้างอิง
vegetable oil spread,75,8.4,1.7,0.1,0.0,0.007,0.0,0.1,0.081,0.00405,0.03333333333333334,8.5,12.923076923076923,0.03333333333333334,0.0,0.0,Low,0,ยังไม่พบตัวชี้วัดที่ถึงหรือเกินเกณฑ์อ้างอิง
cottonseed oil,120,13.6,3.5,0.0,0.0,0.0,0.0,0.0,0.0,0.0,0.0,17.5,20.923076923076923,0.0,0.0,0.0,Low,0,ยังไม่พบตัวชี้วัดที่ถึงหรือเกินเกณฑ์อ้างอิง
vegetable oil spread fat free,6,0.5,0.015,0.4,0.0,0.2,0.0,0.2,0.1,0.005,0.06666666666666668,0.075,0.7692307692307693,0.13333333333333336,0.0,0.0,Low,0,ยังไม่พบตัวชี้วัดที่ถึงหรือเกินเกณฑ์อ้างอิง
soy margarine,88,9.9,3.2,0.0,0.0,0.0,0.0,0.0,0.1,0.005,0.0,16.0,15.230769230769232,0.0,0.0,0.0,Low,0,ยังไม่พบตัวชี้วัดที่ถึงหรือเกินเกณฑ์อ้างอิง
margarine with salt,100,11.3,2.1,0.017,0.0,0.031,0.0,0.0,0.1,0.005,0.0,10.500000000000002,17.384615384615383,0.005666666666666667,0.0,0.0,Low,0,ยังไม่พบตัวชี้วัดที่ถึงหรือเกินเกณฑ์อ้างอิง
margarine,102,11.5,2.2,0.018,0.0,0.037,0.0,0.0,0.091,0.00455,0.0,11.000000000000002,17.692307692307693,0.005999999999999999,0.0,0.0,Low,0,ยังไม่พบตัวชี้วัดที่ถึงหรือเกินเกณฑ์อ้างอิง
salmon fish oil,123,13.6,2.7,0.0,0.0,0.0,0.0,66.0,0.0,0.0,22.0,13.5,20.923076923076923,0.0,0.0,0.0,Low,0,ยังไม่พบตัวชี้วัดที่ถึงหรือเกินเกณฑ์อ้างอิง
nutmeg butter oil,1927,218.0,196.2,0.0,0.0,0.0,0.0,0.0,0.0,0.0,0.0,980.9999999999999,335.3846153846154,0.0,0.0,0.0,Medium,1,ไขมันอิ่มตัวถึงหรือเกินเกณฑ์อ้างอิงต่อวัน
almond butter,98,8.9,0.7,3.0,0.7,3.4,1.6,0.0,0.037,0.0018499999999999999,0.0,3.4999999999999996,13.692307692307693,1.0,6.4,6.999999999999999,Low,0,ยังไม่พบตัวชี้วัดที่ถึงหรือเกินเกณฑ์อ้างอิง
sour cream shoprite,60,5.0,3.5,1.0,0.014,0.0,0.0,0.0,0.0,0.0,0.0,17.5,7.6923076923076925,0.33333333333333337,0.0,0.13999999999999999,Low,0,ยังไม่พบตัวชี้วัดที่ถึงหรือเกินเกณฑ์อ้างอิง
ucuhuba butter oil,120,13.6,11.6,0.0,0.0,0.0,0.0,0.0,0.0,0.0,0.0,57.99999999999999,20.923076923076923,0.0,0.0,0.0,Low,0,ยังไม่พบตัวชี้วัดที่ถึงหรือเกินเกณฑ์อ้างอิง
chicken fat,115,12.8,3.8,0.0,0.0,0.0,0.0,10.9,0.0,0.0,3.6333333333333337,19.0,19.692307692307693,0.0,0.0,0.0,Low,0,ยังไม่พบตัวชี้วัดที่ถึงหรือเกินเกณฑ์อ้างอิง
herring fish oil,123,13.6,2.9,0.0,0.0,0.0,0.0,104.2,0.0,0.0,34.733333333333334,14.499999999999998,20.923076923076923,0.0,0.0,0.0,Low,0,ยังไม่พบตัวชี้วัดที่ถึงหรือเกินเกณฑ์อ้างอิง
bacon grease,39,4.3,1.7,0.0,0.0,0.0,0.0,4.1,0.009,0.00044999999999999993,1.3666666666666665,8.5,6.615384615384615,0.0,0.0,0.0,Low,0,ยังไม่พบตัวชี้วัดที่ถึงหรือเกินเกณฑ์อ้างอิง
turkey fat,45,5.0,1.5,0.0,0.0,0.0,0.0,5.1,0.0,0.0,1.6999999999999997,7.5,7.6923076923076925,0.0,0.0,0.0,Low,0,ยังไม่พบตัวชี้วัดที่ถึงหรือเกินเกณฑ์อ้างอิง
beef tallow,115,12.8,6.4,0.0,0.0,0.0,0.0,14.0,0.0,0.0,4.666666666666667,32.0,19.692307692307693,0.0,0.0,0.0,Low,0,ยังไม่พบตัวชี้วัดที่ถึงหรือเกินเกณฑ์อ้างอิง
goose fat,45,5.0,1.4,0.0,0.0,0.0,0.0,5.0,0.0,0.0,1.6666666666666667,6.999999999999999,7.6923076923076925,0.0,0.0,0.0,Low,0,ยังไม่พบตัวชี้วัดที่ถึงหรือเกินเกณฑ์อ้างอิง
duck fat,44,5.0,1.7,0.0,0.0,0.0,0.0,5.0,0.0,0.0,1.6666666666666667,8.5,7.6923076923076925,0.0,0.0,0.0,Low,0,ยังไม่พบตัวชี้วัดที่ถึงหรือเกินเกณฑ์อ้างอิง
mutton tallow,45,5.0,2.4,0.0,0.0,0.0,0.0,5.1,0.0,0.0,1.6999999999999997,12.0,7.6923076923076925,0.0,0.0,0.0,Low,0,ยังไม่พบตัวชี้วัดที่ถึงหรือเกินเกณฑ์อ้างอิง
grapeseed oil,120,13.6,1.3,0.0,0.0,0.0,0.0,0.0,0.0,0.0,0.0,6.5,20.923076923076923,0.0,0.0,0.0,Low,0,ยังไม่พบตัวชี้วัดที่ถึงหรือเกินเกณฑ์อ้างอิง
sheanut oil,1927,218.0,101.6,0.0,0.0,0.0,0.0,0.0,0.0,0.0,0.0,508.0,335.3846153846154,0.0,0.0,0.0,Medium,1,ไขมันอิ่มตัวถึงหรือเกินเกณฑ์อ้างอิงต่อวัน
almond oil,120,13.6,1.1,0.0,0.0,0.0,0.0,0.0,0.0,0.0,0.0,5.500000000000001,20.923076923076923,0.0,0.0,0.0,Low,0,ยังไม่พบตัวชี้วัดที่ถึงหรือเกินเกณฑ์อ้างอิง
sunflower oil,120,13.6,1.2,0.0,0.0,0.0,0.0,0.0,0.0,0.0,0.0,6.0,20.923076923076923,0.0,0.0,0.0,Low,0,ยังไม่พบตัวชี้วัดที่ถึงหรือเกินเกณฑ์อ้างอิง
cashew butter,94,7.9,1.6,4.4,0.8,2.8,0.3,0.0,0.071,0.0035499999999999993,0.0,8.0,12.153846153846153,1.4666666666666668,1.2,8.0,Low,0,ยังไม่พบตัวชี้วัดที่ถึงหรือเกินเกณฑ์อ้างอิง
canola oil,124,14.0,1.0,0.0,0.0,0.0,0.0,0.0,0.0,0.0,0.0,5.0,21.53846153846154,0.0,0.0,0.0,Low,0,ยังไม่พบตัวชี้วัดที่ถึงหรือเกินเกณฑ์อ้างอิง
babassu oil,1927,218.0,177.0,0.0,0.0,0.0,0.0,0.0,0.0,0.0,0.0,885.0,335.3846153846154,0.0,0.0,0.0,Medium,1,ไขมันอิ่มตัวถึงหรือเกินเกณฑ์อ้างอิงต่อวัน
teaseed oil,120,13.6,2.9,0.0,0.0,0.0,0.0,0.0,0.0,0.0,0.0,14.499999999999998,20.923076923076923,0.0,0.0,0.0,Low,0,ยังไม่พบตัวชี้วัดที่ถึงหรือเกินเกณฑ์อ้างอิง
avocado oil,124,14.0,1.6,0.0,0.0,0.0,0.0,0.0,0.0,0.0,0.0,8.0,21.53846153846154,0.0,0.0,0.0,Low,0,ยังไม่พบตัวชี้วัดที่ถึงหรือเกินเกณฑ์อ้างอิง
vegetable palm kernel oil,117,13.6,11.1,0.0,0.0,0.0,0.0,0.0,0.0,0.0,0.0,55.49999999999999,20.923076923076923,0.0,0.0,0.0,Low,0,ยังไม่พบตัวชี้วัดที่ถึงหรือเกินเกณฑ์อ้างอิง
coconut oil,117,13.6,11.2,0.0,0.0,0.0,0.0,0.0,0.0,0.0,0.0,55.99999999999999,20.923076923076923,0.0,0.0,0.0,Low,0,ยังไม่พบตัวชี้วัดที่ถึงหรือเกินเกณฑ์อ้างอิง
safflower oil,120,13.6,1.0,0.0,0.0,0.0,0.0,0.0,0.0,0.0,0.0,5.0,20.923076923076923,0.0,0.0,0.0,Low,0,ยังไม่พบตัวชี้วัดที่ถึงหรือเกินเกณฑ์อ้างอิง
vegetable oil,120,13.6,2.1,0.0,0.0,0.0,0.0,0.0,0.0,0.0,0.0,10.500000000000002,20.923076923076923,0.0,0.0,0.0,Low,0,ยังไม่พบตัวชี้วัดที่ถึงหรือเกินเกณฑ์อ้างอิง
apricot kernel oil,40,4.5,0.3,0.0,0.0,0.0,0.0,0.0,0.0,0.0,0.0,1.5,6.923076923076923,0.0,0.0,0.0,Low,0,ยังไม่พบตัวชี้วัดที่ถึงหรือเกินเกณฑ์อ้างอิง
peanut oil,119,13.5,2.3,0.0,0.0,0.0,0.0,0.0,0.0,0.0,0.0,11.5,20.76923076923077,0.0,0.0,0.0,Low,0,ยังไม่พบตัวชี้วัดที่ถึงหรือเกินเกณฑ์อ้างอิง
poppyseed oil,120,13.6,1.8,0.0,0.0,0.0,0.0,0.0,0.0,0.0,0.0,9.0,20.923076923076923,0.0,0.0,0.0,Low,0,ยังไม่พบตัวชี้วัดที่ถึงหรือเกินเกณฑ์อ้างอิง
flaxseed oil,120,13.6,1.2,0.0,0.0,0.086,0.0,0.0,0.0,0.0,0.0,6.0,20.923076923076923,0.0,0.0,0.0,Low,0,ยังไม่พบตัวชี้วัดที่ถึงหรือเกินเกณฑ์อ้างอิง
tomatoseed oil,1927,218.0,42.9,0.0,0.0,0.0,0.0,0.0,0.0,0.0,0.0,214.5,335.3846153846154,0.0,0.0,0.0,Medium,1,ไขมันอิ่มตัวถึงหรือเกินเกณฑ์อ้างอิงต่อวัน
wheat germ oil,120,13.6,2.6,0.0,0.0,0.0,0.0,0.0,0.0,0.0,0.0,13.0,20.923076923076923,0.0,0.0,0.0,Low,0,ยังไม่พบตัวชี้วัดที่ถึงหรือเกินเกณฑ์อ้างอิง
sesame oil,40,4.5,0.6,0.0,0.0,0.0,0.0,0.0,0.0,0.0,0.0,3.0,6.923076923076923,0.0,0.0,0.0,Low,0,ยังไม่พบตัวชี้วัดที่ถึงหรือเกินเกณฑ์อ้างอิง
corn granola oil,124,14.0,1.1,0.0,0.0,0.0,0.0,0.0,0.0,0.0,0.0,5.500000000000001,21.53846153846154,0.0,0.0,0.0,Low,0,ยังไม่พบตัวชี้วัดที่ถึงหรือเกินเกณฑ์อ้างอิง
cocoa butter oil,120,13.6,8.1,0.0,0.0,0.0,0.0,0.0,0.0,0.0,0.0,40.5,20.923076923076923,0.0,0.0,0.0,Low,0,ยังไม่พบตัวชี้วัดที่ถึงหรือเกินเกณฑ์อ้างอิง
olive oil,119,13.5,1.9,0.0,0.0,0.0,0.0,0.0,0.004,0.00019999999999999998,0.0,9.5,20.76923076923077,0.0,0.0,0.0,Low,0,ยังไม่พบตัวชี้วัดที่ถึงหรือเกินเกณฑ์อ้างอิง
palm kernel oil,40,4.5,4.0,0.0,0.0,0.0,0.0,0.0,0.098,0.004900000000000001,0.0,20.0,6.923076923076923,0.0,0.0,0.0,Low,0,ยังไม่พบตัวชี้วัดที่ถึงหรือเกินเกณฑ์อ้างอิง
mustard oil,124,14.0,1.6,0.0,0.0,0.0,0.0,0.0,0.0,0.0,0.0,8.0,21.53846153846154,0.0,0.0,0.0,Low,0,ยังไม่พบตัวชี้วัดที่ถึงหรือเกินเกณฑ์อ้างอิง
rice bran oil,120,13.6,2.7,0.0,0.0,0.0,0.0,0.0,0.0,0.0,0.0,13.5,20.923076923076923,0.0,0.0,0.0,Low,0,ยังไม่พบตัวชี้วัดที่ถึงหรือเกินเกณฑ์อ้างอิง
vegetable macaroni dry,308,0.9,0.1,62.9,0.0,11.0,3.6,0.0,0.06,0.0029999999999999996,0.0,0.5,1.3846153846153846,20.96666666666667,14.400000000000002,0.0,Low,0,ยังไม่พบตัวชี้วัดที่ถึงหรือเกินเกณฑ์อ้างอิง
chow mein noodles,257,9.9,1.0,37.5,0.5,5.9,1.5,0.0,0.5,0.025,0.0,5.0,15.230769230769232,12.5,6.0,5.0,Low,0,ยังไม่พบตัวชี้วัดที่ถึงหรือเกินเกณฑ์อ้างอิง
chinese noodles,456,0.094,0.088,111.9,0.0,0.2,0.7,0.0,0.088,0.0044,0.0,0.43999999999999995,0.14461538461538462,37.3,2.8,0.0,Low,0,ยังไม่พบตัวชี้วัดที่ถึงหรือเกินเกณฑ์อ้างอิง
vegetable macaroni cooked,172,0.1,0.037,35.7,1.5,6.1,5.8,0.0,0.015,0.0007499999999999999,0.0,0.185,0.15384615384615385,11.9,23.2,15.0,Low,0,ยังไม่พบตัวชี้วัดที่ถึงหรือเกินเกณฑ์อ้างอิง
corn pasta dry,375,2.2,0.3,83.2,0.0,7.8,11.6,0.0,0.027,0.0013499999999999999,0.0,1.5,3.384615384615385,27.73333333333333,46.4,0.0,Low,0,ยังไม่พบตัวชี้วัดที่ถึงหรือเกินเกณฑ์อ้างอิง
egg noodles dry,146,1.7,0.4,27.1,0.7,5.4,1.3,31.9,0.095,0.00475,10.633333333333333,2.0,2.6153846153846154,9.033333333333333,5.2,6.999999999999999,Low,0,ยังไม่พบตัวชี้วัดที่ถึงหรือเกินเกณฑ์อ้างอิง
whole wheat spaghetti dry,98,0.4,0.047,21.2,0.0,4.1,0.0,0.0,0.002,9.999999999999999e-05,0.0,0.23500000000000001,0.6153846153846154,7.066666666666667,0.0,0.0,Low,0,ยังไม่พบตัวชี้วัดที่ถึงหรือเกินเกณฑ์อ้างอิง
japanese soba noodles dry,95,0.2,0.084,21.1,0.0,4.1,0.0,0.0,0.2,0.01,0.0,0.42000000000000004,0.3076923076923077,7.033333333333334,0.0,0.0,Low,0,ยังไม่พบตัวชี้วัดที่ถึงหรือเกินเกณฑ์อ้างอิง
rice noodles dry,103,0.2,0.053,23.6,0.0,1.0,0.5,0.0,0.006,0.00030000000000000003,0.0,0.265,0.3076923076923077,7.866666666666668,2.0,0.0,Low,0,ยังไม่พบตัวชี้วัดที่ถึงหรือเกินเกณฑ์อ้างอิง
spinach spaghetti dry,105,0.4,0.097,21.2,0.8,3.8,3.0,0.0,0.094,0.004699999999999999,0.0,0.485,0.6153846153846154,7.066666666666667,12.0,8.0,Low,0,ยังไม่พบตัวชี้วัดที่ถึงหรือเกินเกณฑ์อ้างอิง
egg noodles cooked,110,1.7,0.3,20.1,0.3,3.6,1.0,23.2,0.027,0.0013499999999999999,7.733333333333333,1.5,2.6153846153846154,6.7,4.0,3.0,Low,0,ยังไม่พบตัวชี้วัดที่ถึงหรือเกินเกณฑ์อ้างอิง
japanese somen noodles cooked,231,0.3,0.006,48.5,0.0,7.0,0.0,0.0,0.3,0.015,0.0,0.030000000000000002,0.4615384615384615,16.166666666666664,0.0,0.0,Low,0,ยังไม่พบตัวชี้วัดที่ถึงหรือเกินเกณฑ์อ้างอิง
whole wheat macaroni dry,365,1.5,0.3,78.8,0.0,15.4,8.7,0.0,0.028,0.0014,0.0,1.5,2.307692307692308,26.266666666666666,34.8,0.0,Low,0,ยังไม่พบตัวชี้วัดที่ถึงหรือเกินเกณฑ์อ้างอิง
pasta marinara and ground beef sauce,41,1.6,0.5,4.1,1.0,2.5,0.5,0.2,0.0,0.0,0.06666666666666668,2.5,2.4615384615384617,1.3666666666666665,2.0,10.0,Low,0,ยังไม่พบตัวชี้วัดที่ถึงหรือเกินเกณฑ์อ้างอิง
macaroni raw,390,1.6,0.3,78.4,2.8,13.7,3.4,0.0,0.097,0.00485,0.0,1.5,2.4615384615384617,26.133333333333336,13.600000000000001,27.999999999999996,Low,0,ยังไม่พบตัวชี้วัดที่ถึงหรือเกินเกณฑ์อ้างอิง
spaghetti dry,105,0.4,0.045,21.1,0.8,3.7,0.9,0.0,0.09,0.0045,0.0,0.22499999999999998,0.6153846153846154,7.033333333333334,3.6000000000000005,8.0,Low,0,ยังไม่พบตัวชี้วัดที่ถึงหรือเกินเกณฑ์อ้างอิง
fusilli cucina,100,0.4,0.1,3.4,0.041,0.0,0.0,0.0,0.0,0.0,0.0,0.5,0.6153846153846154,1.1333333333333333,0.0,0.41000000000000003,Low,0,ยังไม่พบตัวชี้วัดที่ถึงหรือเกินเกณฑ์อ้างอิง
japanese somen noodles dry,101,0.2,0.0,21.0,0.0,3.2,1.2,0.0,0.5,0.025,0.0,0.0,0.3076923076923077,7.000000000000001,4.8,0.0,Low,0,ยังไม่พบตัวชี้วัดที่ถึงหรือเกินเกณฑ์อ้างอิง
pasta cooked,301,2.4,0.3,57.3,0.0,11.8,0.0,75.9,0.073,0.00365,25.3,1.5,3.692307692307692,19.1,0.0,0.0,Low,0,ยังไม่พบตัวชี้วัดที่ถึงหรือเกินเกณฑ์อ้างอิง
macaroni cooked,221,1.3,0.2,43.2,0.8,8.1,2.5,0.0,0.071,0.0035499999999999993,0.0,1.0,2.0,14.400000000000002,10.0,8.0,Low,0,ยังไม่พบตัวชี้วัดที่ถึงหรือเกินเกณฑ์อ้างอิง
spinach egg noodles dry,145,1.7,0.4,26.7,0.0,5.6,2.6,36.1,0.096,0.0048000000000000004,12.033333333333333,2.0,2.6153846153846154,8.9,10.4,0.0,Low,0,ยังไม่พบตัวชี้วัดที่ถึงหรือเกินเกณฑ์อ้างอิง
japanese soba noodles cooked,113,0.1,0.026,24.4,0.0,5.8,0.0,0.0,0.1,0.005,0.0,0.13,0.15384615384615385,8.133333333333333,0.0,0.0,Low,0,ยังไม่พบตัวชี้วัดที่ถึงหรือเกินเกณฑ์อ้างอิง
rice noodles cooked,190,0.4,0.072,42.3,0.052,3.2,1.8,0.0,0.075,0.00375,0.0,0.36,0.6153846153846154,14.099999999999998,7.200000000000001,0.52,Low,0,ยังไม่พบตัวชี้วัดที่ถึงหรือเกินเกณฑ์อ้างอิง
whole wheat macaroni cooked,174,0.8,0.1,37.2,1.1,7.5,3.9,0.0,0.057,0.00285,0.0,0.5,1.2307692307692308,12.400000000000002,15.6,11.000000000000002,Low,0,ยังไม่พบตัวชี้วัดที่ถึงหรือเกินเกณฑ์อ้างอิง
spaghetti cooked,363,2.1,0.4,71.0,1.3,13.3,4.1,0.0,0.089,0.00445,0.0,2.0,3.230769230769231,23.666666666666668,16.4,13.0,Low,0,ยังไม่พบตัวชี้วัดที่ถึงหรือเกินเกณฑ์อ้างอิง
whole wheat spaghetti cooked,174,0.8,0.1,37.2,1.1,7.5,6.3,0.0,0.091,0.00455,0.0,0.5,1.2307692307692308,12.400000000000002,25.2,11.000000000000002,Low,0,ยังไม่พบตัวชี้วัดที่ถึงหรือเกินเกณฑ์อ้างอิง
waffle,218,10.6,2.1,24.7,0.0,5.9,0.0,51.8,0.4,0.02,17.266666666666666,10.500000000000002,16.307692307692307,8.233333333333333,0.0,0.0,Low,0,ยังไม่พบตัวชี้วัดที่ถึงหรือเกินเกณฑ์อ้างอิง
baked taco shell,61,2.7,0.8,8.3,0.2,0.8,0.9,0.0,0.004,0.00019999999999999998,0.0,4.0,4.153846153846154,2.766666666666667,3.6000000000000005,2.0,Low,0,ยังไม่พบตัวชี้วัดที่ถึงหรือเกินเกณฑ์อ้างอิง
puff pastry,1367,94.3,13.5,112.0,1.8,18.1,3.7,0.0,0.6,0.03,0.0,67.5,145.0769230769231,37.333333333333336,14.800000000000002,18.0,Low,0,ยังไม่พบตัวชี้วัดที่ถึงหรือเกินเกณฑ์อ้างอิง
blueberry muffin,214,9.2,1.6,30.2,17.9,2.6,0.6,17.1,0.2,0.01,5.7,8.0,14.153846153846153,10.066666666666666,2.4,178.99999999999997,Medium,1,น้ำตาลถึงหรือเกินเกณฑ์ต่อมื้อ
bread crumbs,427,5.7,1.3,77.7,6.7,14.4,4.9,0.0,0.8,0.04,0.0,6.5,8.76923076923077,25.900000000000002,19.6,67.0,Low,0,ยังไม่พบตัวชี้วัดที่ถึงหรือเกินเกณฑ์อ้างอิง
warm cinnamon roll mcdonalds,113,5.1,1.3,15.0,7.0,2.0,0.5,16.4,0.1,0.005,5.466666666666666,6.5,7.846153846153846,5.0,2.0,70.0,Low,0,ยังไม่พบตัวชี้วัดที่ถึงหรือเกินเกณฑ์อ้างอิง
corn muffin,201,5.5,0.9,33.7,11.7,3.9,2.2,17.2,0.3,0.015,5.733333333333333,4.5,8.461538461538462,11.233333333333334,8.8,117.0,Medium,1,น้ำตาลถึงหรือเกินเกณฑ์ต่อมื้อ
tortilla,467,1.9,0.6,98.4,5.4,14.3,4.7,0.0,0.9,0.045,0.0,3.0,2.923076923076923,32.800000000000004,18.8,54.0,Low,0,ยังไม่พบตัวชี้วัดที่ถึงหรือเกินเกณฑ์อ้างอิง
croutons seasoned,186,7.3,2.1,25.4,1.8,4.3,2.0,2.8,0.4,0.02,0.9333333333333332,10.500000000000002,11.23076923076923,8.466666666666667,8.0,18.0,Low,0,ยังไม่พบตัวชี้วัดที่ถึงหรือเกินเกณฑ์อ้างอิง
buttermilk waffle,102,3.1,0.8,16.0,1.5,2.4,0.9,4.3,0.2,0.01,1.4333333333333333,4.0,4.769230769230769,5.333333333333334,3.6000000000000005,15.0,Low,0,ยังไม่พบตัวชี้วัดที่ถึงหรือเกินเกณฑ์อ้างอิง
flour tortilla,146,3.7,0.6,24.1,1.3,3.9,1.2,0.0,0.4,0.02,0.0,3.0,5.6923076923076925,8.033333333333333,4.8,13.0,Low,0,ยังไม่พบตัวชี้วัดที่ถึงหรือเกินเกณฑ์อ้างอิง
glazed donut,55,3.0,1.2,6.2,3.0,0.8,0.3,3.9,0.082,0.0041,1.3,6.0,4.615384615384616,2.0666666666666664,1.2,30.0,Low,0,ยังไม่พบตัวชี้วัดที่ถึงหรือเกินเกณฑ์อ้างอิง
corn tortilla,52,0.7,0.1,10.7,0.2,1.4,1.5,0.0,0.075,0.00375,0.0,0.5,1.0769230769230769,3.5666666666666664,6.0,2.0,Low,0,ยังไม่พบตัวชี้วัดที่ถึงหรือเกินเกณฑ์อ้างอิง
muffin,169,6.5,1.2,23.6,0.0,3.9,1.5,22.2,0.3,0.015,7.3999999999999995,6.0,10.0,7.866666666666668,6.0,0.0,Low,0,ยังไม่พบตัวชี้วัดที่ถึงหรือเกินเกณฑ์อ้างอิง
croutons,33,0.5,0.1,5.9,0.0,1.0,0.4,0.0,0.035,0.0017500000000000003,0.0,0.5,0.7692307692307693,1.966666666666667,1.6,0.0,Low,0,ยังไม่พบตัวชี้วัดที่ถึงหรือเกินเกณฑ์อ้างอิง
donut with jelly filling,289,15.9,4.1,33.2,17.9,5.0,0.8,22.1,0.4,0.02,7.366666666666667,20.5,24.461538461538463,11.066666666666668,3.2,178.99999999999997,Medium,1,น้ำตาลถึงหรือเกินเกณฑ์ต่อมื้อ
sweet cinnamon rolls,309,13.6,2.6,42.2,26.3,5.1,2.0,54.8,0.3,0.015,18.266666666666666,13.0,20.923076923076923,14.066666666666668,8.0,263.0,Medium,1,น้ำตาลถึงหรือเกินเกณฑ์ต่อมื้อ
oat bran muffin,46,1.3,0.2,8.2,1.4,1.2,0.8,0.0,0.067,0.00335,0.0,1.0,2.0,2.733333333333333,3.2,13.999999999999998,Low,0,ยังไม่พบตัวชี้วัดที่ถึงหรือเกินเกณฑ์อ้างอิง
french cruller donut,169,7.5,1.9,24.4,14.4,1.3,0.5,4.5,0.1,0.005,1.5,9.5,11.538461538461538,8.133333333333333,2.0,144.0,Medium,1,น้ำตาลถึงหรือเกินเกณฑ์ต่อมื้อ
pancakes,86,3.7,0.8,10.8,0.0,2.4,0.0,22.4,0.2,0.01,7.466666666666666,4.0,5.6923076923076925,3.6000000000000005,0.0,0.0,Low,0,ยังไม่พบตัวชี้วัดที่ถึงหรือเกินเกณฑ์อ้างอิง
chocolate donut,250,11.9,3.1,34.4,19.2,2.7,1.3,34.2,0.1,0.005,11.4,15.5,18.307692307692307,11.466666666666667,5.2,192.0,Medium,1,น้ำตาลถึงหรือเกินเกณฑ์ต่อมื้อ
sweet cheese rolls,238,12.1,4.0,28.8,0.0,4.7,0.8,50.2,0.2,0.01,16.733333333333334,20.0,18.615384615384613,9.6,3.2,0.0,Low,0,ยังไม่พบตัวชี้วัดที่ถึงหรือเกินเกณฑ์อ้างอิง
eclair,234,19.2,11.5,11.2,2.0,4.4,0.4,121.5,0.1,0.005,40.5,57.49999999999999,29.538461538461537,3.733333333333333,1.6,20.0,Low,0,ยังไม่พบตัวชี้วัดที่ถึงหรือเกินเกณฑ์อ้างอิง
donut with cream filling,307,20.8,4.6,25.5,12.4,5.4,0.7,20.4,0.3,0.015,6.799999999999999,23.0,32.0,8.5,2.8,124.0,Medium,1,น้ำตาลถึงหรือเกินเกณฑ์ต่อมื้อ
fruit toaster pastry,209,5.6,1.3,37.1,14.8,2.4,0.5,0.0,0.2,0.01,0.0,6.5,8.615384615384615,12.366666666666667,2.0,148.0,Medium,1,น้ำตาลถึงหรือเกินเกณฑ์ต่อมื้อ
donut,192,10.3,2.7,22.9,0.0,2.3,0.7,14.4,0.2,0.01,4.8,13.5,15.846153846153847,7.633333333333332,2.8,0.0,Low,0,ยังไม่พบตัวชี้วัดที่ถึงหรือเกินเกณฑ์อ้างอิง
pancakes whole wheat,92,2.9,0.8,12.9,0.0,3.7,1.2,26.8,0.3,0.015,8.933333333333334,4.0,4.461538461538462,4.300000000000001,4.8,0.0,Low,0,ยังไม่พบตัวชี้วัดที่ถึงหรือเกินเกณฑ์อ้างอิง
keikitos,196,10.6,0.0,22.3,10.8,2.9,0.5,0.0,0.2,0.01,0.0,0.0,16.307692307692307,7.433333333333334,2.0,108.0,Medium,1,น้ำตาลถึงหรือเกินเกณฑ์ต่อมื้อ
zwieback,30,0.7,0.2,5.2,0.9,0.7,0.2,0.6,0.05,0.0025,0.2,1.0,1.0769230769230769,1.7333333333333332,0.8,9.0,Low,0,ยังไม่พบตัวชี้วัดที่ถึงหรือเกินเกณฑ์อ้างอิง
chocolate coated donut,81,4.5,2.4,9.2,4.8,0.9,0.3,3.4,0.099,0.00495,1.1333333333333333,12.0,6.923076923076923,3.0666666666666664,1.2,48.0,Low,0,ยังไม่พบตัวชี้วัดที่ถึงหรือเกินเกณฑ์อ้างอิง
waffle toasted,103,3.2,0.5,16.3,1.7,2.4,0.8,5.0,0.2,0.01,1.6666666666666667,2.5,4.923076923076923,5.433333333333334,3.2,17.0,Low,0,ยังไม่พบตัวชี้วัดที่ถึงหรือเกินเกณฑ์อ้างอิง
cinnamon toaster pastry,206,7.1,1.8,34.1,0.0,2.6,0.5,0.0,0.2,0.01,0.0,9.0,10.923076923076923,11.366666666666667,2.0,0.0,Low,0,ยังไม่พบตัวชี้วัดที่ถึงหรือเกินเกณฑ์อ้างอิง
wheat bran bread,89,1.2,0.3,17.2,3.5,3.2,1.4,0.0,0.2,0.01,0.0,1.5,1.846153846153846,5.733333333333333,5.6,35.0,Low,0,ยังไม่พบตัวชี้วัดที่ถึงหรือเกินเกณฑ์อ้างอิง
white bread,77,1.0,0.2,14.3,1.6,2.6,0.8,0.0,0.1,0.005,0.0,1.0,1.5384615384615385,4.766666666666667,3.2,16.0,Low,0,ยังไม่พบตัวชี้วัดที่ถึงหรือเกินเกณฑ์อ้างอิง
oat bran bread,71,1.3,0.2,11.9,2.3,3.1,1.4,0.0,0.1,0.005,0.0,1.0,2.0,3.966666666666667,5.6,23.0,Low,0,ยังไม่พบตัวชี้วัดที่ถึงหรือเกินเกณฑ์อ้างอิง
whole wheat bread natures own,50,1.0,11.0,0.0,0.0,0.0,0.0,0.0,0.0,0.0,0.0,55.00000000000001,1.5384615384615385,0.0,0.0,0.0,Low,0,ยังไม่พบตัวชี้วัดที่ถึงหรือเกินเกณฑ์อ้างอิง
high protein bread dr zaks,152,3.0,0.5,15.3,0.6,0.0,0.0,0.0,0.0,0.0,0.0,2.5,4.615384615384616,5.1000000000000005,0.0,6.0,Low,0,ยังไม่พบตัวชี้วัดที่ถึงหรือเกินเกณฑ์อ้างอิง
wheat bread,79,1.3,0.2,13.8,1.7,3.1,1.2,0.0,0.1,0.005,0.0,1.0,2.0,4.6,4.8,17.0,Low,0,ยังไม่พบตัวชี้วัดที่ถึงหรือเกินเกณฑ์อ้างอิง
egg bread toasted,117,2.4,0.6,19.5,0.7,3.9,0.9,20.7,0.2,0.01,6.8999999999999995,3.0,3.692307692307692,6.5,3.6000000000000005,6.999999999999999,Low,0,ยังไม่พบตัวชี้วัดที่ถึงหรือเกินเกณฑ์อ้างอิง
butter toastbrot ja,66,0.9,0.6,2.0,0.4,0.0,0.0,0.0,0.0,0.0,0.0,3.0,1.3846153846153846,0.6666666666666667,0.0,4.0,Low,0,ยังไม่พบตัวชี้วัดที่ถึงหรือเกินเกณฑ์อ้างอิง
vienna bread toasted,93,0.6,0.1,18.0,1.0,3.8,0.9,0.0,0.2,0.01,0.0,0.5,0.923076923076923,6.0,3.6000000000000005,10.0,Low,0,ยังไม่พบตัวชี้วัดที่ถึงหรือเกินเกณฑ์อ้างอิง
vienna bread,92,0.6,0.2,18.1,0.8,3.8,0.8,0.0,0.2,0.01,0.0,1.0,0.923076923076923,6.033333333333333,3.2,8.0,Low,0,ยังไม่พบตัวชี้วัดที่ถึงหรือเกินเกณฑ์อ้างอิง
protein bread,47,0.4,0.009,8.3,0.3,2.3,0.6,0.0,0.008,0.00039999999999999996,0.0,0.045,0.6153846153846154,2.766666666666667,2.4,3.0,Low,0,ยังไม่พบตัวชี้วัดที่ถึงหรือเกินเกณฑ์อ้างอิง
banana bread,186,6.0,1.3,31.1,0.0,2.5,0.6,24.5,0.2,0.01,8.166666666666666,6.5,9.230769230769232,10.366666666666667,2.4,0.0,Low,0,ยังไม่พบตัวชี้วัดที่ถึงหรือเกินเกณฑ์อ้างอิง
rice bran bread,66,1.2,0.2,11.7,1.3,2.4,1.3,0.0,0.081,0.00405,0.0,1.0,1.846153846153846,3.9,5.2,13.0,Low,0,ยังไม่พบตัวชี้วัดที่ถึงหรือเกินเกณฑ์อ้างอิง
white fibre wonder bread,95,1.0,0.2,18.0,2.0,3.5,1.5,0.1,0.0,0.0,0.03333333333333334,1.0,1.5384615384615385,6.0,6.0,20.0,Low,0,ยังไม่พบตัวชี้วัดที่ถึงหรือเกินเกณฑ์อ้างอิง
focaccia,142,4.5,0.5,20.4,1.0,5.0,1.0,0.0,0.3,0.015,0.0,2.5,6.923076923076923,6.799999999999999,4.0,10.0,Low,0,ยังไม่พบตัวชี้วัดที่ถึงหรือเกินเกณฑ์อ้างอิง
oat bran bread toasted,70,1.3,0.2,11.8,2.3,3.1,1.3,0.0,0.1,0.005,0.0,1.0,2.0,3.933333333333334,5.2,23.0,Low,0,ยังไม่พบตัวชี้วัดที่ถึงหรือเกินเกณฑ์อ้างอิง
rye bread,83,1.1,0.2,15.5,1.2,2.7,1.9,0.0,0.2,0.01,0.0,1.0,1.6923076923076925,5.166666666666667,7.6,12.0,Low,0,ยังไม่พบตัวชี้วัดที่ถึงหรือเกินเกณฑ์อ้างอิง
wheat germ bread,73,0.8,0.2,13.5,1.0,2.7,0.6,0.0,0.2,0.01,0.0,1.0,1.2307692307692308,4.5,2.4,10.0,Low,0,ยังไม่พบตัวชี้วัดที่ถึงหรือเกินเกณฑ์อ้างอิง
protein bread toasted,46,0.4,0.059,8.2,0.2,2.2,0.6,0.0,0.049,0.0024500000000000004,0.0,0.295,0.6153846153846154,2.733333333333333,2.4,2.0,Low,0,ยังไม่พบตัวชี้วัดที่ถึงหรือเกินเกณฑ์อ้างอิง
oatmeal bread,73,1.2,0.2,13.1,2.2,2.3,1.1,0.0,0.1,0.005,0.0,1.0,1.846153846153846,4.366666666666666,4.4,22.000000000000004,Low,0,ยังไม่พบตัวชี้วัดที่ถึงหรือเกินเกณฑ์อ้างอิง
arepa,215,5.3,2.8,36.4,0.9,5.4,2.5,4.9,0.3,0.015,1.6333333333333335,13.999999999999998,8.153846153846153,12.133333333333333,10.0,9.0,Low,0,ยังไม่พบตัวชี้วัดที่ถึงหรือเกินเกณฑ์อ้างอิง
raisin bread toasted,86,1.4,0.3,16.5,1.8,2.5,1.4,0.0,0.1,0.005,0.0,1.5,2.1538461538461537,5.5,5.6,18.0,Low,0,ยังไม่พบตัวชี้วัดที่ถึงหรือเกินเกณฑ์อ้างอิง
cracked wheat bread,74,1.1,0.3,14.0,0.0,2.5,1.6,0.0,0.2,0.01,0.0,1.5,1.6923076923076925,4.666666666666667,6.4,0.0,Low,0,ยังไม่พบตัวชี้วัดที่ถึงหรือเกินเกณฑ์อ้างอิง
garlic bread,151,7.1,2.3,17.9,1.6,3.6,1.1,0.0,0.2,0.01,0.0,11.5,10.923076923076923,5.966666666666666,4.4,16.0,Low,0,ยังไม่พบตัวชี้วัดที่ถึงหรือเกินเกณฑ์อ้างอิง
rye bread toasted,82,1.0,0.2,15.4,1.2,2.7,1.9,0.0,0.2,0.01,0.0,1.0,1.5384615384615385,5.133333333333334,7.6,12.0,Low,0,ยังไม่พบตัวชี้วัดที่ถึงหรือเกินเกณฑ์อ้างอิง
whole wheat bread,128,2.5,0.4,23.6,1.8,3.9,2.8,0.0,0.2,0.01,0.0,2.0,3.8461538461538463,7.866666666666668,11.2,18.0,Low,0,ยังไม่พบตัวชี้วัดที่ถึงหรือเกินเกณฑ์อ้างอิง
whole wheat bread toasted,128,2.5,0.4,23.7,1.8,3.9,2.8,0.0,0.2,0.01,0.0,2.0,3.8461538461538463,7.9,11.2,18.0,Low,0,ยังไม่พบตัวชี้วัดที่ถึงหรือเกินเกณฑ์อ้างอิง
pan dulce bread,231,7.3,1.4,35.5,7.9,5.9,1.4,18.9,0.1,0.005,6.3,6.999999999999999,11.23076923076923,11.833333333333334,5.6,79.0,Low,0,ยังไม่พบตัวชี้วัดที่ถึงหรือเกินเกณฑ์อ้างอิง
rice bran bread toasted,66,1.3,0.2,11.8,1.3,2.4,1.3,0.0,0.026,0.0013,0.0,1.0,2.0,3.933333333333334,5.2,13.0,Low,0,ยังไม่พบตัวชี้วัดที่ถึงหรือเกินเกณฑ์อ้างอิง
pita bread whole wheat,74,0.7,0.1,15.4,0.2,2.7,2.1,0.0,0.1,0.005,0.0,0.5,1.0769230769230769,5.133333333333334,8.4,2.0,Low,0,ยังไม่พบตัวชี้วัดที่ถึงหรือเกินเกณฑ์อ้างอิง
wheat germ bread toasted,73,0.8,0.2,13.6,1.0,2.7,0.6,0.3,0.2,0.01,0.1,1.0,1.2307692307692308,4.533333333333333,2.4,10.0,Low,0,ยังไม่พบตัวชี้วัดที่ถึงหรือเกินเกณฑ์อ้างอิง
pumpernickel bread,65,0.8,0.1,12.4,0.1,2.3,1.7,0.0,0.2,0.01,0.0,0.5,1.2307692307692308,4.133333333333333,6.800000000000001,1.0,Low,0,ยังไม่พบตัวชี้วัดที่ถึงหรือเกินเกณฑ์อ้างอิง
frybread,502,18.6,7.0,73.4,3.1,10.2,0.0,10.6,0.5,0.025,3.5333333333333337,35.0,28.61538461538462,24.46666666666667,0.0,31.0,Low,0,ยังไม่พบตัวชี้วัดที่ถึงหรือเกินเกณฑ์อ้างอิง
white bread toasted,83,1.1,0.2,15.4,1.3,2.5,0.7,0.3,0.2,0.01,0.1,1.0,1.6923076923076925,5.133333333333334,2.8,13.0,Low,0,ยังไม่พบตัวชี้วัดที่ถึงหรือเกินเกณฑ์อ้างอิง
piki bread,109,2.0,0.2,20.2,0.4,2.5,2.6,0.0,0.028,0.0014,0.0,1.0,3.076923076923077,6.7333333333333325,10.4,4.0,Low,0,ยังไม่พบตัวชี้วัดที่ถึงหรือเกินเกณฑ์อ้างอิง
wheat bread toasted,75,1.0,0.2,13.4,1.5,3.1,1.1,0.0,0.1,0.005,0.0,1.0,1.5384615384615385,4.466666666666667,4.4,15.0,Low,0,ยังไม่พบตัวชี้วัดที่ถึงหรือเกินเกณฑ์อ้างอิง
pita bread,165,0.7,0.091,33.4,0.8,5.5,1.3,0.0,0.3,0.015,0.0,0.455,1.0769230769230769,11.133333333333333,5.2,8.0,Low,0,ยังไม่พบตัวชี้วัดที่ถึงหรือเกินเกณฑ์อ้างอิง
potato bread,85,1.0,0.0,15.1,3.0,4.0,2.0,0.0,0.1,0.005,0.0,0.0,1.5384615384615385,5.033333333333333,8.0,30.0,Low,0,ยังไม่พบตัวชี้วัดที่ถึงหรือเกินเกณฑ์อ้างอิง
egg bread,115,2.4,0.6,19.1,0.7,3.8,0.9,20.4,0.2,0.01,6.799999999999999,3.0,3.692307692307692,6.366666666666668,3.6000000000000005,6.999999999999999,Low,0,ยังไม่พบตัวชี้วัดที่ถึงหรือเกินเกณฑ์อ้างอิง
oatmeal bread toasted,73,1.2,0.2,13.2,2.2,2.3,1.1,0.0,0.1,0.005,0.0,1.0,1.846153846153846,4.3999999999999995,4.4,22.000000000000004,Low,0,ยังไม่พบตัวชี้วัดที่ถึงหรือเกินเกณฑ์อ้างอิง
cheese bread,196,10.0,3.0,21.5,1.0,5.0,1.0,4.8,0.4,0.02,1.6,15.0,15.384615384615385,7.166666666666667,4.0,10.0,Low,0,ยังไม่พบตัวชี้วัดที่ถึงหรือเกินเกณฑ์อ้างอิง
pumpernickel bread toasted,80,1.0,0.1,15.1,0.2,2.8,2.1,0.0,0.2,0.01,0.0,0.5,1.5384615384615385,5.033333333333333,8.4,2.0,Low,0,ยังไม่พบตัวชี้วัดที่ถึงหรือเกินเกณฑ์อ้างอิง
raisin bread,88,1.4,0.3,16.7,1.8,2.5,1.4,0.0,0.1,0.005,0.0,1.5,2.1538461538461537,5.566666666666666,5.6,18.0,Low,0,ยังไม่พบตัวชี้วัดที่ถึงหรือเกินเกณฑ์อ้างอิง
pumpernickel roll,77,0.8,0.1,14.8,0.1,3.0,1.5,0.0,0.1,0.005,0.0,0.5,1.2307692307692308,4.933333333333334,6.0,1.0,Low,0,ยังไม่พบตัวชี้วัดที่ถึงหรือเกินเกณฑ์อ้างอิง
cinnamon raisin bagel,71,0.4,0.054,14.4,1.6,2.5,0.6,0.0,0.047,0.0023499999999999997,0.0,0.27,0.6153846153846154,4.8,2.4,16.0,Low,0,ยังไม่พบตัวชี้วัดที่ถึงหรือเกินเกณฑ์อ้างอิง
english muffin,127,1.1,0.2,25.5,0.9,5.0,2.6,0.0,0.2,0.01,0.0,1.0,1.6923076923076925,8.5,10.4,9.0,Low,0,ยังไม่พบตัวชี้วัดที่ถึงหรือเกินเกณฑ์อ้างอิง
rye dinner roll,123,1.5,0.3,22.8,0.5,4.4,2.1,0.0,0.3,0.015,0.0,1.5,2.307692307692308,7.6,8.4,5.0,Low,0,ยังไม่พบตัวชี้วัดที่ถึงหรือเกินเกณฑ์อ้างอิง
english muffin whole wheat,134,1.4,0.2,26.7,5.3,5.8,4.4,0.0,0.2,0.01,0.0,1.0,2.1538461538461537,8.9,17.6,53.0,Low,0,ยังไม่พบตัวชี้วัดที่ถึงหรือเกินเกณฑ์อ้างอิง
dinner roll whole wheat,74,1.3,0.2,14.3,2.4,2.4,2.1,0.0,0.1,0.005,0.0,1.0,2.0,4.766666666666667,8.4,24.0,Low,0,ยังไม่พบตัวชี้วัดที่ถึงหรือเกินเกณฑ์อ้างอิง
dinner roll,76,1.8,0.4,12.9,0.5,2.4,1.1,0.0,0.1,0.005,0.0,2.0,2.769230769230769,4.300000000000001,4.4,5.0,Low,0,ยังไม่พบตัวชี้วัดที่ถึงหรือเกินเกณฑ์อ้างอิง
hotdog roll,117,1.6,0.4,21.1,3.1,4.1,0.8,0.0,0.2,0.01,0.0,2.0,2.4615384615384617,7.033333333333334,3.2,31.0,Low,0,ยังไม่พบตัวชี้วัดที่ถึงหรือเกินเกณฑ์อ้างอิง
bagel,245,1.5,0.0,47.9,6.0,10.0,4.0,0.0,0.4,0.02,0.0,0.0,2.307692307692308,15.966666666666665,16.0,60.0,Low,0,ยังไม่พบตัวชี้วัดที่ถึงหรือเกินเกณฑ์อ้างอิง
oat bran bagel,176,0.8,0.1,36.8,1.1,7.4,2.5,0.0,0.4,0.02,0.0,0.5,1.2307692307692308,12.266666666666666,10.0,11.000000000000002,Low,0,ยังไม่พบตัวชี้วัดที่ถึงหรือเกินเกณฑ์อ้างอิง
pain au chocolat de la boulangerie,235,12.0,27.6,0.0,0.0,0.0,0.0,0.0,0.0,0.0,0.0,138.0,18.461538461538463,0.0,0.0,0.0,Medium,1,ไขมันอิ่มตัวถึงหรือเกินเกณฑ์อ้างอิงต่อวัน
egg bagel,72,0.5,0.1,13.8,0.0,2.8,0.6,6.2,0.1,0.005,2.0666666666666664,0.5,0.7692307692307693,4.6,2.4,0.0,Low,0,ยังไม่พบตัวชี้วัดที่ถึงหรือเกินเกณฑ์อ้างอิง
english muffin toasted,140,1.1,0.3,27.4,1.8,5.4,1.5,0.0,0.2,0.01,0.0,1.5,1.6923076923076925,9.133333333333333,6.0,18.0,Low,0,ยังไม่พบตัวชี้วัดที่ถึงหรือเกินเกณฑ์อ้างอิง
english muffin whole wheat toasted,135,1.4,0.2,26.9,5.4,5.9,4.5,0.0,0.2,0.01,0.0,1.0,2.1538461538461537,8.966666666666665,18.0,54.0,Low,0,ยังไม่พบตัวชี้วัดที่ถึงหรือเกินเกณฑ์อ้างอิง
biscuit,357,16.5,4.4,45.0,2.2,7.1,1.5,3.0,0.6,0.03,1.0,22.000000000000004,25.384615384615383,15.0,6.0,22.000000000000004,Low,0,ยังไม่พบตัวชี้วัดที่ถึงหรือเกินเกณฑ์อ้างอิง
french roll,105,1.6,0.4,19.1,0.1,3.3,1.2,0.0,0.2,0.01,0.0,2.0,2.4615384615384617,6.366666666666668,4.8,1.0,Low,0,ยังไม่พบตัวชี้วัดที่ถึงหรือเกินเกณฑ์อ้างอิง
oat bran dinner roll,78,1.5,0.2,13.3,2.2,3.1,1.4,0.0,0.1,0.005,0.0,1.0,2.307692307692308,4.433333333333334,5.6,22.000000000000004,Low,0,ยังไม่พบตัวชี้วัดที่ถึงหรือเกินเกณฑ์อ้างอิง
pecan shortbread cookies,76,4.6,1.1,8.2,0.0,0.7,0.3,4.6,0.002,9.999999999999999e-05,1.5333333333333332,5.500000000000001,7.076923076923077,2.733333333333333,1.2,0.0,Low,0,ยังไม่พบตัวชี้วัดที่ถึงหรือเกินเกณฑ์อ้างอิง
oatmeal cookies,113,4.5,1.1,17.2,6.2,1.6,0.7,0.0,0.1,0.005,0.0,5.500000000000001,6.923076923076923,5.733333333333333,2.8,62.0,Low,0,ยังไม่พบตัวชี้วัดที่ถึงหรือเกินเกณฑ์อ้างอิง
chocolate wafers,485,15.9,4.7,81.1,33.2,7.4,3.8,2.2,0.8,0.04,0.7333333333333334,23.5,24.461538461538463,27.03333333333333,15.2,332.0,Medium,1,น้ำตาลถึงหรือเกินเกณฑ์ต่อมื้อ
vanilla wafers low fat,353,12.2,3.1,58.9,30.0,4.0,1.5,40.8,0.3,0.015,13.599999999999998,15.5,18.76923076923077,19.633333333333333,6.0,300.0,Medium,1,น้ำตาลถึงหรือเกินเกณฑ์ต่อมื้อ
chocolate chip cookies mcdonalds,136,6.4,3.2,18.7,9.6,1.6,0.6,18.4,0.058,0.0029,6.133333333333333,16.0,9.846153846153847,6.233333333333333,2.4,96.0,Low,0,ยังไม่พบตัวชี้วัดที่ถึงหรือเกินเกณฑ์อ้างอิง
gingersnap cookies,29,0.7,0.2,5.4,1.4,0.4,0.2,0.0,0.012,0.0006000000000000001,0.0,1.0,1.0769230769230769,1.8000000000000003,0.8,13.999999999999998,Low,0,ยังไม่พบตัวชี้วัดที่ถึงหรือเกินเกณฑ์อ้างอิง
biscotti abbracci mulino bianco,54,2.6,1.6,0.8,0.051,0.4,0.0,0.0,0.0,0.0,0.0,8.0,4.0,0.2666666666666667,0.0,0.5099999999999999,Low,0,ยังไม่พบตัวชี้วัดที่ถึงหรือเกินเกณฑ์อ้างอิง
chocolate chip cookie,63,2.8,1.4,9.3,5.3,0.5,0.3,0.0,0.047,0.0023499999999999997,0.0,6.999999999999999,4.3076923076923075,3.1000000000000005,1.2,53.0,Low,0,ยังไม่พบตัวชี้วัดที่ถึงหรือเกินเกณฑ์อ้างอิง
brownie,243,9.8,2.5,38.3,22.0,2.9,1.3,10.2,0.2,0.01,3.3999999999999995,12.5,15.076923076923077,12.766666666666666,5.2,220.00000000000003,Medium,1,น้ำตาลถึงหรือเกินเกณฑ์ต่อมื้อ
shortbread cookies,40,1.9,0.5,5.2,1.2,0.5,0.1,1.6,0.097,0.00485,0.5333333333333334,2.5,2.923076923076923,1.7333333333333332,0.4,12.0,Low,0,ยังไม่พบตัวชี้วัดที่ถึงหรือเกินเกณฑ์อ้างอิง
oatmeal cookies with raisins,65,2.4,0.5,10.3,0.0,1.0,0.0,5.0,0.022,0.0011,1.6666666666666667,2.5,3.692307692307692,3.4333333333333336,0.0,0.0,Low,0,ยังไม่พบตัวชี้วัดที่ถึงหรือเกินเกณฑ์อ้างอิง
peanut butter sandwich cookies,67,3.0,0.7,9.2,5.0,1.2,0.3,0.0,0.098,0.004900000000000001,0.0,3.4999999999999996,4.615384615384616,3.0666666666666664,1.2,50.0,Low,0,ยังไม่พบตัวชี้วัดที่ถึงหรือเกินเกณฑ์อ้างอิง
sugar cookies,72,3.2,0.8,10.2,5.7,0.8,0.1,7.7,0.007,0.00035,2.566666666666667,4.0,4.923076923076923,3.3999999999999995,0.4,57.00000000000001,Low,0,ยังไม่พบตัวชี้วัดที่ถึงหรือเกินเกณฑ์อ้างอิง
chocolate covered graham crackers,68,3.2,1.8,9.3,5.8,0.8,0.4,0.0,0.067,0.00335,0.0,9.0,4.923076923076923,3.1000000000000005,1.6,57.99999999999999,Low,0,ยังไม่พบตัวชี้วัดที่ถึงหรือเกินเกณฑ์อ้างอิง
raisin cookies,60,2.0,0.5,10.2,7.1,0.6,0.2,0.3,0.077,0.00385,0.1,2.5,3.076923076923077,3.3999999999999995,0.8,71.0,Low,0,ยังไม่พบตัวชี้วัดที่ถึงหรือเกินเกณฑ์อ้างอิง
vanilla wafers,28,1.2,0.3,4.3,0.0,0.3,0.1,0.0,0.045,0.00225,0.0,1.5,1.846153846153846,1.4333333333333333,0.4,0.0,Low,0,ยังไม่พบตัวชี้วัดที่ถึงหรือเกินเกณฑ์อ้างอิง
graham crackers,355,8.5,1.3,64.5,26.1,5.8,2.4,0.0,0.4,0.02,0.0,6.5,13.076923076923078,21.5,9.6,261.00000000000006,Medium,1,น้ำตาลถึงหรือเกินเกณฑ์ต่อมื้อ
peanut butter cookies,95,4.8,0.9,11.8,0.0,1.8,0.0,6.2,0.1,0.005,2.0666666666666664,4.5,7.384615384615384,3.933333333333334,0.0,0.0,Low,0,ยังไม่พบตัวชี้วัดที่ถึงหรือเกินเกณฑ์อ้างอิง
vanilla sandwich cookie,72,3.0,0.4,10.8,5.9,0.7,0.2,0.0,0.044,0.0022,0.0,2.0,4.615384615384616,3.6000000000000005,0.8,59.00000000000001,Low,0,ยังไม่พบตัวชี้วัดที่ถึงหรือเกินเกณฑ์อ้างอิง
sugar wafers with creme filling,51,2.3,1.2,7.1,4.3,0.4,0.2,0.0,0.06,0.0029999999999999996,0.0,6.0,3.5384615384615383,2.3666666666666667,0.8,43.0,Low,0,ยังไม่พบตัวชี้วัดที่ถึงหรือเกินเกณฑ์อ้างอิง
cheese puffs,197,12.8,1.9,18.6,1.1,2.1,0.6,2.5,0.3,0.015,0.8333333333333334,9.5,19.692307692307693,6.200000000000001,2.4,11.000000000000002,Low,0,ยังไม่พบตัวชี้วัดที่ถึงหรือเกินเกณฑ์อ้างอิง
saltine crackers,13,0.3,0.097,2.2,0.063,0.3,0.022,0.0,0.067,0.00335,0.0,0.485,0.4615384615384615,0.7333333333333334,0.088,0.63,Low,0,ยังไม่พบตัวชี้วัดที่ถึงหรือเกินเกณฑ์อ้างอิง
trail mix,139,8.8,1.7,13.5,0.0,4.1,0.0,0.0,0.014,0.0007,0.0,8.5,13.53846153846154,4.5,0.0,0.0,Low,0,ยังไม่พบตัวชี้วัดที่ถึงหรือเกินเกณฑ์อ้างอิง
corn cones,144,7.6,6.4,17.8,0.0,1.6,0.3,0.0,0.3,0.015,0.0,32.0,11.692307692307692,5.933333333333334,1.2,0.0,Low,0,ยังไม่พบตัวชี้วัดที่ถึงหรือเกินเกณฑ์อ้างอิง
chocolate pretzels,50,1.8,0.8,7.8,0.0,0.8,0.0,0.0,0.037,0.0018499999999999999,0.0,4.0,2.769230769230769,2.6,0.0,0.0,Low,0,ยังไม่พบตัวชี้วัดที่ถึงหรือเกินเกณฑ์อ้างอิง
french toast sticks,73,3.8,0.9,8.9,2.1,1.3,0.3,0.0,0.001,4.9999999999999996e-05,0.0,4.5,5.846153846153846,2.966666666666667,1.2,21.000000000000004,Low,0,ยังไม่พบตัวชี้วัดที่ถึงหรือเกินเกณฑ์อ้างอิง
crackers,82,4.2,0.9,9.8,1.3,1.1,0.4,0.0,0.1,0.005,0.0,4.5,6.461538461538462,3.266666666666667,1.6,13.0,Low,0,ยังไม่พบตัวชี้วัดที่ถึงหรือเกินเกณฑ์อ้างอิง
sesame sticks,54,3.7,0.6,4.7,0.084,1.1,0.3,0.0,0.09,0.0045,0.0,3.0,5.6923076923076925,1.5666666666666667,1.2,0.8400000000000001,Low,0,ยังไม่พบตัวชี้วัดที่ถึงหรือเกินเกณฑ์อ้างอิง
cheese crackers,34,1.6,0.4,4.2,0.3,0.8,0.2,0.2,0.065,0.0032500000000000003,0.06666666666666668,2.0,2.4615384615384617,1.4000000000000001,0.8,3.0,Low,0,ยังไม่พบตัวชี้วัดที่ถึงหรือเกินเกณฑ์อ้างอิง
oriental rice cracker mix,143,7.2,1.1,14.6,0.8,4.9,3.7,0.0,0.1,0.005,0.0,5.500000000000001,11.076923076923077,4.866666666666666,14.800000000000002,8.0,Low,0,ยังไม่พบตัวชี้วัดที่ถึงหรือเกินเกณฑ์อ้างอิง
breadsticks,103,2.4,0.4,17.1,0.3,3.0,0.8,0.0,0.2,0.01,0.0,2.0,3.692307692307692,5.7,3.2,3.0,Low,0,ยังไม่พบตัวชี้วัดที่ถึงหรือเกินเกณฑ์อ้างอิง
milk crackers,50,1.7,0.3,7.7,1.8,0.8,0.2,1.2,0.095,0.00475,0.4,1.5,2.6153846153846154,2.566666666666667,0.8,18.0,Low,0,ยังไม่พบตัวชี้วัดที่ถึงหรือเกินเกณฑ์อ้างอิง
matzo crackers whole wheat,98,0.4,0.005,22.1,0.0,3.7,3.3,0.0,0.002,9.999999999999999e-05,0.0,0.025,0.6153846153846154,7.366666666666667,13.200000000000001,0.0,Low,0,ยังไม่พบตัวชี้วัดที่ถึงหรือเกินเกณฑ์อ้างอิง
matzo crackers with egg,109,0.6,0.2,22.0,0.0,3.4,0.8,23.2,0.057,0.00285,7.733333333333333,1.0,0.923076923076923,7.333333333333333,3.2,0.0,Low,0,ยังไม่พบตัวชี้วัดที่ถึงหรือเกินเกณฑ์อ้างอิง
granola bites,23,0.9,0.5,3.3,1.5,0.4,0.3,0.0,0.067,0.00335,0.0,2.5,1.3846153846153846,1.0999999999999999,1.2,15.0,Low,0,ยังไม่พบตัวชี้วัดที่ถึงหรือเกินเกณฑ์อ้างอิง
crackers whole wheat,120,4.0,0.6,19.5,0.3,3.0,2.9,0.0,0.2,0.01,0.0,3.0,6.153846153846154,6.5,11.6,3.0,Low,0,ยังไม่พบตัวชี้วัดที่ถึงหรือเกินเกณฑ์อ้างอิง
tropical trail mix,619,23.9,11.9,91.8,0.0,8.8,0.0,0.0,0.1,0.005,0.0,59.5,36.76923076923077,30.599999999999998,0.0,0.0,Low,0,ยังไม่พบตัวชี้วัดที่ถึงหรือเกินเกณฑ์อ้างอิง
soft pretzels,389,3.6,0.8,79.8,0.3,9.4,2.0,3.5,0.9,0.045,1.1666666666666667,4.0,5.538461538461538,26.6,8.0,3.0,Low,0,ยังไม่พบตัวชี้วัดที่ถึงหรือเกินเกณฑ์อ้างอิง
corn tostada shell,58,2.9,0.9,7.9,0.0,0.8,0.7,0.0,0.084,0.004200000000000001,0.0,4.5,4.461538461538462,2.6333333333333333,2.8,0.0,Low,0,ยังไม่พบตัวชี้วัดที่ถึงหรือเกินเกณฑ์อ้างอิง
matzo crackers,111,0.4,0.03,23.4,0.098,2.8,0.8,0.0,0.0,0.0,0.0,0.15,0.6153846153846154,7.8,3.2,0.98,Low,0,ยังไม่พบตัวชี้วัดที่ถึงหรือเกินเกณฑ์อ้างอิง
sesame crunch,9,0.6,0.096,0.9,0.6,0.2,0.1,0.0,0.027,0.0013499999999999999,0.0,0.48000000000000004,0.923076923076923,0.3,0.4,6.0,Low,0,ยังไม่พบตัวชี้วัดที่ถึงหรือเกินเกณฑ์อ้างอิง
trail mix with chocolate chips,707,46.6,8.9,65.6,0.0,20.7,0.0,5.8,0.2,0.01,1.9333333333333333,44.5,71.6923076923077,21.866666666666664,0.0,0.0,Low,0,ยังไม่พบตัวชี้วัดที่ถึงหรือเกินเกณฑ์อ้างอิง
cracker meal,440,2.0,0.3,93.0,0.4,10.7,3.0,0.0,0.078,0.0039,0.0,1.5,3.076923076923077,31.0,12.0,4.0,Low,0,ยังไม่พบตัวชี้วัดที่ถึงหรือเกินเกณฑ์อ้างอิง
puffed rice,153,0.2,0.037,34.1,0.0,2.4,0.6,0.0,0.053,0.00265,0.0,0.185,0.3076923076923077,11.366666666666667,2.4,0.0,Low,0,ยังไม่พบตัวชี้วัดที่ถึงหรือเกินเกณฑ์อ้างอิง
filinchen gutena,19,0.2,0.056,0.5,0.028,0.4,0.0,0.0,0.0,0.0,0.0,0.27999999999999997,0.3076923076923077,0.16666666666666669,0.0,0.27999999999999997,Low,0,ยังไม่พบตัวชี้วัดที่ถึงหรือเกินเกณฑ์อ้างอิง
melba toast crackers,117,1.0,0.1,23.0,0.3,3.6,1.9,0.0,0.2,0.01,0.0,0.5,1.5384615384615385,7.666666666666666,7.6,3.0,Low,0,ยังไม่พบตัวชี้วัดที่ถึงหรือเกินเกณฑ์อ้างอิง
matzo crackers with egg onion,109,1.1,0.3,21.6,0.0,2.8,1.4,12.6,0.052,0.0026,4.199999999999999,1.5,1.6923076923076925,7.200000000000001,5.6,0.0,Low,0,ยังไม่พบตัวชี้วัดที่ถึงหรือเกินเกณฑ์อ้างอิง
cornnuts,126,4.4,0.7,20.3,0.2,2.4,2.0,0.0,0.2,0.01,0.0,3.4999999999999996,6.76923076923077,6.766666666666667,8.0,2.0,Low,0,ยังไม่พบตัวชี้วัดที่ถึงหรือเกินเกณฑ์อ้างอิง
bagel chips,789,26.5,12.0,116.1,10.5,21.6,7.2,0.0,0.4,0.02,0.0,60.0,40.76923076923077,38.699999999999996,28.800000000000004,105.0,Medium,1,น้ำตาลถึงหรือเกินเกณฑ์ต่อมื้อ
pretzels,115,0.9,0.1,24.1,0.7,3.0,1.0,0.0,0.4,0.02,0.0,0.5,1.3846153846153846,8.033333333333333,4.0,6.999999999999999,Low,0,ยังไม่พบตัวชี้วัดที่ถึงหรือเกินเกณฑ์อ้างอิง
potato raw,164,0.2,0.028,37.2,1.7,4.3,4.7,0.0,0.072,0.0035999999999999995,0.0,0.13999999999999999,0.3076923076923077,12.400000000000002,18.8,17.0,Low,0,ยังไม่พบตัวชี้วัดที่ถึงหรือเกินเกณฑ์อ้างอิง
gatto di patate home made,202,9.4,4.6,4.0,3.6,0.0,0.0,0.0,0.0,0.0,0.0,23.0,14.461538461538462,1.3333333333333335,0.0,36.0,Low,0,ยังไม่พบตัวชี้วัดที่ถึงหรือเกินเกณฑ์อ้างอิง
baked potato,161,0.2,0.074,36.6,2.0,4.3,3.8,0.0,0.097,0.00485,0.0,0.37,0.3076923076923077,12.200000000000001,15.2,20.0,Low,0,ยังไม่พบตัวชี้วัดที่ถึงหรือเกินเกณฑ์อ้างอิง
potato sticks,188,12.4,3.2,19.2,0.006,2.4,1.2,0.0,0.2,0.01,0.0,16.0,19.076923076923077,6.4,4.8,0.060000000000000005,Low,0,ยังไม่พบตัวชี้วัดที่ถึงหรือเกินเกณฑ์อ้างอิง
potato cooked,52,0.006,0.003,12.1,0.5,1.1,1.2,0.0,0.035,0.0017500000000000003,0.0,0.015000000000000001,0.009230769230769232,4.033333333333333,4.8,5.0,Low,0,ยังไม่พบตัวชี้วัดที่ถึงหรือเกินเกณฑ์อ้างอิง
vivaldi potatoes sainsburys,23,0.1,5.0,0.0,0.0,0.0,0.0,0.0,0.0,0.0,0.0,25.0,0.15384615384615385,0.0,0.0,0.0,Low,0,ยังไม่พบตัวชี้วัดที่ถึงหรือเกินเกณฑ์อ้างอิง
potato ham chowder soup,192,12.5,3.9,13.4,0.0,6.5,1.4,21.6,0.9,0.045,7.200000000000001,19.5,19.230769230769234,4.466666666666667,5.6,0.0,Low,0,ยังไม่พบตัวชี้วัดที่ถึงหรือเกินเกณฑ์อ้างอิง
russet potato raw,292,0.3,0.06,66.7,2.3,7.9,4.8,0.0,0.068,0.0034,0.0,0.3,0.4615384615384615,22.233333333333334,19.2,23.0,Low,0,ยังไม่พบตัวชี้วัดที่ถึงหรือเกินเกณฑ์อ้างอิง
russet potato baked,290,0.4,0.1,64.1,3.2,7.9,6.9,0.0,0.084,0.004200000000000001,0.0,0.5,0.6153846153846154,21.366666666666664,27.6,32.0,Low,0,ยังไม่พบตัวชี้วัดที่ถึงหรือเกินเกณฑ์อ้างอิง
french fries,13,0.4,0.01,2.2,0.088,0.2,0.2,0.0,0.056,0.0028,0.0,0.05,0.6153846153846154,0.7333333333333334,0.8,0.8799999999999999,Low,0,ยังไม่พบตัวชี้วัดที่ถึงหรือเกินเกณฑ์อ้างอิง
potato scalloped,216,9.0,5.5,26.4,0.0,7.0,4.7,29.4,0.8,0.04,9.799999999999999,27.500000000000004,13.846153846153847,8.799999999999999,18.8,0.0,Low,0,ยังไม่พบตัวชี้วัดที่ถึงหรือเกินเกณฑ์อ้างอิง
cottage fries,11,0.4,0.084,1.9,0.019,0.2,0.2,0.0,0.058,0.0029,0.0,0.42000000000000004,0.6153846153846154,0.6333333333333333,0.8,0.19,Low,0,ยังไม่พบตัวชี้วัดที่ถึงหรือเกินเกณฑ์อ้างอิง
mashed potatoes,215,6.8,1.4,35.5,1.2,4.0,3.1,0.0,0.7,0.034999999999999996,0.0,6.999999999999999,10.461538461538462,11.833333333333334,12.4,12.0,Low,0,ยังไม่พบตัวชี้วัดที่ถึงหรือเกินเกณฑ์อ้างอิง
mashed potato with milk and butter,237,8.9,5.5,35.3,3.0,3.9,3.2,23.1,0.7,0.034999999999999996,7.7,27.500000000000004,13.692307692307693,11.766666666666666,12.8,30.0,Low,0,ยังไม่พบตัวชี้วัดที่ถึงหรือเกินเกณฑ์อ้างอิง
red potato raw,149,0.3,0.074,33.9,2.7,4.0,3.6,0.0,0.02,0.001,0.0,0.37,0.4615384615384615,11.299999999999999,14.400000000000002,27.0,Low,0,ยังไม่พบตัวชี้วัดที่ถึงหรือเกินเกณฑ์อ้างอิง
potato pancake,59,3.2,0.5,6.1,0.4,1.3,0.7,20.9,0.2,0.01,6.966666666666667,2.5,4.923076923076923,2.033333333333333,2.8,4.0,Low,0,ยังไม่พบตัวชี้วัดที่ถึงหรือเกินเกณฑ์อ้างอิง
potato puffs,243,11.0,2.3,35.5,0.3,2.6,3.2,0.0,0.6,0.03,0.0,11.5,16.923076923076923,11.833333333333334,12.8,3.0,Low,0,ยังไม่พบตัวชี้วัดที่ถึงหรือเกินเกณฑ์อ้างอิง
red potato baked,74,0.1,0.008,16.7,1.2,2.0,1.5,0.0,0.037,0.0018499999999999999,0.0,0.04,0.15384615384615385,5.566666666666666,6.0,12.0,Low,0,ยังไม่พบตัวชี้วัดที่ถึงหรือเกินเกณฑ์อ้างอิง
potatoes canned,132,0.3,0.098,29.7,0.0,3.6,4.2,0.0,0.7,0.034999999999999996,0.0,0.49,0.4615384615384615,9.899999999999999,16.8,0.0,Low,0,ยังไม่พบตัวชี้วัดที่ถึงหรือเกินเกณฑ์อ้างอิง
potato skin raw,22,0.099,0.093,4.7,0.0,1.0,1.0,0.0,0.053,0.00265,0.0,0.46499999999999997,0.1523076923076923,1.5666666666666667,4.0,0.0,Low,0,ยังไม่พบตัวชี้วัดที่ถึงหรือเกินเกณฑ์อ้างอิง
shoestring french fries,4,0.1,0.059,0.7,0.062,0.099,0.099,0.0,0.055,0.0027500000000000003,0.0,0.295,0.15384615384615385,0.2333333333333333,0.396,0.62,Low,0,ยังไม่พบตัวชี้วัดที่ถึงหรือเกินเกณฑ์อ้างอิง
hash brown potato,144,9.0,1.3,15.3,0.3,1.4,1.4,0.0,0.3,0.015,0.0,6.5,13.846153846153847,5.1000000000000005,5.6,3.0,Low,0,ยังไม่พบตัวชี้วัดที่ถึงหรือเกินเกณฑ์อ้างอิง
baked chips lays,130,2.0,26.0,0.0,0.0,0.0,0.0,0.0,0.0,0.0,0.0,130.0,3.076923076923077,0.0,0.0,0.0,Medium,1,ไขมันอิ่มตัวถึงหรือเกินเกณฑ์อ้างอิงต่อวัน
corn chips,162,10.0,1.3,17.2,0.031,1.9,1.2,0.0,0.2,0.01,0.0,6.5,15.384615384615385,5.733333333333333,4.8,0.31,Low,0,ยังไม่พบตัวชี้วัดที่ถึงหรือเกินเกณฑ์อ้างอิง
nacho cheese tortilla chips low fat,90,1.0,0.3,18.5,0.8,2.4,1.8,0.6,0.2,0.01,0.2,1.5,1.5384615384615385,6.166666666666667,7.200000000000001,8.0,Low,0,ยังไม่พบตัวชี้วัดที่ถึงหรือเกินเกณฑ์อ้างอิง
corn chips barbecue,1036,64.7,8.8,111.3,0.0,13.9,10.3,0.0,1.5,0.075,0.0,44.00000000000001,99.53846153846155,37.1,41.2,0.0,Low,0,ยังไม่พบตัวชี้วัดที่ถึงหรือเกินเกณฑ์อ้างอิง
corn chips unsalted,490,29.4,3.8,50.5,1.2,5.8,3.9,0.0,0.024,0.0012000000000000001,0.0,19.0,45.230769230769226,16.833333333333332,15.6,12.0,Low,0,ยังไม่พบตัวชี้วัดที่ถึงหรือเกินเกณฑ์อ้างอิง
potato chips fat free,860,1.4,0.3,190.1,8.4,21.9,17.0,0.0,1.5,0.075,0.0,1.5,2.1538461538461537,63.36666666666666,68.0,84.00000000000001,Low,0,ยังไม่พบตัวชี้วัดที่ถึงหรือเกินเกณฑ์อ้างอิง
sweet chilli kettle baked chips,99,2.2,0.3,2.1,0.4,2.0,0.0,0.0,0.0,0.0,0.0,1.5,3.384615384615385,0.7000000000000001,0.0,4.0,Low,0,ยังไม่พบตัวชี้วัดที่ถึงหรือเกินเกณฑ์อ้างอิง
taro chips,11,0.6,0.1,1.6,0.04,0.049,0.2,0.0,0.022,0.0011,0.0,0.5,0.923076923076923,0.5333333333333334,0.8,0.4,Low,0,ยังไม่พบตัวชี้วัดที่ถึงหรือเกินเกณฑ์อ้างอิง
potato chips reduced fat,801,35.4,7.1,113.7,0.4,12.1,10.0,0.0,0.8,0.04,0.0,35.5,54.46153846153846,37.9,40.0,4.0,Low,0,ยังไม่พบตัวชี้วัดที่ถึงหรือเกินเกณฑ์อ้างอิง
onion snacks,150,6.8,1.3,19.5,1.4,2.3,1.2,0.0,0.3,0.015,0.0,6.5,10.461538461538462,6.5,4.8,13.999999999999998,Low,0,ยังไม่พบตัวชี้วัดที่ถึงหรือเกินเกณฑ์อ้างอิง
potato chips cheese,843,46.2,14.6,98.1,0.0,14.5,8.8,6.8,0.8,0.04,2.2666666666666666,73.0,71.07692307692308,32.699999999999996,35.2,0.0,Low,0,ยังไม่พบตัวชี้วัดที่ถึงหรือเกินเกณฑ์อ้างอิง
yuca cassava chips,9,0.4,0.1,1.2,0.006,0.054,0.002,0.0,0.041,0.00205,0.0,0.5,0.6153846153846154,0.4,0.008,0.060000000000000005,Low,0,ยังไม่พบตัวชี้วัดที่ถึงหรือเกินเกณฑ์อ้างอิง
tortilla chips low fat,117,1.6,0.2,22.6,0.2,3.1,1.5,0.0,0.1,0.005,0.0,1.0,2.4615384615384617,7.533333333333333,6.0,2.0,Low,0,ยังไม่พบตัวชี้วัดที่ถึงหรือเกินเกณฑ์อ้างอิง
ranch flavor tortilla chips,992,48.8,7.0,124.2,6.0,14.2,7.9,0.0,1.0,0.05,0.0,35.0,75.07692307692308,41.400000000000006,31.6,60.0,Low,0,ยังไม่พบตัวชี้วัดที่ถึงหรือเกินเกณฑ์อ้างอิง
potato chips,161,10.4,3.3,15.9,0.007,2.1,1.4,0.0,0.021,0.0010500000000000002,0.0,16.499999999999996,16.0,5.3,5.6,0.06999999999999999,Low,0,ยังไม่พบตัวชี้วัดที่ถึงหรือเกินเกณฑ์อ้างอิง
tortilla chips,142,6.2,0.8,20.3,0.2,2.1,1.6,0.0,0.077,0.00385,0.0,4.0,9.538461538461538,6.766666666666667,6.4,2.0,Low,0,ยังไม่พบตัวชี้วัดที่ถึงหรือเกินเกณฑ์อ้างอิง
sweet potato chips,149,9.1,0.8,15.9,2.5,0.8,2.5,0.0,0.05,0.0025,0.0,4.0,13.999999999999998,5.3,10.0,25.0,Low,0,ยังไม่พบตัวชี้วัดที่ถึงหรือเกินเกณฑ์อ้างอิง
nacho cheese tortilla chips,156,8.2,1.2,18.2,0.8,2.2,1.5,0.0,0.2,0.01,0.0,6.0,12.615384615384615,6.066666666666666,6.0,8.0,Low,0,ยังไม่พบตัวชี้วัดที่ถึงหรือเกินเกณฑ์อ้างอิง
vegetable chips,134,6.6,0.5,17.1,1.1,1.5,1.3,0.0,0.3,0.015,0.0,2.5,10.153846153846153,5.7,5.2,11.000000000000002,Low,0,ยังไม่พบตัวชี้วัดที่ถึงหรือเกินเกณฑ์อ้างอิง
taco flavor tortilla chips,1090,54.9,10.5,143.2,0.0,17.9,12.0,11.4,1.8,0.09,3.8,52.5,84.46153846153845,47.73333333333333,48.0,0.0,Low,0,ยังไม่พบตัวชี้วัดที่ถึงหรือเกินเกณฑ์อ้างอิง
potato chips barbecue,970,64.2,15.9,104.5,14.0,15.2,8.7,0.0,1.3,0.065,0.0,79.5,98.76923076923077,34.833333333333336,34.8,140.0,Medium,1,น้ำตาลถึงหรือเกินเกณฑ์ต่อมื้อ
pita chips,137,4.6,0.4,20.5,1.4,3.5,1.1,0.0,0.3,0.015,0.0,2.0,7.076923076923077,6.833333333333333,4.4,13.999999999999998,Low,0,ยังไม่พบตัวชี้วัดที่ถึงหรือเกินเกณฑ์อ้างอิง
potato chips sour cream and onion,1051,67.1,17.6,102.0,0.0,16.0,10.3,13.9,1.1,0.055,4.633333333333334,88.00000000000001,103.23076923076921,34.0,41.2,0.0,Low,0,ยังไม่พบตัวชี้วัดที่ถึงหรือเกินเกณฑ์อ้างอิง
adobo fresco,780,60.2,8.4,53.6,5.8,5.8,3.7,0.0,49.4,2.4699999999999998,0.0,42.00000000000001,92.61538461538463,17.866666666666667,14.800000000000002,57.99999999999999,Low,0,ยังไม่พบตัวชี้วัดที่ถึงหรือเกินเกณฑ์อ้างอิง
chili pepper sauce red,3,0.089,0.073,0.6,0.4,0.1,0.1,0.0,0.003,0.00015000000000000001,0.0,0.36499999999999994,0.1369230769230769,0.2,0.4,4.0,Low,0,ยังไม่พบตัวชี้วัดที่ถึงหรือเกินเกณฑ์อ้างอิง
creamy ranch sauce mcdonalds,132,14.7,2.2,1.0,1.0,0.3,0.0,5.9,0.2,0.01,1.966666666666667,11.000000000000002,22.615384615384613,0.33333333333333337,0.0,10.0,Low,0,ยังไม่พบตัวชี้วัดที่ถึงหรือเกินเกณฑ์อ้างอิง
catsup,19,0.066,0.026,4.5,3.7,0.2,0.053,0.0,0.2,0.01,0.0,0.13,0.10153846153846155,1.5,0.212,37.0,Low,0,ยังไม่พบตัวชี้วัดที่ถึงหรือเกินเกณฑ์อ้างอิง
chili pepper sauce green,3,0.032,0.048,0.8,0.4,0.1,0.3,0.0,0.03,0.0014999999999999998,0.0,0.24000000000000002,0.04923076923076923,0.2666666666666667,1.2,4.0,Low,0,ยังไม่พบตัวชี้วัดที่ถึงหรือเกินเกณฑ์อ้างอิง
red wine vinegar,3,0.0,0.0,0.011,0.0,0.055,0.0,0.0,0.092,0.0046,0.0,0.0,0.0,0.0036666666666666666,0.0,0.0,Low,0,ยังไม่พบตัวชี้วัดที่ถึงหรือเกินเกณฑ์อ้างอิง
fish sauce,6,0.013,0.08,0.7,0.7,0.9,0.0,0.0,1.4,0.06999999999999999,0.0,0.4,0.019999999999999997,0.2333333333333333,0.0,6.999999999999999,Low,0,ยังไม่พบตัวชี้วัดที่ถึงหรือเกินเกณฑ์อ้างอิง
coleslaw dressing reduced fat,56,3.4,0.5,6.8,6.6,0.0,0.045,4.3,0.3,0.015,1.4333333333333333,2.5,5.230769230769231,2.2666666666666666,0.18,65.99999999999999,Low,0,ยังไม่พบตัวชี้วัดที่ถึงหรือเกินเกณฑ์อ้างอิง
sour dressing,21,2.0,1.6,0.6,0.6,0.4,0.0,0.6,0.094,0.004699999999999999,0.2,8.0,3.076923076923077,0.2,0.0,6.0,Low,0,ยังไม่พบตัวชี้วัดที่ถึงหรือเกินเกณฑ์อ้างอิง
guava sauce cooked,86,0.3,0.014,22.6,14.0,0.8,8.6,0.0,0.017,0.00085,0.0,0.06999999999999999,0.4615384615384615,7.533333333333333,34.4,140.0,Medium,1,น้ำตาลถึงหรือเกินเกณฑ์ต่อมื้อ
pizza sauce,136,2.9,1.2,21.8,9.5,5.5,5.0,0.0,0.9,0.045,0.0,6.0,4.461538461538462,7.2666666666666675,20.0,95.0,Low,0,ยังไม่พบตัวชี้วัดที่ถึงหรือเกินเกณฑ์อ้างอิง
sweetn sour sauce mcdonalds,48,0.3,0.075,11.0,10.0,0.2,0.0,0.0,0.2,0.01,0.0,0.375,0.4615384615384615,3.6666666666666665,0.0,100.0,Medium,1,น้ำตาลถึงหรือเกินเกณฑ์ต่อมื้อ
nance syrup,4,0.002,0.0,0.8,0.6,0.028,0.3,0.0,0.035,0.0017500000000000003,0.0,0.0,0.003076923076923077,0.2666666666666667,1.2,6.0,Low,0,ยังไม่พบตัวชี้วัดที่ถึงหรือเกินเกณฑ์อ้างอิง
french dressing reduced fat,37,2.2,0.2,4.7,4.6,0.072,0.2,0.0,0.072,0.0035999999999999995,0.0,1.0,3.384615384615385,1.5666666666666667,0.8,46.0,Low,0,ยังไม่พบตัวชี้วัดที่ถึงหรือเกินเกณฑ์อ้างอิง
peppercorn dressing,76,8.2,1.4,0.5,0.3,0.2,0.0,6.6,0.1,0.005,2.1999999999999997,6.999999999999999,12.615384615384615,0.16666666666666669,0.0,3.0,Low,0,ยังไม่พบตัวชี้วัดที่ถึงหรือเกินเกณฑ์อ้างอิง
sorghum syrup,61,0.0,0.0,15.7,15.7,0.0,0.0,0.0,0.096,0.0048000000000000004,0.0,0.0,0.0,5.2333333333333325,0.0,156.99999999999997,Medium,1,น้ำตาลถึงหรือเกินเกณฑ์ต่อมื้อ
ranch dressing fat free,17,0.3,0.007,3.7,0.7,0.039,0.088,1.0,0.1,0.005,0.33333333333333337,0.034999999999999996,0.4615384615384615,1.2333333333333334,0.352,6.999999999999999,Low,0,ยังไม่พบตัวชี้วัดที่ถึงหรือเกินเกณฑ์อ้างอิง
caesar dressing low calorie,17,0.7,0.1,2.8,2.4,0.028,0.053,0.3,0.2,0.01,0.1,0.5,1.0769230769230769,0.9333333333333332,0.212,24.0,Low,0,ยังไม่พบตัวชี้วัดที่ถึงหรือเกินเกณฑ์อ้างอิง
sweet sour dressing,2,0.0,0.0,0.6,0.6,0.082,0.0,0.0,0.065,0.0032500000000000003,0.0,0.0,0.0,0.2,0.0,6.0,Low,0,ยังไม่พบตัวชี้วัดที่ถึงหรือเกินเกณฑ์อ้างอิง
mayonnaise imitation fat free,13,0.4,0.005,2.5,1.6,0.043,0.3,1.4,0.1,0.005,0.4666666666666666,0.025,0.6153846153846154,0.8333333333333334,1.2,16.0,Low,0,ยังไม่พบตัวชี้วัดที่ถึงหรือเกินเกณฑ์อ้างอิง
sofrito,488,37.5,0.0,11.2,0.0,26.4,3.5,0.0,2.4,0.12,0.0,0.0,57.692307692307686,3.733333333333333,14.000000000000002,0.0,Low,0,ยังไม่พบตัวชี้วัดที่ถึงหรือเกินเกณฑ์อ้างอิง
turkey gravy instant,27,1.0,0.3,3.9,0.5,0.8,0.3,1.6,0.3,0.015,0.5333333333333334,1.5,1.5384615384615385,1.3,1.2,5.0,Low,0,ยังไม่พบตัวชี้วัดที่ถึงหรือเกินเกณฑ์อ้างอิง
teriyaki sauce,16,0.015,0.0,2.8,2.5,1.1,0.016,0.0,0.7,0.034999999999999996,0.0,0.0,0.023076923076923075,0.9333333333333332,0.064,25.0,Low,0,ยังไม่พบตัวชี้วัดที่ถึงหรือเกินเกณฑ์อ้างอิง
tomato sauce,59,0.7,0.1,13.0,8.7,2.9,3.7,0.0,0.083,0.00415,0.0,0.5,1.0769230769230769,4.333333333333334,14.800000000000002,86.99999999999999,Low,0,ยังไม่พบตัวชี้วัดที่ถึงหรือเกินเกณฑ์อ้างอิง
barbecue sauce kraft,28,0.053,0.013,6.5,5.2,0.1,0.032,0.0,0.2,0.01,0.0,0.065,0.08153846153846153,2.166666666666667,0.128,52.0,Low,0,ยังไม่พบตัวชี้วัดที่ถึงหรือเกินเกณฑ์อ้างอิง
cranberry sauce sweetened,418,0.4,0.056,107.8,105.0,0.6,2.8,0.0,0.076,0.0038000000000000004,0.0,0.27999999999999997,0.6153846153846154,35.93333333333334,11.2,1050.0,Medium,1,น้ำตาลถึงหรือเกินเกณฑ์ต่อมื้อ
coleslaw dressing,62,5.3,0.8,3.8,3.2,0.1,0.024,4.2,0.1,0.005,1.4000000000000001,4.0,8.153846153846153,1.2666666666666666,0.096,32.0,Low,0,ยังไม่พบตัวชี้วัดที่ถึงหรือเกินเกณฑ์อ้างอิง
onion gravy dry,77,0.7,0.4,16.2,0.0,2.2,1.4,0.5,1.0,0.05,0.16666666666666669,2.0,1.0769230769230769,5.4,5.6,0.0,Low,0,ยังไม่พบตัวชี้วัดที่ถึงหรือเกินเกณฑ์อ้างอิง
corn syrup light,62,0.09,0.0,16.9,16.9,0.0,0.0,0.0,0.065,0.0032500000000000003,0.0,0.0,0.13846153846153844,5.633333333333333,0.0,169.0,Medium,1,น้ำตาลถึงหรือเกินเกณฑ์ต่อมื้อ
bacon tomato dressing,49,5.3,0.8,0.3,0.3,0.3,0.04,0.6,0.1,0.005,0.2,4.0,8.153846153846153,0.1,0.16,3.0,Low,0,ยังไม่พบตัวชี้วัดที่ถึงหรือเกินเกณฑ์อ้างอิง
pancake syrup,53,0.075,0.025,13.9,8.4,0.0,0.0,0.0,0.064,0.0031999999999999997,0.0,0.125,0.11538461538461538,4.633333333333334,0.0,84.00000000000001,Low,0,ยังไม่พบตัวชี้วัดที่ถึงหรือเกินเกณฑ์อ้างอิง
balsamic vinegar,14,0.0,0.0,2.7,2.4,0.041,0.0,0.0,0.071,0.0035499999999999993,0.0,0.0,0.0,0.9000000000000001,0.0,24.0,Low,0,ยังไม่พบตัวชี้วัดที่ถึงหรือเกินเกณฑ์อ้างอิง
ranch dressing reduced fat,29,1.9,0.2,3.2,0.6,0.2,0.2,2.4,0.2,0.01,0.8,1.0,2.923076923076923,1.0666666666666669,0.8,6.0,Low,0,ยังไม่พบตัวชี้วัดที่ถึงหรือเกินเกณฑ์อ้างอิง
barbecue sauce mcdonalds,46,0.3,0.09,10.3,9.6,0.4,0.4,0.0,0.3,0.015,0.0,0.44999999999999996,0.4615384615384615,3.4333333333333336,1.6,96.0,Low,0,ยังไม่พบตัวชี้วัดที่ถึงหรือเกินเกณฑ์อ้างอิง
vinegar oil dressing,72,8.0,1.5,0.4,0.4,0.0,0.0,0.0,0.076,0.0038000000000000004,0.0,7.5,12.307692307692308,0.13333333333333336,0.0,4.0,Low,0,ยังไม่พบตัวชี้วัดที่ถึงหรือเกินเกณฑ์อ้างอิง
poppyseed dressing,66,5.5,1.0,4.0,3.9,0.2,0.03,2.5,0.1,0.005,0.8333333333333334,5.0,8.461538461538462,1.3333333333333335,0.12,39.0,Low,0,ยังไม่พบตัวชี้วัดที่ถึงหรือเกินเกณฑ์อ้างอิง
honey mustard dressing,70,6.1,0.8,3.5,2.4,0.1,0.057,4.4,0.019,0.0009500000000000001,1.4666666666666668,4.0,9.384615384615385,1.1666666666666667,0.22799999999999998,24.0,Low,0,ยังไม่พบตัวชี้วัดที่ถึงหรือเกินเกณฑ์อ้างอิง
french dressing fat free,21,0.024,0.067,5.1,2.6,0.01,0.4,0.0,0.1,0.005,0.0,0.335,0.036923076923076927,1.6999999999999997,1.6,26.0,Low,0,ยังไม่พบตัวชี้วัดที่ถึงหรือเกินเกณฑ์อ้างอิง
vinegar,3,0.0,0.0,0.089,0.063,0.0,0.0,0.0,0.024,0.0012000000000000001,0.0,0.0,0.0,0.029666666666666664,0.0,0.63,Low,0,ยังไม่พบตัวชี้วัดที่ถึงหรือเกินเกณฑ์อ้างอิง
spray dressing,13,0.9,0.1,1.3,1.1,0.07,0.075,0.0,0.012,0.0006000000000000001,0.0,0.5,1.3846153846153846,0.4333333333333333,0.3,11.000000000000002,Low,0,ยังไม่พบตัวชี้วัดที่ถึงหรือเกินเกณฑ์อ้างอิง
honey mustard dressing fat free,25,0.2,0.031,5.8,2.7,0.2,0.2,0.2,0.2,0.01,0.06666666666666668,0.155,0.3076923076923077,1.9333333333333333,0.8,27.0,Low,0,ยังไม่พบตัวชี้วัดที่ถึงหรือเกินเกณฑ์อ้างอิง
mushroom gravy,119,6.4,1.0,13.0,0.0,3.0,1.0,0.0,1.4,0.06999999999999999,0.0,5.0,9.846153846153847,4.333333333333334,4.0,0.0,Low,0,ยังไม่พบตัวชี้วัดที่ถึงหรือเกินเกณฑ์อ้างอิง
white sauce,368,26.6,7.1,22.9,11.0,9.6,0.5,17.5,0.9,0.045,5.833333333333333,35.5,40.92307692307692,7.633333333333332,2.0,110.00000000000001,Medium,1,น้ำตาลถึงหรือเกินเกณฑ์ต่อมื้อ
marinara pasta sauce,129,3.9,0.4,19.9,14.5,3.7,4.8,5.3,1.1,0.055,1.7666666666666668,2.0,6.0,6.633333333333333,19.2,145.0,Medium,1,น้ำตาลถึงหรือเกินเกณฑ์ต่อมื้อ
tomato sauce with mushrooms,86,0.3,0.027,20.7,14.1,3.6,3.7,0.0,1.1,0.055,0.0,0.135,0.4615384615384615,6.8999999999999995,14.800000000000002,141.0,Medium,1,น้ำตาลถึงหรือเกินเกณฑ์ต่อมื้อ
pork gravy powder,25,0.6,0.3,4.3,1.7,0.6,0.2,0.7,0.4,0.02,0.2333333333333333,1.5,0.923076923076923,1.4333333333333333,0.8,17.0,Low,0,ยังไม่พบตัวชี้วัดที่ถึงหรือเกินเกณฑ์อ้างอิง
beef gravy,123,5.5,2.7,11.2,0.5,8.7,0.9,7.0,1.5,0.075,2.3333333333333335,13.5,8.461538461538462,3.733333333333333,3.6000000000000005,5.0,Low,0,ยังไม่พบตัวชี้วัดที่ถึงหรือเกินเกณฑ์อ้างอิง
green goddess dressing,64,6.5,0.9,1.1,1.0,0.3,0.094,6.0,0.1,0.005,2.0,4.5,10.0,0.3666666666666667,0.376,10.0,Low,0,ยังไม่พบตัวชี้วัดที่ถึงหรือเกินเกณฑ์อ้างอิง
salsa con queso,358,23.8,6.2,27.9,4.9,7.9,1.8,22.5,2.0,0.1,7.5,31.0,36.61538461538461,9.3,7.200000000000001,49.00000000000001,Low,0,ยังไม่พบตัวชี้วัดที่ถึงหรือเกินเกณฑ์อ้างอิง
cocktail sauce,19,0.2,0.0,4.2,1.8,0.2,0.3,0.0,0.2,0.01,0.0,0.0,0.3076923076923077,1.4000000000000001,1.2,18.0,Low,0,ยังไม่พบตัวชี้วัดที่ถึงหรือเกินเกณฑ์อ้างอิง
worcestershire sauce,13,0.0,0.0,3.3,1.7,0.0,0.0,0.0,0.2,0.01,0.0,0.0,0.0,1.0999999999999999,0.0,17.0,Low,0,ยังไม่พบตัวชี้วัดที่ถึงหรือเกินเกณฑ์อ้างอิง
barbecue sauce,29,0.1,0.009,6.9,5.7,0.1,0.2,0.0,0.2,0.01,0.0,0.045,0.15384615384615385,2.3,0.8,57.00000000000001,Low,0,ยังไม่พบตัวชี้วัดที่ถึงหรือเกินเกณฑ์อ้างอิง
tomato sauce with onions,103,0.5,0.007,24.4,0.0,3.8,4.4,0.0,1.3,0.065,0.0,0.034999999999999996,0.7692307692307693,8.133333333333333,17.6,0.0,Low,0,ยังไม่พบตัวชี้วัดที่ถึงหรือเกินเกณฑ์อ้างอิง
brown gravy dry,22,0.6,0.2,3.6,0.0,0.6,0.1,0.2,0.3,0.015,0.06666666666666668,1.0,0.923076923076923,1.2,0.4,0.0,Low,0,ยังไม่พบตัวชี้วัดที่ถึงหรือเกินเกณฑ์อ้างอิง
blue cheese dressing light,14,0.4,0.1,2.1,0.6,0.3,0.0,1.6,0.2,0.01,0.5333333333333334,0.5,0.6153846153846154,0.7000000000000001,0.0,6.0,Low,0,ยังไม่พบตัวชี้วัดที่ถึงหรือเกินเกณฑ์อ้างอิง
spanish tomato sauce,81,0.7,0.007,17.7,0.0,3.5,3.4,0.0,1.2,0.06,0.0,0.034999999999999996,1.0769230769230769,5.8999999999999995,13.600000000000001,0.0,Low,0,ยังไม่พบตัวชี้วัดที่ถึงหรือเกินเกณฑ์อ้างอิง
oyster sauce,9,0.066,0.016,2.0,0.0,0.2,0.024,0.0,0.5,0.025,0.0,0.08,0.10153846153846155,0.6666666666666667,0.096,0.0,Low,0,ยังไม่พบตัวชี้วัดที่ถึงหรือเกินเกณฑ์อ้างอิง
cheese sauce,30,2.2,1.2,0.8,0.033,1.5,0.071,5.7,0.002,9.999999999999999e-05,1.9,6.0,3.384615384615385,0.2666666666666667,0.284,0.33,Low,0,ยังไม่พบตัวชี้วัดที่ถึงหรือเกินเกณฑ์อ้างอิง
hoisin sauce,35,0.5,0.036,7.1,4.4,0.5,0.4,0.5,0.3,0.015,0.16666666666666669,0.18,0.7692307692307693,2.3666666666666667,1.6,44.00000000000001,Low,0,ยังไม่พบตัวชี้วัดที่ถึงหรือเกินเกณฑ์อ้างอิง
pickle relish,20,0.061,0.093,5.3,4.4,0.097,0.2,0.0,0.1,0.005,0.0,0.46499999999999997,0.09384615384615384,1.7666666666666668,0.8,44.00000000000001,Low,0,ยังไม่พบตัวชี้วัดที่ถึงหรือเกินเกณฑ์อ้างอิง
tomato sauce with herbs cheese,144,4.7,1.5,25.0,0.0,5.2,5.4,7.3,1.3,0.065,2.433333333333333,7.5,7.230769230769231,8.333333333333332,21.6,0.0,Low,0,ยังไม่พบตัวชี้วัดที่ถึงหรือเกินเกณฑ์อ้างอิง
french dressing,73,7.2,0.9,2.5,2.6,0.1,0.0,0.0,0.1,0.005,0.0,4.5,11.076923076923077,0.8333333333333334,0.0,26.0,Low,0,ยังไม่พบตัวชี้วัดที่ถึงหรือเกินเกณฑ์อ้างอิง
mayonnaise hellmanns,15,1.7,0.9,0.087,0.2,0.0,0.0,0.0,0.0,0.0,0.0,4.5,2.6153846153846154,0.029,0.0,2.0,Low,0,ยังไม่พบตัวชี้วัดที่ถึงหรือเกินเกณฑ์อ้างอิง
canadian maple syrup,76,0.0,0.0,19.1,17.0,0.0,0.0,0.0,0.086,0.004299999999999999,0.0,0.0,0.0,6.366666666666668,0.0,170.0,Medium,1,น้ำตาลถึงหรือเกินเกณฑ์ต่อมื้อ
maple syrup,52,0.047,0.036,13.4,13.6,0.09,0.0,0.0,0.059,0.00295,0.0,0.18,0.07230769230769231,4.466666666666667,0.0,136.0,Medium,1,น้ำตาลถึงหรือเกินเกณฑ์ต่อมื้อ
barbecue sauce bulls eye,27,0.1,0.028,6.4,5.6,0.1,0.2,0.0,0.2,0.01,0.0,0.13999999999999999,0.15384615384615385,2.1333333333333337,0.8,55.99999999999999,Low,0,ยังไม่พบตัวชี้วัดที่ถึงหรือเกินเกณฑ์อ้างอิง
ranch dressing,65,6.7,1.0,0.9,0.7,0.2,0.0,3.9,0.1,0.005,1.3,5.0,10.307692307692308,0.3,0.0,6.999999999999999,Low,0,ยังไม่พบตัวชี้วัดที่ถึงหรือเกินเกณฑ์อ้างอิง
tomato ketchup mp,15,0.0,4.0,0.2,0.0,0.0,0.0,0.0,0.0,0.0,0.0,20.0,0.0,0.06666666666666668,0.0,0.0,Low,0,ยังไม่พบตัวชี้วัดที่ถึงหรือเกินเกณฑ์อ้างอิง
mayonnaise light,36,3.3,0.5,1.4,0.5,0.032,0.0,2.4,0.1,0.005,0.8,2.5,5.076923076923077,0.4666666666666666,0.0,5.0,Low,0,ยังไม่พบตัวชี้วัดที่ถึงหรือเกินเกณฑ์อ้างอิง
mayonnaise dressing,103,11.7,1.6,0.066,0.093,0.0,0.0,0.0,0.081,0.00405,0.0,8.0,18.0,0.022000000000000002,0.0,0.9299999999999999,Low,0,ยังไม่พบตัวชี้วัดที่ถึงหรือเกินเกณฑ์อ้างอิง
malt syrup,67,0.0,0.0,15.0,15.0,1.3,0.0,0.0,0.05,0.0025,0.0,0.0,0.0,5.0,0.0,150.0,Medium,1,น้ำตาลถึงหรือเกินเกณฑ์ต่อมื้อ
gravy dry,86,2.0,0.7,14.5,0.0,3.3,0.0,1.0,1.4,0.06999999999999999,0.33333333333333337,3.4999999999999996,3.076923076923077,4.833333333333333,0.0,0.0,Low,0,ยังไม่พบตัวชี้วัดที่ถึงหรือเกินเกณฑ์อ้างอิง
cranberry orange relish,490,0.3,0.06,127.1,0.0,0.8,0.0,0.0,0.063,0.00315,0.0,0.3,0.4615384615384615,42.36666666666666,0.0,0.0,Low,0,ยังไม่พบตัวชี้วัดที่ถึงหรือเกินเกณฑ์อ้างอิง
caesar dressing,80,8.5,1.3,0.5,0.4,0.3,0.036,5.7,0.2,0.01,1.9,6.5,13.076923076923078,0.16666666666666669,0.144,4.0,Low,0,ยังไม่พบตัวชี้วัดที่ถึงหรือเกินเกณฑ์อ้างอิง
italian dressing,35,3.1,0.4,1.8,1.6,0.032,0.0,0.0,0.1,0.005,0.0,2.0,4.769230769230769,0.6,0.0,16.0,Low,0,ยังไม่พบตัวชี้วัดที่ถึงหรือเกินเกณฑ์อ้างอิง
brown gravy instant,25,0.8,0.4,4.0,0.6,0.6,0.2,0.8,0.3,0.015,0.2666666666666667,2.0,1.2307692307692308,1.3333333333333335,0.8,6.0,Low,0,ยังไม่พบตัวชี้วัดที่ถึงหรือเกินเกณฑ์อ้างอิง
roquefort cheese dressing,15,1.1,0.4,0.4,0.4,0.8,0.0,0.2,0.1,0.005,0.06666666666666668,2.0,1.6923076923076925,0.13333333333333336,0.0,4.0,Low,0,ยังไม่พบตัวชี้วัดที่ถึงหรือเกินเกณฑ์อ้างอิง
blue cheese dressing,71,7.7,1.2,0.7,0.5,0.2,0.045,4.7,0.2,0.01,1.5666666666666667,6.0,11.846153846153847,0.2333333333333333,0.18,5.0,Low,0,ยังไม่พบตัวชี้วัดที่ถึงหรือเกินเกณฑ์อ้างอิง
duck sauce,80,0.063,0.033,19.7,9.9,0.1,0.2,0.0,0.1,0.005,0.0,0.165,0.09692307692307692,6.566666666666666,0.8,99.0,Low,0,ยังไม่พบตัวชี้วัดที่ถึงหรือเกินเกณฑ์อ้างอิง
au jus,38,0.5,0.2,5.9,0.0,2.8,0.0,0.0,1.1,0.055,0.0,1.0,0.7692307692307693,1.966666666666667,0.0,0.0,Low,0,ยังไม่พบตัวชี้วัดที่ถึงหรือเกินเกณฑ์อ้างอิง
corn syrup dark,57,0.0,0.0,15.5,15.5,0.0,0.0,0.0,0.047,0.0023499999999999997,0.0,0.0,0.0,5.166666666666667,0.0,155.0,Medium,1,น้ำตาลถึงหรือเกินเกณฑ์ต่อมื้อ
buttermilk dressing light,30,1.9,0.2,3.2,0.6,0.2,0.2,2.4,0.2,0.01,0.8,1.0,2.923076923076923,1.0666666666666669,0.8,6.0,Low,0,ยังไม่พบตัวชี้วัดที่ถึงหรือเกินเกณฑ์อ้างอิง
cider vinegar,3,0.0,0.0,0.1,0.018,0.0,0.0,0.0,0.011,0.00055,0.0,0.0,0.0,0.03333333333333334,0.0,0.18,Low,0,ยังไม่พบตัวชี้วัดที่ถึงหรือเกินเกณฑ์อ้างอิง
tartar sauce,32,2.5,0.5,2.0,0.6,0.2,0.078,1.1,0.1,0.005,0.3666666666666667,2.5,3.8461538461538463,0.6666666666666667,0.312,6.0,Low,0,ยังไม่พบตัวชี้วัดที่ถึงหรือเกินเกณฑ์อ้างอิง
pepper hot sauce,1,0.018,0.057,0.031,0.065,0.024,0.071,0.0,0.1,0.005,0.0,0.28500000000000003,0.02769230769230769,0.010333333333333333,0.284,0.65,Low,0,ยังไม่พบตัวชี้วัดที่ถึงหรือเกินเกณฑ์อ้างอิง
tomato chili sauce,6,0.095,0.076,1.2,0.6,0.2,0.4,0.0,0.083,0.00415,0.0,0.38,0.14615384615384616,0.4,1.6,6.0,Low,0,ยังไม่พบตัวชี้วัดที่ถึงหรือเกินเกณฑ์อ้างอิง
turkey gravy dry,26,0.5,0.1,4.6,0.0,0.7,0.0,1.0,0.3,0.015,0.33333333333333337,0.5,0.7692307692307693,1.5333333333333332,0.0,0.0,Low,0,ยังไม่พบตัวชี้วัดที่ถึงหรือเกินเกณฑ์อ้างอิง
salsa sauce,5,0.039,0.07,1.2,0.7,0.3,0.3,0.0,0.1,0.005,0.0,0.35000000000000003,0.06,0.4,1.2,6.999999999999999,Low,0,ยังไม่พบตัวชี้วัดที่ถึงหรือเกินเกณฑ์อ้างอิง
steak sauce,16,0.004,0.0,3.7,1.7,0.2,0.3,0.0,0.3,0.015,0.0,0.0,0.006153846153846154,1.2333333333333334,1.2,17.0,Low,0,ยังไม่พบตัวชี้วัดที่ถึงหรือเกินเกณฑ์อ้างอิง
molasses,58,0.068,0.052,14.9,14.9,0.0,0.0,0.0,0.007,0.00035,0.0,0.26,0.10461538461538462,4.966666666666667,0.0,149.0,Medium,1,น้ำตาลถึงหรือเกินเกณฑ์ต่อมื้อ
italian dressing fat free,7,0.1,0.099,1.2,1.2,0.1,0.077,0.3,0.2,0.01,0.1,0.49500000000000005,0.15384615384615385,0.4,0.308,12.0,Low,0,ยังไม่พบตัวชี้วัดที่ถึงหรือเกินเกณฑ์อ้างอิง
plum sauce,35,0.2,0.094,8.1,0.0,0.2,0.1,0.0,0.1,0.005,0.0,0.47000000000000003,0.3076923076923077,2.7,0.4,0.0,Low,0,ยังไม่พบตัวชี้วัดที่ถึงหรือเกินเกณฑ์อ้างอิง
chow mein stir fry master foods,26,0.2,5.5,0.0,0.0,0.0,0.0,0.0,0.0,0.0,0.0,27.500000000000004,0.3076923076923077,0.0,0.0,0.0,Low,0,ยังไม่พบตัวชี้วัดที่ถึงหรือเกินเกณฑ์อ้างอิง
beef gravy instant,25,0.6,0.3,4.1,1.6,0.7,0.3,0.7,0.3,0.015,0.2333333333333333,1.5,0.923076923076923,1.3666666666666665,1.2,16.0,Low,0,ยังไม่พบตัวชี้วัดที่ถึงหรือเกินเกณฑ์อ้างอิง
horseradish,2,0.085,0.007,0.6,0.4,0.003,0.2,0.0,0.039,0.00195,0.0,0.034999999999999996,0.13076923076923078,0.2,0.8,4.0,Low,0,ยังไม่พบตัวชี้วัดที่ถึงหรือเกินเกณฑ์อ้างอิง
grenadine,54,0.0,0.0,13.4,9.3,0.0,0.0,0.0,0.038,0.0019000000000000002,0.0,0.0,0.0,4.466666666666667,0.0,93.0,Low,0,ยังไม่พบตัวชี้วัดที่ถึงหรือเกินเกณฑ์อ้างอิง
tabasco sauce,1,0.002,0.051,0.006,0.067,0.045,0.013,0.0,0.075,0.00375,0.0,0.25499999999999995,0.003076923076923077,0.002,0.052,0.67,Low,0,ยังไม่พบตัวชี้วัดที่ถึงหรือเกินเกณฑ์อ้างอิง
sweet sour sauce,26,0.084,0.0,6.7,3.3,0.02,0.065,0.0,0.024,0.0012000000000000001,0.0,0.0,0.12923076923076923,2.2333333333333334,0.26,32.99999999999999,Low,0,ยังไม่พบตัวชี้วัดที่ถึงหรือเกินเกณฑ์อ้างอิง
salsa verde,6,0.1,0.0,1.0,0.5,0.2,0.3,0.0,0.034,0.0017,0.0,0.0,0.15384615384615385,0.33333333333333337,1.2,5.0,Low,0,ยังไม่พบตัวชี้วัดที่ถึงหรือเกินเกณฑ์อ้างอิง
miso,40,1.2,0.2,5.1,1.2,2.6,1.1,0.0,0.7,0.034999999999999996,0.0,1.0,1.846153846153846,1.6999999999999997,4.4,12.0,Low,0,ยังไม่พบตัวชี้วัดที่ถึงหรือเกินเกณฑ์อ้างอิง
sprouted soybean cooked,76,4.2,0.6,6.1,0.4,8.0,0.8,0.0,0.2,0.01,0.0,3.0,6.461538461538462,2.033333333333333,3.2,4.0,Low,0,ยังไม่พบตัวชี้วัดที่ถึงหรือเกินเกณฑ์อ้างอิง
soy flour roasted,375,18.6,2.7,28.6,6.5,29.6,8.2,0.0,0.083,0.00415,0.0,13.5,28.61538461538462,9.533333333333333,32.8,65.0,Low,0,ยังไม่พบตัวชี้วัดที่ถึงหรือเกินเกณฑ์อ้างอิง
soy flour low fat,330,7.8,1.1,30.7,9.3,40.0,14.1,0.0,0.085,0.00425,0.0,5.500000000000001,12.0,10.233333333333333,56.39999999999999,93.0,Low,0,ยังไม่พบตัวชี้วัดที่ถึงหรือเกินเกณฑ์อ้างอิง
green soybean cooked,127,5.8,0.7,9.9,0.0,11.1,3.8,0.0,0.2,0.01,0.0,3.4999999999999996,8.923076923076923,3.3000000000000003,15.2,0.0,Low,0,ยังไม่พบตัวชี้วัดที่ถึงหรือเกินเกณฑ์อ้างอิง
azumaya tofu vitasoy,316,16.6,2.0,9.1,1.6,32.8,2.4,0.0,0.03,0.0014999999999999998,0.0,10.0,25.538461538461544,3.033333333333333,9.6,16.0,Low,0,ยังไม่พบตัวชี้วัดที่ถึงหรือเกินเกณฑ์อ้างอิง
soy proteins isolate,96,1.0,0.1,2.1,0.0,22.8,1.6,0.0,0.3,0.015,0.0,0.5,1.5384615384615385,0.7000000000000001,6.4,0.0,Low,0,ยังไม่พบตัวชี้วัดที่ถึงหรือเกินเกณฑ์อ้างอิง
tofu yogurt,246,4.7,0.7,41.8,3.2,9.2,0.5,0.0,0.03,0.0014999999999999998,0.0,3.4999999999999996,7.230769230769231,13.933333333333334,2.0,32.0,Low,0,ยังไม่พบตัวชี้วัดที่ถึงหรือเกินเกณฑ์อ้างอิง
bacon meatless,446,42.5,6.7,9.1,0.0,15.4,3.7,0.0,2.1,0.10500000000000001,0.0,33.5,65.38461538461539,3.033333333333333,14.800000000000002,0.0,Low,0,ยังไม่พบตัวชี้วัดที่ถึงหรือเกินเกณฑ์อ้างอิง
meatless chicken fried,304,16.6,1.5,11.1,0.0,27.7,5.6,0.0,0.5,0.025,0.0,7.5,25.538461538461544,3.6999999999999997,22.4,0.0,Low,0,ยังไม่พบตัวชี้วัดที่ถึงหรือเกินเกณฑ์อ้างอิง
soymilk,109,4.8,0.5,8.4,6.1,7.1,1.0,0.0,0.1,0.005,0.0,2.5,7.384615384615384,2.8000000000000003,4.0,61.0,Low,0,ยังไม่พบตัวชี้วัดที่ถึงหรือเกินเกณฑ์อ้างอิง
soy vermicelli,463,0.1,0.092,115.2,24.4,0.1,5.5,0.0,0.032,0.0015999999999999999,0.0,0.45999999999999996,0.15384615384615385,38.4,22.0,244.0,Medium,1,น้ำตาลถึงหรือเกินเกณฑ์ต่อมื้อ
tofu fried,35,2.6,0.4,1.2,0.4,2.4,0.5,0.0,0.021,0.0010500000000000002,0.0,2.0,4.0,0.4,2.0,4.0,Low,0,ยังไม่พบตัวชี้วัดที่ถึงหรือเกินเกณฑ์อ้างอิง
tempeh,320,17.9,3.7,15.6,0.0,30.8,0.0,0.0,0.068,0.0034,0.0,18.5,27.538461538461533,5.2,0.0,0.0,Low,0,ยังไม่พบตัวชี้วัดที่ถึงหรือเกินเกณฑ์อ้างอิง
koyadofu,81,5.2,0.7,1.7,0.0,8.9,1.2,0.0,0.081,0.00405,0.0,3.4999999999999996,8.0,0.5666666666666667,4.8,0.0,Low,0,ยังไม่พบตัวชี้วัดที่ถึงหรือเกินเกณฑ์อ้างอิง
meatless meatloaf,110,5.0,0.8,4.5,0.7,11.8,2.6,0.0,0.3,0.015,0.0,4.0,7.6923076923076925,1.5,10.4,6.999999999999999,Low,0,ยังไม่พบตัวชี้วัดที่ถึงหรือเกินเกณฑ์อ้างอิง
soya vanille joghurt alpro,21,0.6,0.1,1.0,0.09,0.3,0.0,0.0,0.0,0.0,0.0,0.5,0.923076923076923,0.33333333333333337,0.0,0.8999999999999999,Low,0,ยังไม่พบตัวชี้วัดที่ถึงหรือเกินเกณฑ์อ้างอิง
soybean curd cheese,340,18.2,2.6,15.5,3.6,28.1,0.0,0.0,0.094,0.004699999999999999,0.0,13.0,27.999999999999996,5.166666666666667,0.0,36.0,Low,0,ยังไม่พบตัวชี้วัดที่ถึงหรือเกินเกณฑ์อ้างอิง
soy sauce,8,0.054,0.025,0.8,0.097,1.3,0.1,0.0,0.9,0.045,0.0,0.125,0.08307692307692308,0.2666666666666667,0.4,0.97,Low,0,ยังไม่พบตัวชี้วัดที่ถึงหรือเกินเกณฑ์อ้างอิง
soybean dry roasted,419,20.1,2.9,30.4,0.0,36.8,7.5,0.0,0.077,0.00385,0.0,14.499999999999998,30.923076923076927,10.133333333333333,30.0,0.0,Low,0,ยังไม่พบตัวชี้วัดที่ถึงหรือเกินเกณฑ์อ้างอิง
soybean oil,120,13.6,2.1,0.0,0.0,0.0,0.0,0.0,0.0,0.0,0.0,10.500000000000002,20.923076923076923,0.0,0.0,0.0,Low,0,ยังไม่พบตัวชี้วัดที่ถึงหรือเกินเกณฑ์อ้างอิง
meatless chicken,376,21.4,3.1,6.1,0.0,39.7,6.0,0.0,1.2,0.06,0.0,15.5,32.92307692307692,2.033333333333333,24.0,0.0,Low,0,ยังไม่พบตัวชี้วัดที่ถึงหรือเกินเกณฑ์อ้างอิง
soybean cooked,296,15.4,2.2,17.1,5.2,28.6,10.3,0.0,0.075,0.00375,0.0,11.000000000000002,23.692307692307693,5.7,41.2,52.0,Low,0,ยังไม่พบตัวชี้วัดที่ถึงหรือเกินเกณฑ์อ้างอิง
soymilk nonfat,68,0.046,0.0,10.1,8.9,6.0,0.5,0.0,0.1,0.005,0.0,0.0,0.07076923076923078,3.3666666666666663,2.0,89.0,Low,0,ยังไม่พบตัวชี้วัดที่ถึงหรือเกินเกณฑ์อ้างอิง
soy flour,23,1.1,0.2,1.8,0.4,1.8,0.5,0.0,0.023,0.00115,0.0,1.0,1.6923076923076925,0.6,2.0,4.0,Low,0,ยังไม่พบตัวชี้วัดที่ถึงหรือเกินเกณฑ์อ้างอิง
soybean lecithin oil,104,13.6,2.0,0.0,0.0,0.0,0.0,0.0,0.0,0.0,0.0,10.0,20.923076923076923,0.0,0.0,0.0,Low,0,ยังไม่พบตัวชี้วัดที่ถึงหรือเกินเกณฑ์อ้างอิง
tofu raw,188,11.9,1.7,4.7,0.0,20.0,0.7,0.0,0.06,0.0029999999999999996,0.0,8.5,18.307692307692307,1.5666666666666667,2.8,0.0,Low,0,ยังไม่พบตัวชี้วัดที่ถึงหรือเกินเกณฑ์อ้างอิง
soy chips,109,2.1,0.3,15.0,0.5,7.5,1.0,0.0,0.2,0.01,0.0,1.5,3.230769230769231,5.0,4.0,5.0,Low,0,ยังไม่พบตัวชี้วัดที่ถึงหรือเกินเกณฑ์อ้างอิง
green soybean raw,376,17.4,2.0,28.3,0.0,33.2,10.8,0.0,0.017,0.00085,0.0,10.0,26.769230769230766,9.433333333333334,43.2,0.0,Low,0,ยังไม่พบตัวชี้วัดที่ถึงหรือเกินเกณฑ์อ้างอิง
soy proteins concentrate,93,0.1,0.04,7.2,0.0,18.0,1.6,0.0,0.3,0.015,0.0,0.2,0.15384615384615385,2.4,6.4,0.0,Low,0,ยังไม่พบตัวชี้วัดที่ถึงหรือเกินเกณฑ์อ้างอิง
soybean margarine,34,3.8,0.8,0.043,0.0,0.052,0.0,0.0,0.005,0.00025,0.0,4.0,5.846153846153846,0.014333333333333332,0.0,0.0,Low,0,ยังไม่พบตัวชี้วัดที่ถึงหรือเกินเกณฑ์อ้างอิง
chocolate soymilk nonfat,107,0.046,0.0,20.7,8.9,6.0,0.5,0.0,0.1,0.005,0.0,0.0,0.07076923076923078,6.8999999999999995,2.0,89.0,Low,0,ยังไม่พบตัวชี้วัดที่ถึงหรือเกินเกณฑ์อ้างอิง
okara,93,2.1,0.2,15.3,0.0,3.9,0.0,0.0,0.07,0.0035000000000000005,0.0,1.0,3.230769230769231,5.1000000000000005,0.0,0.0,Low,0,ยังไม่พบตัวชี้วัดที่ถึงหรือเกินเกณฑ์อ้างอิง
meatless meatballs,284,13.0,2.1,11.5,1.8,30.2,6.6,0.0,0.8,0.04,0.0,10.500000000000002,20.0,3.833333333333333,26.400000000000002,18.0,Low,0,ยังไม่พบตัวชี้วัดที่ถึงหรือเกินเกณฑ์อ้างอิง
vanilla soymilk,131,4.3,0.5,15.3,9.7,7.9,1.5,0.0,0.1,0.005,0.0,2.5,6.615384615384615,5.1000000000000005,6.0,97.0,Low,0,ยังไม่พบตัวชี้วัดที่ถึงหรือเกินเกณฑ์อ้างอิง
soy meal raw,414,2.9,0.3,49.0,0.0,54.8,0.0,0.0,0.017,0.00085,0.0,1.5,4.461538461538462,16.333333333333332,0.0,0.0,Low,0,ยังไม่พบตัวชี้วัดที่ถึงหรือเกินเกณฑ์อ้างอิง
soymilk low fat,104,1.5,0.0,17.5,8.5,4.0,1.9,0.0,0.04,0.002,0.0,0.0,2.307692307692308,5.833333333333333,7.6,85.0,Low,0,ยังไม่พบตัวชี้วัดที่ถึงหรือเกินเกณฑ์อ้างอิง
sprouted soybean raw,85,4.7,0.7,6.7,0.0,9.2,0.8,0.0,0.005,0.00025,0.0,3.4999999999999996,7.230769230769231,2.2333333333333334,3.2,0.0,Low,0,ยังไม่พบตัวชี้วัดที่ถึงหรือเกินเกณฑ์อ้างอิง
soybean raw,830,37.1,5.4,56.1,13.6,67.9,17.3,0.0,0.023,0.00115,0.0,27.0,57.07692307692308,18.7,69.2,136.0,Medium,1,น้ำตาลถึงหรือเกินเกณฑ์ต่อมื้อ
tempeh cooked,55,3.2,1.0,2.6,0.0,5.1,0.0,0.0,0.084,0.004200000000000001,0.0,5.0,4.923076923076923,0.8666666666666666,0.0,0.0,Low,0,ยังไม่พบตัวชี้วัดที่ถึงหรือเกินเกณฑ์อ้างอิง
vanilla soymilk light,83,2.1,0.2,9.4,1.0,6.4,1.5,0.0,0.2,0.01,0.0,1.0,3.230769230769231,3.1333333333333333,6.0,10.0,Low,0,ยังไม่พบตัวชี้วัดที่ถึงหรือเกินเกณฑ์อ้างอิง
chocolate soymilk,153,3.7,0.6,24.2,19.1,5.5,1.0,0.0,0.1,0.005,0.0,3.0,5.6923076923076925,8.066666666666666,4.0,191.0,Medium,1,น้ำตาลถึงหรือเกินเกณฑ์ต่อมื้อ
soy oil,120,13.6,3.4,0.0,0.0,0.0,0.0,0.0,0.0,0.0,0.0,17.0,20.923076923076923,0.0,0.0,0.0,Low,0,ยังไม่พบตัวชี้วัดที่ถึงหรือเกินเกณฑ์อ้างอิง
natto,169,8.8,1.3,11.5,3.9,14.2,4.3,0.0,0.026,0.0013,0.0,6.5,13.53846153846154,3.833333333333333,17.2,39.0,Low,0,ยังไม่พบตัวชี้วัดที่ถึงหรือเกินเกณฑ์อ้างอิง
chrysanthemum raw,12,0.3,0.0,1.5,0.0,1.7,1.5,0.0,0.012,0.0006000000000000001,0.0,0.0,0.4615384615384615,0.5,6.0,0.0,Low,0,ยังไม่พบตัวชี้วัดที่ถึงหรือเกินเกณฑ์อ้างอิง
gourd cooked,100,0.6,0.035,25.5,9.2,1.2,5.2,0.0,0.065,0.0032500000000000003,0.0,0.17500000000000002,0.923076923076923,8.5,20.8,92.0,Low,0,ยังไม่พบตัวชี้วัดที่ถึงหรือเกินเกณฑ์อ้างอิง
cauliflower raw,3,0.081,0.094,0.6,0.2,0.2,0.3,0.0,0.042,0.0021000000000000003,0.0,0.47000000000000003,0.12461538461538463,0.2,1.2,2.0,Low,0,ยังไม่พบตัวชี้วัดที่ถึงหรือเกินเกณฑ์อ้างอิง
red cabbage raw,53,0.3,0.002,12.5,6.5,2.4,3.6,0.0,0.079,0.0039499999999999995,0.0,0.01,0.4615384615384615,4.166666666666666,14.400000000000002,65.0,Low,0,ยังไม่พบตัวชี้วัดที่ถึงหรือเกินเกณฑ์อ้างอิง
broccoli raab raw,9,0.2,0.047,1.1,0.2,1.3,1.1,0.0,0.04,0.002,0.0,0.23500000000000001,0.3076923076923077,0.3666666666666667,4.4,2.0,Low,0,ยังไม่พบตัวชี้วัดที่ถึงหรือเกินเกณฑ์อ้างอิง
napa cabbage cooked,13,0.2,0.0,2.4,0.0,1.2,0.0,0.0,0.012,0.0006000000000000001,0.0,0.0,0.3076923076923077,0.8,0.0,0.0,Low,0,ยังไม่พบตัวชี้วัดที่ถึงหรือเกินเกณฑ์อ้างอิง
kelp,2,0.067,0.037,0.5,0.069,0.07,0.018,0.0,0.019,0.0009500000000000001,0.0,0.185,0.1030769230769231,0.16666666666666669,0.072,0.6900000000000001,Low,0,ยังไม่พบตัวชี้วัดที่ถึงหรือเกินเกณฑ์อ้างอิง
shallots raw,18,0.061,0.041,4.2,2.0,0.6,0.8,0.0,0.044,0.0022,0.0,0.20500000000000002,0.09384615384615384,1.4000000000000001,3.2,20.0,Low,0,ยังไม่พบตัวชี้วัดที่ถึงหรือเกินเกณฑ์อ้างอิง
bamboo shoots raw,49,0.5,0.1,9.4,5.4,4.7,4.0,0.0,0.067,0.00335,0.0,0.5,0.7692307692307693,3.1333333333333333,16.0,54.0,Low,0,ยังไม่พบตัวชี้วัดที่ถึงหรือเกินเกณฑ์อ้างอิง
jute cooked,32,0.2,0.004,6.3,0.9,3.2,1.7,0.0,0.043,0.0021499999999999996,0.0,0.02,0.3076923076923077,2.0999999999999996,6.800000000000001,9.0,Low,0,ยังไม่พบตัวชี้วัดที่ถึงหรือเกินเกณฑ์อ้างอิง
red lettuce,4,0.08,0.036,0.6,0.1,0.4,0.3,0.0,0.057,0.00285,0.0,0.18,0.12307692307692308,0.2,1.2,1.0,Low,0,ยังไม่พบตัวชี้วัดที่ถึงหรือเกินเกณฑ์อ้างอิง
broccoli cooked,98,1.1,0.2,20.1,3.9,6.7,9.2,0.0,0.1,0.005,0.0,1.0,1.6923076923076925,6.7,36.8,39.0,Low,0,ยังไม่พบตัวชี้วัดที่ถึงหรือเกินเกณฑ์อ้างอิง
romanesco raw,20,0.2,0.038,3.9,1.9,1.9,2.0,0.0,0.025,0.00125,0.0,0.19,0.3076923076923077,1.3,8.0,19.0,Low,0,ยังไม่พบตัวชี้วัดที่ถึงหรือเกินเกณฑ์อ้างอิง
eggplant raw,115,0.8,0.2,26.9,16.2,4.5,13.7,0.0,0.028,0.0014,0.0,1.0,1.2307692307692308,8.966666666666665,54.79999999999999,162.0,Medium,1,น้ำตาลถึงหรือเกินเกณฑ์ต่อมื้อ
leeks raw,54,0.3,0.049,12.6,3.5,1.3,1.6,0.0,0.003,0.00015000000000000001,0.0,0.245,0.4615384615384615,4.199999999999999,6.4,35.0,Low,0,ยังไม่พบตัวชี้วัดที่ถึงหรือเกินเกณฑ์อ้างอิง
lemongrass citronella,5,0.076,0.067,1.2,0.0,0.038,0.0,0.0,0.024,0.0012000000000000001,0.0,0.335,0.11692307692307692,0.4,0.0,0.0,Low,0,ยังไม่พบตัวชี้วัดที่ถึงหรือเกินเกณฑ์อ้างอิง
pumpkin cooked,49,0.2,0.019,12.0,5.1,1.8,2.7,0.0,0.006,0.00030000000000000003,0.0,0.095,0.3076923076923077,4.0,10.8,51.0,Low,0,ยังไม่พบตัวชี้วัดที่ถึงหรือเกินเกณฑ์อ้างอิง
celery cooked,7,0.098,0.064,1.5,0.9,0.3,0.6,0.0,0.093,0.00465,0.0,0.32,0.15076923076923077,0.5,2.4,9.0,Low,0,ยังไม่พบตัวชี้วัดที่ถึงหรือเกินเกณฑ์อ้างอิง
serrano pepper,2,0.075,0.072,0.4,0.2,0.1,0.2,0.0,0.067,0.00335,0.0,0.36,0.11538461538461538,0.13333333333333336,0.8,2.0,Low,0,ยังไม่พบตัวชี้วัดที่ถึงหรือเกินเกณฑ์อ้างอิง
nopales raw,14,0.063,0.018,2.9,1.0,1.1,1.9,0.0,0.076,0.0038000000000000004,0.0,0.09,0.09692307692307692,0.9666666666666667,7.6,10.0,Low,0,ยังไม่พบตัวชี้วัดที่ถึงหรือเกินเกณฑ์อ้างอิง
sweet potato leaves cooked,22,0.2,0.099,4.7,3.5,1.4,1.2,0.0,0.2,0.01,0.0,0.49500000000000005,0.3076923076923077,1.5666666666666667,4.8,35.0,Low,0,ยังไม่พบตัวชี้วัดที่ถึงหรือเกินเกณฑ์อ้างอิง
eggplant cooked,33,0.2,0.049,8.1,3.2,0.8,2.5,0.0,0.2,0.01,0.0,0.245,0.3076923076923077,2.7,10.0,32.0,Low,0,ยังไม่พบตัวชี้วัดที่ถึงหรือเกินเกณฑ์อ้างอิง
asparagus cooked,3,0.074,0.004,0.6,0.2,0.4,0.3,0.0,0.0,0.0,0.0,0.02,0.11384615384615385,0.2,1.2,2.0,Low,0,ยังไม่พบตัวชี้วัดที่ถึงหรือเกินเกณฑ์อ้างอิง
rutabaga cooked,72,0.4,0.007,16.4,9.5,2.2,4.3,0.0,0.049,0.0024500000000000004,0.0,0.034999999999999996,0.6153846153846154,5.466666666666666,17.2,95.0,Low,0,ยังไม่พบตัวชี้วัดที่ถึงหรือเกินเกณฑ์อ้างอิง
parsnips raw,128,0.5,0.1,30.6,8.2,2.0,8.3,0.0,0.068,0.0034,0.0,0.5,0.7692307692307693,10.200000000000001,33.2,82.0,Low,0,ยังไม่พบตัวชี้วัดที่ถึงหรือเกินเกณฑ์อ้างอิง
sour pickles,17,0.3,0.079,3.5,1.6,0.5,1.9,0.0,1.9,0.095,0.0,0.395,0.4615384615384615,1.1666666666666667,7.6,16.0,Low,0,ยังไม่พบตัวชี้วัดที่ถึงหรือเกินเกณฑ์อ้างอิง
turnip greens cooked,29,0.3,0.091,6.3,0.8,1.6,5.0,0.0,0.4,0.02,0.0,0.455,0.4615384615384615,2.0999999999999996,20.0,8.0,Low,0,ยังไม่พบตัวชี้วัดที่ถึงหรือเกินเกณฑ์อ้างอิง
jerusalem artichokes,110,0.047,0.0,26.2,14.4,3.0,2.4,0.0,0.011,0.00055,0.0,0.0,0.07230769230769231,8.733333333333333,9.6,144.0,Medium,1,น้ำตาลถึงหรือเกินเกณฑ์ต่อมื้อ
collard raw,12,0.2,0.026,2.0,0.2,1.1,1.4,0.0,0.014,0.0007,0.0,0.13,0.3076923076923077,0.6666666666666667,5.6,2.0,Low,0,ยังไม่พบตัวชี้วัดที่ถึงหรือเกินเกณฑ์อ้างอิง
chrysanthemum cooked,20,0.036,0.0,4.3,2.0,1.6,2.3,0.0,0.042,0.0021000000000000003,0.0,0.0,0.05538461538461538,1.4333333333333333,9.2,20.0,Low,0,ยังไม่พบตัวชี้วัดที่ถึงหรือเกินเกณฑ์อ้างอิง
oriental radish dried,314,0.8,0.3,73.5,43.3,9.2,27.7,0.0,0.3,0.015,0.0,1.5,1.2307692307692308,24.5,110.79999999999998,433.0,Medium,1,น้ำตาลถึงหรือเกินเกณฑ์ต่อมื้อ
tomatillos,42,1.3,0.2,7.7,5.2,1.3,2.5,0.0,0.019,0.0009500000000000001,0.0,1.0,2.0,2.566666666666667,10.0,52.0,Low,0,ยังไม่พบตัวชี้วัดที่ถึงหรือเกินเกณฑ์อ้างอิง
taro shoots raw,9,0.069,0.016,2.0,0.0,0.8,0.0,0.0,0.056,0.0028,0.0,0.08,0.10615384615384617,0.6666666666666667,0.0,0.0,Low,0,ยังไม่พบตัวชี้วัดที่ถึงหรือเกินเกณฑ์อ้างอิง
acorn squash raw,172,0.4,0.091,44.9,0.0,3.4,6.5,0.0,0.017,0.00085,0.0,0.455,0.6153846153846154,14.966666666666667,26.0,0.0,Low,0,ยังไม่พบตัวชี้วัดที่ถึงหรือเกินเกณฑ์อ้างอิง
leeks dried,10,0.026,0.08,2.4,0.0,0.5,0.3,0.0,0.077,0.00385,0.0,0.4,0.039999999999999994,0.8,1.2,0.0,Low,0,ยังไม่พบตัวชี้วัดที่ถึงหรือเกินเกณฑ์อ้างอิง
cabbage raw,70,0.3,0.054,16.2,9.0,3.6,7.0,0.0,0.006,0.00030000000000000003,0.0,0.27,0.4615384615384615,5.4,28.000000000000004,90.0,Low,0,ยังไม่พบตัวชี้วัดที่ถึงหรือเกินเกณฑ์อ้างอิง
sweet red peppers cooked,19,0.1,0.012,4.5,3.2,0.7,0.9,0.0,0.2,0.01,0.0,0.060000000000000005,0.15384615384615385,1.5,3.6000000000000005,32.0,Low,0,ยังไม่พบตัวชี้วัดที่ถึงหรือเกินเกณฑ์อ้างอิง
sweet red peppers raw,46,0.4,0.088,9.0,6.3,1.5,3.1,0.0,0.092,0.0046,0.0,0.43999999999999995,0.6153846153846154,3.0,12.4,63.0,Low,0,ยังไม่พบตัวชี้วัดที่ถึงหรือเกินเกณฑ์อ้างอิง
cucumber peeled,16,0.2,0.1,2.9,1.8,0.8,0.9,0.0,0.098,0.004900000000000001,0.0,0.5,0.3076923076923077,0.9666666666666667,3.6000000000000005,18.0,Low,0,ยังไม่พบตัวชี้วัดที่ถึงหรือเกินเกณฑ์อ้างอิง
purslane raw,9,0.2,0.0,1.5,0.0,0.9,0.0,0.0,0.066,0.0033000000000000004,0.0,0.0,0.3076923076923077,0.5,0.0,0.0,Low,0,ยังไม่พบตัวชี้วัดที่ถึงหรือเกินเกณฑ์อ้างอิง
peas onions cooked,81,0.4,0.055,15.5,6.8,4.6,4.0,0.0,0.5,0.025,0.0,0.27499999999999997,0.6153846153846154,5.166666666666667,16.0,68.0,Low,0,ยังไม่พบตัวชี้วัดที่ถึงหรือเกินเกณฑ์อ้างอิง
tomato cooked,22,0.1,0.086,4.9,3.1,1.2,0.9,0.0,0.029,0.00145,0.0,0.43,0.15384615384615385,1.6333333333333335,3.6000000000000005,31.0,Low,0,ยังไม่พบตัวชี้วัดที่ถึงหรือเกินเกณฑ์อ้างอิง
taro shoots cooked,20,0.1,0.068,4.5,0.0,1.0,0.0,0.0,0.3,0.015,0.0,0.34,0.15384615384615385,1.5,0.0,0.0,Low,0,ยังไม่พบตัวชี้วัดที่ถึงหรือเกินเกณฑ์อ้างอิง
scots kale raw,28,0.4,0.072,5.6,0.0,1.9,1.1,0.0,0.059,0.00295,0.0,0.36,0.6153846153846154,1.8666666666666665,4.4,0.0,Low,0,ยังไม่พบตัวชี้วัดที่ถึงหรือเกินเกณฑ์อ้างอิง
artichoke raw,60,0.2,0.056,13.5,1.3,4.2,6.9,0.0,0.1,0.005,0.0,0.27999999999999997,0.3076923076923077,4.5,27.6,13.0,Low,0,ยังไม่พบตัวชี้วัดที่ถึงหรือเกินเกณฑ์อ้างอิง
navy bean sprouts raw,70,0.7,0.05,13.6,0.0,6.4,0.0,0.0,0.063,0.00315,0.0,0.25,1.0769230769230769,4.533333333333333,0.0,0.0,Low,0,ยังไม่พบตัวชี้วัดที่ถึงหรือเกินเกณฑ์อ้างอิง
sweet pickles,146,0.7,0.1,33.8,29.2,0.9,1.6,0.0,0.7,0.034999999999999996,0.0,0.5,1.0769230769230769,11.266666666666666,6.4,292.0,Medium,1,น้ำตาลถึงหรือเกินเกณฑ์ต่อมื้อ
oriental radish cooked,25,0.4,0.1,5.0,2.7,1.0,2.4,0.0,0.4,0.02,0.0,0.5,0.6153846153846154,1.6666666666666667,9.6,27.0,Low,0,ยังไม่พบตัวชี้วัดที่ถึงหรือเกินเกณฑ์อ้างอิง
sweet potato leaves raw,15,0.2,0.088,3.1,0.0,0.9,1.9,0.0,0.073,0.00365,0.0,0.43999999999999995,0.3076923076923077,1.0333333333333332,7.6,0.0,Low,0,ยังไม่พบตัวชี้วัดที่ถึงหรือเกินเกณฑ์อ้างอิง
irishmoss,2,0.049,0.06,0.6,0.098,0.037,0.082,0.0,0.084,0.004200000000000001,0.0,0.3,0.07538461538461538,0.2,0.328,0.98,Low,0,ยังไม่พบตัวชี้วัดที่ถึงหรือเกินเกณฑ์อ้างอิง
drumstick leaves cooked,25,0.4,0.0,4.7,0.4,2.2,0.8,0.0,0.1,0.005,0.0,0.0,0.6153846153846154,1.5666666666666667,3.2,4.0,Low,0,ยังไม่พบตัวชี้วัดที่ถึงหรือเกินเกณฑ์อ้างอิง
winter squash raw,39,0.2,0.019,10.0,2.6,1.1,1.7,0.0,0.027,0.0013499999999999999,0.0,0.095,0.3076923076923077,3.3333333333333335,6.800000000000001,26.0,Low,0,ยังไม่พบตัวชี้วัดที่ถึงหรือเกินเกณฑ์อ้างอิง
pumpkin raw,30,0.1,0.065,7.5,3.2,1.2,0.6,0.0,0.062,0.0031000000000000003,0.0,0.325,0.15384615384615385,2.5,2.4,32.0,Low,0,ยังไม่พบตัวชี้วัดที่ถึงหรือเกินเกณฑ์อ้างอิง
chicory greens,7,0.096,0.078,1.4,0.2,0.5,1.2,0.0,0.017,0.00085,0.0,0.38999999999999996,0.1476923076923077,0.4666666666666666,4.8,2.0,Low,0,ยังไม่พบตัวชี้วัดที่ถึงหรือเกินเกณฑ์อ้างอิง
spinach cooked,41,0.5,0.042,6.8,0.8,5.3,4.3,0.0,0.1,0.005,0.0,0.21000000000000002,0.7692307692307693,2.2666666666666666,17.2,8.0,Low,0,ยังไม่พบตัวชี้วัดที่ถึงหรือเกินเกณฑ์อ้างอิง
radish pickled,42,0.5,0.1,7.8,3.0,1.7,3.3,0.0,1.2,0.06,0.0,0.5,0.7692307692307693,2.6,13.200000000000001,30.0,Low,0,ยังไม่พบตัวชี้วัดที่ถึงหรือเกินเกณฑ์อ้างอิง
sweet onion,106,0.3,0.0,25.0,16.6,2.6,3.0,0.0,0.063,0.00315,0.0,0.0,0.4615384615384615,8.333333333333332,12.0,166.0,Medium,1,น้ำตาลถึงหรือเกินเกณฑ์ต่อมื้อ
salsify cooked,92,0.2,0.0,20.7,3.9,3.7,4.2,0.0,0.028,0.0014,0.0,0.0,0.3076923076923077,6.8999999999999995,16.8,39.0,Low,0,ยังไม่พบตัวชี้วัดที่ถึงหรือเกินเกณฑ์อ้างอิง
radish seeds sprouted,16,1.0,0.3,1.4,0.0,1.4,0.0,0.0,0.067,0.00335,0.0,1.5,1.5384615384615385,0.4666666666666666,0.0,0.0,Low,0,ยังไม่พบตัวชี้วัดที่ถึงหรือเกินเกณฑ์อ้างอิง
turnips raw,51,0.2,0.074,11.8,7.0,1.6,3.3,0.0,0.1,0.005,0.0,0.37,0.3076923076923077,3.933333333333334,13.200000000000001,70.0,Low,0,ยังไม่พบตัวชี้วัดที่ถึงหรือเกินเกณฑ์อ้างอิง
burdock root raw,85,0.2,0.069,20.5,3.4,1.8,3.9,0.0,0.008,0.00039999999999999996,0.0,0.34500000000000003,0.3076923076923077,6.833333333333333,15.6,34.0,Low,0,ยังไม่พบตัวชี้วัดที่ถึงหรือเกินเกณฑ์อ้างอิง
red cabbage cooked,49,0.2,0.058,11.8,5.6,2.6,4.4,0.0,0.047,0.0023499999999999997,0.0,0.29000000000000004,0.3076923076923077,3.933333333333334,17.6,55.99999999999999,Low,0,ยังไม่พบตัวชี้วัดที่ถึงหรือเกินเกณฑ์อ้างอิง
jute raw,10,0.046,0.0,1.6,0.0,1.3,0.0,0.0,0.042,0.0021000000000000003,0.0,0.0,0.07076923076923078,0.5333333333333334,0.0,0.0,Low,0,ยังไม่พบตัวชี้วัดที่ถึงหรือเกินเกณฑ์อ้างอิง
hot chile pepper dried,2,0.054,0.001,0.3,0.2,0.054,0.1,0.0,0.041,0.00205,0.0,0.005,0.08307692307692308,0.1,0.4,2.0,Low,0,ยังไม่พบตัวชี้วัดที่ถึงหรือเกินเกณฑ์อ้างอิง
salsify raw,109,0.3,0.0,24.7,0.0,4.4,4.4,0.0,0.093,0.00465,0.0,0.0,0.4615384615384615,8.233333333333333,17.6,0.0,Low,0,ยังไม่พบตัวชี้วัดที่ถึงหรือเกินเกณฑ์อ้างอิง
crookneck squash raw,24,0.3,0.1,4.9,4.5,1.3,1.3,0.0,0.047,0.0023499999999999997,0.0,0.5,0.4615384615384615,1.6333333333333335,5.2,45.0,Low,0,ยังไม่พบตัวชี้วัดที่ถึงหรือเกินเกณฑ์อ้างอิง
indian squash cooked,38,0.4,0.0,7.6,4.7,0.7,3.5,0.0,0.0,0.0,0.0,0.0,0.6153846153846154,2.533333333333333,14.000000000000002,47.0,Low,0,ยังไม่พบตัวชี้วัดที่ถึงหรือเกินเกณฑ์อ้างอิง
poi,269,0.3,0.063,65.4,0.9,0.9,1.0,0.0,0.091,0.00455,0.0,0.315,0.4615384615384615,21.800000000000004,4.0,9.0,Low,0,ยังไม่พบตัวชี้วัดที่ถึงหรือเกินเกณฑ์อ้างอิง
sesbania flower cooked,22,0.007,0.0,5.3,0.0,1.2,0.0,0.0,0.3,0.015,0.0,0.0,0.010769230769230769,1.7666666666666668,0.0,0.0,Low,0,ยังไม่พบตัวชี้วัดที่ถึงหรือเกินเกณฑ์อ้างอิง
acorn squash cooked,115,0.3,0.023,29.9,0.0,2.3,9.0,0.0,0.5,0.025,0.0,0.11499999999999999,0.4615384615384615,9.966666666666667,36.0,0.0,Low,0,ยังไม่พบตัวชี้วัดที่ถึงหรือเกินเกณฑ์อ้างอิง
cauliflower cooked,29,0.6,0.055,5.1,2.6,2.3,2.9,0.0,0.094,0.004699999999999999,0.0,0.27499999999999997,0.923076923076923,1.6999999999999997,11.6,26.0,Low,0,ยังไม่พบตัวชี้วัดที่ถึงหรือเกินเกณฑ์อ้างอิง
crookneck squash cooked,34,0.7,0.1,6.8,4.5,1.9,2.0,0.0,0.4,0.02,0.0,0.5,1.0769230769230769,2.2666666666666666,8.0,45.0,Low,0,ยังไม่พบตัวชี้วัดที่ถึงหรือเกินเกณฑ์อ้างอิง
laver seaweed,1,0.012,0.066,0.1,0.071,0.2,0.09,0.0,0.075,0.00375,0.0,0.33,0.018461538461538463,0.03333333333333334,0.36,0.71,Low,0,ยังไม่พบตัวชี้วัดที่ถึงหรือเกินเกณฑ์อ้างอิง
mountain yam cooked,119,0.1,0.014,29.0,0.0,2.5,0.0,0.0,0.4,0.02,0.0,0.06999999999999999,0.15384615384615385,9.666666666666666,0.0,0.0,Low,0,ยังไม่พบตัวชี้วัดที่ถึงหรือเกินเกณฑ์อ้างอิง
pumpkin flowers raw,5,0.084,0.049,1.1,0.0,0.3,0.0,0.0,0.066,0.0033000000000000004,0.0,0.245,0.12923076923076923,0.3666666666666667,0.0,0.0,Low,0,ยังไม่พบตัวชี้วัดที่ถึงหรือเกินเกณฑ์อ้างอิง
mustard greens raw,15,0.2,0.072,2.6,0.7,1.6,1.8,0.0,0.004,0.00019999999999999998,0.0,0.36,0.3076923076923077,0.8666666666666666,7.200000000000001,6.999999999999999,Low,0,ยังไม่พบตัวชี้วัดที่ถึงหรือเกินเกณฑ์อ้างอิง
arrowhead,12,0.084,0.0,2.4,0.0,0.6,0.0,0.0,0.082,0.0041,0.0,0.0,0.12923076923076923,0.8,0.0,0.0,Low,0,ยังไม่พบตัวชี้วัดที่ถึงหรือเกินเกณฑ์อ้างอิง
japanese cabbage,45,0.2,0.092,8.5,2.0,2.4,4.7,0.0,0.4,0.02,0.0,0.45999999999999996,0.3076923076923077,2.833333333333333,18.8,20.0,Low,0,ยังไม่พบตัวชี้วัดที่ถึงหรือเกินเกณฑ์อ้างอิง
mung bean sprouts cooked,24,0.1,0.05,4.5,3.5,2.5,1.0,0.0,0.3,0.015,0.0,0.25,0.15384615384615385,1.5,4.0,35.0,Low,0,ยังไม่พบตัวชี้วัดที่ถึงหรือเกินเกณฑ์อ้างอิง
scallop squash cooked,29,0.3,0.034,5.9,2.7,1.9,3.4,0.0,0.4,0.02,0.0,0.17,0.4615384615384615,1.966666666666667,13.600000000000001,27.0,Low,0,ยังไม่พบตัวชี้วัดที่ถึงหรือเกินเกณฑ์อ้างอิง
pumpkin leaves cooked,15,0.2,0.092,2.4,0.5,1.9,1.9,0.0,0.2,0.01,0.0,0.45999999999999996,0.3076923076923077,0.8,7.6,5.0,Low,0,ยังไม่พบตัวชี้วัดที่ถึงหรือเกินเกณฑ์อ้างอิง
hungarian pepper,8,0.1,0.082,1.8,1.0,0.2,0.3,0.0,0.028,0.0014,0.0,0.41000000000000003,0.15384615384615385,0.6,1.2,10.0,Low,0,ยังไม่พบตัวชี้วัดที่ถึงหรือเกินเกณฑ์อ้างอิง
sweet potato baked,103,0.2,0.013,23.6,7.4,2.3,3.8,0.0,0.07,0.0035000000000000005,0.0,0.065,0.3076923076923077,7.866666666666668,15.2,74.0,Low,0,ยังไม่พบตัวชี้วัดที่ถึงหรือเกินเกณฑ์อ้างอิง
chinese cabbage pe tsai raw,12,0.2,0.033,2.5,1.1,0.9,0.9,0.0,0.049,0.0024500000000000004,0.0,0.165,0.3076923076923077,0.8333333333333334,3.6000000000000005,11.000000000000002,Low,0,ยังไม่พบตัวชี้วัดที่ถึงหรือเกินเกณฑ์อ้างอิง
taro raw,116,0.2,0.099,27.5,0.4,1.6,4.3,0.0,0.054,0.0026999999999999997,0.0,0.49500000000000005,0.3076923076923077,9.166666666666666,17.2,4.0,Low,0,ยังไม่พบตัวชี้วัดที่ถึงหรือเกินเกณฑ์อ้างอิง
yam bean jicama,49,0.1,0.061,11.5,2.3,0.9,6.4,0.0,0.047,0.0023499999999999997,0.0,0.305,0.15384615384615385,3.833333333333333,25.6,23.0,Low,0,ยังไม่พบตัวชี้วัดที่ถึงหรือเกินเกณฑ์อ้างอิง
olives,10,0.9,0.2,0.5,0.0,0.09,0.1,0.0,0.001,4.9999999999999996e-05,0.0,1.0,1.3846153846153846,0.16666666666666669,0.4,0.0,Low,0,ยังไม่พบตัวชี้วัดที่ถึงหรือเกินเกณฑ์อ้างอิง
mustard greens cooked,36,0.7,0.053,6.3,2.0,3.6,2.8,0.0,0.4,0.02,0.0,0.265,1.0769230769230769,2.0999999999999996,11.2,20.0,Low,0,ยังไม่พบตัวชี้วัดที่ถึงหรือเกินเกณฑ์อ้างอิง
pumpkin flowers cooked,20,0.1,0.057,4.4,3.2,1.5,1.2,0.0,0.082,0.0041,0.0,0.28500000000000003,0.15384615384615385,1.4666666666666668,4.8,32.0,Low,0,ยังไม่พบตัวชี้วัดที่ถึงหรือเกินเกณฑ์อ้างอิง
tree fern cooked,57,0.096,0.0,15.3,0.0,0.4,5.3,0.0,0.3,0.015,0.0,0.0,0.1476923076923077,5.1000000000000005,21.2,0.0,Low,0,ยังไม่พบตัวชี้วัดที่ถึงหรือเกินเกณฑ์อ้างอิง
yellow corn raw,606,7.9,1.1,123.3,1.1,15.6,12.1,0.0,0.06,0.0029999999999999996,0.0,5.500000000000001,12.153846153846153,41.099999999999994,48.4,11.000000000000002,Low,0,ยังไม่พบตัวชี้วัดที่ถึงหรือเกินเกณฑ์อ้างอิง
endive,9,0.1,0.022,1.7,0.1,0.6,1.6,0.0,0.08,0.004,0.0,0.10999999999999999,0.15384615384615385,0.5666666666666667,6.4,1.0,Low,0,ยังไม่พบตัวชี้วัดที่ถึงหรือเกินเกณฑ์อ้างอิง
wakame,36,0.5,0.1,7.3,0.5,2.4,0.4,0.0,0.7,0.034999999999999996,0.0,0.5,0.7692307692307693,2.433333333333333,1.6,5.0,Low,0,ยังไม่พบตัวชี้วัดที่ถึงหรือเกินเกณฑ์อ้างอิง
tahitian taro raw,55,1.2,0.2,8.6,0.0,3.5,0.0,0.0,0.003,0.00015000000000000001,0.0,1.0,1.846153846153846,2.8666666666666667,0.0,0.0,Low,0,ยังไม่พบตัวชี้วัดที่ถึงหรือเกินเกณฑ์อ้างอิง
broccoli raw,31,0.3,0.053,6.0,1.5,2.6,2.4,0.0,0.049,0.0024500000000000004,0.0,0.265,0.4615384615384615,2.0,9.6,15.0,Low,0,ยังไม่พบตัวชี้วัดที่ถึงหรือเกินเกณฑ์อ้างอิง
sweet green peppers raw,30,0.3,0.053,6.9,3.6,1.3,2.5,0.0,0.023,0.00115,0.0,0.265,0.4615384615384615,2.3,10.0,36.0,Low,0,ยังไม่พบตัวชี้วัดที่ถึงหรือเกินเกณฑ์อ้างอิง
chinese cabbage pak choi cooked,20,0.3,0.014,3.0,1.4,2.7,1.7,0.0,0.5,0.025,0.0,0.06999999999999999,0.4615384615384615,1.0,6.800000000000001,13.999999999999998,Low,0,ยังไม่พบตัวชี้วัดที่ถึงหรือเกินเกณฑ์อ้างอิง
agar,1,0.058,0.087,0.3,0.005,0.053,0.027,0.0,0.049,0.0024500000000000004,0.0,0.43499999999999994,0.08923076923076924,0.1,0.108,0.05,Low,0,ยังไม่พบตัวชี้วัดที่ถึงหรือเกินเกณฑ์อ้างอิง
watercress,4,0.006,0.071,0.4,0.099,0.8,0.2,0.0,0.038,0.0019000000000000002,0.0,0.355,0.009230769230769232,0.13333333333333336,0.8,0.9900000000000001,Low,0,ยังไม่พบตัวชี้วัดที่ถึงหรือเกินเกณฑ์อ้างอิง
beet greens cooked,39,0.3,0.025,7.9,0.9,3.7,4.2,0.0,0.3,0.015,0.0,0.125,0.4615384615384615,2.6333333333333333,16.8,9.0,Low,0,ยังไม่พบตัวชี้วัดที่ถึงหรือเกินเกณฑ์อ้างอิง
winter squash cooked,76,0.7,0.1,18.1,6.8,1.8,5.7,0.0,0.068,0.0034,0.0,0.5,1.0769230769230769,6.033333333333333,22.8,68.0,Low,0,ยังไม่พบตัวชี้วัดที่ถึงหรือเกินเกณฑ์อ้างอิง
new zealand spinach raw,8,0.1,0.077,1.4,0.2,0.8,0.8,0.0,0.017,0.00085,0.0,0.385,0.15384615384615385,0.4666666666666666,3.2,2.0,Low,0,ยังไม่พบตัวชี้วัดที่ถึงหรือเกินเกณฑ์อ้างอิง
okra,4,0.082,0.001,0.9,0.2,0.2,0.4,0.0,0.098,0.004900000000000001,0.0,0.005,0.12615384615384614,0.3,1.6,2.0,Low,0,ยังไม่พบตัวชี้วัดที่ถึงหรือเกินเกณฑ์อ้างอิง
yautia tannier,132,0.5,0.1,31.9,0.0,2.0,2.0,0.0,0.031,0.0015500000000000002,0.0,0.5,0.7692307692307693,10.633333333333333,8.0,0.0,Low,0,ยังไม่พบตัวชี้วัดที่ถึงหรือเกินเกณฑ์อ้างอิง
mustard spinach cooked,29,0.4,0.0,5.0,0.0,3.1,3.6,0.0,0.5,0.025,0.0,0.0,0.6153846153846154,1.6666666666666667,14.400000000000002,0.0,Low,0,ยังไม่พบตัวชี้วัดที่ถึงหรือเกินเกณฑ์อ้างอิง
rhubarb cooked,278,0.1,0.08,74.9,68.9,0.9,4.8,0.0,0.007,0.00035,0.0,0.4,0.15384615384615385,24.96666666666667,19.2,689.0,Medium,1,น้ำตาลถึงหรือเกินเกณฑ์ต่อมื้อ
beets raw,58,0.2,0.028,13.0,9.2,2.2,3.8,0.0,0.1,0.005,0.0,0.13999999999999999,0.3076923076923077,4.333333333333334,15.2,92.0,Low,0,ยังไม่พบตัวชี้วัดที่ถึงหรือเกินเกณฑ์อ้างอิง
drumstick pods raw,37,0.2,0.025,8.5,0.0,2.1,3.2,0.0,0.077,0.00385,0.0,0.125,0.3076923076923077,2.833333333333333,12.8,0.0,Low,0,ยังไม่พบตัวชี้วัดที่ถึงหรือเกินเกณฑ์อ้างอิง
baby zucchini,2,0.089,0.02,0.3,0.0,0.3,0.1,0.0,0.041,0.00205,0.0,0.1,0.1369230769230769,0.1,0.4,0.0,Low,0,ยังไม่พบตัวชี้วัดที่ถึงหรือเกินเกณฑ์อ้างอิง
onion raw,16,0.048,0.077,3.7,1.7,0.4,0.7,0.0,0.065,0.0032500000000000003,0.0,0.385,0.07384615384615385,1.2333333333333334,2.8,17.0,Low,0,ยังไม่พบตัวชี้วัดที่ถึงหรือเกินเกณฑ์อ้างอิง
romanesco cooked,39,0.4,0.028,7.7,0.0,3.7,4.0,0.0,0.3,0.015,0.0,0.13999999999999999,0.6153846153846154,2.566666666666667,16.0,0.0,Low,0,ยังไม่พบตัวชี้วัดที่ถึงหรือเกินเกณฑ์อ้างอิง
butternut squash raw,90,0.2,0.044,23.4,4.4,2.0,4.0,0.0,0.067,0.00335,0.0,0.21999999999999997,0.3076923076923077,7.8,16.0,44.00000000000001,Low,0,ยังไม่พบตัวชี้วัดที่ถึงหรือเกินเกณฑ์อ้างอิง
amaranth leaves,6,0.075,0.072,1.1,0.0,0.7,0.0,0.0,0.071,0.0035499999999999993,0.0,0.36,0.11538461538461538,0.3666666666666667,0.0,0.0,Low,0,ยังไม่พบตัวชี้วัดที่ถึงหรือเกินเกณฑ์อ้างอิง
turnip greens raw,18,0.2,0.009,3.9,0.4,0.8,1.8,0.0,0.012,0.0006000000000000001,0.0,0.045,0.3076923076923077,1.3,7.200000000000001,4.0,Low,0,ยังไม่พบตัวชี้วัดที่ถึงหรือเกินเกณฑ์อ้างอิง
spaghetti squash raw,31,0.6,0.1,7.0,2.8,0.6,1.5,0.0,0.081,0.00405,0.0,0.5,0.923076923076923,2.3333333333333335,6.0,27.999999999999996,Low,0,ยังไม่พบตัวชี้วัดที่ถึงหรือเกินเกณฑ์อ้างอิง
seaweed dry,52,0.3,0.006,9.2,0.0,3.1,7.3,6.6,0.9,0.045,2.1999999999999997,0.030000000000000002,0.4615384615384615,3.0666666666666664,29.2,0.0,Low,0,ยังไม่พบตัวชี้วัดที่ถึงหรือเกินเกณฑ์อ้างอิง
yam cooked,158,0.2,0.061,37.4,0.7,2.0,5.3,0.0,0.017,0.00085,0.0,0.305,0.3076923076923077,12.466666666666667,21.2,6.999999999999999,Low,0,ยังไม่พบตัวชี้วัดที่ถึงหรือเกินเกณฑ์อ้างอิง
corn dried,119,3.0,0.6,18.8,6.0,4.1,5.8,0.0,0.029,0.00145,0.0,3.0,4.615384615384616,6.266666666666667,23.2,60.0,Low,0,ยังไม่พบตัวชี้วัดที่ถึงหรือเกินเกณฑ์อ้างอิง
cucumber,23,0.2,0.068,5.4,2.5,1.0,0.8,0.0,0.061,0.0030499999999999998,0.0,0.34,0.3076923076923077,1.8000000000000003,3.2,25.0,Low,0,ยังไม่พบตัวชี้วัดที่ถึงหรือเกินเกณฑ์อ้างอิง
arrowroot,78,0.2,0.094,16.1,0.0,5.1,1.6,0.0,0.052,0.0026,0.0,0.47000000000000003,0.3076923076923077,5.366666666666667,6.4,0.0,Low,0,ยังไม่พบตัวชี้วัดที่ถึงหรือเกินเกณฑ์อ้างอิง
cardoon raw,30,0.2,0.072,7.2,0.0,1.2,2.8,0.0,0.3,0.015,0.0,0.36,0.3076923076923077,2.4,11.2,0.0,Low,0,ยังไม่พบตัวชี้วัดที่ถึงหรือเกินเกณฑ์อ้างอิง
bamboo shoots cooked,14,0.3,0.007,2.3,0.0,1.8,1.2,0.0,0.04,0.002,0.0,0.034999999999999996,0.4615384615384615,0.7666666666666666,4.8,0.0,Low,0,ยังไม่พบตัวชี้วัดที่ถึงหรือเกินเกณฑ์อ้างอิง
summer squash raw,42,0.5,0.1,8.7,5.7,3.1,2.9,0.0,0.051,0.00255,0.0,0.5,0.7692307692307693,2.9,11.6,57.00000000000001,Low,0,ยังไม่พบตัวชี้วัดที่ถึงหรือเกินเกณฑ์อ้างอิง
sweet potato raw,112,0.002,0.036,26.2,5.4,2.0,3.9,0.0,0.079,0.0039499999999999995,0.0,0.18,0.003076923076923077,8.733333333333333,15.6,54.0,Low,0,ยังไม่พบตัวชี้วัดที่ถึงหรือเกินเกณฑ์อ้างอิง
green tomato,42,0.4,0.024,9.3,7.3,2.2,2.0,0.0,0.055,0.0027500000000000003,0.0,0.12000000000000001,0.6153846153846154,3.1000000000000005,8.0,73.0,Low,0,ยังไม่พบตัวชี้วัดที่ถึงหรือเกินเกณฑ์อ้างอิง
beet greens raw,8,0.078,0.026,1.6,0.2,0.8,1.4,0.0,0.013,0.00065,0.0,0.13,0.12,0.5333333333333334,5.6,2.0,Low,0,ยังไม่พบตัวชี้วัดที่ถึงหรือเกินเกณฑ์อ้างอิง
savoy cabbage cooked,41,0.2,0.076,9.2,0.0,3.1,4.8,0.0,0.05,0.0025,0.0,0.38,0.3076923076923077,3.0666666666666664,19.2,0.0,Low,0,ยังไม่พบตัวชี้วัดที่ถึงหรือเกินเกณฑ์อ้างอิง
witloof chicory,9,0.031,0.076,2.1,0.0,0.5,1.6,0.0,0.022,0.0011,0.0,0.38,0.047692307692307694,0.7000000000000001,6.4,0.0,Low,0,ยังไม่พบตัวชี้วัดที่ถึงหรือเกินเกณฑ์อ้างอิง
turnips cooked,34,0.1,0.082,7.9,4.7,1.1,3.1,0.0,0.017,0.00085,0.0,0.41000000000000003,0.15384615384615385,2.6333333333333333,12.4,47.0,Low,0,ยังไม่พบตัวชี้วัดที่ถึงหรือเกินเกณฑ์อ้างอิง
dried tomatoes,5,0.053,0.032,1.1,0.8,0.3,0.2,0.0,0.069,0.0034500000000000004,0.0,0.16,0.08153846153846153,0.3666666666666667,0.8,8.0,Low,0,ยังไม่พบตัวชี้วัดที่ถึงหรือเกินเกณฑ์อ้างอิง
radicchio,15,0.2,0.031,2.9,0.4,0.9,0.6,0.0,0.033,0.0016500000000000002,0.0,0.155,0.3076923076923077,0.9666666666666667,2.4,4.0,Low,0,ยังไม่พบตัวชี้วัดที่ถึงหรือเกินเกณฑ์อ้างอิง
mixed vegetables cooked,118,0.3,0.0,23.8,5.7,5.2,8.0,0.0,0.089,0.00445,0.0,0.0,0.4615384615384615,7.933333333333334,32.0,57.00000000000001,Low,0,ยังไม่พบตัวชี้วัดที่ถึงหรือเกินเกณฑ์อ้างอิง
yellow tomato,32,0.6,0.03,6.3,0.0,2.1,1.5,0.0,0.088,0.0044,0.0,0.15,0.923076923076923,2.0999999999999996,6.0,0.0,Low,0,ยังไม่พบตัวชี้วัดที่ถึงหรือเกินเกณฑ์อ้างอิง
cardoon cooked,26,0.1,0.014,6.4,0.0,0.9,2.0,0.0,0.2,0.01,0.0,0.06999999999999999,0.15384615384615385,2.1333333333333337,8.0,0.0,Low,0,ยังไม่พบตัวชี้วัดที่ถึงหรือเกินเกณฑ์อ้างอิง
spinach raw,7,0.1,0.024,1.1,0.1,0.9,0.7,0.0,0.036,0.0017999999999999997,0.0,0.12000000000000001,0.15384615384615385,0.3666666666666667,2.8,1.0,Low,0,ยังไม่พบตัวชี้วัดที่ถึงหรือเกินเกณฑ์อ้างอิง
kale raw,7,0.3,0.057,0.9,0.2,0.6,0.9,0.0,0.045,0.00225,0.0,0.28500000000000003,0.4615384615384615,0.3,3.6000000000000005,2.0,Low,0,ยังไม่พบตัวชี้วัดที่ถึงหรือเกินเกณฑ์อ้างอิง
drumstick pods cooked,42,0.2,0.0,9.7,0.0,2.5,5.0,0.0,0.3,0.015,0.0,0.0,0.3076923076923077,3.2333333333333334,20.0,0.0,Low,0,ยังไม่พบตัวชี้วัดที่ถึงหรือเกินเกณฑ์อ้างอิง
kohlrabi raw,72,0.3,0.007,16.4,6.9,4.5,9.5,0.0,0.063,0.00315,0.0,0.034999999999999996,0.4615384615384615,5.466666666666666,38.0,69.0,Low,0,ยังไม่พบตัวชี้วัดที่ถึงหรือเกินเกณฑ์อ้างอิง
lentil sprouts,82,0.4,0.067,17.0,0.0,6.9,0.0,0.0,0.044,0.0022,0.0,0.335,0.6153846153846154,5.666666666666666,0.0,0.0,Low,0,ยังไม่พบตัวชี้วัดที่ถึงหรือเกินเกณฑ์อ้างอิง
carrots raw,25,0.1,0.046,5.8,2.9,0.6,1.7,0.0,0.024,0.0012000000000000001,0.0,0.22999999999999998,0.15384615384615385,1.9333333333333333,6.800000000000001,28.999999999999996,Low,0,ยังไม่พบตัวชี้วัดที่ถึงหรือเกินเกณฑ์อ้างอิง
red chili peppers,18,0.2,0.088,4.0,2.4,0.8,0.7,0.0,0.03,0.0014999999999999998,0.0,0.43999999999999995,0.3076923076923077,1.3333333333333335,2.8,24.0,Low,0,ยังไม่พบตัวชี้วัดที่ถึงหรือเกินเกณฑ์อ้างอิง
fennel,73,0.5,0.0,17.1,0.0,2.9,7.3,0.0,0.1,0.005,0.0,0.0,0.7692307692307693,5.7,29.2,0.0,Low,0,ยังไม่พบตัวชี้วัดที่ถึงหรือเกินเกณฑ์อ้างอิง
sweet corn white,63,0.9,0.1,13.9,2.4,2.4,2.0,0.0,0.016,0.0007999999999999999,0.0,0.5,1.3846153846153846,4.633333333333334,8.0,24.0,Low,0,ยังไม่พบตัวชี้วัดที่ถึงหรือเกินเกณฑ์อ้างอิง
celeriac raw,66,0.5,0.1,14.4,2.5,2.3,2.8,0.0,0.2,0.01,0.0,0.5,0.7692307692307693,4.8,11.2,25.0,Low,0,ยังไม่พบตัวชี้วัดที่ถึงหรือเกินเกณฑ์อ้างอิง
hubbard squash raw,46,0.6,0.1,10.1,4.6,2.3,4.5,0.0,0.094,0.004699999999999999,0.0,0.5,0.923076923076923,3.3666666666666663,18.0,46.0,Low,0,ยังไม่พบตัวชี้วัดที่ถึงหรือเกินเกณฑ์อ้างอิง
brussels sprouts cooked,8,0.1,0.099,1.5,0.4,0.5,0.5,0.0,0.051,0.00255,0.0,0.49500000000000005,0.15384615384615385,0.5,2.0,4.0,Low,0,ยังไม่พบตัวชี้วัดที่ถึงหรือเกินเกณฑ์อ้างอิง
carrots cooked,16,0.092,0.096,3.8,1.6,0.3,1.4,0.0,0.025,0.00125,0.0,0.48000000000000004,0.14153846153846156,1.2666666666666666,5.6,16.0,Low,0,ยังไม่พบตัวชี้วัดที่ถึงหรือเกินเกณฑ์อ้างอิง
lambs quarters raw,0,0.067,0.0,0.069,0.0,0.08,0.046,0.0,0.033,0.0016500000000000002,0.0,0.0,0.1030769230769231,0.023,0.184,0.0,Low,0,ยังไม่พบตัวชี้วัดที่ถึงหรือเกินเกณฑ์อ้างอิง
lotus root cooked,6,0.056,0.029,1.4,0.0,0.1,0.3,0.0,0.0,0.0,0.0,0.14500000000000002,0.08615384615384615,0.4666666666666666,1.2,0.0,Low,0,ยังไม่พบตัวชี้วัดที่ถึงหรือเกินเกณฑ์อ้างอิง
split peas raw,672,2.3,0.3,118.9,15.8,48.4,50.2,0.0,0.075,0.00375,0.0,1.5,3.5384615384615383,39.63333333333334,200.8,158.0,Medium,1,น้ำตาลถึงหรือเกินเกณฑ์ต่อมื้อ
scots kale cooked,36,0.5,0.014,7.3,0.0,2.5,0.0,0.0,0.4,0.02,0.0,0.06999999999999999,0.7692307692307693,2.433333333333333,0.0,0.0,Low,0,ยังไม่พบตัวชี้วัดที่ถึงหรือเกินเกณฑ์อ้างอิง
corn cooked,99,1.5,0.2,21.6,4.7,3.5,2.5,0.0,0.039,0.00195,0.0,1.0,2.307692307692308,7.200000000000001,10.0,47.0,Low,0,ยังไม่พบตัวชี้วัดที่ถึงหรือเกินเกณฑ์อ้างอิง
radish raw,1,0.026,0.084,0.2,0.066,0.042,0.002,0.0,0.033,0.0016500000000000002,0.0,0.42000000000000004,0.039999999999999994,0.06666666666666668,0.008,0.66,Low,0,ยังไม่พบตัวชี้วัดที่ถึงหรือเกินเกณฑ์อ้างอิง
stinging nettles,37,0.007,0.0,6.7,0.2,2.4,6.1,0.0,0.09,0.0045,0.0,0.0,0.010769230769230769,2.2333333333333334,24.4,2.0,Low,0,ยังไม่พบตัวชี้วัดที่ถึงหรือเกินเกณฑ์อ้างอิง
baby carrots,5,0.053,0.015,1.2,0.7,0.031,0.4,0.0,0.097,0.00485,0.0,0.075,0.08153846153846153,0.4,1.6,6.999999999999999,Low,0,ยังไม่พบตัวชี้วัดที่ถึงหรือเกินเกณฑ์อ้างอิง
sweet yellow peppers,50,0.4,0.012,11.8,0.0,1.9,1.7,0.0,0.017,0.00085,0.0,0.060000000000000005,0.6153846153846154,3.933333333333334,6.800000000000001,0.0,Low,0,ยังไม่พบตัวชี้วัดที่ถึงหรือเกินเกณฑ์อ้างอิง
taro leaves raw,12,0.2,0.013,1.9,0.8,1.4,1.0,0.0,0.083,0.00415,0.0,0.065,0.3076923076923077,0.6333333333333333,4.0,8.0,Low,0,ยังไม่พบตัวชี้วัดที่ถึงหรือเกินเกณฑ์อ้างอิง
corn raw,123,1.9,0.5,26.7,9.0,4.7,2.9,0.0,0.083,0.00415,0.0,2.5,2.923076923076923,8.9,11.6,90.0,Low,0,ยังไม่พบตัวชี้วัดที่ถึงหรือเกินเกณฑ์อ้างอิง
roselle,28,0.4,0.0,6.4,0.0,0.5,0.0,0.0,0.079,0.0039499999999999995,0.0,0.0,0.6153846153846154,2.1333333333333337,0.0,0.0,Low,0,ยังไม่พบตัวชี้วัดที่ถึงหรือเกินเกณฑ์อ้างอิง
drumstick leaves raw,13,0.3,0.0,1.7,0.0,2.0,0.4,0.0,0.071,0.0035499999999999993,0.0,0.0,0.4615384615384615,0.5666666666666667,1.6,0.0,Low,0,ยังไม่พบตัวชี้วัดที่ถึงหรือเกินเกณฑ์อ้างอิง
scallop squash raw,23,0.3,0.097,5.0,3.1,1.6,1.6,0.0,0.075,0.00375,0.0,0.485,0.4615384615384615,1.6666666666666667,6.4,31.0,Low,0,ยังไม่พบตัวชี้วัดที่ถึงหรือเกินเกณฑ์อ้างอิง
chicory roots,65,0.2,0.052,15.8,7.9,1.3,1.4,0.0,0.055,0.0027500000000000003,0.0,0.26,0.3076923076923077,5.266666666666667,5.6,79.0,Low,0,ยังไม่พบตัวชี้วัดที่ถึงหรือเกินเกณฑ์อ้างอิง
brussels sprouts raw,8,0.077,0.072,1.7,0.4,0.6,0.7,0.0,0.049,0.0024500000000000004,0.0,0.36,0.11846153846153847,0.5666666666666667,2.8,4.0,Low,0,ยังไม่พบตัวชี้วัดที่ถึงหรือเกินเกณฑ์อ้างอิง
kale cooked,42,1.4,0.2,6.3,1.4,3.5,4.7,0.0,0.018,0.0008999999999999999,0.0,1.0,2.1538461538461537,2.0999999999999996,18.8,13.999999999999998,Low,0,ยังไม่พบตัวชี้วัดที่ถึงหรือเกินเกณฑ์อ้างอิง
pupusas con frijoles,289,11.4,2.8,39.7,1.6,7.0,7.3,0.0,0.4,0.02,0.0,13.999999999999998,17.53846153846154,13.233333333333333,29.2,16.0,Low,0,ยังไม่พบตัวชี้วัดที่ถึงหรือเกินเกณฑ์อ้างอิง
mustard cabbage,36,0.1,0.016,7.2,1.8,1.4,4.0,0.0,0.9,0.045,0.0,0.08,0.15384615384615385,2.4,16.0,18.0,Low,0,ยังไม่พบตัวชี้วัดที่ถึงหรือเกินเกณฑ์อ้างอิง
gourd raw,19,0.2,0.07,4.1,1.9,1.1,1.0,0.0,0.03,0.0014999999999999998,0.0,0.35000000000000003,0.3076923076923077,1.3666666666666665,4.0,19.0,Low,0,ยังไม่พบตัวชี้วัดที่ถึงหรือเกินเกณฑ์อ้างอิง
butternut squash cooked,80,0.2,0.013,21.0,3.9,1.8,6.4,0.0,0.002,9.999999999999999e-05,0.0,0.065,0.3076923076923077,7.000000000000001,25.6,39.0,Low,0,ยังไม่พบตัวชี้วัดที่ถึงหรือเกินเกณฑ์อ้างอิง
burdock root cooked,146,0.2,0.0,35.1,5.9,3.5,3.0,0.0,0.4,0.02,0.0,0.0,0.3076923076923077,11.700000000000001,12.0,59.00000000000001,Low,0,ยังไม่พบตัวชี้วัดที่ถึงหรือเกินเกณฑ์อ้างอิง
cassava,330,0.6,0.2,78.4,3.5,2.8,3.7,0.0,0.099,0.00495,0.0,1.0,0.923076923076923,26.133333333333336,14.800000000000002,35.0,Low,0,ยังไม่พบตัวชี้วัดที่ถึงหรือเกินเกณฑ์อ้างอิง
peas carrots cooked,77,0.7,0.1,16.2,7.0,4.9,5.0,0.0,0.5,0.025,0.0,0.5,1.0769230769230769,5.4,20.0,70.0,Low,0,ยังไม่พบตัวชี้วัดที่ถึงหรือเกินเกณฑ์อ้างอิง
romaine lettuce,8,0.1,0.049,1.5,0.6,0.6,1.0,0.0,0.083,0.00415,0.0,0.245,0.15384615384615385,0.5,4.0,6.0,Low,0,ยังไม่พบตัวชี้วัดที่ถึงหรือเกินเกณฑ์อ้างอิง
yam raw,177,0.3,0.067,41.8,0.8,2.3,6.2,0.0,0.017,0.00085,0.0,0.335,0.4615384615384615,13.933333333333334,24.8,8.0,Low,0,ยังไม่พบตัวชี้วัดที่ถึงหรือเกินเกณฑ์อ้างอิง
chowchow pickles,296,2.2,0.4,65.3,58.5,3.7,3.7,0.0,1.3,0.065,0.0,2.0,3.384615384615385,21.766666666666666,14.800000000000002,585.0,Medium,1,น้ำตาลถึงหรือเกินเกณฑ์ต่อมื้อ
prairie turnips raw,20,0.029,0.0,4.5,0.1,0.3,1.0,0.0,0.059,0.00295,0.0,0.0,0.04461538461538462,1.5,4.0,1.0,Low,0,ยังไม่พบตัวชี้วัดที่ถึงหรือเกินเกณฑ์อ้างอิง
savoy cabbage raw,19,0.017,0.091,4.3,1.6,1.4,2.2,0.0,0.007,0.00035,0.0,0.455,0.026153846153846156,1.4333333333333333,8.8,16.0,Low,0,ยังไม่พบตัวชี้วัดที่ถึงหรือเกินเกณฑ์อ้างอิง
celery raw,6,0.045,0.005,1.2,0.5,0.3,0.6,0.0,0.019,0.0009500000000000001,0.0,0.025,0.06923076923076922,0.4,2.4,5.0,Low,0,ยังไม่พบตัวชี้วัดที่ถึงหรือเกินเกณฑ์อ้างอิง
celeriac cooked,42,0.3,0.0,9.1,0.0,1.5,0.0,0.0,0.084,0.004200000000000001,0.0,0.0,0.4615384615384615,3.033333333333333,0.0,0.0,Low,0,ยังไม่พบตัวชี้วัดที่ถึงหรือเกินเกณฑ์อ้างอิง
mustard spinach raw,33,0.5,0.087,5.9,0.0,3.3,4.2,0.0,0.025,0.00125,0.0,0.43499999999999994,0.7692307692307693,1.966666666666667,16.8,0.0,Low,0,ยังไม่พบตัวชี้วัดที่ถึงหรือเกินเกณฑ์อ้างอิง
zucchini raw,44,0.8,0.2,8.1,6.5,3.1,2.6,0.0,0.023,0.00115,0.0,1.0,1.2307692307692308,2.7,10.4,65.0,Low,0,ยังไม่พบตัวชี้วัดที่ถึงหรือเกินเกณฑ์อ้างอิง
okra cooked,35,0.3,0.032,7.2,3.8,3.0,4.0,0.0,0.4,0.02,0.0,0.16,0.4615384615384615,2.4,16.0,38.0,Low,0,ยังไม่พบตัวชี้วัดที่ถึงหรือเกินเกณฑ์อ้างอิง
white icicle radish,14,0.1,0.076,2.6,0.0,1.1,1.4,0.0,0.049,0.0024500000000000004,0.0,0.38,0.15384615384615385,0.8666666666666666,5.6,0.0,Low,0,ยังไม่พบตัวชี้วัดที่ถึงหรือเกินเกณฑ์อ้างอิง
orange tomato,18,0.2,0.097,3.5,0.0,1.3,1.0,0.0,0.001,4.9999999999999996e-05,0.0,0.485,0.3076923076923077,1.1666666666666667,4.0,0.0,Low,0,ยังไม่พบตัวชี้วัดที่ถึงหรือเกินเกณฑ์อ้างอิง
pumpkin leaves raw,7,0.2,0.053,0.9,0.0,1.2,0.0,0.0,0.057,0.00285,0.0,0.265,0.3076923076923077,0.3,0.0,0.0,Low,0,ยังไม่พบตัวชี้วัดที่ถึงหรือเกินเกณฑ์อ้างอิง
spaghetti squash cooked,42,0.4,0.091,10.0,3.9,1.0,2.2,0.0,0.4,0.02,0.0,0.455,0.6153846153846154,3.3333333333333335,8.8,39.0,Low,0,ยังไม่พบตัวชี้วัดที่ถึงหรือเกินเกณฑ์อ้างอิง
white corn cooked,100,1.5,0.2,22.4,8.0,3.4,2.8,0.0,0.082,0.0041,0.0,1.0,2.307692307692308,7.466666666666666,11.2,80.0,Low,0,ยังไม่พบตัวชี้วัดที่ถึงหรือเกินเกณฑ์อ้างอิง
artichoke cooked,64,0.4,0.059,14.3,1.2,3.5,10.3,0.0,0.087,0.00435,0.0,0.295,0.6153846153846154,4.766666666666667,41.2,12.0,Low,0,ยังไม่พบตัวชี้วัดที่ถึงหรือเกินเกณฑ์อ้างอิง
avocado,432,39.6,5.7,23.0,1.8,5.4,18.1,0.0,0.045,0.00225,0.0,28.500000000000004,60.92307692307693,7.666666666666666,72.4,18.0,Low,0,ยังไม่พบตัวชี้วัดที่ถึงหรือเกินเกณฑ์อ้างอิง
string beans wellsley farms,8,0.0,0.0,1.7,0.3,0.3,0.087,1.0,0.0,0.0,0.33333333333333337,0.0,0.0,0.5666666666666667,0.348,3.0,Low,0,ยังไม่พบตัวชี้วัดที่ถึงหรือเกินเกณฑ์อ้างอิง
lambs quarters cooked,58,1.3,0.085,9.0,1.1,5.8,3.8,0.0,0.5,0.025,0.0,0.42500000000000004,2.0,3.0,15.2,11.000000000000002,Low,0,ยังไม่พบตัวชี้วัดที่ถึงหรือเกินเกณฑ์อ้างอิง
peas cooked,134,0.4,0.065,25.0,9.5,8.6,8.8,0.0,0.074,0.0036999999999999997,0.0,0.325,0.6153846153846154,8.333333333333332,35.2,95.0,Low,0,ยังไม่พบตัวชี้วัดที่ถึงหรือเกินเกณฑ์อ้างอิง
beets cooked,22,0.085,0.026,5.0,4.0,0.8,1.0,0.0,0.035,0.0017500000000000003,0.0,0.13,0.13076923076923078,1.6666666666666667,4.0,40.0,Low,0,ยังไม่พบตัวชี้วัดที่ถึงหรือเกินเกณฑ์อ้างอิง
shallots dried,3,0.013,0.063,0.7,0.3,0.1,0.1,0.0,0.059,0.00295,0.0,0.315,0.019999999999999997,0.2333333333333333,0.4,3.0,Low,0,ยังไม่พบตัวชี้วัดที่ถึงหรือเกินเกณฑ์อ้างอิง
green lettuce,23,0.2,0.027,4.3,1.2,2.0,2.0,0.0,0.05,0.0025,0.0,0.135,0.3076923076923077,1.4333333333333333,8.0,12.0,Low,0,ยังไม่พบตัวชี้วัดที่ถึงหรือเกินเกณฑ์อ้างอิง
kohlrabi cooked,48,0.2,0.041,11.0,4.6,3.0,1.8,0.0,0.035,0.0017500000000000003,0.0,0.20500000000000002,0.3076923076923077,3.6666666666666665,7.200000000000001,46.0,Low,0,ยังไม่พบตัวชี้วัดที่ถึงหรือเกินเกณฑ์อ้างอิง
kanpyo dried,139,0.3,0.041,35.1,0.0,4.6,5.3,0.0,0.056,0.0028,0.0,0.20500000000000002,0.4615384615384615,11.700000000000001,21.2,0.0,Low,0,ยังไม่พบตัวชี้วัดที่ถึงหรือเกินเกณฑ์อ้างอิง
prairie turnips boiled,18,0.086,0.0,4.2,0.7,0.2,1.0,0.0,0.012,0.0006000000000000001,0.0,0.0,0.1323076923076923,1.4000000000000001,4.0,6.999999999999999,Low,0,ยังไม่พบตัวชี้วัดที่ถึงหรือเกินเกณฑ์อ้างอิง
broccoli raab cooked,21,0.4,0.086,2.7,0.5,3.3,2.4,0.0,0.077,0.00385,0.0,0.43,0.6153846153846154,0.9000000000000001,9.6,5.0,Low,0,ยังไม่พบตัวชี้วัดที่ถึงหรือเกินเกณฑ์อ้างอิง
summer squash cooked,49,1.0,0.2,9.9,6.4,2.7,2.9,0.0,0.036,0.0017999999999999997,0.0,1.0,1.5384615384615385,3.3000000000000003,11.6,64.0,Low,0,ยังไม่พบตัวชี้วัดที่ถึงหรือเกินเกณฑ์อ้างอิง
taro cooked,187,0.1,0.012,45.7,0.6,0.7,6.7,0.0,0.055,0.0027500000000000003,0.0,0.060000000000000005,0.15384615384615385,15.233333333333334,26.8,6.0,Low,0,ยังไม่พบตัวชี้วัดที่ถึงหรือเกินเกณฑ์อ้างอิง
spring onion scallions,6,0.077,0.029,1.5,0.5,0.4,0.5,0.0,0.048,0.0024000000000000002,0.0,0.14500000000000002,0.11846153846153847,0.5,2.0,5.0,Low,0,ยังไม่พบตัวชี้วัดที่ถึงหรือเกินเกณฑ์อ้างอิง
hubbard squash cooked,57,0.7,0.1,12.3,5.6,2.8,5.5,0.0,0.5,0.025,0.0,0.5,1.0769230769230769,4.1000000000000005,22.0,55.99999999999999,Low,0,ยังไม่พบตัวชี้วัดที่ถึงหรือเกินเกณฑ์อ้างอิง
jalapeno pepper,4,0.002,0.06,0.9,0.6,0.1,0.4,0.0,0.028,0.0014,0.0,0.3,0.003076923076923077,0.3,1.6,6.0,Low,0,ยังไม่พบตัวชี้วัดที่ถึงหรือเกินเกณฑ์อ้างอิง
new zealand spinach cooked,22,0.3,0.027,3.8,0.5,2.3,2.5,0.0,0.6,0.03,0.0,0.135,0.4615384615384615,1.2666666666666666,10.0,5.0,Low,0,ยังไม่พบตัวชี้วัดที่ถึงหรือเกินเกณฑ์อ้างอิง
sesbania flower raw,1,0.095,0.0,0.2,0.0,0.012,0.0,0.0,0.007,0.00035,0.0,0.0,0.14615384615384616,0.06666666666666668,0.0,0.0,Low,0,ยังไม่พบตัวชี้วัดที่ถึงหรือเกินเกณฑ์อ้างอิง
spirulina dried,20,0.5,0.2,1.7,0.2,4.0,0.3,0.0,0.031,0.0015500000000000002,0.0,1.0,0.7692307692307693,0.5666666666666667,1.2,2.0,Low,0,ยังไม่พบตัวชี้วัดที่ถึงหรือเกินเกณฑ์อ้างอิง
chinese cabbage pe tsai cooked,17,0.2,0.011,2.9,0.0,1.8,2.0,0.0,0.3,0.015,0.0,0.05499999999999999,0.3076923076923077,0.9666666666666667,8.0,0.0,Low,0,ยังไม่พบตัวชี้วัดที่ถึงหรือเกินเกณฑ์อ้างอิง
zucchini cooked,27,0.6,0.1,4.8,3.1,2.1,1.8,0.0,0.077,0.00385,0.0,0.5,0.923076923076923,1.6,7.200000000000001,31.0,Low,0,ยังไม่พบตัวชี้วัดที่ถึงหรือเกินเกณฑ์อ้างอิง
green olives pickled,4,0.4,0.064,0.1,0.051,0.073,0.057,0.0,0.1,0.005,0.0,0.32,0.6153846153846154,0.03333333333333334,0.22799999999999998,0.5099999999999999,Low,0,ยังไม่พบตัวชี้วัดที่ถึงหรือเกินเกณฑ์อ้างอิง
lotus root raw,85,0.1,0.057,19.8,0.0,3.0,5.6,0.0,0.06,0.0029999999999999996,0.0,0.28500000000000003,0.15384615384615385,6.6000000000000005,22.4,0.0,Low,0,ยังไม่พบตัวชี้วัดที่ถึงหรือเกินเกณฑ์อ้างอิง
grape leaves,13,0.3,0.085,2.4,0.9,0.8,1.5,0.0,0.005,0.00025,0.0,0.42500000000000004,0.4615384615384615,0.8,6.0,9.0,Low,0,ยังไม่พบตัวชี้วัดที่ถึงหรือเกินเกณฑ์อ้างอิง
dill pickled cucumber,17,0.2,0.08,3.7,1.9,0.9,1.6,0.0,1.3,0.065,0.0,0.4,0.3076923076923077,1.2333333333333334,6.4,19.0,Low,0,ยังไม่พบตัวชี้วัดที่ถึงหรือเกินเกณฑ์อ้างอิง
skunk cabbage,11,0.1,0.0,1.8,0.0,1.5,1.2,0.0,0.016,0.0007999999999999999,0.0,0.0,0.15384615384615385,0.6,4.8,0.0,Low,0,ยังไม่พบตัวชี้วัดที่ถึงหรือเกินเกณฑ์อ้างอิง
banana pepper,9,0.1,0.018,1.8,0.6,0.5,1.1,0.0,0.039,0.00195,0.0,0.09,0.15384615384615385,0.6,4.4,6.0,Low,0,ยังไม่พบตัวชี้วัดที่ถึงหรือเกินเกณฑ์อ้างอิง
oriental radish raw,61,0.3,0.1,13.9,8.5,2.0,5.4,0.0,0.014,0.0007,0.0,0.5,0.4615384615384615,4.633333333333334,21.6,85.0,Low,0,ยังไม่พบตัวชี้วัดที่ถึงหรือเกินเกณฑ์อ้างอิง
purslane cooked,21,0.2,0.0,4.1,0.0,1.7,0.0,0.0,0.3,0.015,0.0,0.0,0.3076923076923077,1.3666666666666665,0.0,0.0,Low,0,ยังไม่พบตัวชี้วัดที่ถึงหรือเกินเกณฑ์อ้างอิง
rhubarb raw,11,0.1,0.043,2.3,0.6,0.5,0.9,0.0,0.058,0.0029,0.0,0.215,0.15384615384615385,0.7666666666666666,3.6000000000000005,6.0,Low,0,ยังไม่พบตัวชี้วัดที่ถึงหรือเกินเกณฑ์อ้างอิง
swamp cabbage,20,0.2,0.0,3.6,0.0,2.0,1.9,0.0,0.4,0.02,0.0,0.0,0.3076923076923077,1.2,7.6,0.0,Low,0,ยังไม่พบตัวชี้วัดที่ถึงหรือเกินเกณฑ์อ้างอิง
mung bean sprouts raw,6,0.044,0.036,1.2,0.8,0.6,0.4,0.0,0.08,0.004,0.0,0.18,0.06769230769230769,0.4,1.6,8.0,Low,0,ยังไม่พบตัวชี้วัดที่ถึงหรือเกินเกณฑ์อ้างอิง
onion cooked,7,0.034,0.095,1.5,0.7,0.2,0.2,0.0,0.04,0.002,0.0,0.475,0.05230769230769231,0.5,0.8,6.999999999999999,Low,0,ยังไม่พบตัวชี้วัดที่ถึงหรือเกินเกณฑ์อ้างอิง
swiss chard raw,7,0.042,0.065,1.3,0.4,0.6,0.6,0.0,0.089,0.00445,0.0,0.325,0.06461538461538462,0.4333333333333333,2.4,4.0,Low,0,ยังไม่พบตัวชี้วัดที่ถึงหรือเกินเกณฑ์อ้างอิง
peas raw,117,0.6,0.1,21.0,8.2,7.9,7.4,0.0,0.017,0.00085,0.0,0.5,0.923076923076923,7.000000000000001,29.600000000000005,82.0,Low,0,ยังไม่พบตัวชี้วัดที่ถึงหรือเกินเกณฑ์อ้างอิง
cabbage cooked,35,0.019,0.0,8.3,4.2,1.9,2.9,0.0,0.011,0.00055,0.0,0.0,0.02923076923076923,2.766666666666667,11.6,42.00000000000001,Low,0,ยังไม่พบตัวชี้วัดที่ถึงหรือเกินเกณฑ์อ้างอิง
taro leaves cooked,35,0.6,0.1,5.6,0.0,3.9,2.9,0.0,0.3,0.015,0.0,0.5,0.923076923076923,1.8666666666666665,11.6,0.0,Low,0,ยังไม่พบตัวชี้วัดที่ถึงหรือเกินเกณฑ์อ้างอิง
leeks cooked,38,0.2,0.086,9.4,2.6,1.0,1.2,0.0,0.067,0.00335,0.0,0.43,0.3076923076923077,3.1333333333333333,4.8,26.0,Low,0,ยังไม่พบตัวชี้วัดที่ถึงหรือเกินเกณฑ์อ้างอิง
split peas cooked,227,0.8,0.1,40.2,5.7,16.3,16.3,0.0,0.5,0.025,0.0,0.5,1.2307692307692308,13.4,65.2,57.00000000000001,Low,0,ยังไม่พบตัวชี้วัดที่ถึงหรือเกินเกณฑ์อ้างอิง
sweet corn yellow,58,0.4,0.029,14.2,2.6,4.1,1.5,0.0,0.05,0.0025,0.0,0.14500000000000002,0.6153846153846154,4.733333333333333,6.0,26.0,Low,0,ยังไม่พบตัวชี้วัดที่ถึงหรือเกินเกณฑ์อ้างอิง
asparagus raw,2,0.037,0.012,0.5,0.2,0.3,0.3,0.0,0.047,0.0023499999999999997,0.0,0.060000000000000005,0.05692307692307692,0.16666666666666669,1.2,2.0,Low,0,ยังไม่พบตัวชี้วัดที่ถึงหรือเกินเกณฑ์อ้างอิง
collard cooked,63,1.4,0.049,10.7,0.0,5.1,7.6,0.0,0.013,0.00065,0.0,0.245,2.1538461538461537,3.5666666666666664,30.4,0.0,Low,0,ยังไม่พบตัวชี้วัดที่ถึงหรือเกินเกณฑ์อ้างอิง
swiss chard cooked,35,0.1,0.0,7.2,1.9,3.3,3.7,0.0,0.7,0.034999999999999996,0.0,0.0,0.15384615384615385,2.4,14.800000000000002,19.0,Low,0,ยังไม่พบตัวชี้วัดที่ถึงหรือเกินเกณฑ์อ้างอิง
nopales cooked,22,0.003,0.064,4.9,1.7,2.0,3.0,0.0,0.087,0.00435,0.0,0.32,0.004615384615384616,1.6333333333333335,12.0,17.0,Low,0,ยังไม่พบตัวชี้วัดที่ถึงหรือเกินเกณฑ์อ้างอิง
tahitian taro cooked,60,0.9,0.2,9.4,0.0,5.7,0.0,0.0,0.4,0.02,0.0,1.0,1.3846153846153846,3.1333333333333333,0.0,0.0,Low,0,ยังไม่พบตัวชี้วัดที่ถึงหรือเกินเกณฑ์อ้างอิง
chinese cabbage pak choi raw,9,0.1,0.013,1.5,0.8,1.1,0.7,0.0,0.087,0.00435,0.0,0.065,0.15384615384615385,0.5,2.8,8.0,Low,0,ยังไม่พบตัวชี้วัดที่ถึงหรือเกินเกณฑ์อ้างอิง
green chili pepper,18,0.097,0.067,4.3,2.3,0.9,0.7,0.0,0.023,0.00115,0.0,0.335,0.14923076923076922,1.4333333333333333,2.8,23.0,Low,0,ยังไม่พบตัวชี้วัดที่ถึงหรือเกินเกณฑ์อ้างอิง
mountain yam raw,91,0.1,0.015,22.2,0.4,1.8,3.4,0.0,0.021,0.0010500000000000002,0.0,0.075,0.15384615384615385,7.3999999999999995,13.600000000000001,4.0,Low,0,ยังไม่พบตัวชี้วัดที่ถึงหรือเกินเกณฑ์อ้างอิง
parsnips cooked,114,0.5,0.081,27.2,7.7,2.1,6.4,0.0,0.021,0.0010500000000000002,0.0,0.40499999999999997,0.7692307692307693,9.066666666666666,25.6,77.0,Low,0,ยังไม่พบตัวชี้วัดที่ถึงหรือเกินเกณฑ์อ้างอิง
tomato stewed,97,3.3,0.6,16.1,0.0,2.4,2.1,0.0,0.6,0.03,0.0,3.0,5.076923076923077,5.366666666666667,8.4,0.0,Low,0,ยังไม่พบตัวชี้วัดที่ถึงหรือเกินเกณฑ์อ้างอิง
sweet green peppers cooked,19,0.1,0.037,4.5,2.3,0.7,0.9,0.0,0.2,0.01,0.0,0.185,0.15384615384615385,1.5,3.6000000000000005,23.0,Low,0,ยังไม่พบตัวชี้วัดที่ถึงหรือเกินเกณฑ์อ้างอิง
white corn raw,143,2.0,0.3,31.6,5.3,5.3,4.5,0.0,0.088,0.0044,0.0,1.5,3.076923076923077,10.533333333333333,18.0,53.0,Low,0,ยังไม่พบตัวชี้วัดที่ถึงหรือเกินเกณฑ์อ้างอิง
rutabaga raw,286,1.2,0.2,66.5,34.4,8.3,17.8,0.0,0.061,0.0030499999999999998,0.0,1.0,1.846153846153846,22.166666666666668,71.2,344.0,Medium,1,น้ำตาลถึงหรือเกินเกณฑ์ต่อมื้อ
jalapeno peppers canned,37,1.3,0.1,6.4,2.9,1.3,3.5,0.0,2.3,0.11499999999999999,0.0,0.5,2.0,2.1333333333333337,14.000000000000002,28.999999999999996,Low,0,ยังไม่พบตัวชี้วัดที่ถึงหรือเกินเกณฑ์อ้างอิง
pumpkin canned,83,0.7,0.4,19.8,8.1,2.7,7.1,0.0,0.6,0.03,0.0,2.0,1.0769230769230769,6.6000000000000005,28.4,81.0,Low,0,ยังไม่พบตัวชี้วัดที่ถึงหรือเกินเกณฑ์อ้างอิง
peas onions canned,61,0.5,0.064,10.3,0.0,3.9,2.8,0.0,0.5,0.025,0.0,0.32,0.7692307692307693,3.4333333333333336,11.2,0.0,Low,0,ยังไม่พบตัวชี้วัดที่ถึงหรือเกินเกณฑ์อ้างอิง
sweet mashed potato canned,258,0.5,0.1,59.1,13.9,5.0,4.3,0.0,0.2,0.01,0.0,0.5,0.7692307692307693,19.7,17.2,139.0,Medium,1,น้ำตาลถึงหรือเกินเกณฑ์ต่อมื้อ
hominy canned,119,1.5,0.2,23.5,3.0,2.4,4.1,0.0,0.6,0.03,0.0,1.0,2.307692307692308,7.833333333333334,16.4,30.0,Low,0,ยังไม่พบตัวชี้วัดที่ถึงหรือเกินเกณฑ์อ้างอิง
tomato puree canned,95,0.5,0.098,22.5,12.1,4.1,4.8,0.0,0.002,9.999999999999999e-05,0.0,0.49,0.7692307692307693,7.5,19.2,121.0,Medium,1,น้ำตาลถึงหรือเกินเกณฑ์ต่อมื้อ
dried tomatoes canned in oil,6,0.4,0.072,0.7,0.0,0.2,0.2,0.0,0.056,0.0028,0.0,0.36,0.6153846153846154,0.2333333333333333,0.8,0.0,Low,0,ยังไม่พบตัวชี้วัดที่ถึงหรือเกินเกณฑ์อ้างอิง
mixed vegetables canned,88,0.6,0.1,17.5,0.0,3.5,9.3,0.0,0.5,0.025,0.0,0.5,0.923076923076923,5.833333333333333,37.2,0.0,Low,0,ยังไม่พบตัวชี้วัดที่ถึงหรือเกินเกณฑ์อ้างอิง
straw mushrooms canned,2,0.09,0.1,0.3,0.0,0.2,0.1,0.0,0.049,0.0024500000000000004,0.0,0.5,0.13846153846153844,0.1,0.4,0.0,Low,0,ยังไม่พบตัวชี้วัดที่ถึงหรือเกินเกณฑ์อ้างอิง
capers canned,2,0.089,0.021,0.4,0.011,0.2,0.3,0.0,0.2,0.01,0.0,0.10500000000000001,0.1369230769230769,0.13333333333333336,1.2,0.10999999999999999,Low,0,ยังไม่พบตัวชี้วัดที่ถึงหรือเกินเกณฑ์อ้างอิง
red peppers canned,15,0.058,0.03,3.7,2.4,0.7,0.9,0.0,0.9,0.045,0.0,0.15,0.08923076923076924,1.2333333333333334,3.6000000000000005,24.0,Low,0,ยังไม่พบตัวชี้วัดที่ถึงหรือเกินเกณฑ์อ้างอิง
carrots canned,104,0.6,0.1,24.4,11.2,2.6,8.2,0.0,0.2,0.01,0.0,0.5,0.923076923076923,8.133333333333333,32.8,111.99999999999999,Medium,1,น้ำตาลถึงหรือเกินเกณฑ์ต่อมื้อ
tomatoes in tomato juice canned,41,0.3,0.08,9.6,5.7,1.9,2.4,0.0,0.3,0.015,0.0,0.4,0.4615384615384615,3.2,9.6,57.00000000000001,Low,0,ยังไม่พบตัวชี้วัดที่ถึงหรือเกินเกณฑ์อ้างอิง
asparagus canned,62,0.7,0.2,10.2,4.1,7.4,4.1,0.0,0.1,0.005,0.0,1.0,1.0769230769230769,3.3999999999999995,16.4,41.0,Low,0,ยังไม่พบตัวชี้วัดที่ถึงหรือเกินเกณฑ์อ้างอิง
sweet red peppers canned,25,0.4,0.013,5.5,0.0,1.1,1.7,0.0,1.9,0.095,0.0,0.065,0.6153846153846154,1.8333333333333333,6.800000000000001,0.0,Low,0,ยังไม่พบตัวชี้วัดที่ถึงหรือเกินเกณฑ์อ้างอิง
onions canned,12,0.084,0.045,2.5,1.4,0.5,0.8,0.0,0.2,0.01,0.0,0.22499999999999998,0.12923076923076923,0.8333333333333334,3.2,13.999999999999998,Low,0,ยังไม่พบตัวชี้วัดที่ถึงหรือเกินเกณฑ์อ้างอิง
turnip greens canned,27,0.4,0.1,4.0,0.6,2.0,1.9,0.0,0.082,0.0041,0.0,0.5,0.6153846153846154,1.3333333333333335,7.6,6.0,Low,0,ยังไม่พบตัวชี้วัดที่ถึงหรือเกินเกณฑ์อ้างอิง
hearts of palm,9,0.2,0.056,1.5,0.0,0.8,0.8,0.0,0.1,0.005,0.0,0.27999999999999997,0.3076923076923077,0.5,3.2,0.0,Low,0,ยังไม่พบตัวชี้วัดที่ถึงหรือเกินเกณฑ์อ้างอิง
spinach canned,44,0.9,0.1,6.8,0.0,4.9,3.7,0.0,0.7,0.034999999999999996,0.0,0.5,1.3846153846153846,2.2666666666666666,14.800000000000002,0.0,Low,0,ยังไม่พบตัวชี้วัดที่ถึงหรือเกินเกณฑ์อ้างอิง
sweet potato canned,568,1.3,0.3,133.5,98.3,6.3,16.0,0.0,0.3,0.015,0.0,1.5,2.0,44.5,64.0,983.0,Medium,1,น้ำตาลถึงหรือเกินเกณฑ์ต่อมื้อ
corn canned,49,0.6,0.032,11.1,3.3,1.6,1.4,0.0,0.2,0.01,0.0,0.16,0.923076923076923,3.6999999999999997,5.6,32.99999999999999,Low,0,ยังไม่พบตัวชี้วัดที่ถึงหรือเกินเกณฑ์อ้างอิง
peas carrots canned,97,0.7,0.1,21.6,7.2,5.5,8.4,0.0,0.7,0.034999999999999996,0.0,0.5,1.0769230769230769,7.200000000000001,33.6,72.0,Low,0,ยังไม่พบตัวชี้วัดที่ถึงหรือเกินเกณฑ์อ้างอิง
crookneck squash canned,27,0.1,0.088,6.2,2.5,1.3,2.9,0.0,0.006,0.00030000000000000003,0.0,0.43999999999999995,0.15384615384615385,2.0666666666666664,11.6,25.0,Low,0,ยังไม่พบตัวชี้วัดที่ถึงหรือเกินเกณฑ์อ้างอิง
tomatoes canned,77,0.7,0.062,17.6,10.6,4.0,4.6,0.0,0.3,0.015,0.0,0.31,1.0769230769230769,5.866666666666667,18.4,106.0,Medium,1,น้ำตาลถึงหรือเกินเกณฑ์ต่อมื้อ
pimento canned,44,0.6,0.004,9.8,5.2,2.1,3.6,0.0,0.006,0.00030000000000000003,0.0,0.02,0.923076923076923,3.266666666666667,14.400000000000002,52.0,Low,0,ยังไม่พบตัวชี้วัดที่ถึงหรือเกินเกณฑ์อ้างอิง
sweet green peppers canned,25,0.4,0.037,5.5,0.0,1.1,1.7,0.0,1.9,0.095,0.0,0.185,0.6153846153846154,1.8333333333333333,6.800000000000001,0.0,Low,0,ยังไม่พบตัวชี้วัดที่ถึงหรือเกินเกณฑ์อ้างอิง
peas canned,57,0.8,0.1,9.5,0.0,3.5,0.0,0.0,0.2,0.01,0.0,0.5,1.2307692307692308,3.166666666666667,0.0,0.0,Low,0,ยังไม่พบตัวชี้วัดที่ถึงหรือเกินเกณฑ์อ้างอิง
chili peppers canned,29,0.4,0.013,6.4,0.0,1.0,2.4,0.0,0.6,0.03,0.0,0.065,0.6153846153846154,2.1333333333333337,9.6,0.0,Low,0,ยังไม่พบตัวชี้วัดที่ถึงหรือเกินเกณฑ์อ้างอิง
green peppers canned,15,0.074,0.096,3.7,2.3,0.7,0.9,0.0,0.9,0.045,0.0,0.48000000000000004,0.11384615384615385,1.2333333333333334,3.6000000000000005,23.0,Low,0,ยังไม่พบตัวชี้วัดที่ถึงหรือเกินเกณฑ์อ้างอิง
grape leaves canned,20,0.6,0.065,3.3,0.0,1.2,2.8,0.0,0.8,0.04,0.0,0.325,0.923076923076923,1.0999999999999999,11.2,0.0,Low,0,ยังไม่พบตัวชี้วัดที่ถึงหรือเกินเกณฑ์อ้างอิง
sauerkraut canned,27,0.2,0.023,6.1,2.5,1.3,4.1,0.0,0.9,0.045,0.0,0.11499999999999999,0.3076923076923077,2.033333333333333,16.4,25.0,Low,0,ยังไม่พบตัวชี้วัดที่ถึงหรือเกินเกณฑ์อ้างอิง
beets canned,69,0.2,0.017,16.2,13.2,2.0,3.0,0.0,0.02,0.001,0.0,0.085,0.3076923076923077,5.4,12.0,131.99999999999997,Medium,1,น้ำตาลถึงหรือเกินเกณฑ์ต่อมื้อ
stewed tomatoes canned,66,0.5,0.078,15.8,9.0,2.3,2.6,0.0,0.6,0.03,0.0,0.38999999999999996,0.7692307692307693,5.266666666666667,10.4,90.0,Low,0,ยังไม่พบตัวชี้วัดที่ถึงหรือเกินเกณฑ์อ้างอิง
tomato paste canned,215,1.2,0.3,49.5,31.9,11.3,10.7,0.0,2.1,0.10500000000000001,0.0,1.5,1.846153846153846,16.5,42.8,319.0,Medium,1,น้ำตาลถึงหรือเกินเกณฑ์ต่อมื้อ
bacon ranch salad mcdonalds,389,20.1,5.2,19.4,4.9,28.1,3.2,70.2,0.9,0.045,23.400000000000002,26.0,30.923076923076927,6.466666666666667,12.8,49.00000000000001,Low,0,ยังไม่พบตัวชี้วัดที่ถึงหรือเกินเกณฑ์อ้างอิง
caesar salad with grilled chicken mcdonalds,201,5.6,3.0,11.3,4.8,29.1,3.3,71.0,0.6,0.03,23.666666666666668,15.0,8.615384615384615,3.7666666666666666,13.200000000000001,48.0,Low,0,ยังไม่พบตัวชี้วัดที่ถึงหรือเกินเกณฑ์อ้างอิง
caesar salad mcdonalds,94,4.4,2.5,9.1,4.4,6.8,3.4,10.7,0.2,0.01,3.5666666666666664,12.5,6.76923076923077,3.033333333333333,13.600000000000001,44.00000000000001,Low,0,ยังไม่พบตัวชี้วัดที่ถึงหรือเกินเกณฑ์อ้างอิง
vegetable salad,22,0.054,0.053,4.4,0.0,1.7,0.0,0.0,0.025,0.00125,0.0,0.265,0.08307692307692308,1.4666666666666668,0.0,0.0,Low,0,ยังไม่พบตัวชี้วัดที่ถึงหรือเกินเกณฑ์อ้างอิง
vegetable salad with chicken,70,1.5,0.4,2.5,0.0,11.6,0.0,47.9,0.1,0.005,15.966666666666665,2.0,2.307692307692308,0.8333333333333334,0.0,0.0,Low,0,ยังไม่พบตัวชี้วัดที่ถึงหรือเกินเกณฑ์อ้างอิง
potato salad,358,20.5,3.6,27.9,0.0,6.7,3.3,170.0,1.3,0.065,56.666666666666664,18.0,31.538461538461537,9.3,13.200000000000001,0.0,Low,0,ยังไม่พบตัวชี้วัดที่ถึงหรือเกินเกณฑ์อ้างอิง
taco salad taco bell,906,48.9,15.9,80.5,0.0,35.7,16.0,101.3,1.9,0.095,33.766666666666666,79.5,75.23076923076923,26.833333333333332,64.0,0.0,Low,0,ยังไม่พบตัวชี้วัดที่ถึงหรือเกินเกณฑ์อ้างอิง
iceberg lettuce,8,0.045,0.089,1.7,1.1,0.5,0.7,0.0,0.022,0.0011,0.0,0.445,0.06923076923076922,0.5666666666666667,2.8,11.000000000000002,Low,0,ยังไม่พบตัวชี้วัดที่ถึงหรือเกินเกณฑ์อ้างอิง
cornsalad,12,0.2,0.0,2.0,0.0,1.1,0.0,0.0,0.067,0.00335,0.0,0.0,0.3076923076923077,0.6666666666666667,0.0,0.0,Low,0,ยังไม่พบตัวชี้วัดที่ถึงหรือเกินเกณฑ์อ้างอิง
potato salad with egg,393,23.5,3.6,40.5,12.4,4.9,3.3,42.5,0.8,0.04,14.166666666666666,18.0,36.15384615384615,13.5,13.200000000000001,124.0,Medium,1,น้ำตาลถึงหรือเกินเกณฑ์ต่อมื้อ
side salad mcdonalds,17,0.2,0.014,3.7,1.9,0.9,1.4,0.0,0.037,0.0018499999999999999,0.0,0.06999999999999999,0.3076923076923077,1.2333333333333334,5.6,19.0,Low,0,ยังไม่พบตัวชี้วัดที่ถึงหรือเกินเกณฑ์อ้างอิง
caesar salad with crispy chicken mcdonalds,349,16.4,4.3,19.2,4.5,25.7,3.4,55.6,0.7,0.034999999999999996,18.533333333333335,21.5,25.23076923076923,6.4,13.600000000000001,45.0,Low,0,ยังไม่พบตัวชี้วัดที่ถึงหรือเกินเกณฑ์อ้างอิง
grape apple salad with walnuts,191,8.2,1.1,25.6,20.3,3.5,3.6,1.6,0.087,0.00435,0.5333333333333334,5.500000000000001,12.615384615384615,8.533333333333335,14.400000000000002,203.00000000000003,Medium,1,น้ำตาลถึงหรือเกินเกณฑ์ต่อมื้อ
vegetable salad with cheese egg,68,3.9,2.0,3.2,0.0,5.8,0.0,65.1,0.044,0.0022,21.699999999999996,10.0,6.0,1.0666666666666669,0.0,0.0,Low,0,ยังไม่พบตัวชี้วัดที่ถึงหรือเกินเกณฑ์อ้างอิง
celtuce,1,0.088,0.0,0.3,0.0,0.071,0.1,0.0,0.094,0.004699999999999999,0.0,0.0,0.13538461538461538,0.1,0.4,0.0,Low,0,ยังไม่พบตัวชี้วัดที่ถึงหรือเกินเกณฑ์อ้างอิง
arugula,5,0.1,0.029,0.7,0.4,0.5,0.3,0.0,0.018,0.0008999999999999999,0.0,0.14500000000000002,0.15384615384615385,0.2333333333333333,1.2,4.0,Low,0,ยังไม่พบตัวชี้วัดที่ถึงหรือเกินเกณฑ์อ้างอิง
vegetable salad with shrimp,71,1.7,0.4,4.4,0.0,9.7,0.0,119.5,0.3,0.015,39.83333333333333,2.0,2.6153846153846154,1.4666666666666668,0.0,0.0,Low,0,ยังไม่พบตัวชี้วัดที่ถึงหรือเกินเกณฑ์อ้างอิง
coleslaw,292,18.9,3.1,28.4,23.3,1.8,3.6,7.6,0.4,0.02,2.533333333333333,15.5,29.076923076923073,9.466666666666667,14.400000000000002,233.0,Medium,1,น้ำตาลถึงหรือเกินเกณฑ์ต่อมื้อ
shiitake mushrooms cooked,10,0.007,0.061,2.6,0.7,0.3,0.4,0.0,0.048,0.0024000000000000002,0.0,0.305,0.010769230769230769,0.8666666666666666,1.6,6.999999999999999,Low,0,ยังไม่พบตัวชี้วัดที่ถึงหรือเกินเกณฑ์อ้างอิง
shiitake mushrooms raw,6,0.039,0.0,1.3,0.5,0.4,0.5,0.0,0.096,0.0048000000000000004,0.0,0.0,0.06,0.4333333333333333,2.0,5.0,Low,0,ยังไม่พบตัวชี้วัดที่ถึงหรือเกินเกณฑ์อ้างอิง
crimini mushrooms,1,0.018,0.054,0.3,0.1,0.2,0.064,0.0,0.086,0.004299999999999999,0.0,0.27,0.02769230769230769,0.1,0.256,1.0,Low,0,ยังไม่พบตัวชี้วัดที่ถึงหรือเกินเกณฑ์อ้างอิง
mushrooms raw,15,0.2,0.052,2.3,1.4,2.2,0.7,0.0,0.053,0.00265,0.0,0.26,0.3076923076923077,0.7666666666666666,2.8,13.999999999999998,Low,0,ยังไม่พบตัวชี้วัดที่ถึงหรือเกินเกณฑ์อ้างอิง
portabella mushrooms grilled,35,0.7,0.023,5.4,2.7,4.0,2.7,0.0,0.047,0.0023499999999999997,0.0,0.11499999999999999,1.0769230769230769,1.8000000000000003,10.8,27.0,Low,0,ยังไม่พบตัวชี้วัดที่ถึงหรือเกินเกณฑ์อ้างอิง
maitake mushrooms,0,0.017,0.011,0.072,0.043,0.016,0.041,0.0,0.059,0.00295,0.0,0.05499999999999999,0.026153846153846156,0.023999999999999997,0.164,0.43,Low,0,ยังไม่พบตัวชี้วัดที่ถึงหรือเกินเกณฑ์อ้างอิง
shiitake mushrooms dried,11,0.061,0.014,2.7,0.046,0.3,0.4,0.0,0.086,0.004299999999999999,0.0,0.06999999999999999,0.09384615384615384,0.9000000000000001,1.6,0.45999999999999996,Low,0,ยังไม่พบตัวชี้วัดที่ถึงหรือเกินเกณฑ์อ้างอิง
chanterelle mushrooms,2,0.063,0.0,0.4,0.076,0.033,0.2,0.0,0.028,0.0014,0.0,0.0,0.09692307692307692,0.13333333333333336,0.8,0.76,Low,0,ยังไม่พบตัวชี้วัดที่ถึงหรือเกินเกณฑ์อ้างอิง
cloud ear fungus dried,80,0.2,0.0,20.4,0.0,2.6,19.6,0.0,0.036,0.0017999999999999997,0.0,0.0,0.3076923076923077,6.799999999999999,78.4,0.0,Low,0,ยังไม่พบตัวชี้วัดที่ถึงหรือเกินเกณฑ์อ้างอิง
mushrooms cooked,44,0.7,0.05,8.3,3.7,3.4,3.4,0.0,0.011,0.00055,0.0,0.25,1.0769230769230769,2.766666666666667,13.600000000000001,37.0,Low,0,ยังไม่พบตัวชี้วัดที่ถึงหรือเกินเกณฑ์อ้างอิง
pepeao dried,72,0.1,0.0,19.4,0.0,1.2,0.0,0.0,0.072,0.0035999999999999995,0.0,0.0,0.15384615384615385,6.466666666666667,0.0,0.0,Low,0,ยังไม่พบตัวชี้วัดที่ถึงหรือเกินเกณฑ์อ้างอิง
truffles,61,4.1,2.2,5.4,4.6,0.7,0.3,6.4,0.034,0.0017,2.1333333333333337,11.000000000000002,6.3076923076923075,1.8000000000000003,1.2,46.0,Low,0,ยังไม่พบตัวชี้วัดที่ถึงหรือเกินเกณฑ์อ้างอิง
jews ear,25,0.095,0.0,6.7,0.0,0.5,0.0,0.0,0.027,0.0013499999999999999,0.0,0.0,0.14615384615384616,2.2333333333333334,0.0,0.0,Low,0,ยังไม่พบตัวชี้วัดที่ถึงหรือเกินเกณฑ์อ้างอิง
enoki mushrooms,1,0.099,0.027,0.2,0.034,0.062,0.089,0.0,0.084,0.004200000000000001,0.0,0.135,0.1523076923076923,0.06666666666666668,0.356,0.34,Low,0,ยังไม่พบตัวชี้วัดที่ถึงหรือเกินเกณฑ์อ้างอิง
morel mushrooms,4,0.07,0.056,0.7,0.096,0.4,0.4,0.0,0.08,0.004,0.0,0.27999999999999997,0.10769230769230771,0.2333333333333333,1.6,0.9600000000000001,Low,0,ยังไม่พบตัวชี้วัดที่ถึงหรือเกินเกณฑ์อ้างอิง
portabella mushrooms raw,19,0.3,0.036,3.3,2.2,1.8,1.1,0.0,0.014,0.0007,0.0,0.18,0.4615384615384615,1.0999999999999999,4.4,22.000000000000004,Low,0,ยังไม่พบตัวชี้วัดที่ถึงหรือเกินเกณฑ์อ้างอิง
oyster mushroom,5,0.035,0.016,0.9,0.2,0.5,0.3,0.0,0.098,0.004900000000000001,0.0,0.08,0.053846153846153856,0.3,1.2,2.0,Low,0,ยังไม่พบตัวชี้วัดที่ถึงหรือเกินเกณฑ์อ้างอิง
