food_name,calories,fat,sat_fat,carbs,sugar,protein,fiber,cholesterol,sodium,sodium_pct_daily,cholesterol_pct_daily,sat_fat_pct_daily,fat_pct_daily,carbs_pct_daily,fiber_pct_daily,sugar_pct_meal_limit,risk_level,risk_label,chatbot_summary,recommend_score
navy beans canned,296,1.1,0.3,53.6,0.7,19.7,13.4,0.0,1.2,0.06,0.0,1.5,1.6923076923076923,17.866666666666667,53.6,6.999999999999999,Low,0,ยังไม่พบตัวชี้วัดที่เกินเกณฑ์เบื้องต้น,0.9417505494505495
white beans canned,299,0.8,0.2,55.5,0.8,19.0,12.6,0.0,0.079,0.0039499999999999,0.0,1.0,1.2307692307692308,18.5,50.4,8.0,Low,0,ยังไม่พบตัวชี้วัดที่เกินเกณฑ์เบื้องต้น,0.9370967486263737
adzuki beans cooked,294,0.2,0.067,57.0,0.0,17.3,16.8,0.0,0.079,0.0039499999999999,0.0,0.335,0.3076923076923077,19.0,67.2,0.0,Low,0,ยังไม่พบตัวชี้วัดที่เกินเกณฑ์เบื้องต้น,0.9319126826923078
whole wheat macaroni dry,365,1.5,0.3,78.8,0.0,15.4,8.7,0.0,0.028,0.0014,0.0,1.5,2.307692307692308,26.266666666666666,34.8,0.0,Low,0,ยังไม่พบตัวชี้วัดที่เกินเกณฑ์เบื้องต้น,0.9166103791208792
instant coffee powder,353,0.5,0.2,75.4,0.0,12.2,0.0,0.0,0.051,0.00255,0.0,1.0,0.7692307692307693,25.133333333333336,0.0,0.0,Low,0,ยังไม่พบตัวชี้วัดที่เกินเกณฑ์เบื้องต้น,0.8949973585164837
white beans cooked,249,0.6,0.2,44.9,0.6,17.4,11.3,0.0,0.045,0.00225,0.0,1.0,0.923076923076923,14.966666666666669,45.2,6.0,Low,0,ยังไม่พบตัวชี้วัดที่เกินเกณฑ์เบื้องต้น,0.8938457623626375
dill weed dried,253,4.4,0.2,55.8,0.0,20.0,13.6,0.0,0.2,0.01,0.0,1.0,6.76923076923077,18.6,54.400000000000006,0.0,Low,0,ยังไม่พบตัวชี้วัดที่เกินเกณฑ์เบื้องต้น,0.8937271978021979
chickpeas canned,352,7.0,0.5,57.0,0.0,17.8,0.0,0.0,0.6,0.03,0.0,2.5,10.76923076923077,19.0,0.0,0.0,Low,0,ยังไม่พบตัวชี้วัดที่เกินเกณฑ์เบื้องต้น,0.8903629120879122
triticale flour,439,2.4,0.4,95.1,0.0,17.1,19.0,0.0,0.096,0.0048,0.0,2.0,3.692307692307692,31.7,76.0,0.0,Low,0,ยังไม่พบตัวชี้วัดที่เกินเกณฑ์เบื้องต้น,0.8851645494505496
cranberry beans cooked,241,0.8,0.2,43.3,0.0,16.5,17.7,0.0,0.4,0.02,0.0,1.0,1.2307692307692308,14.433333333333332,70.8,0.0,Low,0,ยังไม่พบตัวชี้วัดที่เกินเกณฑ์เบื้องต้น,0.8845835164835165
yellow beans cooked,255,1.9,0.5,44.7,0.0,16.2,18.4,0.0,0.086,0.0042999999999999,0.0,2.5,2.923076923076923,14.900000000000002,73.6,0.0,Low,0,ยังไม่พบตัวชี้วัดที่เกินเกณฑ์เบื้องต้น,0.8762589587912089
whole grain wheat flour,408,3.0,0.5,86.4,0.5,15.9,12.8,0.0,0.027,0.0013499999999999,0.0,2.5,4.615384615384616,28.800000000000004,51.2,5.0,Low,0,ยังไม่พบตัวชี้วัดที่เกินเกณฑ์เบื้องต้น,0.8734816332417583
pink beans cooked,252,0.8,0.2,47.2,0.6,15.3,9.0,0.0,0.075,0.00375,0.0,1.0,1.2307692307692308,15.733333333333336,36.0,6.0,Low,0,ยังไม่พบตัวชี้วัดที่เกินเกณฑ์เบื้องต้น,0.8669911057692308
spaghetti cooked,363,2.1,0.4,71.0,1.3,13.3,4.1,0.0,0.089,0.00445,0.0,2.0,3.230769230769231,23.666666666666668,16.4,13.0,Low,0,ยังไม่พบตัวชี้วัดที่เกินเกณฑ์เบื้องต้น,0.8650572843406595
hyacinth beans cooked,227,1.1,0.2,40.2,0.0,15.8,0.0,0.0,0.0,0.0,0.0,1.0,1.6923076923076923,13.4,0.0,0.0,Low,0,ยังไม่พบตัวชี้วัดที่เกินเกณฑ์เบื้องต้น,0.864521978021978
pinto beans cooked,245,1.1,0.2,44.8,0.6,15.4,15.4,0.0,0.085,0.00425,0.0,1.0,1.6923076923076923,14.933333333333332,61.6,6.0,Low,0,ยังไม่พบตัวชี้วัดที่เกินเกณฑ์เบื้องต้น,0.8607758173076925
black turtle beans cooked,241,0.6,0.2,45.0,0.6,15.1,15.4,0.0,0.06,0.0029999999999999,0.0,1.0,0.923076923076923,15.0,61.6,6.0,Low,0,ยังไม่พบตัวชี้วัดที่เกินเกณฑ์เบื้องต้น,0.860518708791209
navy beans cooked,255,1.1,0.2,47.4,0.7,15.0,19.1,0.0,0.4,0.02,0.0,1.0,1.6923076923076923,15.8,76.4,6.999999999999999,Low,0,ยังไม่พบตัวชี้วัดที่เกินเกณฑ์เบื้องต้น,0.8598719780219781
black beans cooked,227,0.9,0.2,40.8,0.0,15.2,15.0,0.0,0.008,0.0003999999999999,0.0,1.0,1.3846153846153846,13.599999999999998,60.0,0.0,Low,0,ยังไม่พบตัวชี้วัดที่เกินเกณฑ์เบื้องต้น,0.8593266703296705
split pea soup with ham,381,8.9,3.5,56.2,0.0,20.7,4.6,16.2,1.7,0.0849999999999999,5.4,17.5,13.692307692307692,18.733333333333334,18.4,0.0,Low,0,ยังไม่พบตัวชี้วัดที่เกินเกณฑ์เบื้องต้น,0.8567059065934066
vegetable macaroni dry,308,0.9,0.1,62.9,0.0,11.0,3.6,0.0,0.06,0.0029999999999999,0.0,0.5,1.3846153846153846,20.96666666666667,14.400000000000002,0.0,Low,0,ยังไม่พบตัวชี้วัดที่เกินเกณฑ์เบื้องต้น,0.8530928846153847
cranberry beans canned,216,0.7,0.2,39.3,0.0,14.4,16.4,0.0,0.9,0.045,0.0,1.0,1.0769230769230769,13.099999999999998,65.6,0.0,Low,0,ยังไม่พบตัวชี้วัดที่เกินเกณฑ์เบื้องต้น,0.8450141483516485
lentils cooked,230,0.8,0.1,39.9,3.6,17.9,15.6,0.0,0.016,0.0007999999999999,0.0,0.5,1.2307692307692308,13.3,62.4,36.0,Low,0,ยังไม่พบตัวชี้วัดที่เกินเกณฑ์เบื้องต้น,0.8419418021978022
macaroni raw,390,1.6,0.3,78.4,2.8,13.7,3.4,0.0,0.097,0.00485,0.0,1.5,2.4615384615384617,26.133333333333336,13.6,27.999999999999996,Low,0,ยังไม่พบตัวชี้วัดที่เกินเกณฑ์เบื้องต้น,0.8378949436813188
rye flour,364,1.4,0.2,78.2,0.9,10.0,8.2,0.0,0.061,0.0030499999999999,0.0,1.0,2.1538461538461537,26.066666666666663,32.8,9.0,Low,0,ยังไม่พบตัวชี้วัดที่เกินเกณฑ์เบื้องต้น,0.837323278846154
yardlong beans cooked,202,0.8,0.2,36.1,0.0,14.2,6.5,0.0,0.059,0.00295,0.0,1.0,1.2307692307692308,12.033333333333331,26.0,0.0,Low,0,ยังไม่พบตัวชี้วัดที่เกินเกณฑ์เบื้องต้น,0.8336756771978023
wheat flour,455,1.2,0.2,95.4,0.3,12.9,3.4,0.0,0.061,0.0030499999999999,0.0,1.0,1.846153846153846,31.8,13.6,3.0,Low,0,ยังไม่พบตัวชี้วัดที่เกินเกณฑ์เบื้องต้น,0.8328809711538463
mothbeans cooked,207,1.0,0.2,37.1,0.0,13.8,0.0,0.0,0.086,0.0042999999999999,0.0,1.0,1.5384615384615383,12.366666666666667,0.0,0.0,Low,0,ยังไม่พบตัวชี้วัดที่เกินเกณฑ์เบื้องต้น,0.8292150027472529
soy proteins concentrate,93,0.1,0.04,7.2,0.0,18.0,1.6,0.0,0.3,0.015,0.0,0.2,0.1538461538461538,2.4,6.4,0.0,Low,0,ยังไม่พบตัวชี้วัดที่เกินเกณฑ์เบื้องต้น,0.826876510989011
instant white rice raw,361,0.9,0.1,78.2,0.026,7.4,1.8,0.0,0.039,0.00195,0.0,0.5,1.3846153846153846,26.066666666666663,7.200000000000001,0.26,Low,0,ยังไม่พบตัวชี้วัดที่เกินเกณฑ์เบื้องต้น,0.8254250453296704
catjang cowpeas cooked,200,1.2,0.3,34.7,0.0,13.9,6.2,0.0,0.021,0.00105,0.0,1.5,1.846153846153846,11.566666666666668,24.8,0.0,Low,0,ยังไม่พบตัวชี้วัดที่เกินเกณฑ์เบื้องต้น,0.8241816854395606
fava beans canned,182,0.6,0.092,31.8,0.0,14.0,9.5,0.0,1.2,0.06,0.0,0.4599999999999999,0.923076923076923,10.6,38.0,0.0,Low,0,ยังไม่พบตัวชี้วัดที่เกินเกณฑ์เบื้องต้น,0.8216269230769232
french beans cooked,228,1.3,0.1,42.5,0.0,12.5,16.6,0.0,0.003,0.00015,0.0,0.5,2.0,14.166666666666666,66.4,0.0,Low,0,ยังไม่พบตัวชี้วัดที่เกินเกณฑ์เบื้องต้น,0.8215345892857144
semolina,601,1.8,0.3,121.6,0.0,21.2,6.5,0.0,0.097,0.00485,0.0,1.5,2.769230769230769,40.53333333333333,26.0,0.0,Low,0,ยังไม่พบตัวชี้วัดที่เกินเกณฑ์เบื้องต้น,0.8207658228021979
buckwheat flour,402,3.7,0.8,84.7,3.1,15.1,12.0,0.0,0.033,0.00165,0.0,4.0,5.6923076923076925,28.233333333333334,48.0,31.0,Low,0,ยังไม่พบตัวชี้วัดที่เกินเกณฑ์เบื้องต้น,0.8198310315934066
vegetable beef soup,128,2.0,0.6,9.6,0.0,18.1,4.4,8.8,1.1,0.055,2.9333333333333336,3.0,3.076923076923077,3.2,17.6,0.0,Low,0,ยังไม่พบตัวชี้วัดที่เกินเกณฑ์เบื้องต้น,0.8185701007326007
kamut cooked,251,1.6,0.0,52.4,0.0,11.1,6.7,0.0,0.038,0.0019,0.0,0.0,2.4615384615384617,17.466666666666665,26.8,0.0,Low,0,ยังไม่พบตัวชี้วัดที่เกินเกณฑ์เบื้องต้น,0.813702782967033
soy proteins isolate,96,1.0,0.1,2.1,0.0,22.8,1.6,0.0,0.3,0.015,0.0,0.5,1.5384615384615383,0.7000000000000001,6.4,0.0,Low,0,ยังไม่พบตัวชี้วัดที่เกินเกณฑ์เบื้องต้น,0.8082061813186814
corn pasta dry,375,2.2,0.3,83.2,0.0,7.8,11.6,0.0,0.027,0.0013499999999999,0.0,1.5,3.384615384615385,27.73333333333333,46.4,0.0,Low,0,ยังไม่พบตัวชี้วัดที่เกินเกณฑ์เบื้องต้น,0.8078195453296704
winged beans cooked,253,10.0,1.4,25.7,0.0,18.3,0.0,0.0,0.4,0.02,0.0,6.999999999999999,15.384615384615383,8.566666666666666,0.0,0.0,Low,0,ยังไม่พบตัวชี้วัดที่เกินเกณฑ์เบื้องต้น,0.8077868131868133
barley flour,511,2.4,0.5,110.3,1.2,15.5,14.9,0.0,0.062,0.0031,0.0,2.5,3.692307692307692,36.766666666666666,59.599999999999994,12.0,Low,0,ยังไม่พบตัวชี้วัดที่เกินเกณฑ์เบื้องต้น,0.8060344423076924
spelt cooked,246,1.6,0.0,51.3,0.0,10.7,7.6,0.0,0.041,0.00205,0.0,0.0,2.4615384615384617,17.099999999999998,30.4,0.0,Low,0,ยังไม่พบตัวชี้วัดที่เกินเกณฑ์เบื้องต้น,0.8058445151098901
cracker meal,440,2.0,0.3,93.0,0.4,10.7,3.0,0.0,0.078,0.0039,0.0,1.5,3.076923076923077,31.0,12.0,4.0,Low,0,ยังไม่พบตัวชี้วัดที่เกินเกณฑ์เบื้องต้น,0.8032152554945056
lima beans canned,190,0.4,0.095,35.9,0.0,11.9,11.6,0.0,0.8,0.04,0.0,0.475,0.6153846153846154,11.966666666666663,46.4,0.0,Low,0,ยังไม่พบตัวชี้วัดที่เกินเกณฑ์เบื้องต้น,0.8024060439560441
pigeon peas cooked,203,0.6,0.1,39.1,0.0,11.4,11.3,0.0,0.036,0.0017999999999999,0.0,0.5,0.923076923076923,13.033333333333331,45.2,0.0,Low,0,ยังไม่พบตัวชี้วัดที่เกินเกณฑ์เบื้องต้น,0.8015634230769233
teff cooked,255,1.6,0.0,50.0,0.0,9.8,7.1,0.0,0.053,0.00265,0.0,0.0,2.4615384615384617,16.666666666666664,28.4,0.0,Low,0,ยังไม่พบตัวชี้วัดที่เกินเกณฑ์เบื้องต้น,0.7997328722527474
soft pretzels,389,3.6,0.8,79.8,0.3,9.4,2.0,3.5,0.9,0.045,1.1666666666666667,4.0,5.538461538461538,26.6,8.0,3.0,Low,0,ยังไม่พบตัวชี้วัดที่เกินเกณฑ์เบื้องต้น,0.7959216575091577
beef flavored rice raw,657,2.3,0.0,139.1,0.0,19.8,2.9,0.0,2.4,0.12,0.0,0.0,3.5384615384615383,46.36666666666667,11.6,0.0,Low,0,ยังไม่พบตัวชี้วัดที่เกินเกณฑ์เบื้องต้น,0.794632967032967
chimichanga with beef,425,19.7,8.5,42.8,0.0,19.6,0.0,8.7,0.9,0.045,2.9,42.5,30.307692307692307,14.266666666666666,0.0,0.0,Low,0,ไขมันอิ่มตัวค่อนข้างสูง,0.7945553571428572
pasta cooked,301,2.4,0.3,57.3,0.0,11.8,0.0,75.9,0.073,0.00365,25.3,1.5,3.692307692307692,19.1,0.0,0.0,Low,0,โคเลสเตอรอลค่อนข้างสูง,0.7917803173076924
ham cheese sandwich,352,15.5,6.4,33.3,0.0,20.7,0.0,58.4,0.8,0.04,19.466666666666665,32.0,23.846153846153847,11.099999999999998,0.0,0.0,Low,0,ไขมันอิ่มตัวค่อนข้างสูง,0.7911404761904762
couscous dry,650,1.1,0.2,134.0,0.0,22.1,8.7,0.0,0.031,0.00155,0.0,1.0,1.6923076923076923,44.666666666666664,34.8,0.0,Low,0,ยังไม่พบตัวชี้วัดที่เกินเกณฑ์เบื้องต้น,0.7896174958791209
tuna canned,102,2.4,0.6,0.0,0.0,18.9,0.0,33.6,0.3,0.015,11.2,3.0,3.692307692307692,0.0,0.0,0.0,Low,0,ยังไม่พบตัวชี้วัดที่เกินเกณฑ์เบื้องต้น,0.7887309065934066
split peas cooked,227,0.8,0.1,40.2,5.7,16.3,16.3,0.0,0.5,0.025,0.0,0.5,1.2307692307692308,13.4,65.2,57.00000000000001,Low,0,ยังไม่พบตัวชี้วัดที่เกินเกณฑ์เบื้องต้น,0.7885460164835166
queen crab cooked,98,1.3,0.2,0.0,0.0,20.2,0.0,60.4,0.6,0.03,20.133333333333333,1.0,2.0,0.0,0.0,0.0,Low,0,โคเลสเตอรอลค่อนข้างสูง,0.7882750000000001
ham egg cheese sandwich,347,16.3,7.4,30.9,0.0,19.2,0.0,246.0,1.0,0.05,82.0,37.0,25.07692307692308,10.3,0.0,0.0,Low,0,โคเลสเตอรอลค่อนข้างสูง | ไขมันอิ่มตัวค่อนข้างสูง,0.7879107142857144
rye,571,2.8,0.3,128.2,1.7,17.5,25.5,0.0,0.078,0.0039,0.0,1.5,4.3076923076923075,42.73333333333333,102.0,17.0,Low,0,ยังไม่พบตัวชี้วัดที่เกินเกณฑ์เบื้องต้น,0.7846273434065936
tostada with beef cheese,315,16.3,10.4,22.8,0.0,19.0,0.0,40.8,0.9,0.045,13.599999999999998,52.0,25.07692307692308,7.6,0.0,0.0,Low,0,ไขมันอิ่มตัวค่อนข้างสูง,0.7831625000000001
cowpeas canned,185,1.3,0.3,32.7,0.0,11.4,7.9,0.0,0.7,0.0349999999999999,0.0,1.5,2.0,10.900000000000002,31.6,0.0,Low,0,ยังไม่พบตัวชี้วัดที่เกินเกณฑ์เบื้องต้น,0.7829517857142858
ostrich strip raw,108,2.4,0.8,0.0,0.0,20.1,0.0,62.1,0.086,0.0042999999999999,20.700000000000003,4.0,3.692307692307692,0.0,0.0,0.0,Low,0,โคเลสเตอรอลค่อนข้างสูง,0.7827397280219781
lupins cooked,193,4.8,0.6,15.4,0.0,25.8,4.6,0.0,0.4,0.02,0.0,3.0,7.384615384615384,5.133333333333334,18.4,0.0,Low,0,ยังไม่พบตัวชี้วัดที่เกินเกณฑ์เบื้องต้น,0.7822510989010989
beef liver cooked,130,3.6,1.2,3.5,0.0,19.8,0.0,269.3,0.068,0.0034,89.76666666666667,6.0,5.538461538461538,1.1666666666666667,0.0,0.0,Low,0,โคเลสเตอรอลค่อนข้างสูง,0.7802217527472528
mung beans cooked,212,0.8,0.2,38.7,4.0,14.2,15.4,0.0,0.083,0.00415,0.0,1.0,1.2307692307692308,12.9,61.6,40.0,Low,0,ยังไม่พบตัวชี้วัดที่เกินเกณฑ์เบื้องต้น,0.7793809629120879
cheese tortellini,332,7.8,3.9,50.8,1.0,14.6,2.1,45.4,0.4,0.02,15.133333333333333,19.5,12.0,16.933333333333334,8.4,10.0,Low,0,ยังไม่พบตัวชี้วัดที่เกินเกณฑ์เบื้องต้น,0.7792309523809524
enchirito with cheese beef beans,344,16.1,7.9,33.8,0.0,17.9,0.0,50.2,1.3,0.065,16.733333333333334,39.5,24.76923076923077,11.266666666666666,0.0,0.0,Low,0,ไขมันอิ่มตัวค่อนข้างสูง,0.7780005952380953
russet potato raw,292,0.3,0.06,66.7,2.3,7.9,4.8,0.0,0.068,0.0034,0.0,0.3,0.4615384615384615,22.233333333333334,19.2,23.0,Low,0,ยังไม่พบตัวชี้วัดที่เกินเกณฑ์เบื้องต้น,0.7776201043956045
ostrich leg raw,94,1.5,0.5,0.0,0.0,19.0,0.0,56.1,0.067,0.00335,18.7,2.5,2.307692307692308,0.0,0.0,0.0,Low,0,ยังไม่พบตัวชี้วัดที่เกินเกณฑ์เบื้องต้น,0.7771314684065933
flounder raw,114,3.1,0.7,0.0,0.0,20.2,0.0,73.4,0.5,0.025,24.46666666666667,3.4999999999999996,4.769230769230769,0.0,0.0,0.0,Low,0,โคเลสเตอรอลค่อนข้างสูง,0.7766861263736264
vegetarian fillets,247,15.3,2.4,7.7,0.7,19.6,5.2,0.0,0.4,0.02,0.0,12.0,23.53846153846154,2.566666666666667,20.8,6.999999999999999,Low,0,ยังไม่พบตัวชี้วัดที่เกินเกณฑ์เบื้องต้น,0.7754928571428572
succotash,213,1.5,0.3,46.8,0.0,9.7,0.0,0.0,0.5,0.025,0.0,1.5,2.307692307692308,15.6,0.0,0.0,Low,0,ยังไม่พบตัวชี้วัดที่เกินเกณฑ์เบื้องต้น,0.7754690934065935
sesame flour low fat,94,0.5,0.011,10.0,0.0,14.2,0.0,0.0,0.072,0.0035999999999999,0.0,0.0549999999999999,0.7692307692307693,3.3333333333333335,0.0,0.0,Low,0,ยังไม่พบตัวชี้วัดที่เกินเกณฑ์เบื้องต้น,0.775418054945055
cottonseed flour low fat,94,0.4,0.082,10.2,0.0,14.1,0.0,0.0,0.022,0.0011,0.0,0.41,0.6153846153846154,3.3999999999999995,0.0,0.0,Low,0,ยังไม่พบตัวชี้วัดที่เกินเกณฑ์เบื้องต้น,0.7753406510989012
ground pork raw,329,26.5,9.8,0.0,0.0,21.1,0.0,90.0,0.033,0.00165,30.0,49.00000000000001,40.76923076923077,0.0,0.0,0.0,Low,0,โคเลสเตอรอลค่อนข้างสูง | ไขมันอิ่มตัวค่อนข้างสูง,0.774237625
blue mussels raw,129,3.4,0.6,5.5,0.0,17.9,0.0,42.0,0.4,0.02,14.000000000000002,3.0,5.230769230769231,1.8333333333333333,0.0,0.0,Low,0,ยังไม่พบตัวชี้วัดที่เกินเกณฑ์เบื้องต้น,0.7730835164835165
cusk cooked,106,0.8,0.0,0.0,0.0,23.1,0.0,50.4,0.047,0.0023499999999999,16.799999999999997,0.0,1.2307692307692308,0.0,0.0,0.0,Low,0,ยังไม่พบตัวชี้วัดที่เกินเกณฑ์เบื้องต้น,0.7705730343406594
burbot cooked,104,0.9,0.2,0.0,0.0,22.3,0.0,69.3,0.1,0.005,23.1,1.0,1.3846153846153846,0.0,0.0,0.0,Low,0,โคเลสเตอรอลค่อนข้างสูง,0.7702564560439561
tofu raw,188,11.9,1.7,4.7,0.0,20.0,0.7,0.0,0.06,0.0029999999999999,0.0,8.5,18.307692307692307,1.5666666666666669,2.8,0.0,Low,0,ยังไม่พบตัวชี้วัดที่เกินเกณฑ์เบื้องต้น,0.7700983791208792
flounder cooked,109,3.0,0.7,0.0,0.0,19.4,0.0,71.1,0.5,0.025,23.7,3.4999999999999996,4.615384615384616,0.0,0.0,0.0,Low,0,โคเลสเตอรอลค่อนข้างสูง,0.7699828296703296
cusk raw,106,0.8,0.2,0.0,0.0,23.2,0.0,50.0,0.086,0.0042999999999999,16.666666666666664,1.0,1.2307692307692308,0.0,0.0,0.0,Low,0,ยังไม่พบตัวชี้วัดที่เกินเกณฑ์เบื้องต้น,0.7696417426739928
burbot raw,104,0.9,0.2,0.0,0.0,22.4,0.0,69.6,0.1,0.005,23.2,1.0,1.3846153846153846,0.0,0.0,0.0,Low,0,โคเลสเตอรอลค่อนข้างสูง,0.7690064560439561
rice bran,373,24.6,4.9,58.6,1.1,15.8,24.8,0.0,0.036,0.0017999999999999,0.0,24.500000000000004,37.84615384615385,19.53333333333333,99.2,11.000000000000002,Low,0,ยังไม่พบตัวชี้วัดที่เกินเกณฑ์เบื้องต้น,0.7678436428571429
millet flour,444,5.1,0.6,86.9,2.0,12.8,4.2,0.0,0.056,0.0028,0.0,3.0,7.846153846153846,28.96666666666667,16.8,20.0,Low,0,ยังไม่พบตัวชี้วัดที่เกินเกณฑ์เบื้องต้น,0.7674185604395605
ostrich round raw,99,2.0,0.7,0.0,0.0,18.7,0.0,60.4,0.074,0.0036999999999999,20.133333333333333,3.4999999999999996,3.076923076923077,0.0,0.0,0.0,Low,0,โคเลสเตอรอลค่อนข้างสูง,0.7672167554945055
lima beans cooked,216,0.7,0.2,39.3,5.5,14.7,13.2,0.0,0.012,0.0006,0.0,1.0,1.0769230769230769,13.099999999999998,52.8,55.00000000000001,Low,0,ยังไม่พบตัวชี้วัดที่เกินเกณฑ์เบื้องต้น,0.7665971483516485
japanese somen noodles cooked,231,0.3,0.006,48.5,0.0,7.0,0.0,0.0,0.3,0.015,0.0,0.03,0.4615384615384615,16.166666666666664,0.0,0.0,Low,0,ยังไม่พบตัวชี้วัดที่เกินเกณฑ์เบื้องต้น,0.7659259615384615
prunes stewed,316,0.7,0.085,83.2,0.0,3.4,0.0,0.0,0.039,0.00195,0.0,0.425,1.0769230769230769,27.73333333333333,0.0,0.0,Low,0,ยังไม่พบตัวชี้วัดที่เกินเกณฑ์เบื้องต้น,0.7649798804945055
ostrich tip raw,97,2.0,0.7,0.0,0.0,18.6,0.0,61.2,0.041,0.00205,20.4,3.4999999999999996,3.076923076923077,0.0,0.0,0.0,Low,0,โคเลสเตอรอลค่อนข้างสูง,0.7648362733516484
baby lima beans cooked,189,0.5,0.1,35.0,2.5,12.0,10.8,0.0,0.064,0.0031999999999999,0.0,0.5,0.7692307692307693,11.666666666666666,43.2,25.0,Low,0,ยังไม่พบตัวชี้วัดที่เกินเกณฑ์เบื้องต้น,0.7647067692307693
amaranth cooked,251,3.9,0.0,46.0,0.0,9.3,5.2,0.0,0.095,0.00475,0.0,0.0,6.0,15.333333333333332,20.8,0.0,Low,0,ยังไม่พบตัวชี้วัดที่เกินเกณฑ์เบื้องต้น,0.7646429464285716
ostrich tenderloin raw,105,2.7,1.0,0.0,0.0,18.8,0.0,68.0,0.005,0.00025,22.666666666666664,5.0,4.153846153846154,0.0,0.0,0.0,Low,0,โคเลสเตอรอลค่อนข้างสูง,0.7638442788461539
fava beans cooked,187,0.7,0.1,33.4,3.1,12.9,9.2,0.0,0.081,0.00405,0.0,0.5,1.0769230769230769,11.133333333333333,36.8,31.0,Low,0,ยังไม่พบตัวชี้วัดที่เกินเกณฑ์เบื้องต้น,0.7634998447802198
split pea soup with ham bacon,189,3.1,0.9,28.6,0.0,11.6,4.1,4.1,1.0,0.05,1.3666666666666665,4.5,4.769230769230769,9.533333333333331,16.4,0.0,Low,0,ยังไม่พบตัวชี้วัดที่เกินเกณฑ์เบื้องต้น,0.7634391025641026
mungo beans cooked,189,1.0,0.065,33.0,3.6,13.6,11.5,0.0,0.083,0.00415,0.0,0.325,1.5384615384615383,11.0,46.0,36.0,Low,0,ยังไม่พบตัวชี้วัดที่เกินเกณฑ์เบื้องต้น,0.7624304134615386
russet potato baked,290,0.4,0.1,64.1,3.2,7.9,6.9,0.0,0.084,0.0042,0.0,0.5,0.6153846153846154,21.366666666666664,27.6,32.0,Low,0,ยังไม่พบตัวชี้วัดที่เกินเกณฑ์เบื้องต้น,0.7618174010989012
ostrich fan raw,99,2.3,0.8,0.0,0.0,18.5,0.0,62.1,0.04,0.002,20.700000000000003,4.0,3.5384615384615383,0.0,0.0,0.0,Low,0,โคเลสเตอรอลค่อนข้างสูง,0.7612679670329672
tilapia cooked,111,2.3,0.8,0.0,0.0,22.8,0.0,49.6,0.011,0.00055,16.53333333333333,4.0,3.5384615384615383,0.0,0.0,0.0,Low,0,ยังไม่พบตัวชี้วัดที่เกินเกณฑ์เบื้องต้น,0.7605526515567766
corned beef hash with potatoes,387,24.2,10.2,21.9,0.8,20.6,2.6,75.5,1.0,0.05,25.166666666666664,51.0,37.230769230769226,7.3,10.4,8.0,Low,0,โคเลสเตอรอลค่อนข้างสูง | ไขมันอิ่มตัวค่อนข้างสูง,0.7589821428571429
ostrich top loin raw,101,2.5,1.0,0.0,0.0,18.4,0.0,63.8,0.073,0.00365,21.266666666666666,5.0,3.8461538461538463,0.0,0.0,0.0,Low,0,โคเลสเตอรอลค่อนข้างสูง,0.7588407568681319
tortilla,467,1.9,0.6,98.4,5.4,14.3,4.7,0.0,0.9,0.045,0.0,3.0,2.923076923076923,32.800000000000004,18.8,54.0,Low,0,ยังไม่พบตัวชี้วัดที่เกินเกณฑ์เบื้องต้น,0.7586322802197805
cornmeal whole grain,442,4.4,0.6,93.8,0.8,9.9,8.9,0.0,0.022,0.0011,0.0,3.0,6.76923076923077,31.266666666666666,35.6,8.0,Low,0,ยังไม่พบตัวชี้วัดที่เกินเกณฑ์เบื้องต้น,0.7584010906593407
meat extender,275,2.6,0.4,33.7,0.0,33.5,15.4,0.0,0.041,0.00205,0.0,2.0,4.0,11.233333333333334,61.6,0.0,Low,0,ยังไม่พบตัวชี้วัดที่เกินเกณฑ์เบื้องต้น,0.7583774821428572
corn flour white,414,4.2,0.6,87.3,1.8,9.6,7.3,0.0,0.036,0.0017999999999999,0.0,3.0,6.461538461538462,29.1,29.2,18.0,Low,0,ยังไม่พบตัวชี้วัดที่เกินเกณฑ์เบื้องต้น,0.7579535329670332
roquefort cheese,314,26.0,16.4,1.7,0.0,18.3,0.0,76.5,1.5,0.075,25.5,82.0,40.0,0.5666666666666667,0.0,0.0,Low,0,โคเลสเตอรอลค่อนข้างสูง | ไขมันอิ่มตัวค่อนข้างสูง,0.7576160714285715
sisymbrium seeds,235,3.4,0.7,43.1,0.0,9.0,0.0,0.0,0.047,0.0023499999999999,0.0,3.4999999999999996,5.230769230769231,14.366666666666667,0.0,0.0,Low,0,ยังไม่พบตัวชี้วัดที่เกินเกณฑ์เบื้องต้น,0.7575373200549451
wheat sprouted,214,1.4,0.2,45.9,0.0,8.1,1.2,0.0,0.026,0.0013,0.0,1.0,2.1538461538461537,15.3,4.8,0.0,Low,0,ยังไม่พบตัวชี้วัดที่เกินเกณฑ์เบื้องต้น,0.7573721181318682
breadnut tree seeds dried,587,2.7,0.7,127.0,0.0,13.8,23.8,0.0,0.091,0.00455,0.0,3.4999999999999996,4.153846153846154,42.333333333333336,95.2,0.0,Low,0,ยังไม่พบตัวชี้วัดที่เกินเกณฑ์เบื้องต้น,0.7558834574175826
prune plums dried,308,0.5,0.01,81.5,0.0,2.7,9.4,0.0,0.011,0.00055,0.0,0.05,0.7692307692307693,27.166666666666668,37.6,0.0,Low,0,ยังไม่พบตัวชี้วัดที่เกินเกณฑ์เบื้องต้น,0.7539766442307693
white wheat,657,3.3,0.5,145.7,0.8,21.7,23.4,0.0,0.094,0.0046999999999999,0.0,2.5,5.076923076923077,48.56666666666666,93.6,8.0,Low,0,ยังไม่พบตัวชี้วัดที่เกินเกณฑ์เบื้องต้น,0.7532092554945056
chimichanga with beef cheese,443,23.4,11.2,39.3,0.0,20.1,0.0,51.2,1.0,0.05,17.06666666666667,55.99999999999999,36.0,13.099999999999998,0.0,0.0,Low,0,ไขมันอิ่มตัวค่อนข้างสูง,0.7525654761904762
mock tender steak cooked,137,4.9,1.5,0.0,0.0,21.9,0.0,55.3,0.028,0.0014,18.433333333333337,7.5,7.538461538461538,0.0,0.0,0.0,Low,0,ยังไม่พบตัวชี้วัดที่เกินเกณฑ์เบื้องต้น,0.7519034194139195
tilapia raw,111,2.0,0.7,0.0,0.0,23.3,0.0,58.0,0.009,0.0004499999999999,19.333333333333332,3.4999999999999996,3.076923076923077,0.0,0.0,0.0,Low,0,ยังไม่พบตัวชี้วัดที่เกินเกณฑ์เบื้องต้น,0.7507649400183151
macaroni cooked,221,1.3,0.2,43.2,0.8,8.1,2.5,0.0,0.071,0.0035499999999999,0.0,1.0,2.0,14.400000000000002,10.0,8.0,Low,0,ยังไม่พบตัวชี้วัดที่เกินเกณฑ์เบื้องต้น,0.7505090892857144
sea bass raw,125,2.6,0.7,0.0,0.0,23.8,0.0,52.9,0.084,0.0042,17.633333333333333,3.4999999999999996,4.0,0.0,0.0,0.0,Low,0,ยังไม่พบตัวชี้วัดที่เกินเกณฑ์เบื้องต้น,0.7498137380952381
wild rice raw,571,1.7,0.2,119.8,4.0,23.6,9.9,0.0,0.051,0.00255,0.0,1.0,2.6153846153846154,39.93333333333333,39.6,40.0,Low,0,ยังไม่พบตัวชี้วัดที่เกินเกณฑ์เบื้องต้น,0.7490797760989012
pinto beans canned,197,1.3,0.3,36.4,2.4,11.0,11.0,0.0,0.6,0.03,0.0,1.5,2.0,12.133333333333333,44.0,24.0,Low,0,ยังไม่พบตัวชี้วัดที่เกินเกณฑ์เบื้องต้น,0.7488464285714287
white rice pasta raw,600,4.0,0.7,122.8,0.0,15.3,0.0,3.3,3.0,0.15,1.1,3.4999999999999996,6.153846153846154,40.93333333333333,0.0,0.0,Low,0,ยังไม่พบตัวชี้วัดที่เกินเกณฑ์เบื้องต้น,0.748364010989011
sea bass cooked,125,2.6,0.7,0.0,0.0,23.9,0.0,53.5,0.058,0.0029,17.833333333333336,3.4999999999999996,4.0,0.0,0.0,0.0,Low,0,ยังไม่พบตัวชี้วัดที่เกินเกณฑ์เบื้องต้น,0.7480734880952381
corn flour whole grain,422,4.5,0.6,89.9,0.7,8.1,8.5,0.0,0.033,0.00165,0.0,3.0,6.923076923076923,29.96666666666667,34.0,6.999999999999999,Low,0,ยังไม่พบตัวชี้วัดที่เกินเกณฑ์เบื้องต้น,0.747671690934066
corn flour yellow,422,4.5,0.6,89.9,0.7,8.1,8.5,0.0,0.04,0.002,0.0,3.0,6.923076923076923,29.96666666666667,34.0,6.999999999999999,Low,0,ยังไม่พบตัวชี้วัดที่เกินเกณฑ์เบื้องต้น,0.747669065934066
baked potato with cheese sauce bacon,451,25.9,10.1,44.4,0.0,18.4,0.0,29.9,1.0,0.05,9.966666666666669,50.5,39.84615384615384,14.8,0.0,0.0,Low,0,ไขมันอิ่มตัวค่อนข้างสูง,0.7469940476190476
chili without beans canned,283,17.0,5.4,14.6,0.0,18.1,0.0,50.4,0.9,0.045,16.799999999999997,27.0,26.153846153846157,4.866666666666666,0.0,0.0,Low,0,ยังไม่พบตัวชี้วัดที่เกินเกณฑ์เบื้องต้น,0.7456267857142859
whiting cooked,84,1.2,0.3,0.0,0.0,16.9,0.0,60.5,0.018,0.0008999999999999,20.166666666666664,1.5,1.846153846153846,0.0,0.0,0.0,Low,0,โคเลสเตอรอลค่อนข้างสูง,0.7453970961538462
edamame cooked,189,8.1,1.0,13.8,3.4,18.5,8.1,0.0,0.034,0.0017,0.0,5.0,12.461538461538462,4.6,32.4,34.0,Low,0,ยังไม่พบตัวชี้วัดที่เกินเกณฑ์เบื้องต้น,0.7447757115384617
chicken flavored rice raw,601,2.2,0.7,127.3,4.0,17.9,2.0,0.0,2.1,0.105,0.0,3.4999999999999996,3.384615384615385,42.43333333333334,8.0,40.0,Low,0,ยังไม่พบตัวชี้วัดที่เกินเกณฑ์เบื้องต้น,0.7441493131868132
whiting raw,83,1.2,0.2,0.0,0.0,16.8,0.0,61.6,0.016,0.0007999999999999,20.533333333333335,1.0,1.846153846153846,0.0,0.0,0.0,Low,0,โคเลสเตอรอลค่อนข้างสูง,0.7435764175824177
carignane red wine,370,0.0,0.0,12.0,0.0,0.4,0.0,0.0,0.0,0.0,0.0,0.0,0.0,4.0,0.0,0.0,Low,0,ยังไม่พบตัวชี้วัดที่เกินเกณฑ์เบื้องต้น,0.7435714285714287
egg substitute,115,0.0,0.0,4.8,4.8,24.0,0.0,0.0,0.5,0.025,0.0,0.0,0.0,1.6,0.0,48.0,Low,0,ยังไม่พบตัวชี้วัดที่เกินเกณฑ์เบื้องต้น,0.7435267857142859
lobster raw,116,1.1,0.3,0.0,0.0,24.8,0.0,190.5,0.6,0.03,63.5,1.5,1.6923076923076923,0.0,0.0,0.0,Low,0,โคเลสเตอรอลค่อนข้างสูง,0.7433684065934065
cottage cheese nonfat,104,0.4,0.2,9.7,2.7,15.0,0.0,10.2,0.5,0.025,3.3999999999999995,1.0,0.6153846153846154,3.2333333333333334,0.0,27.0,Low,0,ยังไม่พบตัวชี้วัดที่เกินเกณฑ์เบื้องต้น,0.7431256868131868
chickpea flour,356,6.2,0.6,53.2,10.0,20.6,9.9,0.0,0.05,0.0025,0.0,3.0,9.538461538461538,17.733333333333334,39.6,100.0,Medium,1,น้ำตาลถึงหรือเกิน 10 กรัมต่อมื้อ,0.742514217032967
ostrich tip cooked,123,2.2,0.9,0.0,0.0,24.2,0.0,72.3,0.086,0.0042999999999999,24.1,4.5,3.384615384615385,0.0,0.0,0.0,Low,0,โคเลสเตอรอลค่อนข้างสูง,0.7423688489010989
octopus cooked,139,1.8,0.4,3.7,0.0,25.3,0.0,81.6,0.4,0.02,27.199999999999996,2.0,2.769230769230769,1.2333333333333334,0.0,0.0,Low,0,โคเลสเตอรอลค่อนข้างสูง,0.7422593406593407
mullet raw,139,4.5,1.3,0.0,0.0,23.0,0.0,58.3,0.098,0.0049,19.433333333333337,6.5,6.923076923076923,0.0,0.0,0.0,Low,0,ยังไม่พบตัวชี้วัดที่เกินเกณฑ์เบื้องต้น,0.7413854111721612
ostrich leg cooked,120,1.6,0.6,0.0,0.0,24.7,0.0,62.1,0.016,0.0007999999999999,20.700000000000003,3.0,2.4615384615384617,0.0,0.0,0.0,Low,0,โคเลสเตอรอลค่อนข้างสูง,0.7413538901098901
quinoa dry,221,3.6,0.4,38.5,0.0,8.5,4.2,0.0,0.026,0.0013,0.0,2.0,5.538461538461538,12.833333333333332,16.8,0.0,Low,0,ยังไม่พบตัวชี้วัดที่เกินเกณฑ์เบื้องต้น,0.7409875027472528
mullet cooked,140,4.5,1.3,0.0,0.0,23.1,0.0,58.6,0.001,5e-05,19.53333333333333,6.5,6.923076923076923,0.0,0.0,0.0,Low,0,ยังไม่พบตัวชี้วัดที่เกินเกณฑ์เบื้องต้น,0.7404932147435898
tripe soup,148,5.2,2.1,8.1,0.0,17.2,0.0,118.0,0.8,0.04,39.33333333333333,10.500000000000002,8.0,2.7,0.0,0.0,Low,0,โคเลสเตอรอลค่อนข้างสูง,0.7392714285714286
biscuit with egg steak,410,28.4,8.6,21.3,0.0,17.9,0.0,272.3,0.9,0.045,90.76666666666668,43.0,43.69230769230769,7.1000000000000005,0.0,0.0,Low,0,โคเลสเตอรอลค่อนข้างสูง | ไขมันอิ่มตัวค่อนข้างสูง,0.7391267857142858
egg cheese sandwich,340,19.4,6.6,25.9,0.0,15.6,0.0,290.5,0.8,0.04,96.83333333333334,32.99999999999999,29.846153846153843,8.633333333333333,0.0,0.0,Low,0,โคเลสเตอรอลค่อนข้างสูง | ไขมันอิ่มตัวค่อนข้างสูง,0.7389857142857144
chicken breast cooked,114,4.5,1.3,0.0,0.0,17.3,0.0,48.7,0.058,0.0029,16.233333333333334,6.5,6.923076923076923,0.0,0.0,0.0,Low,0,ยังไม่พบตัวชี้วัดที่เกินเกณฑ์เบื้องต้น,0.7388646968864468
ostrich top loin cooked,132,3.3,1.1,0.0,0.0,23.9,0.0,79.1,0.029,0.00145,26.366666666666667,5.500000000000001,5.076923076923077,0.0,0.0,0.0,Low,0,โคเลสเตอรอลค่อนข้างสูง,0.7385907733516484
baked beans,310,10.3,3.9,43.3,0.0,11.1,11.0,10.0,0.8,0.04,3.3333333333333335,19.5,15.846153846153848,14.433333333333332,44.0,0.0,Low,0,ยังไม่พบตัวชี้วัดที่เกินเกณฑ์เบื้องต้น,0.7384133699633699
sorghum flour,437,4.0,0.6,93.7,2.3,9.5,8.0,0.0,0.023,0.00115,0.0,3.0,6.153846153846154,31.233333333333334,32.0,23.0,Low,0,ยังไม่พบตัวชี้วัดที่เกินเกณฑ์เบื้องต้น,0.7383732431318681
refried red beans,336,16.1,2.2,36.0,0.0,11.7,11.0,0.0,0.9,0.045,0.0,11.000000000000002,24.76923076923077,12.0,44.0,0.0,Low,0,ยังไม่พบตัวชี้วัดที่เกินเกณฑ์เบื้องต้น,0.7379125000000001
bacon meatless,446,42.5,6.7,9.1,0.0,15.4,3.7,0.0,2.1,0.105,0.0,33.5,65.38461538461539,3.033333333333333,14.800000000000002,0.0,Low,0,ไขมันอิ่มตัวค่อนข้างสูง,0.7368553571428572
pork sirloin chops cooked,140,4.5,1.5,0.0,0.0,23.3,0.0,65.6,0.001,5e-05,21.866666666666664,7.5,6.923076923076923,0.0,0.0,0.0,Low,0,โคเลสเตอรอลค่อนข้างสูง,0.736826548076923
hotdog,383,23.0,8.1,28.5,0.0,16.4,0.0,69.8,1.1,0.055,23.266666666666666,40.5,35.38461538461539,9.5,0.0,0.0,Low,0,โคเลสเตอรอลค่อนข้างสูง | ไขมันอิ่มตัวค่อนข้างสูง,0.7357303571428572
chinook salmon smoked,159,5.9,1.3,0.0,0.0,24.9,0.0,31.3,1.1,0.055,10.433333333333334,6.5,9.076923076923077,0.0,0.0,0.0,Low,0,ยังไม่พบตัวชี้วัดที่เกินเกณฑ์เบื้องต้น,0.7350343864468865
sorghum,651,6.3,0.9,143.3,0.0,21.7,12.1,0.0,0.045,0.00225,0.0,4.5,9.692307692307692,47.766666666666666,48.4,0.0,Low,0,ยังไม่พบตัวชี้วัดที่เกินเกณฑ์เบื้องต้น,0.7340408173076924
beef mushroom soup,186,7.3,3.7,15.9,0.0,14.0,0.6,15.3,2.2,0.11,5.1000000000000005,18.5,11.23076923076923,5.3,2.4,0.0,Low,0,ยังไม่พบตัวชี้วัดที่เกินเกณฑ์เบื้องต้น,0.7334799450549451
crispy chicken thigh kentucky fried chicken,163,9.1,2.5,0.0,0.0,20.4,0.0,107.4,0.5,0.025,35.800000000000004,12.5,13.999999999999998,0.0,0.0,0.0,Low,0,โคเลสเตอรอลค่อนข้างสูง,0.7329553571428573
chestnuts raw,309,3.3,0.6,66.0,0.0,3.5,11.7,0.0,0.02,0.001,0.0,3.0,5.076923076923077,22.0,46.8,0.0,Low,0,ยังไม่พบตัวชี้วัดที่เกินเกณฑ์เบื้องต้น,0.7322370054945055
pork tenderloin cooked,153,6.2,2.2,0.0,0.0,22.7,0.0,71.4,0.091,0.00455,23.8,11.000000000000002,9.538461538461538,0.0,0.0,0.0,Low,0,โคเลสเตอรอลค่อนข้างสูง,0.73210598489011
porterhouse steak cooked,235,16.4,6.2,0.0,0.0,20.4,0.0,57.0,0.085,0.00425,19.0,31.0,25.23076923076923,0.0,0.0,0.0,Low,0,ไขมันอิ่มตัวค่อนข้างสูง,0.7317538392857144
cisco raw,77,1.5,0.3,0.0,0.0,15.0,0.0,39.5,0.042,0.0021,13.166666666666666,1.5,2.307692307692308,0.0,0.0,0.0,Low,0,ยังไม่พบตัวชี้วัดที่เกินเกณฑ์เบื้องต้น,0.7312598910256409
whelk cooked,78,0.2,0.003,4.4,0.0,13.5,0.0,36.8,0.1,0.005,12.266666666666666,0.015,0.3076923076923077,1.4666666666666668,0.0,0.0,Low,0,ยังไม่พบตัวชี้วัดที่เกินเกณฑ์เบื้องต้น,0.7303095695970696
scotch broth,197,6.4,2.7,23.0,0.0,12.1,3.0,11.9,2.1,0.105,3.966666666666667,13.5,9.846153846153848,7.666666666666666,12.0,0.0,Low,0,ยังไม่พบตัวชี้วัดที่เกินเกณฑ์เบื้องต้น,0.7292711080586081
pork skin,154,8.9,3.2,0.0,0.0,17.3,0.0,26.9,0.5,0.025,8.966666666666665,16.0,13.692307692307692,0.0,0.0,0.0,Low,0,ยังไม่พบตัวชี้วัดที่เกินเกณฑ์เบื้องต้น,0.7289535256410257
chicken mushroom chowder soup,431,23.7,6.2,38.3,0.0,16.2,7.5,32.3,1.8,0.09,10.766666666666666,31.0,36.46153846153846,12.766666666666666,30.0,0.0,Low,0,ไขมันอิ่มตัวค่อนข้างสูง,0.7286226190476192
beef flavored rice cooked,319,7.9,2.1,54.4,0.0,7.0,1.5,0.0,0.9,0.045,0.0,10.500000000000002,12.153846153846152,18.133333333333333,6.0,0.0,Low,0,ยังไม่พบตัวชี้วัดที่เกินเกณฑ์เบื้องต้น,0.7282943681318682
rainbow trout cooked,119,5.2,1.2,0.0,0.0,16.9,0.0,49.7,0.041,0.00205,16.56666666666667,6.0,8.0,0.0,0.0,0.0,Low,0,ยังไม่พบตัวชี้วัดที่เกินเกณฑ์เบื้องต้น,0.7278179583333333
florida pompano raw,184,10.6,3.9,0.0,0.0,20.7,0.0,56.0,0.081,0.00405,18.666666666666668,19.5,16.307692307692307,0.0,0.0,0.0,Low,0,ยังไม่พบตัวชี้วัดที่เกินเกณฑ์เบื้องต้น,0.7273881231684982
meatless chicken fried,304,16.6,1.5,11.1,0.0,27.7,5.6,0.0,0.5,0.025,0.0,7.5,25.538461538461544,3.7,22.4,0.0,Low,0,ยังไม่พบตัวชี้วัดที่เกินเกณฑ์เบื้องต้น,0.7272767857142858
ground bison raw,124,6.1,2.5,0.099,0.0,17.2,0.0,46.8,0.042,0.0021,15.6,12.5,9.384615384615383,0.033,0.0,0.0,Low,0,ยังไม่พบตัวชี้วัดที่เกินเกณฑ์เบื้องต้น,0.7264567774725276
crispy chicken sandwich,350,17.6,3.3,33.2,3.9,14.8,0.0,0.0,0.7,0.0349999999999999,0.0,16.499999999999996,27.07692307692308,11.066666666666668,0.0,39.0,Low,0,ยังไม่พบตัวชี้วัดที่เกินเกณฑ์เบื้องต้น,0.7262375000000001
florida pompano cooked,186,10.7,4.0,0.0,0.0,20.8,0.0,56.3,0.05,0.0025,18.766666666666666,20.0,16.46153846153846,0.0,0.0,0.0,Low,0,ยังไม่พบตัวชี้วัดที่เกินเกณฑ์เบื้องต้น,0.7258887591575091
popover dry mix,631,7.3,1.7,120.7,0.0,17.7,0.0,0.0,1.5,0.075,0.0,8.5,11.23076923076923,40.233333333333334,0.0,0.0,Low,0,ยังไม่พบตัวชี้วัดที่เกินเกณฑ์เบื้องต้น,0.7258853021978022
alaska king crab cooked,130,2.1,0.2,0.0,0.0,25.9,0.0,71.0,1.4,0.0699999999999999,23.666666666666668,1.0,3.230769230769231,0.0,0.0,0.0,Low,0,โคเลสเตอรอลค่อนข้างสูง,0.7257799450549451
greek yogurt,100,0.7,0.2,6.1,5.5,17.3,0.0,8.5,0.081,0.00405,2.833333333333333,1.0,1.0769230769230769,2.033333333333333,0.0,55.00000000000001,Low,0,ยังไม่พบตัวชี้วัดที่เกินเกณฑ์เบื้องต้น,0.7257022257326008
rice pilaf cooked,352,8.8,1.8,61.1,0.6,7.0,1.4,0.0,1.0,0.05,0.0,9.0,13.53846153846154,20.366666666666667,5.6,6.0,Low,0,ยังไม่พบตัวชี้วัดที่เกินเกณฑ์เบื้องต้น,0.7254436813186814
ostrich strip cooked,139,3.6,1.5,0.0,0.0,25.0,0.0,82.5,0.034,0.0017,27.500000000000004,7.5,5.538461538461538,0.0,0.0,0.0,Low,0,โคเลสเตอรอลค่อนข้างสูง,0.72537735989011
abalone,89,0.6,0.1,5.1,0.0,14.5,0.0,72.3,0.3,0.015,24.1,0.5,0.923076923076923,1.6999999999999995,0.0,0.0,Low,0,โคเลสเตอรอลค่อนข้างสูง,0.725071565934066
turkey bacon cooked,313,22.9,6.8,2.5,0.0,24.3,0.0,80.4,1.9,0.095,26.8,34.0,35.230769230769226,0.8333333333333334,0.0,0.0,Low,0,โคเลสเตอรอลค่อนข้างสูง | ไขมันอิ่มตัวค่อนข้างสูง,0.724394642857143
queso seco cheese,315,23.6,13.3,2.0,0.5,23.8,0.0,75.7,1.8,0.09,25.233333333333334,66.5,36.30769230769231,0.6666666666666667,0.0,5.0,Low,0,โคเลสเตอรอลค่อนข้างสูง | ไขมันอิ่มตัวค่อนข้างสูง,0.7243250000000001
trout cooked,118,5.3,0.9,0.0,0.0,16.5,0.0,45.9,0.027,0.0013499999999999,15.3,4.5,8.153846153846153,0.0,0.0,0.0,Low,0,ยังไม่พบตัวชี้วัดที่เกินเกณฑ์เบื้องต้น,0.7242646002747254
trout raw,117,5.2,0.9,0.0,0.0,16.4,0.0,45.8,0.051,0.00255,15.266666666666664,4.5,8.0,0.0,0.0,0.0,Low,0,ยังไม่พบตัวชี้วัดที่เกินเกณฑ์เบื้องต้น,0.7236713511904762
safflower seed meal,97,0.7,0.029,13.8,0.0,10.1,0.0,0.0,0.006,0.0003,0.0,0.145,1.0769230769230769,4.6,0.0,0.0,Low,0,ยังไม่พบตัวชี้วัดที่เกินเกณฑ์เบื้องต้น,0.7235993983516484
spinach spaghetti cooked,182,0.9,0.1,36.6,0.0,6.4,0.0,0.0,0.061,0.0030499999999999,0.0,0.5,1.3846153846153846,12.2,0.0,0.0,Low,0,ยังไม่พบตัวชี้วัดที่เกินเกณฑ์เบื้องต้น,0.7235925096153848
blue crab cooked,71,0.6,0.2,0.0,0.0,15.2,0.0,82.5,0.3,0.015,27.500000000000004,1.0,0.923076923076923,0.0,0.0,0.0,Low,0,โคเลสเตอรอลค่อนข้างสูง,0.7235358516483517
queso fresco cheese,365,29.1,15.8,3.6,2.8,22.1,0.0,84.2,0.9,0.045,28.066666666666663,79.0,44.769230769230774,1.2,0.0,27.999999999999996,Low,0,โคเลสเตอรอลค่อนข้างสูง | ไขมันอิ่มตัวค่อนข้างสูง,0.7228410714285715
beef top blade cooked,184,10.0,3.3,0.0,0.0,21.9,0.0,51.9,0.002,0.0001,17.299999999999997,16.499999999999996,15.384615384615383,0.0,0.0,0.0,Low,0,ยังไม่พบตัวชี้วัดที่เกินเกณฑ์เบื้องต้น,0.7227574917582419
millet cooked,207,1.7,0.3,41.2,0.2,6.1,2.3,0.0,0.046,0.0023,0.0,1.5,2.6153846153846154,13.733333333333334,9.2,2.0,Low,0,ยังไม่พบตัวชี้วัดที่เกินเกณฑ์เบื้องต้น,0.7219030796703297
beef shoulder steak grilled,155,5.8,2.5,0.0,0.0,24.0,0.0,68.9,0.014,0.0007,22.96666666666667,12.5,8.923076923076923,0.0,0.0,0.0,Low,0,โคเลสเตอรอลค่อนข้างสูง,0.7216431016483517
veal liver cooked,154,5.0,1.6,3.0,0.0,22.7,0.0,408.8,0.046,0.0023,136.26666666666668,8.0,7.6923076923076925,1.0,0.0,0.0,Medium,1,โคเลสเตอรอลค่อนข้างสูง,0.7215404423076924
triticale,645,4.0,0.7,138.5,0.0,25.1,0.0,0.0,0.049,0.00245,0.0,3.4999999999999996,6.153846153846154,46.166666666666664,0.0,0.0,Low,0,ยังไม่พบตัวชี้วัดที่เกินเกณฑ์เบื้องต้น,0.7215063502747253
mackerel raw,230,15.6,3.6,0.0,0.0,20.8,0.0,78.4,0.1,0.005,26.133333333333336,18.0,24.0,0.0,0.0,0.0,Low,0,โคเลสเตอรอลค่อนข้างสูง,0.7213910714285715
chicken wing roasted,216,14.3,4.2,0.0,0.0,20.2,0.0,119.9,0.039,0.00195,39.96666666666667,21.000000000000004,22.0,0.0,0.0,0.0,Low,0,โคเลสเตอรอลค่อนข้างสูง,0.7209139464285714
mackerel cooked,231,15.7,3.7,0.0,0.0,21.0,0.0,66.0,0.064,0.0031999999999999,22.0,18.5,24.153846153846153,0.0,0.0,0.0,Low,0,โคเลสเตอรอลค่อนข้างสูง,0.719476
bread crumbs,427,5.7,1.3,77.7,6.7,14.4,4.9,0.0,0.8,0.04,0.0,6.5,8.76923076923077,25.9,19.6,67.0,Low,0,ยังไม่พบตัวชี้วัดที่เกินเกณฑ์เบื้องต้น,0.7194307692307693
couscous cooked,176,0.3,0.091,36.5,0.2,6.0,2.2,0.0,0.054,0.0026999999999999,0.0,0.455,0.4615384615384615,12.166666666666668,8.8,2.0,Low,0,ยังไม่พบตัวชี้วัดที่เกินเกณฑ์เบื้องต้น,0.7190896401098902
macaroni cheese,310,9.4,3.1,43.7,3.0,12.6,2.3,15.1,0.9,0.045,5.033333333333333,15.5,14.461538461538462,14.566666666666666,9.2,30.0,Low,0,ยังไม่พบตัวชี้วัดที่เกินเกณฑ์เบื้องต้น,0.7182604853479854
ground ostrich raw,180,9.5,2.4,0.0,0.0,22.0,0.0,77.4,0.021,0.00105,25.8,12.0,14.615384615384617,0.0,0.0,0.0,Low,0,โคเลสเตอรอลค่อนข้างสูง,0.7182338832417583
sardines in tomato sauce canned,165,9.3,2.4,0.5,0.4,18.6,0.009,54.3,0.4,0.02,18.1,12.0,14.30769230769231,0.1666666666666666,0.036,4.0,Low,0,ยังไม่พบตัวชี้วัดที่เกินเกณฑ์เบื้องต้น,0.7180780219780221
burrito with beans cheese,379,11.2,4.3,57.8,3.2,13.6,7.8,9.3,1.0,0.05,3.1000000000000005,21.5,17.23076923076923,19.266666666666666,31.2,32.0,Low,0,ยังไม่พบตัวชี้วัดที่เกินเกณฑ์เบื้องต้น,0.7180728021978022
chickpeas cooked,269,4.2,0.4,45.0,7.9,14.5,12.5,0.0,0.08,0.004,0.0,2.0,6.461538461538462,15.0,50.0,79.0,Low,0,ยังไม่พบตัวชี้วัดที่เกินเกณฑ์เบื้องต้น,0.7179727472527473
whole wheat macaroni cooked,174,0.8,0.1,37.2,1.1,7.5,3.9,0.0,0.057,0.00285,0.0,0.5,1.2307692307692308,12.400000000000002,15.6,11.000000000000002,Low,0,ยังไม่พบตัวชี้วัดที่เกินเกณฑ์เบื้องต้น,0.7174264271978023
whole wheat spaghetti cooked,174,0.8,0.1,37.2,1.1,7.5,6.3,0.0,0.091,0.00455,0.0,0.5,1.2307692307692308,12.400000000000002,25.2,11.000000000000002,Low,0,ยังไม่พบตัวชี้วัดที่เกินเกณฑ์เบื้องต้น,0.7174136771978022
oat bran bagel,176,0.8,0.1,36.8,1.1,7.4,2.5,0.0,0.4,0.02,0.0,0.5,1.2307692307692308,12.266666666666666,10.0,11.000000000000002,Low,0,ยังไม่พบตัวชี้วัดที่เกินเกณฑ์เบื้องต้น,0.7171906593406594
ground turkey raw,169,8.7,2.3,0.0,0.0,22.4,0.0,78.7,0.047,0.0023499999999999,26.233333333333334,11.5,13.384615384615383,0.0,0.0,0.0,Low,0,โคเลสเตอรอลค่อนข้างสูง,0.7161691881868133
white rice cooked,205,0.4,0.1,44.5,0.015,4.3,0.6,0.0,0.077,0.00385,0.0,0.5,0.6153846153846154,14.833333333333334,2.4,0.15,Low,0,ยังไม่พบตัวชี้วัดที่เกินเกณฑ์เบื้องต้น,0.7160235975274727
tomato beef noodle soup,281,8.6,3.2,42.3,0.0,8.9,3.0,7.5,1.8,0.09,2.5,16.0,13.23076923076923,14.099999999999998,12.0,0.0,Low,0,ยังไม่พบตัวชี้วัดที่เกินเกณฑ์เบื้องต้น,0.7156656593406594
spaghetti with meat sauce,255,2.9,1.0,43.1,7.4,14.3,5.1,17.0,0.7,0.0349999999999999,5.666666666666666,5.0,4.461538461538462,14.366666666666667,20.4,74.0,Low,0,ยังไม่พบตัวชี้วัดที่เกินเกณฑ์เบื้องต้น,0.7155735805860807
rainbow trout raw,111,4.9,1.1,0.0,0.0,15.8,0.0,46.6,0.022,0.0011,15.533333333333337,5.500000000000001,7.538461538461538,0.0,0.0,0.0,Low,0,ยังไม่พบตัวชี้วัดที่เกินเกณฑ์เบื้องต้น,0.7155485265567766
pastrami beef,104,4.1,1.9,0.3,0.08,15.5,0.0,48.3,0.8,0.04,16.1,9.5,6.3076923076923075,0.1,0.0,0.8,Low,0,ยังไม่พบตัวชี้วัดที่เกินเกณฑ์เบื้องต้น,0.7141208791208792
cassava,330,0.6,0.2,78.4,3.5,2.8,3.7,0.0,0.099,0.00495,0.0,1.0,0.923076923076923,26.133333333333336,14.800000000000002,35.0,Low,0,ยังไม่พบตัวชี้วัดที่เกินเกณฑ์เบื้องต้น,0.7141112266483518
raisins seeded,488,0.9,0.3,129.5,0.0,4.2,11.2,0.0,0.098,0.0049,0.0,1.5,1.3846153846153846,43.166666666666664,44.8,0.0,Low,0,ยังไม่พบตัวชี้วัดที่เกินเกณฑ์เบื้องต้น,0.7132214917582418
ground ostrich cooked,163,6.6,1.7,0.0,0.0,24.3,0.0,77.2,0.099,0.00495,25.733333333333334,8.5,10.153846153846152,0.0,0.0,0.0,Low,0,โคเลสเตอรอลค่อนข้างสูง,0.713201885989011
bulgur dry,171,0.7,0.1,37.9,0.2,6.1,9.2,0.0,0.071,0.0035499999999999,0.0,0.5,1.0769230769230769,12.633333333333333,36.8,2.0,Low,0,ยังไม่พบตัวชี้วัดที่เกินเกณฑ์เบื้องต้น,0.7128607376373627
quinoa cooked,222,3.6,0.4,39.4,1.6,8.1,5.2,0.0,0.026,0.0013,0.0,2.0,5.538461538461538,13.133333333333333,20.8,16.0,Low,0,ยังไม่พบตัวชี้วัดที่เกินเกณฑ์เบื้องต้น,0.7125589313186813
white rice raw,675,1.2,0.3,147.9,0.2,13.2,2.4,0.0,0.081,0.00405,0.0,1.5,1.846153846153846,49.3,9.6,2.0,Low,0,ยังไม่พบตัวชี้วัดที่เกินเกณฑ์เบื้องต้น,0.7124091854395606
prunes,237,0.5,0.057,62.3,0.0,2.6,0.0,0.0,0.076,0.0038,0.0,0.285,0.7692307692307693,20.766666666666666,0.0,0.0,Low,0,ยังไม่พบตัวชี้วัดที่เกินเกณฑ์เบื้องต้น,0.7121308406593407
white rice steamed,199,0.4,0.0,44.7,0.0,4.2,1.2,0.0,0.009,0.0004499999999999,0.0,0.0,0.6153846153846154,14.900000000000002,4.8,0.0,Low,0,ยังไม่พบตัวชี้วัดที่เกินเกณฑ์เบื้องต้น,0.7115955260989011
bass cooked,91,2.9,0.6,0.0,0.0,15.0,0.0,53.9,0.078,0.0039,17.96666666666667,3.0,4.461538461538462,0.0,0.0,0.0,Low,0,ยังไม่พบตัวชี้วัดที่เกินเกณฑ์เบื้องต้น,0.7110925448717949
thyme dried,276,7.4,2.7,63.9,1.7,9.1,37.0,0.0,0.016,0.0007999999999999,0.0,13.5,11.384615384615383,21.3,148.0,17.0,Low,0,ยังไม่พบตัวชี้วัดที่เกินเกณฑ์เบื้องต้น,0.7105736703296704
prunes canned,246,0.5,0.072,65.1,0.0,2.0,8.9,0.0,0.044,0.0022,0.0,0.36,0.7692307692307693,21.699999999999996,35.6,0.0,Low,0,ยังไม่พบตัวชี้วัดที่เกินเกณฑ์เบื้องต้น,0.7097856978021979
bass raw,90,2.9,0.6,0.0,0.0,14.9,0.0,53.7,0.055,0.00275,17.900000000000002,3.0,4.461538461538462,0.0,0.0,0.0,Low,0,ยังไม่พบตัวชี้วัดที่เกินเกณฑ์เบื้องต้น,0.7094464079670331
sucker cooked,148,3.7,0.7,0.0,0.0,26.6,0.0,65.7,0.019,0.00095,21.9,3.4999999999999996,5.6923076923076925,0.0,0.0,0.0,Low,0,โคเลสเตอรอลค่อนข้างสูง,0.7093719958791209
turkey and gravy,161,6.3,2.0,11.1,0.0,14.1,0.0,43.2,1.3,0.065,14.400000000000002,10.0,9.692307692307692,3.7,0.0,0.0,Low,0,ยังไม่พบตัวชี้วัดที่เกินเกณฑ์เบื้องต้น,0.7090701923076923
queso blanco cheese,366,28.7,16.1,3.0,2.1,24.0,0.0,82.6,0.8,0.04,27.53333333333333,80.5,44.15384615384615,1.0,0.0,21.000000000000004,Low,0,โคเลสเตอรอลค่อนข้างสูง | ไขมันอิ่มตัวค่อนข้างสูง,0.7090571428571428
rice flour white,578,2.2,0.6,126.6,0.2,9.4,3.8,0.0,0.0,0.0,0.0,3.0,3.384615384615385,42.2,15.2,2.0,Low,0,ยังไม่พบตัวชี้วัดที่เกินเกณฑ์เบื้องต้น,0.7088296703296704
ham raw,266,18.2,6.0,0.046,0.0,23.8,0.0,54.6,1.5,0.075,18.2,30.0,27.999999999999996,0.0153333333333333,0.0,0.0,Low,0,ไขมันอิ่มตัวค่อนข้างสูง,0.7084375
parboiled white rice cooked,194,0.6,0.1,41.2,0.2,4.6,1.4,0.0,0.088,0.0044,0.0,0.5,0.923076923076923,13.733333333333334,5.6,2.0,Low,0,ยังไม่พบตัวชี้วัดที่เกินเกณฑ์เบื้องต้น,0.708401065934066
sucker raw,146,3.7,0.7,0.0,0.0,26.6,0.0,65.2,0.0,0.0,21.733333333333334,3.4999999999999996,5.6923076923076925,0.0,0.0,0.0,Low,0,โคเลสเตอรอลค่อนข้างสูง,0.7082362637362638
chicken rice soup,127,3.2,1.0,13.0,1.4,12.3,1.0,12.0,0.9,0.045,4.0,5.0,4.923076923076923,4.333333333333334,4.0,13.999999999999998,Low,0,ยังไม่พบตัวชี้วัดที่เกินเกณฑ์เบื้องต้น,0.7080608516483518
mammy apple mamey,431,4.2,1.2,105.8,0.0,4.2,25.4,0.0,0.1,0.005,0.0,6.0,6.461538461538462,35.266666666666666,101.6,0.0,Low,0,ยังไม่พบตัวชี้วัดที่เกินเกณฑ์เบื้องต้น,0.7077152472527473
dungeness crab cooked,140,1.6,0.2,1.2,0.0,28.3,0.0,96.5,0.5,0.025,32.166666666666664,1.0,2.4615384615384617,0.4,0.0,0.0,Low,0,โคเลสเตอรอลค่อนข้างสูง,0.7076009615384615
bagel,245,1.5,0.0,47.9,6.0,10.0,4.0,0.0,0.4,0.02,0.0,0.0,2.307692307692308,15.966666666666663,16.0,60.0,Low,0,ยังไม่พบตัวชี้วัดที่เกินเกณฑ์เบื้องต้น,0.7075423076923077
lentil soup with ham,139,2.8,1.1,20.2,0.0,9.3,0.0,7.4,1.3,0.065,2.466666666666667,5.500000000000001,4.3076923076923075,6.7333333333333325,0.0,0.0,Low,0,ยังไม่พบตัวชี้วัดที่เกินเกณฑ์เบื้องต้น,0.7067167124542126
dungeness crab raw,140,1.6,0.2,1.2,0.0,28.4,0.0,96.2,0.5,0.025,32.06666666666666,1.0,2.4615384615384617,0.4,0.0,0.0,Low,0,โคเลสเตอรอลค่อนข้างสูง,0.7063509615384616
lobster cooked,134,1.3,0.3,0.0,0.0,28.5,0.0,219.0,0.7,0.0349999999999999,73.0,1.5,2.0,0.0,0.0,0.0,Low,0,โคเลสเตอรอลค่อนข้างสูง,0.7050589285714286
glutinous white rice raw,685,1.0,0.2,151.1,0.0,12.6,5.2,0.0,0.015,0.0007499999999999,0.0,1.0,1.5384615384615383,50.36666666666666,20.8,0.0,Low,0,ยังไม่พบตัวชี้วัดที่เกินเกณฑ์เบื้องต้น,0.7045273420329671
rice pilaf raw,732,2.8,0.0,155.7,3.1,21.3,2.4,0.0,2.7,0.135,0.0,0.0,4.3076923076923075,51.9,9.6,31.0,Low,0,ยังไม่พบตัวชี้วัดที่เกินเกณฑ์เบื้องต้น,0.7039298076923077
tofu yogurt,246,4.7,0.7,41.8,3.2,9.2,0.5,0.0,0.03,0.0014999999999999,0.0,3.4999999999999996,7.230769230769231,13.933333333333334,2.0,32.0,Low,0,ยังไม่พบตัวชี้วัดที่เกินเกณฑ์เบื้องต้น,0.7033294093406594
taco with chicken cheese lettuce,185,6.2,2.5,19.3,1.3,13.0,1.2,28.4,0.6,0.03,9.466666666666669,12.5,9.538461538461538,6.433333333333334,4.8,13.0,Low,0,ยังไม่พบตัวชี้วัดที่เกินเกณฑ์เบื้องต้น,0.7032841575091575
smoothie high protein creamy chocolate slimfast,110,3.5,0.5,2.1,1.0,12.0,0.0,5.0,0.2,0.01,1.6666666666666667,2.5,5.384615384615385,0.7000000000000001,0.0,10.0,Low,0,ยังไม่พบตัวชี้วัดที่เกินเกณฑ์เบื้องต้น,0.7032308608058608
ground emu raw,157,4.7,1.2,0.0,0.0,26.6,0.0,80.7,0.062,0.0031,26.9,6.0,7.230769230769231,0.0,0.0,0.0,Low,0,โคเลสเตอรอลค่อนข้างสูง,0.7029602664835165
atlantic croaker raw,82,2.5,0.9,0.0,0.0,14.0,0.0,48.2,0.014,0.0007,16.066666666666666,4.5,3.8461538461538463,0.0,0.0,0.0,Low,0,ยังไม่พบตัวชี้วัดที่เกินเกณฑ์เบื้องต้น,0.7028390723443224
oregano dried,265,4.3,1.6,68.9,4.1,9.0,42.5,0.0,0.009,0.0004499999999999,0.0,8.0,6.615384615384615,22.96666666666667,170.0,41.0,Low,0,ยังไม่พบตัวชี้วัดที่เกินเกณฑ์เบื้องต้น,0.7028098118131869
black bean soup,234,3.4,0.9,39.6,6.4,12.4,17.5,0.0,2.5,0.125,0.0,4.5,5.230769230769231,13.2,70.0,64.0,Low,0,ยังไม่พบตัวชี้วัดที่เกินเกณฑ์เบื้องต้น,0.7025460164835166
wheat bran,125,2.5,0.4,37.4,0.2,9.0,24.8,0.0,0.015,0.0007499999999999,0.0,2.0,3.8461538461538463,12.466666666666669,99.2,2.0,Low,0,ยังไม่พบตัวชี้วัดที่เกินเกณฑ์เบื้องต้น,0.7020767925824176
shrimp canned,128,1.7,0.2,0.0,0.0,26.1,0.0,322.6,1.1,0.055,107.53333333333336,1.0,2.6153846153846154,0.0,0.0,0.0,Medium,1,โคเลสเตอรอลค่อนข้างสูง,0.7018649725274725
brown rice cooked,218,1.6,0.3,45.8,0.7,4.5,3.5,0.0,0.086,0.0042999999999999,0.0,1.5,2.4615384615384617,15.266666666666664,14.000000000000002,6.999999999999999,Low,0,ยังไม่พบตัวชี้วัดที่เกินเกณฑ์เบื้องต้น,0.7018276401098902
wild rice cooked,166,0.6,0.078,35.0,1.2,6.5,3.0,0.0,0.008,0.0003999999999999,0.0,0.3899999999999999,0.923076923076923,11.666666666666666,12.0,12.0,Low,0,ยังไม่พบตัวชี้วัดที่เกินเกณฑ์เบื้องต้น,0.701181065934066
vegetable macaroni cooked,172,0.1,0.037,35.7,1.5,6.1,5.8,0.0,0.015,0.0007499999999999,0.0,0.185,0.1538461538461538,11.9,23.2,15.0,Low,0,ยังไม่พบตัวชี้วัดที่เกินเกณฑ์เบื้องต้น,0.7008762431318682
taco salad with chili con carne,193,8.8,4.0,17.7,0.0,11.6,0.0,3.5,0.6,0.03,1.1666666666666667,20.0,13.53846153846154,5.8999999999999995,0.0,0.0,Low,0,ยังไม่พบตัวชี้วัดที่เกินเกณฑ์เบื้องต้น,0.7006055860805861
green pea soup,320,5.7,2.7,51.7,16.7,16.7,10.0,0.0,1.7,0.0849999999999999,0.0,13.5,8.76923076923077,17.233333333333334,40.0,167.0,Medium,1,น้ำตาลถึงหรือเกิน 10 กรัมต่อมื้อ,0.7002004120879121
frijoles with cheese,225,7.8,4.1,28.7,0.0,11.4,0.0,36.7,0.9,0.045,12.233333333333334,20.5,12.0,9.566666666666666,0.0,0.0,Low,0,ยังไม่พบตัวชี้วัดที่เกินเกณฑ์เบื้องต้น,0.7001505952380952
english muffin with cheese sausage,365,22.3,8.8,27.3,2.1,14.3,0.5,46.4,0.7,0.0349999999999999,15.466666666666669,44.00000000000001,34.307692307692314,9.1,2.0,21.000000000000004,Low,0,ไขมันอิ่มตัวค่อนข้างสูง,0.6997494047619048
croissant with egg cheese,368,24.7,14.1,24.3,0.0,12.8,0.0,215.9,0.6,0.03,71.96666666666667,70.5,38.0,8.1,0.0,0.0,Low,0,โคเลสเตอรอลค่อนข้างสูง | ไขมันอิ่มตัวค่อนข้างสูง,0.6994892857142858
wasabi root,142,0.8,0.0,30.6,0.0,6.2,10.1,0.0,0.02,0.001,0.0,0.0,1.2307692307692308,10.2,40.4,0.0,Low,0,ยังไม่พบตัวชี้วัดที่เกินเกณฑ์เบื้องต้น,0.6994045879120879
pork country style ribs cooked,235,15.2,5.4,0.0,0.0,22.8,0.0,88.6,0.049,0.00245,29.533333333333335,27.0,23.384615384615383,0.0,0.0,0.0,Low,0,โคเลสเตอรอลค่อนข้างสูง,0.6992673392857144
enchilada with cheese beef,323,17.6,9.0,30.5,0.0,11.9,0.0,40.3,1.3,0.065,13.433333333333334,45.0,27.07692307692308,10.166666666666666,0.0,0.0,Low,0,ไขมันอิ่มตัวค่อนข้างสูง,0.6992505952380953
bulgur cooked,151,0.4,0.053,33.8,0.2,5.6,8.2,0.0,0.049,0.00245,0.0,0.265,0.6153846153846154,11.266666666666666,32.8,2.0,Low,0,ยังไม่พบตัวชี้วัดที่เกินเกณฑ์เบื้องต้น,0.6986519546703297
poi,269,0.3,0.063,65.4,0.9,0.9,1.0,0.0,0.091,0.00455,0.0,0.315,0.4615384615384615,21.800000000000004,4.0,9.0,Low,0,ยังไม่พบตัวชี้วัดที่เกินเกณฑ์เบื้องต้น,0.6979686222527474
tempeh,320,17.9,3.7,15.6,0.0,30.8,0.0,0.0,0.068,0.0034,0.0,18.5,27.538461538461533,5.2,0.0,0.0,Low,0,ยังไม่พบตัวชี้วัดที่เกินเกณฑ์เบื้องต้น,0.6978316428571429
egg mcmuffin mcdonalds,287,12.2,4.5,27.3,2.7,17.2,1.4,207.9,0.8,0.04,69.30000000000001,22.5,18.76923076923077,9.1,5.6,27.0,Low,0,โคเลสเตอรอลค่อนข้างสูง,0.6974307692307693
parboiled white rice raw,692,1.9,0.5,149.6,0.6,13.9,3.3,0.0,0.055,0.00275,0.0,2.5,2.923076923076923,49.86666666666667,13.2,6.0,Low,0,ยังไม่พบตัวชี้วัดที่เกินเกณฑ์เบื้องต้น,0.6973777266483517
chili con carne,271,8.8,3.2,33.1,4.7,14.7,8.3,22.8,1.1,0.055,7.6,16.0,13.53846153846154,11.033333333333331,33.2,47.0,Low,0,ยังไม่พบตัวชี้วัดที่เกินเกณฑ์เบื้องต้น,0.6971561813186814
catfish raw,189,9.4,2.1,0.0,0.0,24.2,0.0,87.5,0.2,0.01,29.166666666666668,10.500000000000002,14.461538461538462,0.0,0.0,0.0,Low,0,โคเลสเตอรอลค่อนข้างสูง,0.6969634615384616
baked potato with cheese sauce,474,28.7,10.6,46.5,0.0,14.6,0.0,17.8,0.4,0.02,5.933333333333334,53.0,44.15384615384615,15.5,0.0,0.0,Low,0,ไขมันอิ่มตัวค่อนข้างสูง,0.6966595238095238
halavah,328,15.1,2.9,42.3,0.0,8.7,3.2,0.0,0.1,0.005,0.0,14.499999999999998,23.23076923076923,14.099999999999998,12.8,0.0,Low,0,ยังไม่พบตัวชี้วัดที่เกินเกณฑ์เบื้องต้น,0.6961410714285715
instant white rice cooked,193,0.8,0.088,41.4,0.0,3.6,1.0,0.0,0.001,5e-05,0.0,0.4399999999999999,1.2307692307692308,13.8,4.0,0.0,Low,0,ยังไม่พบตัวชี้วัดที่เกินเกณฑ์เบื้องต้น,0.6960545700549451
swordfish cooked,182,8.4,2.0,0.0,0.0,24.9,0.0,82.7,0.1,0.005,27.566666666666663,10.0,12.923076923076923,0.0,0.0,0.0,Low,0,โคเลสเตอรอลค่อนข้างสูง,0.6957894230769233
turkey soup,135,4.4,1.2,14.1,0.0,10.2,0.0,9.4,0.9,0.045,3.1333333333333333,6.0,6.76923076923077,4.7,0.0,0.0,Low,0,ยังไม่พบตัวชี้วัดที่เกินเกณฑ์เบื้องต้น,0.6957027930402931
salt mackerel,415,34.1,9.7,0.0,0.0,25.2,0.0,129.2,6.1,0.305,43.06666666666666,48.5,52.46153846153846,0.0,0.0,0.0,Low,0,โคเลสเตอรอลค่อนข้างสูง | ไขมันอิ่มตัวค่อนข้างสูง,0.695569642857143
potato gratin,328,18.6,11.6,27.6,0.0,12.4,4.4,56.4,1.1,0.055,18.8,57.99999999999999,28.61538461538462,9.2,17.6,0.0,Low,0,ไขมันอิ่มตัวค่อนข้างสูง,0.6950160714285715
wheat durum,651,4.7,0.9,136.6,0.0,26.3,0.0,0.0,0.032,0.0015999999999999,0.0,4.5,7.230769230769231,45.53333333333333,0.0,0.0,Low,0,ยังไม่พบตัวชี้วัดที่เกินเกณฑ์เบื้องต้น,0.6950072307692308
hotdog with chili,296,13.4,4.9,31.3,0.0,13.5,0.0,51.3,0.5,0.025,17.099999999999998,24.500000000000004,20.615384615384617,10.433333333333334,0.0,0.0,Low,0,ยังไม่พบตัวชี้วัดที่เกินเกณฑ์เบื้องต้น,0.6949553571428572
green soybean cooked,127,5.8,0.7,9.9,0.0,11.1,3.8,0.0,0.2,0.01,0.0,3.4999999999999996,8.923076923076923,3.3000000000000003,15.2,0.0,Low,0,ยังไม่พบตัวชี้วัดที่เกินเกณฑ์เบื้องต้น,0.6943233516483517
rice flour brown,574,4.4,0.9,120.8,1.3,11.4,7.3,0.0,0.039,0.00195,0.0,4.5,6.76923076923077,40.266666666666666,29.2,13.0,Low,0,ยังไม่พบตัวชี้วัดที่เกินเกณฑ์เบื้องต้น,0.6942161442307694
veggie burger,124,4.4,1.0,10.0,0.7,11.0,3.4,3.5,0.4,0.02,1.1666666666666667,5.0,6.76923076923077,3.3333333333333335,13.6,6.999999999999999,Low,0,ยังไม่พบตัวชี้วัดที่เกินเกณฑ์เบื้องต้น,0.6940212454212455
pork loin raw,232,14.7,5.1,0.0,0.0,23.1,0.0,73.7,0.003,0.00015,24.566666666666663,25.5,22.615384615384613,0.0,0.0,0.0,Low,0,โคเลสเตอรอลค่อนข้างสูง,0.6938203035714285
chicken flavored rice cooked,317,8.0,1.7,54.8,1.5,6.2,1.6,0.0,0.9,0.045,0.0,8.5,12.307692307692308,18.266666666666666,6.4,15.0,Low,0,ยังไม่พบตัวชี้วัดที่เกินเกณฑ์เบื้องต้น,0.693497664835165
rice noodles cooked,190,0.4,0.072,42.3,0.052,3.2,1.8,0.0,0.075,0.00375,0.0,0.36,0.6153846153846154,14.099999999999998,7.200000000000001,0.52,Low,0,ยังไม่พบตัวชี้วัดที่เกินเกณฑ์เบื้องต้น,0.6931479189560441
sausage mcmuffin mcdonalds,383,24.2,8.3,28.2,2.2,14.6,1.6,44.9,0.8,0.04,14.966666666666669,41.5,37.230769230769226,9.4,6.4,22.000000000000004,Low,0,ไขมันอิ่มตัวค่อนข้างสูง,0.6929261904761905
pita bread,165,0.7,0.091,33.4,0.8,5.5,1.3,0.0,0.3,0.015,0.0,0.455,1.0769230769230769,11.133333333333333,5.2,8.0,Low,0,ยังไม่พบตัวชี้วัดที่เกินเกณฑ์เบื้องต้น,0.6928462912087913
biscuit with ham,386,18.4,11.4,43.8,2.2,13.4,0.8,24.9,1.1,0.055,8.299999999999999,57.00000000000001,28.307692307692307,14.6,3.2,22.000000000000004,Low,0,ไขมันอิ่มตัวค่อนข้างสูง,0.6927660714285715
haddock cooked,135,0.8,0.2,0.0,0.0,30.0,0.0,99.0,0.4,0.02,33.0,1.0,1.2307692307692308,0.0,0.0,0.0,Low,0,โคเลสเตอรอลค่อนข้างสูง,0.6927620879120879
goose liver,125,4.0,1.5,5.9,0.0,15.4,0.0,484.1,0.1,0.005,161.36666666666667,7.5,6.153846153846154,1.966666666666667,0.0,0.0,Medium,1,โคเลสเตอรอลค่อนข้างสูง,0.6927372252747253
arrowroot flour,457,0.1,0.019,112.8,0.0,0.4,4.4,0.0,0.002,0.0001,0.0,0.095,0.1538461538461538,37.6,17.6,0.0,Low,0,ยังไม่พบตัวชี้วัดที่เกินเกณฑ์เบื้องต้น,0.6927025467032968
meatless meatloaf,110,5.0,0.8,4.5,0.7,11.8,2.6,0.0,0.3,0.015,0.0,4.0,7.6923076923076925,1.5,10.4,6.999999999999999,Low,0,ยังไม่พบตัวชี้วัดที่เกินเกณฑ์เบื้องต้น,0.6920523351648352
scup cooked,68,1.8,0.0,0.0,0.0,12.1,0.0,33.5,0.061,0.0030499999999999,11.166666666666666,0.0,2.769230769230769,0.0,0.0,0.0,Low,0,ยังไม่พบตัวชี้วัดที่เกินเกณฑ์เบื้องต้น,0.6913983704212455
yellow corn raw,606,7.9,1.1,123.3,1.1,15.6,12.1,0.0,0.06,0.0029999999999999,0.0,5.500000000000001,12.153846153846152,41.099999999999994,48.4,11.000000000000002,Low,0,ยังไม่พบตัวชี้วัดที่เกินเกณฑ์เบื้องต้น,0.6910379395604396
bean with frankfurters soup,188,7.0,2.1,22.0,0.0,10.0,0.0,12.5,1.1,0.055,4.166666666666666,10.500000000000002,10.76923076923077,7.333333333333333,0.0,0.0,Low,0,ยังไม่พบตัวชี้วัดที่เกินเกณฑ์เบื้องต้น,0.690830173992674
chinese noodles,456,0.094,0.088,111.9,0.0,0.2,0.7,0.0,0.088,0.0044,0.0,0.4399999999999999,0.1446153846153846,37.3,2.8,0.0,Low,0,ยังไม่พบตัวชี้วัดที่เกินเกณฑ์เบื้องต้น,0.6908109560439561
hummus,435,21.1,2.8,49.5,0.7,12.0,9.8,0.0,0.6,0.03,0.0,13.999999999999998,32.46153846153847,16.5,39.2,6.999999999999999,Low,0,ยังไม่พบตัวชี้วัดที่เกินเกณฑ์เบื้องต้น,0.6907035714285715
squid fried,140,6.0,1.5,6.2,0.0,14.4,0.0,208.0,0.2,0.01,69.33333333333334,7.5,9.230769230769232,2.0666666666666664,0.0,0.0,Low,0,โคเลสเตอรอลค่อนข้างสูง,0.6906942307692309
corn grits cooked,182,1.2,0.2,37.9,0.3,4.4,2.1,0.0,0.6,0.03,0.0,1.0,1.846153846153846,12.633333333333333,8.4,3.0,Low,0,ยังไม่พบตัวชี้วัดที่เกินเกณฑ์เบื้องต้น,0.6904288461538463
pupusas con queso,300,15.5,7.6,26.2,1.4,13.7,3.4,37.4,0.5,0.025,12.466666666666669,38.0,23.846153846153847,8.733333333333333,13.6,13.999999999999998,Low,0,ไขมันอิ่มตัวค่อนข้างสูง,0.6903244047619048
crab soup,95,0.8,0.2,12.5,0.0,10.4,2.4,41.5,0.6,0.03,13.833333333333334,1.0,1.2307692307692308,4.166666666666666,9.6,0.0,Low,0,ยังไม่พบตัวชี้วัดที่เกินเกณฑ์เบื้องต้น,0.6902466117216117
sofrito,488,37.5,0.0,11.2,0.0,26.4,3.5,0.0,2.4,0.12,0.0,0.0,57.692307692307686,3.733333333333333,14.000000000000002,0.0,Low,0,ยังไม่พบตัวชี้วัดที่เกินเกณฑ์เบื้องต้น,0.6902428571428573
stockpot soup,201,7.8,1.7,23.1,0.0,9.8,0.0,7.7,2.1,0.105,2.566666666666667,8.5,12.0,7.7,0.0,0.0,Low,0,ยังไม่พบตัวชี้วัดที่เกินเกณฑ์เบื้องต้น,0.6901529761904762
barley cooked,193,0.7,0.1,44.3,0.4,3.5,6.0,0.0,0.064,0.0031999999999999,0.0,0.5,1.0769230769230769,14.766666666666667,24.0,4.0,Low,0,ยังไม่พบตัวชี้วัดที่เกินเกณฑ์เบื้องต้น,0.6899347912087913
arroz con abichuelas,223,5.4,0.8,37.3,0.2,6.2,4.1,0.0,0.6,0.03,0.0,4.0,8.307692307692308,12.433333333333332,16.4,2.0,Low,0,ยังไม่พบตัวชี้วัดที่เกินเกณฑ์เบื้องต้น,0.6893958791208792
cornmeal yellow,581,2.7,0.3,124.7,2.5,11.2,6.1,0.0,0.011,0.00055,0.0,1.5,4.153846153846154,41.56666666666667,24.4,25.0,Low,0,ยังไม่พบตัวชี้วัดที่เกินเกณฑ์เบื้องต้น,0.6893420288461538
cornmeal white,581,2.7,0.3,124.7,2.5,11.2,6.1,0.0,0.094,0.0046999999999999,0.0,1.5,4.153846153846154,41.56666666666667,24.4,25.0,Low,0,ยังไม่พบตัวชี้วัดที่เกินเกณฑ์เบื้องต้น,0.6893109038461539
soybean curd cheese,340,18.2,2.6,15.5,3.6,28.1,0.0,0.0,0.094,0.0046999999999999,0.0,13.0,27.999999999999996,5.166666666666667,0.0,36.0,Low,0,ยังไม่พบตัวชี้วัดที่เกินเกณฑ์เบื้องต้น,0.6890004642857144
fried rice,228,3.2,0.7,43.4,0.6,6.5,1.5,32.2,0.6,0.03,10.733333333333334,3.4999999999999996,4.923076923076923,14.466666666666669,6.0,6.0,Low,0,ยังไม่พบตัวชี้วัดที่เกินเกณฑ์เบื้องต้น,0.6885543040293041
pork ears cooked,184,12.0,4.3,0.2,0.0,17.7,0.0,99.9,0.2,0.01,33.300000000000004,21.5,18.461538461538463,0.0666666666666666,0.0,0.0,Low,0,โคเลสเตอรอลค่อนข้างสูง,0.6878563186813188
tequila sunrise,232,0.2,0.0,23.8,0.0,0.6,0.0,0.0,0.1,0.005,0.0,0.0,0.3076923076923077,7.933333333333334,0.0,0.0,Low,0,ยังไม่พบตัวชี้วัดที่เกินเกณฑ์เบื้องต้น,0.6877262362637363
pork meat cooked,283,14.1,4.4,0.0,0.0,14.1,0.0,112.6,0.7,0.0349999999999999,37.53333333333333,22.000000000000004,21.69230769230769,0.0,0.0,0.0,Low,0,โคเลสเตอรอลค่อนข้างสูง,0.6877017857142858
chicken broth soup,78,2.6,0.8,1.9,0.9,11.1,0.0,2.5,1.6,0.08,0.8333333333333334,4.0,4.0,0.6333333333333333,0.0,9.0,Low,0,ยังไม่พบตัวชี้วัดที่เกินเกณฑ์เบื้องต้น,0.6871380952380953
honey smoked ham cooked,67,1.3,0.6,4.0,0.0,9.9,0.0,12.1,0.5,0.025,4.033333333333333,3.0,2.0,1.3333333333333337,0.0,0.0,Low,0,ยังไม่พบตัวชี้วัดที่เกินเกณฑ์เบื้องต้น,0.6867648809523811
white rice pasta cooked,246,5.7,1.1,43.3,0.0,5.1,5.1,2.0,1.1,0.055,0.6666666666666667,5.500000000000001,8.76923076923077,14.433333333333332,20.4,0.0,Low,0,ยังไม่พบตัวชี้วัดที่เกินเกณฑ์เบื้องต้น,0.6864730311355312
roast beef sandwich,364,15.3,5.1,33.1,5.7,22.6,1.9,44.7,1.0,0.05,14.900000000000002,25.5,23.53846153846154,11.033333333333331,7.6,57.00000000000001,Low,0,ยังไม่พบตัวชี้วัดที่เกินเกณฑ์เบื้องต้น,0.6863750000000001
burrito with beans,224,6.7,3.4,35.7,0.0,7.0,0.0,2.2,0.5,0.025,0.7333333333333334,17.0,10.307692307692308,11.9,0.0,0.0,Low,0,ยังไม่พบตัวชี้วัดที่เกินเกณฑ์เบื้องต้น,0.6861714743589744
acorn squash raw,172,0.4,0.091,44.9,0.0,3.4,6.5,0.0,0.017,0.00085,0.0,0.455,0.6153846153846154,14.966666666666669,26.0,0.0,Low,0,ยังไม่พบตัวชี้วัดที่เกินเกณฑ์เบื้องต้น,0.6861639546703298
wheat shredded,155,1.0,0.2,36.2,0.4,5.2,5.5,0.0,0.086,0.0042999999999999,0.0,1.0,1.5384615384615383,12.066666666666666,22.0,4.0,Low,0,ยังไม่พบตัวชี้วัดที่เกินเกณฑ์เบื้องต้น,0.6860007170329672
japanese soba noodles cooked,113,0.1,0.026,24.4,0.0,5.8,0.0,0.0,0.1,0.005,0.0,0.13,0.1538461538461538,8.133333333333333,0.0,0.0,Low,0,ยังไม่พบตัวชี้วัดที่เกินเกณฑ์เบื้องต้น,0.6858800824175825
gazpacho soup,70,0.4,0.008,6.6,2.2,10.7,0.7,0.0,1.1,0.055,0.0,0.04,0.6153846153846154,2.1999999999999997,2.8,22.000000000000004,Low,0,ยังไม่พบตัวชี้วัดที่เกินเกณฑ์เบื้องต้น,0.6857221153846154
glutinous white rice cooked,169,0.3,0.056,36.7,0.078,3.5,1.7,0.0,0.027,0.0013499999999999,0.0,0.2799999999999999,0.4615384615384615,12.233333333333334,6.800000000000001,0.7799999999999999,Low,0,ยังไม่พบตัวชี้วัดที่เกินเกณฑ์เบื้องต้น,0.6856797651098903
corn pasta cooked,176,1.0,0.1,39.1,0.0,3.7,6.7,0.0,0.0,0.0,0.0,0.5,1.5384615384615383,13.033333333333331,26.8,0.0,Low,0,ยังไม่พบตัวชี้วัดที่เกินเกณฑ์เบื้องต้น,0.6852829670329671
cheeseburger burger king,380,19.7,9.1,31.5,6.0,19.4,3.7,59.9,0.8,0.04,19.966666666666665,45.49999999999999,30.307692307692307,10.5,14.800000000000002,60.0,Low,0,ไขมันอิ่มตัวค่อนข้างสูง,0.6851404761904762
chicken drumstick raw,211,12.4,3.3,0.1,0.0,23.4,0.0,122.4,0.1,0.005,40.8,16.499999999999996,19.076923076923077,0.0333333333333333,0.0,0.0,Low,0,โคเลสเตอรอลค่อนข้างสูง,0.6849570054945056
sausage burrito mcdonalds,339,17.1,6.1,24.2,1.4,13.0,1.2,172.9,0.8,0.04,57.63333333333334,30.5,26.30769230769231,8.066666666666666,4.8,13.999999999999998,Low,0,โคเลสเตอรอลค่อนข้างสูง | ไขมันอิ่มตัวค่อนข้างสูง,0.6849142857142858
whitefish smoked,147,1.3,0.3,0.0,0.0,31.8,0.0,44.9,1.4,0.0699999999999999,14.966666666666669,1.5,2.0,0.0,0.0,0.0,Low,0,ยังไม่พบตัวชี้วัดที่เกินเกณฑ์เบื้องต้น,0.6835583333333335
pupusas del cerdo,283,12.7,3.9,28.1,1.8,14.0,3.2,35.4,0.5,0.025,11.8,19.5,19.538461538461537,9.366666666666667,12.8,18.0,Low,0,ยังไม่พบตัวชี้วัดที่เกินเกณฑ์เบื้องต้น,0.6834883241758242
kanpyo dried,139,0.3,0.041,35.1,0.0,4.6,5.3,0.0,0.056,0.0028,0.0,0.205,0.4615384615384615,11.7,21.2,0.0,Low,0,ยังไม่พบตัวชี้วัดที่เกินเกณฑ์เบื้องต้น,0.683446032967033
walleye pike raw,148,1.9,0.4,0.0,0.0,30.4,0.0,136.7,0.011,0.00055,45.56666666666666,2.0,2.923076923076923,0.0,0.0,0.0,Low,0,โคเลสเตอรอลค่อนข้างสูง,0.6826442266483517
walleye pike cooked,148,1.9,0.4,0.0,0.0,30.4,0.0,136.4,0.069,0.00345,45.46666666666667,2.0,2.923076923076923,0.0,0.0,0.0,Low,0,โคเลสเตอรอลค่อนข้างสูง,0.6826224766483517
spinach egg noodles cooked,211,2.5,0.6,38.8,1.1,8.1,3.7,52.8,0.068,0.0034,17.599999999999998,3.0,3.8461538461538463,12.933333333333334,14.800000000000002,11.000000000000002,Low,0,ยังไม่พบตัวชี้วัดที่เกินเกณฑ์เบื้องต้น,0.6824497747252748
turkey giblets cooked,164,6.3,1.6,0.0,0.0,25.1,0.0,495.0,0.1,0.005,165.0,8.0,9.692307692307692,0.0,0.0,0.0,Medium,1,โคเลสเตอรอลค่อนข้างสูง,0.682234478021978
fish fillet fried,211,11.2,2.6,15.4,0.0,13.3,0.5,30.9,0.5,0.025,10.3,13.0,17.23076923076923,5.133333333333334,2.0,0.0,Low,0,ยังไม่พบตัวชี้วัดที่เกินเกณฑ์เบื้องต้น,0.6816531593406594
tomato bisque soup,248,5.0,1.1,47.7,0.0,4.5,2.1,10.3,1.8,0.09,3.4333333333333336,5.500000000000001,7.6923076923076925,15.9,8.4,0.0,Low,0,ยังไม่พบตัวชี้วัดที่เกินเกณฑ์เบื้องต้น,0.6810136446886448
beef rib roasted,238,19.1,7.7,0.0,0.0,15.4,0.0,57.0,0.01,0.0005,19.0,38.5,29.384615384615387,0.0,0.0,0.0,Low,0,ไขมันอิ่มตัวค่อนข้างสูง,0.68099625
whole wheat cooked,150,1.0,0.1,33.2,0.2,4.8,3.9,0.0,0.6,0.03,0.0,0.5,1.5384615384615383,11.066666666666668,15.6,2.0,Low,0,ยังไม่พบตัวชี้วัดที่เกินเกณฑ์เบื้องต้น,0.6809508241758242
biscuit with egg cheese bacon,436,25.3,8.5,35.4,2.5,17.4,0.3,240.7,1.2,0.06,80.23333333333333,42.5,38.92307692307693,11.8,1.2,25.0,Low,0,โคเลสเตอรอลค่อนข้างสูง | ไขมันอิ่มตัวค่อนข้างสูง,0.6804071428571429
biscuit with egg,436,25.3,8.5,35.4,2.5,17.4,0.3,240.7,1.2,0.06,80.23333333333333,42.5,38.92307692307693,11.8,1.2,25.0,Low,0,โคเลสเตอรอลค่อนข้างสูง | ไขมันอิ่มตัวค่อนข้างสูง,0.6804071428571429
atlantic croaker fried,192,11.0,3.0,6.6,0.0,15.8,0.3,73.1,0.3,0.015,24.366666666666664,15.0,16.923076923076923,2.1999999999999997,1.2,0.0,Low,0,โคเลสเตอรอลค่อนข้างสูง,0.6801787087912088
soy meal raw,414,2.9,0.3,49.0,0.0,54.8,0.0,0.0,0.017,0.00085,0.0,1.5,4.461538461538462,16.333333333333332,0.0,0.0,Low,0,ยังไม่พบตัวชี้วัดที่เกินเกณฑ์เบื้องต้น,0.6799606579670331
pork loin cooked,213,12.1,4.5,0.0,0.0,24.2,0.0,71.2,0.077,0.00385,23.733333333333334,22.5,18.615384615384613,0.0,0.0,0.0,Low,0,โคเลสเตอรอลค่อนข้างสูง,0.679570026098901
nachos supreme taco bell,480,26.6,7.8,45.0,0.0,14.8,8.0,37.1,0.8,0.04,12.366666666666667,39.0,40.92307692307692,15.0,32.0,0.0,Low,0,ไขมันอิ่มตัวค่อนข้างสูง,0.6794976190476192
ham steak,70,2.4,0.8,0.0,0.0,11.1,0.0,25.7,0.7,0.0349999999999999,8.566666666666666,4.0,3.692307692307692,0.0,0.0,0.0,Low,0,ยังไม่พบตัวชี้วัดที่เกินเกณฑ์เบื้องต้น,0.6793785256410256
ramen noodle soup dry,371,13.3,6.4,53.9,1.3,8.9,2.0,0.0,1.7,0.0849999999999999,0.0,32.0,20.46153846153846,17.96666666666667,8.0,13.0,Low,0,ไขมันอิ่มตัวค่อนข้างสูง,0.6791125000000001
biscuit with egg ham,442,27.0,5.9,31.4,4.2,20.4,0.8,299.5,1.4,0.0699999999999999,99.83333333333331,29.500000000000004,41.53846153846154,10.466666666666663,3.2,42.00000000000001,Low,0,โคเลสเตอรอลค่อนข้างสูง,0.6789035714285715
lentil sprouts,82,0.4,0.067,17.0,0.0,6.9,0.0,0.0,0.044,0.0022,0.0,0.335,0.6153846153846154,5.666666666666666,0.0,0.0,Low,0,ยังไม่พบตัวชี้วัดที่เกินเกณฑ์เบื้องต้น,0.6784752582417584
pork country style ribs raw,242,15.1,3.0,0.0,0.0,24.8,0.0,94.7,0.061,0.0030499999999999,31.566666666666663,15.0,23.23076923076923,0.0,0.0,0.0,Low,0,โคเลสเตอรอลค่อนข้างสูง,0.6782628392857144
sour cherries canned,189,0.3,0.007,48.6,0.0,1.9,2.0,0.0,0.073,0.00365,0.0,0.0349999999999999,0.4615384615384615,16.2,8.0,0.0,Low,0,ยังไม่พบตัวชี้วัดที่เกินเกณฑ์เบื้องต้น,0.6782610865384616
vegetable chicken soup,166,4.8,1.4,21.1,3.4,12.3,1.0,16.9,0.075,0.00375,5.633333333333333,6.999999999999999,7.384615384615384,7.033333333333334,4.0,34.0,Low,0,ยังไม่พบตัวชี้วัดที่เกินเกณฑ์เบื้องต้น,0.6781110691391943
millet raw,756,8.4,1.4,145.7,0.0,22.0,17.0,0.0,0.013,0.00065,0.0,6.999999999999999,12.923076923076923,48.56666666666666,68.0,0.0,Low,0,ยังไม่พบตัวชี้วัดที่เกินเกณฑ์เบื้องต้น,0.6780720480769231
bean with pork soup,335,11.5,3.0,44.1,7.8,15.3,15.3,5.2,1.7,0.0849999999999999,1.7333333333333332,15.0,17.692307692307693,14.7,61.2,78.0,Low,0,ยังไม่พบตัวชี้วัดที่เกินเกณฑ์เบื้องต้น,0.6780154304029303
vegetable salad with chicken,70,1.5,0.4,2.5,0.0,11.6,0.0,47.9,0.1,0.005,15.966666666666663,2.0,2.307692307692308,0.8333333333333334,0.0,0.0,Low,0,ยังไม่พบตัวชี้วัดที่เกินเกณฑ์เบื้องต้น,0.677738141025641
haddock raw,143,0.9,0.2,0.0,0.0,31.5,0.0,104.2,0.4,0.02,34.733333333333334,1.0,1.3846153846153846,0.0,0.0,0.0,Low,0,โคเลสเตอรอลค่อนข้างสูง,0.6774296703296703
chicken drumstick fried,193,11.3,3.0,6.0,0.0,15.8,0.2,61.9,0.2,0.01,20.633333333333333,15.0,17.384615384615383,2.0,0.8,0.0,Low,0,โคเลสเตอรอลค่อนข้างสูง,0.6773260989010988
enchilada with cheese,374,25.3,11.5,21.2,3.6,15.4,2.6,57.5,0.7,0.0349999999999999,19.166666666666668,57.49999999999999,38.92307692307693,7.066666666666667,10.4,36.0,Low,0,ไขมันอิ่มตัวค่อนข้างสูง,0.6766065476190476
cranberry orange relish,490,0.3,0.06,127.1,0.0,0.8,0.0,0.0,0.063,0.00315,0.0,0.3,0.4615384615384615,42.36666666666666,0.0,0.0,Low,0,ยังไม่พบตัวชี้วัดที่เกินเกณฑ์เบื้องต้น,0.6765148365384617
alaska king crab raw,144,1.0,0.2,0.0,0.0,31.5,0.0,72.2,1.4,0.0699999999999999,24.066666666666663,1.0,1.5384615384615383,0.0,0.0,0.0,Low,0,โคเลสเตอรอลค่อนข้างสูง,0.6764722527472528
arroz con frijoles,220,5.6,1.1,35.6,1.3,6.8,5.0,0.0,0.6,0.03,0.0,5.500000000000001,8.615384615384615,11.866666666666667,20.0,13.0,Low,0,ยังไม่พบตัวชี้วัดที่เกินเกณฑ์เบื้องต้น,0.6763739010989012
catfish fried,199,11.6,2.9,7.0,0.0,15.7,0.6,61.8,0.2,0.01,20.6,14.499999999999998,17.846153846153847,2.3333333333333335,2.4,0.0,Low,0,โคเลสเตอรอลค่อนข้างสูง,0.6760431318681319
spot cooked,79,3.1,0.9,0.0,0.0,11.9,0.0,38.5,0.022,0.0011,12.833333333333332,4.5,4.769230769230769,0.0,0.0,0.0,Low,0,ยังไม่พบตัวชี้วัดที่เกินเกณฑ์เบื้องต้น,0.6760320430402931
buckwheat cooked,155,1.0,0.2,33.5,1.5,5.7,4.5,0.0,0.053,0.00265,0.0,1.0,1.5384615384615383,11.166666666666666,18.0,15.0,Low,0,ยังไม่พบตัวชี้วัดที่เกินเกณฑ์เบื้องต้น,0.6757630920329671
mexican cheese,316,21.7,13.0,3.8,0.6,27.7,0.0,69.4,0.9,0.045,23.133333333333336,65.0,33.38461538461539,1.2666666666666666,0.0,6.0,Low,0,โคเลสเตอรอลค่อนข้างสูง | ไขมันอิ่มตัวค่อนข้างสูง,0.6749839285714286
spot raw,79,3.1,0.9,0.0,0.0,11.8,0.0,38.4,0.022,0.0011,12.8,4.5,4.769230769230769,0.0,0.0,0.0,Low,0,ยังไม่พบตัวชี้วัดที่เกินเกณฑ์เบื้องต้น,0.6748653763736264
chicken skin roasted,508,45.6,12.8,0.0,0.0,22.8,0.0,93.0,0.028,0.0014,31.0,64.0,70.15384615384616,0.0,0.0,0.0,Low,0,โคเลสเตอรอลค่อนข้างสูง | ไขมันอิ่มตัวค่อนข้างสูง,0.6747037857142858
cornstarch,488,0.03,0.077,116.8,0.0,0.3,1.2,0.0,0.093,0.00465,0.0,0.385,0.0461538461538461,38.93333333333333,4.8,0.0,Low,0,ยังไม่พบตัวชี้วัดที่เกินเกณฑ์เบื้องต้น,0.6745118282967034
perch raw,55,0.6,0.1,0.0,0.0,11.6,0.0,54.0,0.037,0.0018499999999999,18.0,0.5,0.923076923076923,0.0,0.0,0.0,Low,0,ยังไม่พบตัวชี้วัดที่เกินเกณฑ์เบื้องต้น,0.6744916195054945
swordfish raw,196,9.0,2.2,0.0,0.0,26.7,0.0,89.8,0.1,0.005,29.933333333333337,11.000000000000002,13.846153846153848,0.0,0.0,0.0,Low,0,โคเลสเตอรอลค่อนข้างสูง,0.6743663461538463
soy chips,109,2.1,0.3,15.0,0.5,7.5,1.0,0.0,0.2,0.01,0.0,1.5,3.230769230769231,5.0,4.0,5.0,Low,0,ยังไม่พบตัวชี้วัดที่เกินเกณฑ์เบื้องต้น,0.674229945054945
tamale navajo,285,11.4,4.5,33.7,1.8,11.7,5.8,31.6,0.8,0.04,10.533333333333331,22.5,17.53846153846154,11.233333333333334,23.2,18.0,Low,0,ยังไม่พบตัวชี้วัดที่เกินเกณฑ์เบื้องต้น,0.6739353479853479
perch cooked,54,0.5,0.1,0.0,0.0,11.4,0.0,52.9,0.043,0.0021499999999999,17.633333333333333,0.5,0.7692307692307693,0.0,0.0,0.0,Low,0,ยังไม่พบตัวชี้วัดที่เกินเกณฑ์เบื้องต้น,0.6734884537545788
chicken soup,174,6.5,1.9,16.9,2.1,12.4,1.5,29.4,0.9,0.045,9.8,9.5,10.0,5.633333333333333,6.0,21.000000000000004,Low,0,ยังไม่พบตัวชี้วัดที่เกินเกณฑ์เบื้องต้น,0.6730910714285715
cheese pizza,285,10.4,4.8,35.7,3.8,12.2,2.5,18.2,0.6,0.03,6.066666666666666,24.0,16.0,11.9,10.0,38.0,Low,0,ยังไม่พบตัวชี้วัดที่เกินเกณฑ์เบื้องต้น,0.6729654761904763
eppaw,150,1.8,0.0,31.7,0.0,4.6,0.0,0.0,0.015,0.0007499999999999,0.0,0.0,2.769230769230769,10.566666666666666,0.0,0.0,Low,0,ยังไม่พบตัวชี้วัดที่เกินเกณฑ์เบื้องต้น,0.6724394299450551
sturgeon cooked,184,7.0,1.6,0.0,0.0,28.2,0.0,104.7,0.019,0.00095,34.900000000000006,8.0,10.76923076923077,0.0,0.0,0.0,Low,0,โคเลสเตอรอลค่อนข้างสูง,0.6718665013736265
potato flour,571,0.5,0.1,133.0,5.6,11.0,9.4,0.0,0.042,0.0021,0.0,0.5,0.7692307692307693,44.333333333333336,37.6,55.99999999999999,Low,0,ยังไม่พบตัวชี้วัดที่เกินเกณฑ์เบื้องต้น,0.671429304945055
ham roasted,316,21.3,7.1,0.6,0.0,28.7,0.0,86.8,1.3,0.065,28.933333333333337,35.5,32.769230769230774,0.2,0.0,0.0,Low,0,โคเลสเตอรอลค่อนข้างสูง | ไขมันอิ่มตัวค่อนข้างสูง,0.6713339285714286
rice sake,197,0.0,0.0,7.4,0.0,0.7,0.0,0.0,0.046,0.0023,0.0,0.0,0.0,2.466666666666667,0.0,0.0,Low,0,ยังไม่พบตัวชี้วัดที่เกินเกณฑ์เบื้องต้น,0.6713041785714287
sausage pizza,325,14.3,5.8,35.5,3.9,13.3,2.7,26.7,0.7,0.0349999999999999,8.9,28.999999999999996,22.0,11.833333333333334,10.8,39.0,Low,0,ยังไม่พบตัวชี้วัดที่เกินเกณฑ์เบื้องต้น,0.6709517857142857
green soybean raw,376,17.4,2.0,28.3,0.0,33.2,10.8,0.0,0.017,0.00085,0.0,10.0,26.769230769230766,9.433333333333334,43.2,0.0,Low,0,ยังไม่พบตัวชี้วัดที่เกินเกณฑ์เบื้องต้น,0.6701364821428573
meat vegetable pizza,332,14.8,6.0,34.5,5.1,15.0,3.0,36.7,0.8,0.04,12.233333333333334,30.0,22.76923076923077,11.5,12.0,51.0,Low,0,ไขมันอิ่มตัวค่อนข้างสูง,0.6698309523809525
potato raw,164,0.2,0.028,37.2,1.7,4.3,4.7,0.0,0.072,0.0035999999999999,0.0,0.1399999999999999,0.3076923076923077,12.400000000000002,18.8,17.0,Low,0,ยังไม่พบตัวชี้วัดที่เกินเกณฑ์เบื้องต้น,0.6696295934065936
wheat germ,112,3.0,0.5,16.1,0.0,7.2,4.1,0.0,0.037,0.0018499999999999,0.0,2.5,4.615384615384616,5.366666666666667,16.4,0.0,Low,0,ยังไม่พบตัวชี้วัดที่เกินเกณฑ์เบื้องต้น,0.6693707403846154
gooseberries canned,184,0.5,0.004,47.3,0.0,1.6,6.0,0.0,0.097,0.00485,0.0,0.02,0.7692307692307693,15.766666666666666,24.0,0.0,Low,0,ยังไม่พบตัวชี้วัดที่เกินเกณฑ์เบื้องต้น,0.6693372513736264
burrito with beef,285,8.1,1.7,43.9,4.1,9.1,4.4,2.6,0.5,0.025,0.8666666666666666,8.5,12.461538461538462,14.633333333333333,17.6,41.0,Low,0,ยังไม่พบตัวชี้วัดที่เกินเกณฑ์เบื้องต้น,0.6692914377289378
clams raw,195,2.2,0.4,8.1,0.0,33.3,0.0,68.1,1.4,0.0699999999999999,22.7,2.0,3.384615384615385,2.7,0.0,0.0,Low,0,โคเลสเตอรอลค่อนข้างสูง,0.6692689560439561
turkey roast roasted,209,7.8,2.6,4.1,0.0,28.8,0.0,71.6,0.9,0.045,23.866666666666664,13.0,12.0,1.3666666666666665,0.0,0.0,Low,0,โคเลสเตอรอลค่อนข้างสูง,0.6690910714285715
provolone cheese reduced fat,310,19.9,12.8,4.0,0.6,27.9,0.0,62.2,1.0,0.05,20.733333333333334,64.0,30.61538461538461,1.3333333333333337,0.0,6.0,Low,0,โคเลสเตอรอลค่อนข้างสูง | ไขมันอิ่มตัวค่อนข้างสูง,0.6690178571428572
catfish cooked,206,10.3,2.3,0.0,0.0,26.4,0.0,94.4,0.2,0.01,31.466666666666672,11.5,15.846153846153848,0.0,0.0,0.0,Low,0,โคเลสเตอรอลค่อนข้างสูง,0.6687931318681319
northern pike cooked,350,2.7,0.5,0.0,0.0,76.5,0.0,155.0,0.2,0.01,51.66666666666667,2.5,4.153846153846154,0.0,0.0,0.0,Low,0,โคเลสเตอรอลค่อนข้างสูง,0.6687711538461538
northern pike raw,348,2.7,0.5,0.0,0.0,76.3,0.0,154.4,0.2,0.01,51.46666666666667,2.5,4.153846153846154,0.0,0.0,0.0,Low,0,โคเลสเตอรอลค่อนข้างสูง,0.6676282967032967
cottage cheese low fat,163,2.3,1.5,6.1,6.1,28.0,0.0,9.0,0.9,0.045,3.0,7.5,3.5384615384615383,2.033333333333333,0.0,61.0,Low,0,ยังไม่พบตัวชี้วัดที่เกินเกณฑ์เบื้องต้น,0.6672668956043957
potatoes canned,132,0.3,0.098,29.7,0.0,3.6,4.2,0.0,0.7,0.0349999999999999,0.0,0.49,0.4615384615384615,9.9,16.8,0.0,Low,0,ยังไม่พบตัวชี้วัดที่เกินเกณฑ์เบื้องต้น,0.666704532967033
lamb loin cooked,202,14.8,6.3,0.0,0.0,16.1,0.0,64.0,0.089,0.00445,21.333333333333336,31.5,22.76923076923077,0.0,0.0,0.0,Low,0,โคเลสเตอรอลค่อนข้างสูง | ไขมันอิ่มตัวค่อนข้างสูง,0.6666451964285716
mcchicken mcdonalds,358,17.3,3.1,36.6,4.7,13.7,1.7,35.4,0.8,0.04,11.8,15.5,26.61538461538462,12.2,6.800000000000001,47.0,Low,0,ยังไม่พบตัวชี้วัดที่เกินเกณฑ์เบื้องต้น,0.6663785714285715
english muffin with egg cheese sausage,472,29.9,11.4,28.8,2.5,22.1,0.3,269.0,0.8,0.04,89.66666666666666,57.00000000000001,46.0,9.6,1.2,25.0,Low,0,โคเลสเตอรอลค่อนข้างสูง | ไขมันอิ่มตัวค่อนข้างสูง,0.6662357142857143
amaranth flakes,134,2.7,0.5,27.0,0.2,5.9,3.6,0.0,0.067,0.00335,0.0,2.5,4.153846153846154,9.0,14.400000000000002,2.0,Low,0,ยังไม่พบตัวชี้วัดที่เกินเกณฑ์เบื้องต้น,0.6661424574175825
oat bran cooked,88,1.9,0.4,25.1,0.0,7.0,5.7,0.0,0.082,0.0041,0.0,2.0,2.923076923076923,8.366666666666667,22.8,0.0,Low,0,ยังไม่พบตัวชี้วัดที่เกินเกณฑ์เบื้องต้น,0.6658318873626374
puffed rice,153,0.2,0.037,34.1,0.0,2.4,0.6,0.0,0.053,0.00265,0.0,0.185,0.3076923076923077,11.366666666666667,2.4,0.0,Low,0,ยังไม่พบตัวชี้วัดที่เกินเกณฑ์เบื้องต้น,0.6651010041208792
lotus seeds dried,106,0.6,0.1,20.6,0.0,4.9,0.0,0.0,0.024,0.0012,0.0,0.5,0.923076923076923,6.866666666666667,0.0,0.0,Low,0,ยังไม่พบตัวชี้วัดที่เกินเกณฑ์เบื้องต้น,0.6648893516483517
chili with beans canned,287,14.1,6.0,30.5,3.0,14.6,11.3,43.5,1.3,0.065,14.499999999999998,30.0,21.69230769230769,10.166666666666666,45.2,30.0,Low,0,ไขมันอิ่มตัวค่อนข้างสูง,0.6647625
turkey gizzard cooked,70,2.1,0.5,0.0,0.0,11.9,0.0,203.4,0.031,0.00155,67.80000000000001,2.5,3.230769230769231,0.0,0.0,0.0,Low,0,โคเลสเตอรอลค่อนข้างสูง,0.6645076057692307
yam raw,177,0.3,0.067,41.8,0.8,2.3,6.2,0.0,0.017,0.00085,0.0,0.335,0.4615384615384615,13.933333333333334,24.8,8.0,Low,0,ยังไม่พบตัวชี้วัดที่เกินเกณฑ์เบื้องต้น,0.6644249436813188
chicken crispy breast kentucky fried chicken,375,23.2,5.0,11.9,0.0,29.7,0.0,106.4,0.8,0.04,35.46666666666667,25.0,35.69230769230769,3.966666666666667,0.0,0.0,Low,0,โคเลสเตอรอลค่อนข้างสูง,0.6641642857142858
caesar salad with crispy chicken mcdonalds,349,16.4,4.3,19.2,4.5,25.7,3.4,55.6,0.7,0.0349999999999999,18.533333333333335,21.5,25.23076923076923,6.4,13.6,45.0,Low,0,ยังไม่พบตัวชี้วัดที่เกินเกณฑ์เบื้องต้น,0.6640827380952382
natto,169,8.8,1.3,11.5,3.9,14.2,4.3,0.0,0.026,0.0013,0.0,6.5,13.53846153846154,3.833333333333333,17.2,39.0,Low,0,ยังไม่พบตัวชี้วัดที่เกินเกณฑ์เบื้องต้น,0.6640232170329671
pepperoni pizza,313,13.2,5.7,35.5,3.6,13.0,2.6,27.8,0.8,0.04,9.266666666666667,28.500000000000004,20.307692307692307,11.833333333333334,10.4,36.0,Low,0,ยังไม่พบตัวชี้วัดที่เกินเกณฑ์เบื้องต้น,0.6638904761904764
salsify raw,109,0.3,0.0,24.7,0.0,4.4,4.4,0.0,0.093,0.00465,0.0,0.0,0.4615384615384615,8.233333333333333,17.6,0.0,Low,0,ยังไม่พบตัวชี้วัดที่เกินเกณฑ์เบื้องต้น,0.6637893008241759
biscuit with egg sausage,505,33.6,10.4,34.1,1.5,18.0,0.3,260.8,1.1,0.055,86.93333333333334,52.0,51.69230769230769,11.366666666666667,1.2,15.0,Low,0,โคเลสเตอรอลค่อนข้างสูง | ไขมันอิ่มตัวค่อนข้างสูง,0.6635160714285715
baked potato,161,0.2,0.074,36.6,2.0,4.3,3.8,0.0,0.097,0.00485,0.0,0.37,0.3076923076923077,12.2,15.2,20.0,Low,0,ยังไม่พบตัวชี้วัดที่เกินเกณฑ์เบื้องต้น,0.6634059326923079
cheese imitation,441,36.2,6.6,1.1,1.1,28.3,0.0,17.0,0.8,0.04,5.666666666666666,32.99999999999999,55.69230769230769,0.3666666666666667,0.0,11.000000000000002,Low,0,ไขมันอิ่มตัวค่อนข้างสูง,0.6632833333333334
filet o fish mcdonalds,378,19.6,3.8,35.4,4.9,15.1,1.9,42.9,0.6,0.03,14.3,19.0,30.153846153846153,11.8,7.6,49.00000000000001,Low,0,ยังไม่พบตัวชี้วัดที่เกินเกณฑ์เบื้องต้น,0.6632750000000001
cheese pizza dominos,278,9.7,4.4,35.9,4.3,11.7,2.4,18.4,0.6,0.03,6.133333333333333,22.000000000000004,14.923076923076922,11.966666666666663,9.6,43.0,Low,0,ยังไม่พบตัวชี้วัดที่เกินเกณฑ์เบื้องต้น,0.6631257326007326
ginkgo nuts canned,172,2.5,0.5,34.3,0.0,3.5,14.4,0.0,0.5,0.025,0.0,2.5,3.8461538461538463,11.433333333333334,57.60000000000001,0.0,Low,0,ยังไม่พบตัวชี้วัดที่เกินเกณฑ์เบื้องต้น,0.6630020604395606
rambutan canned,175,0.4,0.0,44.7,0.0,1.4,1.9,0.0,0.051,0.00255,0.0,0.0,0.6153846153846154,14.900000000000002,7.6,0.0,Low,0,ยังไม่พบตัวชี้วัดที่เกินเกณฑ์เบื้องต้น,0.6628654903846154
ocean perch raw,51,1.0,0.2,0.0,0.0,9.8,0.0,33.3,0.2,0.01,11.099999999999998,1.0,1.5384615384615383,0.0,0.0,0.0,Low,0,ยังไม่พบตัวชี้วัดที่เกินเกณฑ์เบื้องต้น,0.6622793956043956
navy bean sprouts raw,70,0.7,0.05,13.6,0.0,6.4,0.0,0.0,0.063,0.00315,0.0,0.25,1.0769230769230769,4.533333333333333,0.0,0.0,Low,0,ยังไม่พบตัวชี้วัดที่เกินเกณฑ์เบื้องต้น,0.661899451923077
vegetable lasagna,316,13.7,5.5,32.2,5.8,15.6,4.3,31.8,1.0,0.05,10.6,27.500000000000004,21.076923076923077,10.733333333333334,17.2,57.99999999999999,Low,0,ยังไม่พบตัวชี้วัดที่เกินเกณฑ์เบื้องต้น,0.6616964285714285
arepa,215,5.3,2.8,36.4,0.9,5.4,2.5,4.9,0.3,0.015,1.6333333333333335,13.999999999999998,8.153846153846153,12.133333333333333,10.0,9.0,Low,0,ยังไม่พบตัวชี้วัดที่เกินเกณฑ์เบื้องต้น,0.6615074633699635
turkey liver cooked,100,4.3,1.2,0.0,0.0,14.3,0.0,343.4,0.083,0.00415,114.46666666666664,6.0,6.615384615384615,0.0,0.0,0.0,Medium,1,โคเลสเตอรอลค่อนข้างสูง,0.6612463475274726
pumpkin seed sunfish raw,43,0.3,0.051,0.0,0.0,9.3,0.0,32.2,0.06,0.0029999999999999,10.733333333333334,0.2549999999999999,0.4615384615384615,0.0,0.0,0.0,Low,0,ยังไม่พบตัวชี้วัดที่เกินเกณฑ์เบื้องต้น,0.6605040567765568
yellowfin tuna cooked,37,0.2,0.054,0.0,0.0,8.2,0.0,13.3,0.011,0.00055,4.433333333333334,0.27,0.3076923076923077,0.0,0.0,0.0,Low,0,ยังไม่พบตัวชี้วัดที่เกินเกณฑ์เบื้องต้น,0.6602477065018316
oriental radish dried,314,0.8,0.3,73.5,43.3,9.2,27.7,0.0,0.3,0.015,0.0,1.5,1.2307692307692308,24.5,110.79999999999998,433.0,Medium,1,น้ำตาลถึงหรือเกิน 10 กรัมต่อมื้อ,0.6600853021978023
fish sandwich with cheese,374,19.6,3.8,35.4,4.9,15.1,0.0,49.6,0.6,0.03,16.53333333333333,19.0,30.153846153846153,11.8,0.0,49.00000000000001,Low,0,ยังไม่พบตัวชี้วัดที่เกินเกณฑ์เบื้องต้น,0.659977380952381
conch baked,165,1.5,0.5,2.2,0.0,33.4,0.0,82.6,0.2,0.01,27.53333333333333,2.5,2.307692307692308,0.7333333333333334,0.0,0.0,Low,0,โคเลสเตอรอลค่อนข้างสูง,0.659403021978022
sprouted soybean raw,85,4.7,0.7,6.7,0.0,9.2,0.8,0.0,0.005,0.00025,0.0,3.4999999999999996,7.230769230769231,2.2333333333333334,3.2,0.0,Low,0,ยังไม่พบตัวชี้วัดที่เกินเกณฑ์เบื้องต้น,0.6593387843406594
eastern oyster canned,110,4.0,1.0,6.3,0.0,11.4,0.0,89.1,0.2,0.01,29.7,5.0,6.153846153846154,2.0999999999999996,0.0,0.0,Low,0,โคเลสเตอรอลค่อนข้างสูง,0.6591282967032968
pumpkin seed sunfish cooked,42,0.3,0.025,0.0,0.0,9.2,0.0,31.8,0.046,0.0023,10.6,0.125,0.4615384615384615,0.0,0.0,0.0,Low,0,ยังไม่พบตัวชี้วัดที่เกินเกณฑ์เบื้องต้น,0.6590212115384616
english muffin,127,1.1,0.2,25.5,0.9,5.0,2.6,0.0,0.2,0.01,0.0,1.0,1.6923076923076923,8.5,10.4,9.0,Low,0,ยังไม่พบตัวชี้วัดที่เกินเกณฑ์เบื้องต้น,0.658804120879121
pepperoni pizza pizza hut,269,10.9,5.0,30.3,3.5,12.3,1.6,25.0,0.8,0.04,8.333333333333332,25.0,16.76923076923077,10.1,6.4,35.0,Low,0,ยังไม่พบตัวชี้วัดที่เกินเกณฑ์เบื้องต้น,0.6580617216117217
sandwich with roast beef,410,13.0,7.1,44.3,0.0,28.6,0.0,73.4,0.8,0.04,24.46666666666667,35.5,20.0,14.766666666666667,0.0,0.0,Low,0,โคเลสเตอรอลค่อนข้างสูง | ไขมันอิ่มตัวค่อนข้างสูง,0.6579142857142857
tostada with beans cheese,223,9.9,5.4,26.5,0.0,9.6,0.0,30.2,0.5,0.025,10.066666666666666,27.0,15.230769230769232,8.833333333333334,0.0,0.0,Low,0,ยังไม่พบตัวชี้วัดที่เกินเกณฑ์เบื้องต้น,0.6578436355311356
english muffin toasted,140,1.1,0.3,27.4,1.8,5.4,1.5,0.0,0.2,0.01,0.0,1.5,1.6923076923076923,9.133333333333333,6.0,18.0,Low,0,ยังไม่พบตัวชี้วัดที่เกินเกณฑ์เบื้องต้น,0.6577326923076924
meatless meatballs,284,13.0,2.1,11.5,1.8,30.2,6.6,0.0,0.8,0.04,0.0,10.500000000000002,20.0,3.833333333333333,26.4,18.0,Low,0,ยังไม่พบตัวชี้วัดที่เกินเกณฑ์เบื้องต้น,0.6574857142857145
ocean perch cooked,48,0.9,0.2,0.0,0.0,9.3,0.0,31.5,0.2,0.01,10.5,1.0,1.3846153846153846,0.0,0.0,0.0,Low,0,ยังไม่พบตัวชี้วัดที่เกินเกณฑ์เบื้องต้น,0.6569689560439561
turkey noodle soup,139,4.0,1.1,17.3,1.0,7.8,1.5,10.1,1.6,0.08,3.3666666666666663,5.500000000000001,6.153846153846154,5.7666666666666675,6.0,10.0,Low,0,ยังไม่พบตัวชี้วัดที่เกินเกณฑ์เบื้องต้น,0.6567580586080586
scup raw,174,4.5,1.1,0.0,0.0,31.3,0.0,86.3,0.082,0.0041,28.76666666666667,5.500000000000001,6.923076923076923,0.0,0.0,0.0,Low,0,โคเลสเตอรอลค่อนข้างสูง,0.6562247445054945
bluefish raw,186,6.4,1.4,0.0,0.0,30.1,0.0,88.5,0.028,0.0014,29.5,6.999999999999999,9.846153846153848,0.0,0.0,0.0,Low,0,โคเลสเตอรอลค่อนข้างสูง,0.6561790604395604
bluefish cooked,186,6.4,1.4,0.0,0.0,30.1,0.0,88.9,0.045,0.00225,29.633333333333333,6.999999999999999,9.846153846153848,0.0,0.0,0.0,Low,0,โคเลสเตอรอลค่อนข้างสูง,0.6561726854395604
cod canned,328,2.7,0.5,0.0,0.0,71.0,0.0,171.6,0.7,0.0349999999999999,57.2,2.5,4.153846153846154,0.0,0.0,0.0,Low,0,โคเลสเตอรอลค่อนข้างสูง,0.6560122252747252
arrowroot,78,0.2,0.094,16.1,0.0,5.1,1.6,0.0,0.052,0.0026,0.0,0.47,0.3076923076923077,5.366666666666667,6.4,0.0,Low,0,ยังไม่พบตัวชี้วัดที่เกินเกณฑ์เบื้องต้น,0.6559942362637363
brown rice raw,685,5.4,1.1,142.9,1.6,14.7,6.5,0.0,0.086,0.0042999999999999,0.0,5.500000000000001,8.307692307692308,47.63333333333333,26.0,16.0,Low,0,ยังไม่พบตัวชี้วัดที่เกินเกณฑ์เบื้องต้น,0.6559814862637363
sunflower seeds dried,269,23.7,2.0,9.2,1.2,9.6,4.0,0.0,0.014,0.0007,0.0,10.0,36.46153846153846,3.0666666666666664,16.0,12.0,Low,0,ยังไม่พบตัวชี้วัดที่เกินเกณฑ์เบื้องต้น,0.6557090357142857
crispy chicken wing kentucky fried chicken,104,5.3,1.1,1.3,0.0,12.6,0.0,64.2,0.3,0.015,21.4,5.500000000000001,8.153846153846153,0.4333333333333333,0.0,0.0,Low,0,โคเลสเตอรอลค่อนข้างสูง,0.6556622252747253
taro cooked,187,0.1,0.012,45.7,0.6,0.7,6.7,0.0,0.055,0.00275,0.0,0.06,0.1538461538461538,15.233333333333334,26.8,6.0,Low,0,ยังไม่พบตัวชี้วัดที่เกินเกณฑ์เบื้องต้น,0.6554326717032968
ground emu cooked,178,5.1,1.4,0.0,0.0,31.0,0.0,94.8,0.025,0.00125,31.6,6.999999999999999,7.846153846153846,0.0,0.0,0.0,Low,0,โคเลสเตอรอลค่อนข้างสูง,0.6553587568681318
sturgeon smoked,49,1.2,0.3,0.0,0.0,8.8,0.0,22.6,0.2,0.01,7.533333333333333,1.5,1.846153846153846,0.0,0.0,0.0,Low,0,ยังไม่พบตัวชี้วัดที่เกินเกณฑ์เบื้องต้น,0.6552455128205129
danish pastry with cheese,353,24.6,5.1,28.7,0.0,5.8,0.0,20.0,0.3,0.015,6.666666666666667,25.5,37.84615384615385,9.566666666666666,0.0,0.0,Low,0,ยังไม่พบตัวชี้วัดที่เกินเกณฑ์เบื้องต้น,0.6540065476190476
cheese pizza pizza hut,260,10.5,4.8,30.0,3.2,11.5,1.7,23.0,0.7,0.0349999999999999,7.666666666666666,24.0,16.153846153846153,10.0,6.800000000000001,32.0,Low,0,ยังไม่พบตัวชี้วัดที่เกินเกณฑ์เบื้องต้น,0.6537384157509158
arroz con grandules,209,5.7,0.9,35.4,0.0,4.0,1.6,0.0,0.7,0.0349999999999999,0.0,4.5,8.76923076923077,11.8,6.4,0.0,Low,0,ยังไม่พบตัวชี้วัดที่เกินเกณฑ์เบื้องต้น,0.6533968406593407
nachos taco bell,362,21.9,4.7,36.0,0.0,5.1,3.8,4.0,0.5,0.025,1.3333333333333337,23.5,33.692307692307686,12.0,15.2,0.0,Low,0,ยังไม่พบตัวชี้วัดที่เกินเกณฑ์เบื้องต้น,0.6533720238095239
pollock raw,355,3.8,0.5,0.0,0.0,75.0,0.0,274.1,0.3,0.015,91.36666666666667,2.5,5.846153846153846,0.0,0.0,0.0,Low,0,โคเลสเตอรอลค่อนข้างสูง,0.6531842032967033
japanese soba noodles dry,95,0.2,0.084,21.1,0.0,4.1,0.0,0.0,0.2,0.01,0.0,0.42,0.3076923076923077,7.033333333333334,0.0,0.0,Low,0,ยังไม่พบตัวชี้วัดที่เกินเกณฑ์เบื้องต้น,0.653153021978022
american shad raw,362,25.3,5.8,0.0,0.0,31.2,0.0,138.0,0.001,5e-05,46.0,28.999999999999996,38.92307692307693,0.0,0.0,0.0,Low,0,โคเลสเตอรอลค่อนข้างสูง,0.6531424821428572
beef empanada,298,16.3,4.6,27.8,1.6,10.1,1.8,23.1,0.4,0.02,7.7,23.0,25.07692307692308,9.266666666666667,7.200000000000001,16.0,Low,0,ยังไม่พบตัวชี้วัดที่เกินเกณฑ์เบื้องต้น,0.6531357142857144
spinach egg noodles dry,145,1.7,0.4,26.7,0.0,5.6,2.6,36.1,0.096,0.0048,12.033333333333331,2.0,2.6153846153846154,8.9,10.4,0.0,Low,0,ยังไม่พบตัวชี้วัดที่เกินเกณฑ์เบื้องต้น,0.653122424908425
wheat germ toasted,115,3.2,0.5,14.9,2.3,8.7,4.5,0.0,0.06,0.0029999999999999,0.0,2.5,4.923076923076923,4.966666666666667,18.0,23.0,Low,0,ยังไม่พบตัวชี้วัดที่เกินเกณฑ์เบื้องต้น,0.6530187087912088
whole wheat spaghetti dry,98,0.4,0.047,21.2,0.0,4.1,0.0,0.0,0.002,0.0001,0.0,0.235,0.6153846153846154,7.066666666666667,0.0,0.0,Low,0,ยังไม่พบตัวชี้วัดที่เกินเกณฑ์เบื้องต้น,0.6526338653846154
pollock cooked,356,3.8,0.5,0.0,0.0,75.3,0.0,274.8,0.3,0.015,91.6,2.5,5.846153846153846,0.0,0.0,0.0,Low,0,โคเลสเตอรอลค่อนข้างสูง,0.6526127747252748
pepperoni pizza dominos,308,12.6,5.4,36.0,4.2,12.7,2.4,28.3,0.7,0.0349999999999999,9.433333333333334,27.0,19.384615384615383,12.0,9.6,42.00000000000001,Low,0,ยังไม่พบตัวชี้วัดที่เกินเกณฑ์เบื้องต้น,0.6525195512820513
yam cooked,158,0.2,0.061,37.4,0.7,2.0,5.3,0.0,0.017,0.00085,0.0,0.305,0.3076923076923077,12.466666666666669,21.2,6.999999999999999,Low,0,ยังไม่พบตัวชี้วัดที่เกินเกณฑ์เบื้องต้น,0.6524716469780221
chicken liver cooked,76,2.8,0.9,0.5,0.0,11.3,0.0,248.2,0.079,0.0039499999999999,82.73333333333332,4.5,4.3076923076923075,0.1666666666666666,0.0,0.0,Low,0,โคเลสเตอรอลค่อนข้างสูง,0.6523412541208792
baked beans canned,239,0.9,0.2,53.7,20.2,12.1,10.4,0.0,0.9,0.045,0.0,1.0,1.3846153846153846,17.900000000000002,41.6,202.0,Medium,1,น้ำตาลถึงหรือเกิน 10 กรัมต่อมื้อ,0.6520993131868132
beef gravy,123,5.5,2.7,11.2,0.5,8.7,0.9,7.0,1.5,0.075,2.3333333333333335,13.5,8.461538461538462,3.733333333333333,3.6000000000000005,5.0,Low,0,ยังไม่พบตัวชี้วัดที่เกินเกณฑ์เบื้องต้น,0.6516783424908426
american shad cooked,363,25.4,0.0,0.0,0.0,31.3,0.0,138.2,0.043,0.0021499999999999,46.06666666666666,0.0,39.07692307692307,0.0,0.0,0.0,Low,0,โคเลสเตอรอลค่อนข้างสูง,0.6513053035714286
rockfish cooked,162,2.4,0.6,0.0,0.0,33.1,0.0,90.9,0.1,0.005,30.3,3.0,3.692307692307692,0.0,0.0,0.0,Low,0,โคเลสเตอรอลค่อนข้างสูง,0.6510916208791209
corn on the cob with butter,155,3.4,1.6,31.9,0.0,4.5,0.0,5.8,0.056,0.0028,1.9333333333333331,8.0,5.230769230769231,10.633333333333333,0.0,0.0,Low,0,ยังไม่พบตัวชี้วัดที่เกินเกณฑ์เบื้องต้น,0.6507363260073261
mozzarella cheese fat free,159,0.0,0.0,4.0,1.7,35.8,2.0,20.3,0.8,0.04,6.766666666666667,0.0,0.0,1.3333333333333337,8.0,17.0,Low,0,ยังไม่พบตัวชี้วัดที่เกินเกณฑ์เบื้องต้น,0.6506404761904763
potato wedges kentucky fried chicken,379,19.8,4.0,45.0,0.0,5.4,4.2,0.0,1.0,0.05,0.0,20.0,30.461538461538463,15.0,16.8,0.0,Low,0,ยังไม่พบตัวชี้วัดที่เกินเกณฑ์เบื้องต้น,0.6505535714285715
rye dinner roll,123,1.5,0.3,22.8,0.5,4.4,2.1,0.0,0.3,0.015,0.0,1.5,2.307692307692308,7.6,8.4,5.0,Low,0,ยังไม่พบตัวชี้วัดที่เกินเกณฑ์เบื้องต้น,0.650365521978022
tomato sauce with onions,103,0.5,0.007,24.4,0.0,3.8,4.4,0.0,1.3,0.065,0.0,0.0349999999999999,0.7692307692307693,8.133333333333333,17.6,0.0,Low,0,ยังไม่พบตัวชี้วัดที่เกินเกณฑ์เบื้องต้น,0.6501004120879121
gushers fruit gushers,360,6.0,80.0,0.2,0.0,0.0,0.0,0.0,0.0,0.0,0.0,400.0,9.230769230769232,0.0666666666666666,0.0,0.0,Medium,1,ไขมันอิ่มตัวค่อนข้างสูง,0.6500549450549451
beer,142,0.0,0.0,11.7,0.0,1.5,0.0,0.0,0.067,0.00335,0.0,0.0,0.0,3.9,0.0,0.0,Low,0,ยังไม่พบตัวชี้วัดที่เกินเกณฑ์เบื้องต้น,0.6498677321428572
mushroom barley soup,186,5.5,1.1,29.3,0.0,4.6,0.0,0.0,1.7,0.0849999999999999,0.0,5.500000000000001,8.461538461538462,9.766666666666666,0.0,0.0,Low,0,ยังไม่พบตัวชี้วัดที่เกินเกณฑ์เบื้องต้น,0.6496866758241758
hamburger burger king,258,10.4,3.8,26.5,5.5,14.7,2.0,34.7,0.5,0.025,11.566666666666668,19.0,16.0,8.833333333333334,8.0,55.00000000000001,Low,0,ยังไม่พบตัวชี้วัดที่เกินเกณฑ์เบื้องต้น,0.6495744047619048
burgundy red wine,172,0.0,0.0,7.4,0.0,0.1,0.0,0.0,0.0,0.0,0.0,0.0,0.0,2.466666666666667,0.0,0.0,Low,0,ยังไม่พบตัวชี้วัดที่เกินเกณฑ์เบื้องต้น,0.6495357142857144
late harvest white wine,172,0.0,0.0,20.6,0.0,0.1,13.1,0.0,0.0,0.0,0.0,0.0,0.0,6.866666666666667,52.400000000000006,0.0,Low,0,ยังไม่พบตัวชี้วัดที่เกินเกณฑ์เบื้องต้น,0.6495357142857144
biscuit,357,16.5,4.4,45.0,2.2,7.1,1.5,3.0,0.6,0.03,1.0,22.000000000000004,25.384615384615383,15.0,6.0,22.000000000000004,Low,0,ยังไม่พบตัวชี้วัดที่เกินเกณฑ์เบื้องต้น,0.6490250000000001
chow mein noodles,257,9.9,1.0,37.5,0.5,5.9,1.5,0.0,0.5,0.025,0.0,5.0,15.230769230769232,12.5,6.0,5.0,Low,0,ยังไม่พบตัวชี้วัดที่เกินเกณฑ์เบื้องต้น,0.6486888736263737
barbera red wine,170,0.0,0.0,5.6,0.0,0.1,0.0,0.0,0.0,0.0,0.0,0.0,0.0,1.8666666666666665,0.0,0.0,Low,0,ยังไม่พบตัวชี้วัดที่เกินเกณฑ์เบื้องต้น,0.6483928571428573
mountain yam cooked,119,0.1,0.014,29.0,0.0,2.5,0.0,0.0,0.4,0.02,0.0,0.0699999999999999,0.1538461538461538,9.666666666666666,0.0,0.0,Low,0,ยังไม่พบตัวชี้วัดที่เกินเกณฑ์เบื้องต้น,0.647946153846154
duck meat cooked,472,39.7,13.5,0.0,0.0,26.6,0.0,117.6,0.041,0.00205,39.2,67.5,61.07692307692309,0.0,0.0,0.0,Low,0,โคเลสเตอรอลค่อนข้างสูง | ไขมันอิ่มตัวค่อนข้างสูง,0.6477703392857144
chicken noodle soup,145,4.7,1.2,18.4,0.0,7.2,2.7,24.2,2.1,0.105,8.066666666666666,6.0,7.230769230769231,6.133333333333333,10.8,0.0,Low,0,ยังไม่พบตัวชี้วัดที่เกินเกณฑ์เบื้องต้น,0.6476722069597071
matzo crackers whole wheat,98,0.4,0.005,22.1,0.0,3.7,3.3,0.0,0.002,0.0001,0.0,0.025,0.6153846153846154,7.366666666666667,13.2,0.0,Low,0,ยังไม่พบตัวชี้วัดที่เกินเกณฑ์เบื้องต้น,0.6476338653846154
koyadofu,81,5.2,0.7,1.7,0.0,8.9,1.2,0.0,0.081,0.00405,0.0,3.4999999999999996,8.0,0.5666666666666667,4.8,0.0,Low,0,ยังไม่พบตัวชี้วัดที่เกินเกณฑ์เบื้องต้น,0.6475053392857144
tuna salad,383,19.0,3.2,19.3,0.0,32.9,0.0,26.7,0.8,0.04,8.9,16.0,29.230769230769234,6.433333333333334,0.0,0.0,Low,0,ยังไม่พบตัวชี้วัดที่เกินเกณฑ์เบื้องต้น,0.6473428571428572
cream of rice coup,127,0.2,0.07,28.1,0.022,2.2,0.2,0.0,0.4,0.02,0.0,0.35,0.3076923076923077,9.366666666666667,0.8,0.2199999999999999,Low,0,ยังไม่พบตัวชี้วัดที่เกินเกณฑ์เบื้องต้น,0.6472837362637363
pupusas con frijoles,289,11.4,2.8,39.7,1.6,7.0,7.3,0.0,0.4,0.02,0.0,13.999999999999998,17.53846153846154,13.233333333333333,29.2,16.0,Low,0,ยังไม่พบตัวชี้วัดที่เกินเกณฑ์เบื้องต้น,0.6469543956043957
azumaya tofu vitasoy,316,16.6,2.0,9.1,1.6,32.8,2.4,0.0,0.03,0.0014999999999999,0.0,10.0,25.538461538461544,3.033333333333333,9.6,16.0,Low,0,ยังไม่พบตัวชี้วัดที่เกินเกณฑ์เบื้องต้น,0.6465601785714287
cabernet sauvignon red wine,166,0.0,0.0,5.2,0.0,0.1,0.0,0.0,0.0,0.0,0.0,0.0,0.0,1.7333333333333332,0.0,0.0,Low,0,ยังไม่พบตัวชี้วัดที่เกินเกณฑ์เบื้องต้น,0.646107142857143
cranberry apricot juice,157,0.0,0.0,39.7,0.0,0.5,0.2,0.0,0.007,0.00035,0.0,0.0,0.0,13.233333333333333,0.8,0.0,Low,0,ยังไม่พบตัวชี้วัดที่เกินเกณฑ์เบื้องต้น,0.6459616607142858
melba toast crackers,117,1.0,0.1,23.0,0.3,3.6,1.9,0.0,0.2,0.01,0.0,0.5,1.5384615384615383,7.666666666666666,7.6,3.0,Low,0,ยังไม่พบตัวชี้วัดที่เกินเกณฑ์เบื้องต้น,0.6457436813186814
lebanon bologna,98,6.0,1.6,0.3,0.0,10.8,0.0,31.4,0.8,0.04,10.466666666666663,8.0,9.230769230769232,0.1,0.0,0.0,Low,0,ยังไม่พบตัวชี้วัดที่เกินเกณฑ์เบื้องต้น,0.6453025641025641
japanese somen noodles dry,101,0.2,0.0,21.0,0.0,3.2,1.2,0.0,0.5,0.025,0.0,0.0,0.3076923076923077,7.000000000000001,4.8,0.0,Low,0,ยังไม่พบตัวชี้วัดที่เกินเกณฑ์เบื้องต้น,0.6452190934065934
biscuit with sausage,412,27.1,8.2,33.3,1.8,10.7,0.4,31.1,0.9,0.045,10.366666666666667,41.0,41.69230769230769,11.099999999999998,1.6,18.0,Low,0,ไขมันอิ่มตัวค่อนข้างสูง,0.6450672619047619
mutton cooked,66,3.1,1.5,0.027,0.0,9.5,0.0,30.8,0.07,0.0035,10.266666666666667,7.5,4.769230769230769,0.009,0.0,0.0,Low,0,ยังไม่พบตัวชี้วัดที่เกินเกณฑ์เบื้องต้น,0.6450021382783884
tahitian taro cooked,60,0.9,0.2,9.4,0.0,5.7,0.0,0.0,0.4,0.02,0.0,1.0,1.3846153846153846,3.1333333333333333,0.0,0.0,Low,0,ยังไม่พบตัวชี้วัดที่เกินเกณฑ์เบื้องต้น,0.645001098901099
pancakes with butter syrup,260,7.0,2.9,45.4,0.0,4.1,0.0,29.0,0.6,0.03,9.666666666666666,14.499999999999998,10.76923076923077,15.133333333333333,0.0,0.0,Low,0,ยังไม่พบตัวชี้วัดที่เกินเกณฑ์เบื้องต้น,0.6446605311355312
yautia tannier,132,0.5,0.1,31.9,0.0,2.0,2.0,0.0,0.031,0.00155,0.0,0.5,0.7692307692307693,10.633333333333333,8.0,0.0,Low,0,ยังไม่พบตัวชี้วัดที่เกินเกณฑ์เบื้องต้น,0.6446477156593408
egg noodles dry,146,1.7,0.4,27.1,0.7,5.4,1.3,31.9,0.095,0.00475,10.633333333333333,2.0,2.6153846153846154,9.033333333333331,5.2,6.999999999999999,Low,0,ยังไม่พบตัวชี้วัดที่เกินเกณฑ์เบื้องต้น,0.6441942284798535
blueberry pie,360,17.5,4.3,49.2,0.0,4.0,0.0,0.0,0.3,0.015,0.0,21.5,26.923076923076923,16.400000000000002,0.0,0.0,Low,0,ยังไม่พบตัวชี้วัดที่เกินเกณฑ์เบื้องต้น,0.6441732142857143
yellowfin tuna raw,31,0.1,0.073,0.0,0.0,6.9,0.0,11.0,0.049,0.00245,3.6666666666666665,0.3649999999999999,0.1538461538461538,0.0,0.0,0.0,Low,0,ยังไม่พบตัวชี้วัดที่เกินเกณฑ์เบื้องต้น,0.6436253978937729
bean with bacon soup,106,2.1,1.0,16.4,0.6,5.5,9.0,2.7,0.9,0.045,0.9000000000000001,5.0,3.230769230769231,5.466666666666666,36.0,6.0,Low,0,ยังไม่พบตัวชี้วัดที่เกินเกณฑ์เบื้องต้น,0.6435031593406594
pectin,163,0.2,0.052,45.2,0.0,0.2,4.3,0.0,0.1,0.005,0.0,0.26,0.3076923076923077,15.066666666666666,17.2,0.0,Low,0,ยังไม่พบตัวชี้วัดที่เกินเกณฑ์เบื้องต้น,0.6432976648351649
matzo crackers,111,0.4,0.03,23.4,0.098,2.8,0.8,0.0,0.0,0.0,0.0,0.15,0.6153846153846154,7.8,3.2,0.98,Low,0,ยังไม่พบตัวชี้วัดที่เกินเกณฑ์เบื้องต้น,0.6423431868131869
vegetable salad with shrimp,71,1.7,0.4,4.4,0.0,9.7,0.0,119.5,0.3,0.015,39.83333333333333,2.0,2.6153846153846154,1.4666666666666668,0.0,0.0,Low,0,โคเลสเตอรอลค่อนข้างสูง,0.642093543956044
monterey cheese low fat,350,24.4,15.9,0.8,0.6,31.9,0.0,73.5,0.6,0.03,24.5,79.5,37.53846153846154,0.2666666666666667,0.0,6.0,Low,0,โคเลสเตอรอลค่อนข้างสูง | ไขมันอิ่มตัวค่อนข้างสูง,0.6420250000000001
bean ham soup,198,2.5,0.6,33.5,7.8,10.3,9.8,4.9,0.5,0.025,1.6333333333333335,3.0,3.8461538461538463,11.166666666666666,39.2,78.0,Low,0,ยังไม่พบตัวชี้วัดที่เกินเกณฑ์เบื้องต้น,0.6417758699633701
english muffin with butter,189,5.8,2.4,30.4,0.0,4.9,0.0,12.6,0.4,0.02,4.199999999999999,12.0,8.923076923076923,10.133333333333333,0.0,0.0,Low,0,ยังไม่พบตัวชี้วัดที่เกินเกณฑ์เบื้องต้น,0.6416769230769231
grape soda,160,0.0,0.0,41.7,0.0,0.0,0.0,0.0,0.042,0.0021,0.0,0.0,0.0,13.900000000000002,0.0,0.0,Low,0,ยังไม่พบตัวชี้วัดที่เกินเกณฑ์เบื้องต้น,0.6414128214285715
red potato raw,149,0.3,0.074,33.9,2.7,4.0,3.6,0.0,0.02,0.001,0.0,0.37,0.4615384615384615,11.3,14.400000000000002,27.0,Low,0,ยังไม่พบตัวชี้วัดที่เกินเกณฑ์เบื้องต้น,0.6411738186813187
crispy chicken drumstick kentucky fried chicken,70,3.0,0.8,0.0,0.0,10.6,0.0,56.2,0.2,0.01,18.733333333333334,4.0,4.615384615384616,0.0,0.0,0.0,Low,0,ยังไม่พบตัวชี้วัดที่เกินเกณฑ์เบื้องต้น,0.6409762820512821
spinach spaghetti dry,105,0.4,0.097,21.2,0.8,3.8,3.0,0.0,0.094,0.0046999999999999,0.0,0.485,0.6153846153846154,7.066666666666667,12.0,8.0,Low,0,ยังไม่พบตัวชี้วัดที่เกินเกณฑ์เบื้องต้น,0.6408493653846156
acorn squash cooked,115,0.3,0.023,29.9,0.0,2.3,9.0,0.0,0.5,0.025,0.0,0.1149999999999999,0.4615384615384615,9.966666666666669,36.0,0.0,Low,0,ยังไม่พบตัวชี้วัดที่เกินเกณฑ์เบื้องต้น,0.6408152472527473
lingcod cooked,329,4.1,0.8,0.0,0.0,68.4,0.0,202.3,0.2,0.01,67.43333333333334,4.0,6.3076923076923075,0.0,0.0,0.0,Low,0,โคเลสเตอรอลค่อนข้างสูง,0.6406173076923077
whiskey sour,158,0.0,0.018,13.9,0.0,0.0,0.0,0.0,0.067,0.00335,0.0,0.09,0.0,4.633333333333334,0.0,0.0,Low,0,ยังไม่พบตัวชี้วัดที่เกินเกณฑ์เบื้องต้น,0.6402605892857143
spaghetti dry,105,0.4,0.045,21.1,0.8,3.7,0.9,0.0,0.09,0.0045,0.0,0.2249999999999999,0.6153846153846154,7.033333333333334,3.6000000000000005,8.0,Low,0,ยังไม่พบตัวชี้วัดที่เกินเกณฑ์เบื้องต้น,0.6396008653846155
whelk raw,39,0.1,0.096,2.2,0.0,6.7,0.0,18.4,0.073,0.00365,6.133333333333333,0.48,0.1538461538461538,0.7333333333333334,0.0,0.0,Low,0,ยังไม่พบตัวชี้วัดที่เกินเกณฑ์เบื้องต้น,0.6395211597985347
halibut cooked,353,5.1,1.1,0.0,0.0,71.7,0.0,190.8,0.3,0.015,63.6,5.500000000000001,7.846153846153846,0.0,0.0,0.0,Low,0,โคเลสเตอรอลค่อนข้างสูง,0.6393270604395604
crispy chicken strips kentucky fried chicken,129,7.2,1.4,6.4,0.0,9.5,0.7,24.0,0.4,0.02,8.0,6.999999999999999,11.076923076923077,2.1333333333333337,2.8,0.0,Low,0,ยังไม่พบตัวชี้วัดที่เกินเกณฑ์เบื้องต้น,0.6392373626373626
shark fin soup,99,4.3,1.1,8.2,0.0,6.9,0.0,4.3,1.1,0.055,1.4333333333333331,5.500000000000001,6.615384615384615,2.733333333333333,0.0,0.0,Low,0,ยังไม่พบตัวชี้วัดที่เกินเกณฑ์เบื้องต้น,0.6392102106227107
taco salad,212,11.2,5.2,17.9,0.0,10.0,0.0,33.0,0.6,0.03,11.0,26.0,17.23076923076923,5.966666666666666,0.0,0.0,Low,0,ยังไม่พบตัวชี้วัดที่เกินเกณฑ์เบื้องต้น,0.6391870879120879
pork tamale,247,12.8,3.8,22.4,0.7,10.4,3.4,28.4,0.7,0.0349999999999999,9.466666666666669,19.0,19.692307692307693,7.466666666666666,13.6,6.999999999999999,Low,0,ยังไม่พบตัวชี้วัดที่เกินเกณฑ์เบื้องต้น,0.6390213827838828
baked potato with sour cream,393,22.3,10.0,50.0,0.0,6.7,0.0,24.2,0.2,0.01,8.066666666666666,50.0,34.307692307692314,16.666666666666664,0.0,0.0,Low,0,ไขมันอิ่มตัวค่อนข้างสูง,0.6389369047619048
sprouted soybean cooked,76,4.2,0.6,6.1,0.4,8.0,0.8,0.0,0.2,0.01,0.0,3.0,6.461538461538462,2.033333333333333,3.2,4.0,Low,0,ยังไม่พบตัวชี้วัดที่เกินเกณฑ์เบื้องต้น,0.6388920329670331
pear nectar,150,0.062,0.032,39.4,0.0,0.3,1.5,0.0,0.056,0.0028,0.0,0.16,0.0953846153846153,13.133333333333333,6.0,0.0,Low,0,ยังไม่พบตัวชี้วัดที่เกินเกณฑ์เบื้องต้น,0.6387279010989012
rose hips,206,0.4,0.0,48.5,3.3,2.0,30.6,0.0,0.035,0.00175,0.0,0.0,0.6153846153846154,16.166666666666664,122.4,32.99999999999999,Low,0,ยังไม่พบตัวชี้วัดที่เกินเกณฑ์เบื้องต้น,0.6385857760989012
herring kippered,87,4.9,1.1,0.0,0.0,9.8,0.0,32.8,0.4,0.02,10.933333333333332,5.500000000000001,7.538461538461538,0.0,0.0,0.0,Low,0,ยังไม่พบตัวชี้วัดที่เกินเกณฑ์เบื้องต้น,0.6381924908424907
vanilla soymilk light,83,2.1,0.2,9.4,1.0,6.4,1.5,0.0,0.2,0.01,0.0,1.0,3.230769230769231,3.1333333333333333,6.0,10.0,Low,0,ยังไม่พบตัวชี้วัดที่เกินเกณฑ์เบื้องต้น,0.6381228021978023
fruit salad canned,125,0.008,0.08,32.5,0.0,1.3,2.5,0.0,0.069,0.00345,0.0,0.4,0.0123076923076923,10.833333333333334,10.0,0.0,Low,0,ยังไม่พบตัวชี้วัดที่เกินเกณฑ์เบื้องต้น,0.6375603887362638
minestrone soup,167,5.0,1.1,22.6,3.7,8.6,2.0,2.5,1.3,0.065,0.8333333333333334,5.500000000000001,7.6923076923076925,7.533333333333333,8.0,37.0,Low,0,ยังไม่พบตัวชี้วัดที่เกินเกณฑ์เบื้องต้น,0.6371654304029305
mixed vegetables canned,88,0.6,0.1,17.5,0.0,3.5,9.3,0.0,0.5,0.025,0.0,0.5,0.923076923076923,5.833333333333333,37.2,0.0,Low,0,ยังไม่พบตัวชี้วัดที่เกินเกณฑ์เบื้องต้น,0.6369251373626375
danish pastry with cinnamon,349,16.7,3.5,46.9,0.0,4.8,0.0,27.3,0.3,0.015,9.1,17.5,25.692307692307693,15.633333333333333,0.0,0.0,Low,0,ยังไม่พบตัวชี้วัดที่เกินเกณฑ์เบื้องต้น,0.6365660714285715
tomato sauce with herbs cheese,144,4.7,1.5,25.0,0.0,5.2,5.4,7.3,1.3,0.065,2.433333333333333,7.5,7.230769230769231,8.333333333333332,21.6,0.0,Low,0,ยังไม่พบตัวชี้วัดที่เกินเกณฑ์เบื้องต้น,0.6364841117216118
trail mix with chocolate chips,707,46.6,8.9,65.6,0.0,20.7,0.0,5.8,0.2,0.01,1.9333333333333331,44.5,71.6923076923077,21.866666666666664,0.0,0.0,Low,0,ไขมันอิ่มตัวค่อนข้างสูง,0.6363416666666667
egg white dried,26,0.087,0.0,0.3,0.0,5.8,0.0,0.0,0.052,0.0026,0.0,0.0,0.1338461538461538,0.1,0.0,0.0,Low,0,ยังไม่พบตัวชี้วัดที่เกินเกณฑ์เบื้องต้น,0.6363337967032968
cuttlefish cooked,45,0.4,0.08,0.5,0.0,9.2,0.0,63.4,0.2,0.01,21.133333333333333,0.4,0.6153846153846154,0.1666666666666666,0.0,0.0,Low,0,โคเลสเตอรอลค่อนข้างสูง,0.6360239010989012
haddock smoked,33,0.3,0.049,0.0,0.0,7.1,0.0,21.8,0.2,0.01,7.2666666666666675,0.245,0.4615384615384615,0.0,0.0,0.0,Low,0,ยังไม่พบตัวชี้วัดที่เกินเกณฑ์เบื้องต้น,0.6359039377289378
danish pastry with fruit,335,15.9,3.3,45.1,0.0,4.8,0.0,18.8,0.3,0.015,6.266666666666667,16.499999999999996,24.461538461538463,15.033333333333337,0.0,0.0,Low,0,ยังไม่พบตัวชี้วัดที่เกินเกณฑ์เบื้องต้น,0.6356494047619048
chinese egg roll,223,10.6,1.9,24.3,0.0,7.4,2.3,14.2,0.4,0.02,4.733333333333333,9.5,16.307692307692307,8.1,9.2,0.0,Low,0,ยังไม่พบตัวชี้วัดที่เกินเกณฑ์เบื้องต้น,0.6356375457875458
lemon pudding,173,4.4,2.6,30.2,0.0,4.1,0.0,16.5,0.4,0.02,5.5,13.0,6.76923076923077,10.066666666666666,0.0,0.0,Low,0,ยังไม่พบตัวชี้วัดที่เกินเกณฑ์เบื้องต้น,0.6354379120879121
ginkgo nuts dried,98,0.6,0.1,20.5,0.0,2.9,0.0,0.0,0.045,0.00225,0.0,0.5,0.923076923076923,6.833333333333333,0.0,0.0,Low,0,ยังไม่พบตัวชี้วัดที่เกินเกณฑ์เบื้องต้น,0.6353100480769232
whole wheat dry,96,0.6,0.031,21.1,0.1,3.1,2.7,0.0,0.036,0.0017999999999999,0.0,0.155,0.923076923076923,7.033333333333334,10.8,1.0,Low,0,ยังไม่พบตัวชี้วัดที่เกินเกณฑ์เบื้องต้น,0.6351705659340661
lotus root raw,85,0.1,0.057,19.8,0.0,3.0,5.6,0.0,0.06,0.0029999999999999,0.0,0.285,0.1538461538461538,6.6000000000000005,22.4,0.0,Low,0,ยังไม่พบตัวชี้วัดที่เกินเกณฑ์เบื้องต้น,0.6348950824175825
savoury noodle one pan dinner tandaco,172,1.2,0.5,5.5,0.0,0.0,0.0,0.0,0.0,0.0,0.0,2.5,1.846153846153846,1.8333333333333333,0.0,0.0,Low,0,ยังไม่พบตัวชี้วัดที่เกินเกณฑ์เบื้องต้น,0.6344395604395605
tortilla chips low fat,117,1.6,0.2,22.6,0.2,3.1,1.5,0.0,0.1,0.005,0.0,1.0,2.4615384615384617,7.533333333333333,6.0,2.0,Low,0,ยังไม่พบตัวชี้วัดที่เกินเกณฑ์เบื้องต้น,0.6341081043956045
wonton wrappers,93,0.5,0.022,18.5,0.0,3.1,0.6,2.9,0.2,0.01,0.9666666666666668,0.1099999999999999,0.7692307692307693,6.166666666666667,2.4,0.0,Low,0,ยังไม่พบตัวชี้วัดที่เกินเกณฑ์เบื้องต้น,0.6336319597069597
soybean cooked,296,15.4,2.2,17.1,5.2,28.6,10.3,0.0,0.075,0.00375,0.0,11.000000000000002,23.692307692307693,5.7,41.2,52.0,Low,0,ยังไม่พบตัวชี้วัดที่เกินเกณฑ์เบื้องต้น,0.6336147321428572
collard cooked,63,1.4,0.049,10.7,0.0,5.1,7.6,0.0,0.013,0.00065,0.0,0.245,2.1538461538461537,3.5666666666666664,30.4,0.0,Low,0,ยังไม่พบตัวชี้วัดที่เกินเกณฑ์เบื้องต้น,0.633591278846154
potato chips fat free,860,1.4,0.3,190.1,8.4,21.9,17.0,0.0,1.5,0.075,0.0,1.5,2.1538461538461537,63.36666666666666,68.0,84.00000000000001,Low,0,ยังไม่พบตัวชี้วัดที่เกินเกณฑ์เบื้องต้น,0.6335336538461539
sponge cake,187,2.7,0.8,36.4,0.0,4.6,0.0,107.1,0.1,0.005,35.699999999999996,4.0,4.153846153846154,12.133333333333333,0.0,0.0,Low,0,โคเลสเตอรอลค่อนข้างสูง,0.6331657967032968
chicken dumplings soup,235,13.4,3.2,14.7,1.4,13.6,1.2,80.5,1.8,0.09,26.833333333333332,16.0,20.615384615384617,4.8999999999999995,4.8,13.999999999999998,Low,0,โคเลสเตอรอลค่อนข้างสูง,0.6326107142857144
egg substitute powder,126,3.7,1.1,6.2,6.2,15.7,0.0,161.9,0.2,0.01,53.96666666666667,5.500000000000001,5.6923076923076925,2.0666666666666664,0.0,62.0,Low,0,โคเลสเตอรอลค่อนข้างสูง,0.6324826923076924
pork shoulder cooked,394,28.9,10.6,0.0,0.0,31.4,0.0,121.5,0.001,5e-05,40.5,53.0,44.46153846153846,0.0,0.0,0.0,Low,0,โคเลสเตอรอลค่อนข้างสูง | ไขมันอิ่มตัวค่อนข้างสูง,0.6323567678571429
potato scalloped,216,9.0,5.5,26.4,0.0,7.0,4.7,29.4,0.8,0.04,9.8,27.500000000000004,13.846153846153848,8.799999999999999,18.8,0.0,Low,0,ยังไม่พบตัวชี้วัดที่เกินเกณฑ์เบื้องต้น,0.6322824175824177
cranberry grape juice,137,0.2,0.053,34.3,0.0,0.5,0.2,0.0,0.079,0.0039499999999999,0.0,0.265,0.3076923076923077,11.433333333333334,0.8,0.0,Low,0,ยังไม่พบตัวชี้วัดที่เกินเกณฑ์เบื้องต้น,0.632198396978022
pretzels,115,0.9,0.1,24.1,0.7,3.0,1.0,0.0,0.4,0.02,0.0,0.5,1.3846153846153846,8.033333333333333,4.0,6.999999999999999,Low,0,ยังไม่พบตัวชี้วัดที่เกินเกณฑ์เบื้องต้น,0.6321796703296705
hamburger,255,9.9,3.5,28.7,5.8,12.9,1.7,28.1,0.5,0.025,9.366666666666667,17.5,15.230769230769232,9.566666666666666,6.800000000000001,57.99999999999999,Low,0,ยังไม่พบตัวชี้วัดที่เกินเกณฑ์เบื้องต้น,0.6321293498168499
spanish tomato sauce,81,0.7,0.007,17.7,0.0,3.5,3.4,0.0,1.2,0.06,0.0,0.0349999999999999,1.0769230769230769,5.8999999999999995,13.6,0.0,Low,0,ยังไม่พบตัวชี้วัดที่เกินเกณฑ์เบื้องต้น,0.6315087912087912
beef tripe cooked,80,3.4,1.2,1.7,0.0,10.0,0.0,133.5,0.045,0.00225,44.5,6.0,5.230769230769231,0.5666666666666667,0.0,0.0,Low,0,โคเลสเตอรอลค่อนข้างสูง,0.6314666414835166
french roll,105,1.6,0.4,19.1,0.1,3.3,1.2,0.0,0.2,0.01,0.0,2.0,2.4615384615384617,6.366666666666668,4.8,1.0,Low,0,ยังไม่พบตัวชี้วัดที่เกินเกณฑ์เบื้องต้น,0.6312134615384616
cheeseburger,292,13.2,6.0,28.7,5.9,15.0,1.6,41.4,0.6,0.03,13.8,30.0,20.307692307692307,9.566666666666666,6.4,59.00000000000001,Low,0,ไขมันอิ่มตัวค่อนข้างสูง,0.6311321428571429
vienna bread,92,0.6,0.2,18.1,0.8,3.8,0.8,0.0,0.2,0.01,0.0,1.0,0.923076923076923,6.033333333333333,3.2,8.0,Low,0,ยังไม่พบตัวชี้วัดที่เกินเกณฑ์เบื้องต้น,0.6310733516483518
popcorn unpopped,106,1.2,0.2,20.9,0.3,3.1,3.6,0.0,0.001,5e-05,0.0,1.0,1.846153846153846,6.966666666666667,14.400000000000002,3.0,Low,0,ยังไม่พบตัวชี้วัดที่เกินเกณฑ์เบื้องต้น,0.6309748997252748
french fries mcdonalds,378,18.1,2.7,49.8,0.2,4.0,4.6,0.0,0.2,0.01,0.0,13.5,27.846153846153847,16.599999999999998,18.4,2.0,Low,0,ยังไม่พบตัวชี้วัดที่เกินเกณฑ์เบื้องต้น,0.6309250000000001
woca seeds dried,102,0.3,0.025,22.6,0.1,2.2,5.4,0.0,0.048,0.0024,0.0,0.125,0.4615384615384615,7.533333333333333,21.6,1.0,Low,0,ยังไม่พบตัวชี้วัดที่เกินเกณฑ์เบื้องต้น,0.6308061758241759
bluefin tuna raw,41,1.4,0.4,0.0,0.0,6.6,0.0,10.8,0.013,0.00065,3.6000000000000005,2.0,2.1538461538461537,0.0,0.0,0.0,Low,0,ยังไม่พบตัวชี้วัดที่เกินเกณฑ์เบื้องต้น,0.6307698502747253
milkfish cooked,54,2.4,0.0,0.0,0.0,7.4,0.0,19.0,0.076,0.0038,6.333333333333334,0.0,3.692307692307692,0.0,0.0,0.0,Low,0,ยังไม่พบตัวชี้วัดที่เกินเกณฑ์เบื้องต้น,0.6298030018315018
rockfish raw,172,2.6,0.7,0.0,0.0,35.1,0.0,95.5,0.1,0.005,31.833333333333336,3.4999999999999996,4.0,0.0,0.0,0.0,Low,0,โคเลสเตอรอลค่อนข้างสูง,0.6294982142857143
hamburger mcdonalds,251,9.6,3.3,28.8,5.7,12.3,1.2,25.7,0.5,0.025,8.566666666666666,16.499999999999996,14.769230769230768,9.6,4.8,57.00000000000001,Low,0,ยังไม่พบตัวชี้วัดที่เกินเกณฑ์เบื้องต้น,0.6293051739926739
mangosteen canned,143,1.1,0.0,35.1,0.0,0.8,3.5,0.0,0.024,0.0012,0.0,0.0,1.6923076923076923,11.7,14.000000000000002,0.0,Low,0,ยังไม่พบตัวชี้วัดที่เกินเกณฑ์เบื้องต้น,0.6290129780219781
monterey cheese,421,34.2,21.5,0.8,0.6,27.7,0.0,100.6,0.7,0.0349999999999999,33.53333333333333,107.5,52.61538461538462,0.2666666666666667,0.0,6.0,Medium,1,โคเลสเตอรอลค่อนข้างสูง | ไขมันอิ่มตัวค่อนข้างสูง,0.6289160714285714
potato salad,358,20.5,3.6,27.9,0.0,6.7,3.3,170.0,1.3,0.065,56.666666666666664,18.0,31.538461538461537,9.3,13.2,0.0,Low,0,โคเลสเตอรอลค่อนข้างสูง,0.6286910714285714
vienna bread toasted,93,0.6,0.1,18.0,1.0,3.8,0.9,0.0,0.2,0.01,0.0,0.5,0.923076923076923,6.0,3.6000000000000005,10.0,Low,0,ยังไม่พบตัวชี้วัดที่เกินเกณฑ์เบื้องต้น,0.6286447802197803
matzo crackers with egg,109,0.6,0.2,22.0,0.0,3.4,0.8,23.2,0.057,0.00285,7.733333333333333,1.0,0.923076923076923,7.333333333333333,3.2,0.0,Low,0,ยังไม่พบตัวชี้วัดที่เกินเกณฑ์เบื้องต้น,0.6285079290293041
rutabaga raw,286,1.2,0.2,66.5,34.4,8.3,17.8,0.0,0.061,0.0030499999999999,0.0,1.0,1.846153846153846,22.166666666666668,71.2,344.0,Medium,1,น้ำตาลถึงหรือเกิน 10 กรัมต่อมื้อ,0.6283095425824178
asadero cheese,402,31.9,20.3,3.2,3.2,25.5,0.0,118.7,0.7,0.0349999999999999,39.56666666666667,101.5,49.07692307692307,1.0666666666666669,0.0,32.0,Medium,1,โคเลสเตอรอลค่อนข้างสูง | ไขมันอิ่มตัวค่อนข้างสูง,0.6282732142857143
taro raw,116,0.2,0.099,27.5,0.4,1.6,4.3,0.0,0.054,0.0026999999999999,0.0,0.495,0.3076923076923077,9.166666666666666,17.2,4.0,Low,0,ยังไม่พบตัวชี้วัดที่เกินเกณฑ์เบื้องต้น,0.627957771978022
peas onions canned,61,0.5,0.064,10.3,0.0,3.9,2.8,0.0,0.5,0.025,0.0,0.32,0.7692307692307693,3.4333333333333336,11.2,0.0,Low,0,ยังไม่พบตัวชี้วัดที่เกินเกณฑ์เบื้องต้น,0.6276504120879122
okara,93,2.1,0.2,15.3,0.0,3.9,0.0,0.0,0.07,0.0035,0.0,1.0,3.230769230769231,5.1000000000000005,0.0,0.0,Low,0,ยังไม่พบตัวชี้วัดที่เกินเกณฑ์เบื้องต้น,0.627635837912088
orange with peel,100,0.5,0.036,24.6,0.0,2.1,7.2,0.0,0.028,0.0014,0.0,0.18,0.7692307692307693,8.200000000000001,28.800000000000004,0.0,Low,0,ยังไม่พบตัวชี้วัดที่เกินเกณฑ์เบื้องต้น,0.6276131263736264
snap beans canned,66,0.4,0.1,15.4,0.0,3.5,6.6,0.0,0.09,0.0045,0.0,0.5,0.6153846153846154,5.133333333333334,26.4,0.0,Low,0,ยังไม่พบตัวชี้วัดที่เกินเกณฑ์เบื้องต้น,0.6268151510989012
chicken egg roll,158,3.6,0.8,22.8,4.5,8.4,1.9,11.2,0.4,0.02,3.733333333333333,4.0,5.538461538461538,7.6,7.6,45.0,Low,0,ยังไม่พบตัวชี้วัดที่เกินเกณฑ์เบื้องต้น,0.6267639194139194
sausage biscuit mcdonalds,440,29.7,12.5,31.8,2.3,11.3,1.4,33.9,1.0,0.05,11.3,62.5,45.69230769230769,10.6,5.6,23.0,Low,0,ไขมันอิ่มตัวค่อนข้างสูง,0.6266964285714286
focaccia,142,4.5,0.5,20.4,1.0,5.0,1.0,0.0,0.3,0.015,0.0,2.5,6.923076923076923,6.799999999999999,4.0,10.0,Low,0,ยังไม่พบตัวชี้วัดที่เกินเกณฑ์เบื้องต้น,0.6266072802197803
apple pie,331,15.6,3.8,46.4,0.0,3.0,0.0,0.0,0.3,0.015,0.0,19.0,24.0,15.466666666666669,0.0,0.0,Low,0,ยังไม่พบตัวชี้วัดที่เกินเกณฑ์เบื้องต้น,0.6265303571428572
colby cheese,445,36.3,22.8,2.9,0.6,26.8,0.0,107.4,0.7,0.0349999999999999,35.800000000000004,114.0,55.84615384615385,0.9666666666666668,0.0,6.0,Medium,1,โคเลสเตอรอลค่อนข้างสูง | ไขมันอิ่มตัวค่อนข้างสูง,0.6264517857142857
mashed potatoes,215,6.8,1.4,35.5,1.2,4.0,3.1,0.0,0.7,0.0349999999999999,0.0,6.999999999999999,10.461538461538462,11.833333333333334,12.4,12.0,Low,0,ยังไม่พบตัวชี้วัดที่เกินเกณฑ์เบื้องต้น,0.6261331043956045
cloud ear fungus dried,80,0.2,0.0,20.4,0.0,2.6,19.6,0.0,0.036,0.0017999999999999,0.0,0.0,0.3076923076923077,6.799999999999999,78.4,0.0,Low,0,ยังไม่พบตัวชี้วัดที่เกินเกณฑ์เบื้องต้น,0.6258930934065935
biscuit with egg bacon,458,31.1,8.0,28.6,3.3,17.0,0.8,352.5,1.3,0.065,117.5,40.0,47.84615384615385,9.533333333333331,3.2,32.99999999999999,Medium,1,โคเลสเตอรอลค่อนข้างสูง | ไขมันอิ่มตัวค่อนข้างสูง,0.6257982142857142
spinach canned,44,0.9,0.1,6.8,0.0,4.9,3.7,0.0,0.7,0.0349999999999999,0.0,0.5,1.3846153846153846,2.2666666666666666,14.800000000000002,0.0,Low,0,ยังไม่พบตัวชี้วัดที่เกินเกณฑ์เบื้องต้น,0.6257457417582418
halibut raw,371,5.4,1.2,0.0,0.0,75.7,0.0,199.9,0.3,0.015,66.63333333333334,6.0,8.307692307692308,0.0,0.0,0.0,Low,0,โคเลสเตอรอลค่อนข้างสูง,0.6255798076923077
cheeseburger mcdonalds,313,14.0,5.3,33.1,7.4,15.4,1.3,41.7,0.7,0.0349999999999999,13.900000000000002,26.5,21.53846153846154,11.033333333333331,5.2,74.0,Low,0,ยังไม่พบตัวชี้วัดที่เกินเกณฑ์เบื้องต้น,0.6253446428571429
zinfandel red wine,129,0.0,0.0,4.2,0.0,0.1,0.0,0.0,0.0,0.0,0.0,0.0,0.0,1.4,0.0,0.0,Low,0,ยังไม่พบตัวชี้วัดที่เกินเกณฑ์เบื้องต้น,0.6249642857142859
mouvedre red wine,129,0.0,0.0,3.9,0.0,0.1,16.5,0.0,0.0,0.0,0.0,0.0,0.0,1.3,66.0,0.0,Low,0,ยังไม่พบตัวชี้วัดที่เกินเกณฑ์เบื้องต้น,0.6249642857142859
orange roughy cooked,30,0.3,0.046,0.0,0.0,6.4,0.0,22.6,0.079,0.0039499999999999,7.533333333333333,0.2299999999999999,0.4615384615384615,0.0,0.0,0.0,Low,0,ยังไม่พบตัวชี้วัดที่เกินเกณฑ์เบื้องต้น,0.6248183603479854
cowpeas cooked,81,0.4,0.037,14.5,2.3,5.4,4.6,0.0,0.037,0.0018499999999999,0.0,0.185,0.6153846153846154,4.833333333333333,18.4,23.0,Low,0,ยังไม่พบตัวชี้วัดที่เกินเกณฑ์เบื้องต้น,0.6246564546703297
tomato paste canned,215,1.2,0.3,49.5,31.9,11.3,10.7,0.0,2.1,0.105,0.0,1.5,1.846153846153846,16.5,42.8,319.0,Medium,1,น้ำตาลถึงหรือเกิน 10 กรัมต่อมื้อ,0.6244734890109891
pepperpot soup,100,4.5,2.0,9.1,0.0,6.2,0.5,9.7,0.9,0.045,3.2333333333333334,10.0,6.923076923076923,3.033333333333333,2.0,0.0,Low,0,ยังไม่พบตัวชี้วัดที่เกินเกณฑ์เบื้องต้น,0.6242989468864469
matzo crackers with egg onion,109,1.1,0.3,21.6,0.0,2.8,1.4,12.6,0.052,0.0026,4.199999999999999,1.5,1.6923076923076923,7.200000000000001,5.6,0.0,Low,0,ยังไม่พบตัวชี้วัดที่เกินเกณฑ์เบื้องต้น,0.6240739065934066
lambs quarters cooked,58,1.3,0.085,9.0,1.1,5.8,3.8,0.0,0.5,0.025,0.0,0.425,2.0,3.0,15.2,11.000000000000002,Low,0,ยังไม่พบตัวชี้วัดที่เกินเกณฑ์เบื้องต้น,0.6239553571428572
beef vegetable soup,120,2.9,1.0,15.4,3.1,8.0,3.0,17.5,0.8,0.04,5.833333333333333,5.0,4.461538461538462,5.133333333333334,12.0,31.0,Low,0,ยังไม่พบตัวชี้วัดที่เกินเกณฑ์เบื้องต้น,0.6237265567765569
ling raw,168,1.2,0.2,0.0,0.0,36.7,0.0,77.2,0.3,0.015,25.733333333333334,1.0,1.846153846153846,0.0,0.0,0.0,Low,0,โคเลสเตอรอลค่อนข้างสูง,0.6232913461538461
congee with pork shrimp and squid plus egg,178,0.3,39.3,0.0,0.0,0.0,0.0,0.0,0.0,0.0,0.0,196.5,0.4615384615384615,0.0,0.0,0.0,Medium,1,ไขมันอิ่มตัวค่อนข้างสูง,0.6232527472527474
sangiovese red wine,126,0.0,0.0,3.9,0.0,0.1,0.0,0.0,0.0,0.0,0.0,0.0,0.0,1.3,0.0,0.0,Low,0,ยังไม่พบตัวชี้วัดที่เกินเกณฑ์เบื้องต้น,0.6232500000000001
petite sirah red wine,125,0.0,0.0,3.9,0.0,0.1,15.7,0.0,0.0,0.0,0.0,0.0,0.0,1.3,62.8,0.0,Low,0,ยังไม่พบตัวชี้วัดที่เกินเกณฑ์เบื้องต้น,0.6226785714285715
muesli master crumble,124,2.4,1.0,4.5,0.042,2.4,0.0,0.0,0.0,0.0,0.0,5.0,3.692307692307692,1.5,0.0,0.42,Low,0,ยังไม่พบตัวชี้วัดที่เกินเกณฑ์เบื้องต้น,0.6225348351648352
pout cooked,279,3.2,1.1,0.0,0.0,58.4,0.0,183.6,0.2,0.01,61.2,5.500000000000001,4.923076923076923,0.0,0.0,0.0,Low,0,โคเลสเตอรอลค่อนข้างสูง,0.6224304945054946
profeel proteiinirahka valio,140,0.4,0.2,19.3,0.2,175.0,0.0,0.0,0.0,0.0,0.0,1.0,0.6153846153846154,6.433333333333334,0.0,2.0,Low,0,ยังไม่พบตัวชี้วัดที่เกินเกณฑ์เบื้องต้น,0.6223846153846155
fennel,73,0.5,0.0,17.1,0.0,2.9,7.3,0.0,0.1,0.005,0.0,0.0,0.7692307692307693,5.7,29.2,0.0,Low,0,ยังไม่พบตัวชี้วัดที่เกินเกณฑ์เบื้องต้น,0.622157554945055
ling cooked,168,1.2,0.0,0.0,0.0,36.8,0.0,77.0,0.3,0.015,25.666666666666664,0.0,1.846153846153846,0.0,0.0,0.0,Low,0,โคเลสเตอรอลค่อนข้างสูง,0.6220413461538462
spinach cooked,41,0.5,0.042,6.8,0.8,5.3,4.3,0.0,0.1,0.005,0.0,0.21,0.7692307692307693,2.2666666666666666,17.2,8.0,Low,0,ยังไม่พบตัวชี้วัดที่เกินเกณฑ์เบื้องต้น,0.6218718406593408
pout raw,278,3.2,1.1,0.0,0.0,58.6,0.0,183.0,0.2,0.01,61.0,5.500000000000001,4.923076923076923,0.0,0.0,0.0,Low,0,โคเลสเตอรอลค่อนข้างสูง,0.6218590659340659
teff raw,708,4.6,0.9,141.1,3.6,25.7,15.4,0.0,0.053,0.00265,0.0,4.5,7.076923076923077,47.03333333333333,61.6,36.0,Low,0,ยังไม่พบตัวชี้วัดที่เกินเกณฑ์เบื้องต้น,0.621653201923077
rice cracker cake,111,1.2,0.2,23.0,0.2,2.0,1.2,0.0,0.097,0.00485,0.0,1.0,1.846153846153846,7.666666666666666,4.8,2.0,Low,0,ยังไม่พบตัวชี้วัดที่เกินเกณฑ์เบื้องต้น,0.6215460425824177
muscat white wine,123,0.0,0.0,7.8,0.0,0.1,0.0,0.0,0.0,0.0,0.0,0.0,0.0,2.6,0.0,0.0,Low,0,ยังไม่พบตัวชี้วัดที่เกินเกณฑ์เบื้องต้น,0.6215357142857144
wonton soup,71,0.6,0.1,11.7,0.8,4.6,0.4,8.9,0.9,0.045,2.966666666666667,0.5,0.923076923076923,3.9,1.6,8.0,Low,0,ยังไม่พบตัวชี้วัดที่เกินเกณฑ์เบื้องต้น,0.621394184981685
hazelnuts raw,471,45.6,3.3,12.5,3.3,11.2,7.3,0.0,0.0,0.0,0.0,16.499999999999996,70.15384615384616,4.166666666666666,29.2,32.99999999999999,Low,0,ยังไม่พบตัวชี้วัดที่เกินเกณฑ์เบื้องต้น,0.6213571428571429
grilled chicken sandwich wendys,370,8.0,42.0,0.0,0.0,0.0,0.0,0.0,0.0,0.0,0.0,210.0,12.307692307692308,0.0,0.0,0.0,Medium,1,ไขมันอิ่มตัวค่อนข้างสูง,0.6212637362637363
green turtle raw,25,0.1,0.015,0.0,0.0,5.6,0.0,14.2,0.099,0.00495,4.733333333333333,0.075,0.1538461538461538,0.0,0.0,0.0,Low,0,ยังไม่พบตัวชี้วัดที่เกินเกณฑ์เบื้องต้น,0.6212614097985348
skipjack tuna cooked,407,4.0,1.3,0.0,0.0,86.9,0.0,184.8,0.1,0.005,61.6,6.5,6.153846153846154,0.0,0.0,0.0,Low,0,โคเลสเตอรอลค่อนข้างสูง,0.6212372252747254
pinot gris grigio white wine,122,0.0,0.0,3.0,0.0,0.1,0.0,0.0,0.0,0.0,0.0,0.0,0.0,1.0,0.0,0.0,Low,0,ยังไม่พบตัวชี้วัดที่เกินเกณฑ์เบื้องต้น,0.6209642857142859
cabarnet franc red wine,122,0.0,0.0,3.6,0.0,0.1,0.0,0.0,0.0,0.0,0.0,0.0,0.0,1.2,0.0,0.0,Low,0,ยังไม่พบตัวชี้วัดที่เกินเกณฑ์เบื้องต้น,0.6209642857142859
syrah red wine,122,0.0,0.0,3.8,0.0,0.1,0.0,0.0,0.0,0.0,0.0,0.0,0.0,1.2666666666666666,0.0,0.0,Low,0,ยังไม่พบตัวชี้วัดที่เกินเกณฑ์เบื้องต้น,0.6209642857142859
claret red wine,122,0.0,0.0,4.4,0.0,0.1,15.0,0.0,0.0,0.0,0.0,0.0,0.0,1.4666666666666668,60.0,0.0,Low,0,ยังไม่พบตัวชี้วัดที่เกินเกณฑ์เบื้องต้น,0.6209642857142859
microwave popcorn,465,26.3,12.7,49.8,0.3,7.3,8.7,0.0,0.6,0.03,0.0,63.5,40.46153846153846,16.599999999999998,34.8,3.0,Low,0,ไขมันอิ่มตัวค่อนข้างสูง,0.6208107142857144
pumpernickel roll,77,0.8,0.1,14.8,0.1,3.0,1.5,0.0,0.1,0.005,0.0,0.5,1.2307692307692308,4.933333333333334,6.0,1.0,Low,0,ยังไม่พบตัวชี้วัดที่เกินเกณฑ์เบื้องต้น,0.6207317307692308
turkey taco meat cooked,271,13.9,3.2,5.5,0.0,30.7,0.0,129.9,1.2,0.06,43.3,16.0,21.384615384615387,1.8333333333333333,0.0,0.0,Low,0,โคเลสเตอรอลค่อนข้างสูง,0.6206571428571429
semillon white wine,121,0.0,0.0,4.6,0.0,0.1,14.9,0.0,0.0,0.0,0.0,0.0,0.0,1.5333333333333332,59.599999999999994,0.0,Low,0,ยังไม่พบตัวชี้วัดที่เกินเกณฑ์เบื้องต้น,0.6203928571428573
pinot noir red wine,121,0.0,0.0,3.4,0.0,0.1,0.0,0.0,0.0,0.0,0.0,0.0,0.0,1.1333333333333333,0.0,0.0,Low,0,ยังไม่พบตัวชี้วัดที่เกินเกณฑ์เบื้องต้น,0.6203928571428573
fume blanc white wine,121,0.0,0.0,3.3,0.0,0.1,15.4,0.0,0.0,0.0,0.0,0.0,0.0,1.1,61.6,0.0,Low,0,ยังไม่พบตัวชี้วัดที่เกินเกณฑ์เบื้องต้น,0.6203928571428573
black eyed cowpeas cooked,160,0.6,0.2,33.5,5.3,5.2,8.3,0.0,0.036,0.0017999999999999,0.0,1.0,0.923076923076923,11.166666666666666,33.2,53.0,Low,0,ยังไม่พบตัวชี้วัดที่เกินเกณฑ์เบื้องต้น,0.6199919945054946
chicken crispy drumsticks kentucky fried chicken,156,10.1,2.2,4.5,0.0,11.8,0.0,62.1,0.4,0.02,20.700000000000003,11.000000000000002,15.538461538461537,1.5,0.0,0.0,Low,0,โคเลสเตอรอลค่อนข้างสูง,0.6199543956043956
flour tortilla,146,3.7,0.6,24.1,1.3,3.9,1.2,0.0,0.4,0.02,0.0,3.0,5.6923076923076925,8.033333333333333,4.8,13.0,Low,0,ยังไม่พบตัวชี้วัดที่เกินเกณฑ์เบื้องต้น,0.6198362637362638
honey loaf,85,3.6,1.3,2.6,2.6,9.9,0.0,26.2,0.4,0.02,8.733333333333333,6.5,5.538461538461538,0.8666666666666666,0.0,26.0,Low,0,ยังไม่พบตัวชี้วัดที่เกินเกณฑ์เบื้องต้น,0.6197996336996336
apple juice martinellis,122,0.0,0.0,0.0,0.0,0.0,0.0,0.0,0.0,0.0,0.0,0.0,0.0,0.0,0.0,0.0,Low,0,ยังไม่พบตัวชี้วัดที่เกินเกณฑ์เบื้องต้น,0.6197142857142858
pinot blanc white wine,119,0.0,0.0,2.9,0.0,0.1,0.0,0.0,0.0,0.0,0.0,0.0,0.0,0.9666666666666668,0.0,0.0,Low,0,ยังไม่พบตัวชี้วัดที่เกินเกณฑ์เบื้องต้น,0.6192500000000001
gewurztraminer white wine,119,0.0,0.0,3.8,0.0,0.1,0.0,0.0,0.0,0.0,0.0,0.0,0.0,1.2666666666666666,0.0,0.0,Low,0,ยังไม่พบตัวชี้วัดที่เกินเกณฑ์เบื้องต้น,0.6192500000000001
sauvignon blanc white wine,119,0.0,0.0,3.0,0.0,0.1,0.0,0.0,0.0,0.0,0.0,0.0,0.0,1.0,0.0,0.0,Low,0,ยังไม่พบตัวชี้วัดที่เกินเกณฑ์เบื้องต้น,0.6192500000000001
pineapple cake,367,13.9,3.4,58.1,0.0,4.0,0.9,25.3,0.4,0.02,8.433333333333334,17.0,21.384615384615387,19.366666666666667,3.6000000000000005,0.0,Low,0,ยังไม่พบตัวชี้วัดที่เกินเกณฑ์เบื้องต้น,0.6190523809523809
rice noodles dry,103,0.2,0.053,23.6,0.0,1.0,0.5,0.0,0.006,0.0003,0.0,0.265,0.3076923076923077,7.866666666666668,2.0,0.0,Low,0,ยังไม่พบตัวชี้วัดที่เกินเกณฑ์เบื้องต้น,0.6190472005494507
horned melon kiwano,92,2.6,0.0,15.8,0.0,3.7,0.0,0.0,0.095,0.00475,0.0,0.0,4.0,5.266666666666667,0.0,0.0,Low,0,ยังไม่พบตัวชี้วัดที่เกินเกณฑ์เบื้องต้น,0.6187858035714286
chardonnay white wine,168,0.0,0.0,4.3,1.9,0.1,0.0,0.0,0.027,0.0013499999999999,0.0,0.0,0.0,1.4333333333333331,0.0,19.0,Low,0,ยังไม่พบตัวชี้วัดที่เกินเกณฑ์เบื้องต้น,0.6187398750000002
chenin blanc white wine,118,0.0,0.0,4.9,0.0,0.1,0.0,0.0,0.0,0.0,0.0,0.0,0.0,1.6333333333333335,0.0,0.0,Low,0,ยังไม่พบตัวชี้วัดที่เกินเกณฑ์เบื้องต้น,0.6186785714285715
lemberger red wine,118,0.0,0.0,3.6,0.0,0.1,15.0,0.0,0.0,0.0,0.0,0.0,0.0,1.2,60.0,0.0,Low,0,ยังไม่พบตัวชี้วัดที่เกินเกณฑ์เบื้องต้น,0.6186785714285715
riesling white wine,118,0.0,0.0,5.5,0.0,0.1,0.0,0.0,0.0,0.0,0.0,0.0,0.0,1.8333333333333333,0.0,0.0,Low,0,ยังไม่พบตัวชี้วัดที่เกินเกณฑ์เบื้องต้น,0.6186785714285715
broccoli cooked,98,1.1,0.2,20.1,3.9,6.7,9.2,0.0,0.1,0.005,0.0,1.0,1.6923076923076923,6.7,36.8,39.0,Low,0,ยังไม่พบตัวชี้วัดที่เกินเกณฑ์เบื้องต้น,0.6185201923076924
chili beef soup,308,6.7,3.3,49.6,13.4,13.4,6.6,26.3,2.1,0.105,8.766666666666667,16.499999999999996,10.307692307692308,16.53333333333333,26.4,134.0,Medium,1,น้ำตาลถึงหรือเกิน 10 กรัมต่อมื้อ,0.6184881410256411
rainbow smelt cooked,35,0.9,0.2,0.0,0.0,6.4,0.0,25.5,0.047,0.0023499999999999,8.5,1.0,1.3846153846153846,0.0,0.0,0.0,Low,0,ยังไม่พบตัวชี้วัดที่เกินเกณฑ์เบื้องต้น,0.6183477596153846
cinnamon toaster pastry,206,7.1,1.8,34.1,0.0,2.6,0.5,0.0,0.2,0.01,0.0,9.0,10.923076923076923,11.366666666666667,2.0,0.0,Low,0,ยังไม่พบตัวชี้วัดที่เกินเกณฑ์เบื้องต้น,0.618216208791209
soy flour roasted,375,18.6,2.7,28.6,6.5,29.6,8.2,0.0,0.083,0.00415,0.0,13.5,28.61538461538462,9.533333333333331,32.8,65.0,Low,0,ยังไม่พบตัวชี้วัดที่เกินเกณฑ์เบื้องต้น,0.6181831607142858
pumpkin pie,316,14.4,4.9,40.9,0.0,7.0,0.0,65.1,0.3,0.015,21.699999999999996,24.500000000000004,22.153846153846153,13.633333333333333,0.0,0.0,Low,0,โคเลสเตอรอลค่อนข้างสูง,0.6179589285714285
shark raw,37,1.3,0.3,0.0,0.0,5.9,0.0,14.4,0.003,0.00015,4.8,1.5,2.0,0.0,0.0,0.0,Low,0,ยังไม่พบตัวชี้วัดที่เกินเกณฑ์เบื้องต้น,0.6178917321428572
veal loin cooked,80,4.9,1.9,0.0,0.0,8.5,0.0,33.4,0.001,5e-05,11.133333333333333,9.5,7.538461538461538,0.0,0.0,0.0,Low,0,ยังไม่พบตัวชี้วัดที่เกินเกณฑ์เบื้องต้น,0.6175921158424909
grapefruit juice,96,0.2,0.011,22.7,0.0,1.2,0.0,0.0,0.061,0.0030499999999999,0.0,0.0549999999999999,0.3076923076923077,7.566666666666666,0.0,0.0,Low,0,ยังไม่พบตัวชี้วัดที่เกินเกณฑ์เบื้องต้น,0.6175265755494506
shellie beans canned,74,0.5,0.034,15.2,1.5,4.3,8.3,0.0,0.8,0.04,0.0,0.17,0.7692307692307693,5.066666666666666,33.2,15.0,Low,0,ยังไม่พบตัวชี้วัดที่เกินเกณฑ์เบื้องต้น,0.6174664835164836
sapodilla,141,1.9,0.3,33.9,0.0,0.7,9.0,0.0,0.08,0.004,0.0,1.5,2.923076923076923,11.3,36.0,0.0,Low,0,ยังไม่พบตัวชี้วัดที่เกินเกณฑ์เบื้องต้น,0.6173683516483517
mountain yam raw,91,0.1,0.015,22.2,0.4,1.8,3.4,0.0,0.021,0.00105,0.0,0.075,0.1538461538461538,7.4,13.6,4.0,Low,0,ยังไม่พบตัวชี้วัดที่เกินเกณฑ์เบื้องต้น,0.617338278846154
monkfish cooked,27,0.6,0.0,0.0,0.0,5.3,0.0,9.1,0.004,0.0001999999999999,3.033333333333333,0.0,0.923076923076923,0.0,0.0,0.0,Low,0,ยังไม่พบตัวชี้วัดที่เกินเกณฑ์เบื้องต้น,0.6171706611721612
peas canned,57,0.8,0.1,9.5,0.0,3.5,0.0,0.0,0.2,0.01,0.0,0.5,1.2307692307692308,3.166666666666667,0.0,0.0,Low,0,ยังไม่พบตัวชี้วัดที่เกินเกณฑ์เบื้องต้น,0.6170156593406594
gamay red wine,115,0.0,0.0,3.5,0.0,0.1,14.4,0.0,0.0,0.0,0.0,0.0,0.0,1.1666666666666667,57.60000000000001,0.0,Low,0,ยังไม่พบตัวชี้วัดที่เกินเกณฑ์เบื้องต้น,0.6169642857142859
pokeberry shoots raw,37,0.6,0.0,5.9,0.0,4.2,2.7,0.0,0.05,0.0025,0.0,0.0,0.923076923076923,1.966666666666667,10.8,0.0,Low,0,ยังไม่พบตัวชี้วัดที่เกินเกณฑ์เบื้องต้น,0.6167010302197803
millet puffed,74,0.7,0.1,16.8,0.1,2.7,0.6,0.0,0.076,0.0038,0.0,0.5,1.0769230769230769,5.6000000000000005,2.4,1.0,Low,0,ยังไม่พบตัวชี้วัดที่เกินเกณฑ์เบื้องต้น,0.6164302912087913
pumpernickel bread toasted,80,1.0,0.1,15.1,0.2,2.8,2.1,0.0,0.2,0.01,0.0,0.5,1.5384615384615383,5.033333333333333,8.4,2.0,Low,0,ยังไม่พบตัวชี้วัดที่เกินเกณฑ์เบื้องต้น,0.6161008241758242
beef tenderloin steak raw,405,29.8,12.0,0.0,0.0,32.2,0.0,139.4,0.032,0.0015999999999999,46.46666666666667,60.0,45.84615384615385,0.0,0.0,0.0,Low,0,โคเลสเตอรอลค่อนข้างสูง | ไขมันอิ่มตัวค่อนข้างสูง,0.6160594285714286
whole wheat bread,128,2.5,0.4,23.6,1.8,3.9,2.8,0.0,0.2,0.01,0.0,2.0,3.8461538461538463,7.866666666666668,11.2,18.0,Low,0,ยังไม่พบตัวชี้วัดที่เกินเกณฑ์เบื้องต้น,0.6159717032967034
whole wheat bread toasted,128,2.5,0.4,23.7,1.8,3.9,2.8,0.0,0.2,0.01,0.0,2.0,3.8461538461538463,7.9,11.2,18.0,Low,0,ยังไม่พบตัวชี้วัดที่เกินเกณฑ์เบื้องต้น,0.6159717032967034
gravy dry,86,2.0,0.7,14.5,0.0,3.3,0.0,1.0,1.4,0.0699999999999999,0.3333333333333333,3.4999999999999996,3.076923076923077,4.833333333333333,0.0,0.0,Low,0,ยังไม่พบตัวชี้วัดที่เกินเกณฑ์เบื้องต้น,0.6159576007326008
clams canned,227,2.5,0.5,9.4,0.0,38.8,0.0,80.0,0.2,0.01,26.666666666666668,2.5,3.8461538461538463,3.1333333333333333,0.0,0.0,Low,0,โคเลสเตอรอลค่อนข้างสูง,0.615793131868132
chicken strips burger king,105,5.5,1.0,7.4,0.0,6.6,0.5,15.8,0.3,0.015,5.266666666666667,5.0,8.461538461538462,2.466666666666667,2.0,0.0,Low,0,ยังไม่พบตัวชี้วัดที่เกินเกณฑ์เบื้องต้น,0.6157592948717949
beef luncheon meat jellied,31,0.9,0.4,0.0,0.0,5.3,0.0,9.5,0.4,0.02,3.166666666666667,2.0,1.3846153846153846,0.0,0.0,0.0,Low,0,ยังไม่พบตัวชี้วัดที่เกินเกณฑ์เบื้องต้น,0.6155130036630038
chocolate cake,352,14.3,5.2,50.7,0.0,5.0,1.5,55.1,0.3,0.015,18.366666666666667,26.0,22.0,16.900000000000002,6.0,0.0,Low,0,ยังไม่พบตัวชี้วัดที่เกินเกณฑ์เบื้องต้น,0.6153279761904762
muller thurgau white wine,112,0.0,0.0,5.2,0.0,0.1,13.3,0.0,0.0,0.0,0.0,0.0,0.0,1.7333333333333332,53.2,0.0,Low,0,ยังไม่พบตัวชี้วัดที่เกินเกณฑ์เบื้องต้น,0.6152500000000001
egg bagel,72,0.5,0.1,13.8,0.0,2.8,0.6,6.2,0.1,0.005,2.0666666666666664,0.5,0.7692307692307693,4.6,2.4,0.0,Low,0,ยังไม่พบตัวชี้วัดที่เกินเกณฑ์เบื้องต้น,0.6151694597069597
fish stock,40,1.9,0.5,0.0,0.0,5.3,0.0,2.3,0.4,0.02,0.7666666666666666,2.5,2.923076923076923,0.0,0.0,0.0,Low,0,ยังไม่พบตัวชี้วัดที่เกินเกณฑ์เบื้องต้น,0.6151173992673994
pork egg roll,189,6.1,1.3,25.1,4.5,8.4,1.8,11.9,0.3,0.015,3.966666666666667,6.5,9.384615384615383,8.366666666666667,7.200000000000001,45.0,Low,0,ยังไม่พบตัวชี้วัดที่เกินเกณฑ์เบื้องต้น,0.615086217948718
elderberries,106,0.7,0.005,26.7,0.0,1.0,10.2,0.0,0.042,0.0021,0.0,0.025,1.0769230769230769,8.9,40.8,0.0,Low,0,ยังไม่พบตัวชี้วัดที่เกินเกณฑ์เบื้องต้น,0.6149787554945056
artichoke raw,60,0.2,0.056,13.5,1.3,4.2,6.9,0.0,0.1,0.005,0.0,0.2799999999999999,0.3076923076923077,4.5,27.6,13.0,Low,0,ยังไม่พบตัวชี้วัดที่เกินเกณฑ์เบื้องต้น,0.6149405219780221
pita bread whole wheat,74,0.7,0.1,15.4,0.2,2.7,2.1,0.0,0.1,0.005,0.0,0.5,1.0769230769230769,5.133333333333334,8.4,2.0,Low,0,ยังไม่พบตัวชี้วัดที่เกินเกณฑ์เบื้องต้น,0.6149212912087912
coffeecake with chocolate frosting,298,9.7,2.5,48.4,0.0,4.5,1.8,62.1,0.3,0.015,20.700000000000003,12.5,14.923076923076922,16.133333333333333,7.200000000000001,0.0,Low,0,โคเลสเตอรอลค่อนข้างสูง,0.6145001373626374
groundcherries,74,1.0,0.0,15.7,0.0,2.7,0.0,0.0,0.0,0.0,0.0,0.0,1.5384615384615383,5.2333333333333325,0.0,0.0,Low,0,ยังไม่พบตัวชี้วัดที่เกินเกณฑ์เบื้องต้น,0.6144972527472529
piki bread,109,2.0,0.2,20.2,0.4,2.5,2.6,0.0,0.028,0.0014,0.0,1.0,3.076923076923077,6.7333333333333325,10.4,4.0,Low,0,ยังไม่พบตัวชี้วัดที่เกินเกณฑ์เบื้องต้น,0.6144482912087913
egg noodles cooked,110,1.7,0.3,20.1,0.3,3.6,1.0,23.2,0.027,0.0013499999999999,7.733333333333333,1.5,2.6153846153846154,6.7,4.0,3.0,Low,0,ยังไม่พบตัวชี้วัดที่เกินเกณฑ์เบื้องต้น,0.6143982999084249
canadian style bacon raw,45,2.0,0.6,0.5,0.0,5.9,0.0,14.3,0.3,0.015,4.766666666666667,3.0,3.076923076923077,0.1666666666666666,0.0,0.0,Low,0,ยังไม่พบตัวชี้วัดที่เกินเกณฑ์เบื้องต้น,0.614358195970696
caesar salad with grilled chicken mcdonalds,201,5.6,3.0,11.3,4.8,29.1,3.3,71.0,0.6,0.03,23.666666666666668,15.0,8.615384615384615,3.7666666666666666,13.2,48.0,Low,0,โคเลสเตอรอลค่อนข้างสูง,0.6142667582417582
french beans raw,631,3.7,0.4,118.0,0.0,34.6,46.4,0.0,0.069,0.00345,0.0,2.0,5.6923076923076925,39.33333333333333,185.6,0.0,Low,0,ยังไม่พบตัวชี้วัดที่เกินเกณฑ์เบื้องต้น,0.6142103887362638
fontina cheese,420,33.6,20.7,1.7,1.7,27.6,0.0,125.3,0.9,0.045,41.766666666666666,103.5,51.69230769230769,0.5666666666666667,0.0,17.0,Medium,1,โคเลสเตอรอลค่อนข้างสูง | ไขมันอิ่มตัวค่อนข้างสูง,0.6141625000000001
breadsticks,103,2.4,0.4,17.1,0.3,3.0,0.8,0.0,0.2,0.01,0.0,2.0,3.692307692307692,5.7,3.2,3.0,Low,0,ยังไม่พบตัวชี้วัดที่เกินเกณฑ์เบื้องต้น,0.6140898351648353
romanesco cooked,39,0.4,0.028,7.7,0.0,3.7,4.0,0.0,0.3,0.015,0.0,0.1399999999999999,0.6153846153846154,2.566666666666667,16.0,0.0,Low,0,ยังไม่พบตัวชี้วัดที่เกินเกณฑ์เบื้องต้น,0.6138078296703298
luxury loaf,39,1.3,0.4,1.4,0.0,5.2,0.0,10.1,0.3,0.015,3.3666666666666663,2.0,2.0,0.4666666666666666,0.0,0.0,Low,0,ยังไม่พบตัวชี้วัดที่เกินเกณฑ์เบื้องต้น,0.6137565476190476
duck liver raw,60,2.0,0.6,1.6,0.0,8.2,0.0,226.6,0.089,0.00445,75.53333333333333,3.0,3.076923076923077,0.5333333333333334,0.0,0.0,Low,0,โคเลสเตอรอลค่อนข้างสูง,0.6136754162087912
taco flavor tortilla chips,1090,54.9,10.5,143.2,0.0,17.9,12.0,11.4,1.8,0.09,3.8,52.5,84.46153846153845,47.73333333333333,48.0,0.0,Low,0,ไขมันอิ่มตัวค่อนข้างสูง,0.613575
anchovy raw,37,1.4,0.4,0.0,0.0,5.8,0.0,17.0,0.012,0.0006,5.666666666666666,2.0,2.1538461538461537,0.0,0.0,0.0,Low,0,ยังไม่พบตัวชี้วัดที่เกินเกณฑ์เบื้องต้น,0.6133178443223444
beef heart cooked,47,1.3,0.4,0.057,0.0,8.1,0.0,60.0,0.024,0.0012,20.0,2.0,2.0,0.019,0.0,0.0,Low,0,โคเลสเตอรอลค่อนข้างสูง,0.6130981428571429
fish broth,39,1.5,0.3,1.0,0.2,4.9,0.0,0.0,0.5,0.025,0.0,1.5,2.307692307692308,0.3333333333333333,0.0,2.0,Low,0,ยังไม่พบตัวชี้วัดที่เกินเกณฑ์เบื้องต้น,0.6130405219780221
apple croissant,145,5.0,2.8,21.1,0.0,4.2,1.4,17.7,0.2,0.01,5.8999999999999995,13.999999999999998,7.6923076923076925,7.033333333333334,5.6,0.0,Low,0,ยังไม่พบตัวชี้วัดที่เกินเกณฑ์เบื้องต้น,0.6128398351648352
queen crab raw,25,0.3,0.096,0.0,0.0,5.2,0.0,15.6,0.2,0.01,5.2,0.48,0.4615384615384615,0.0,0.0,0.0,Low,0,ยังไม่พบตัวชี้วัดที่เกินเกณฑ์เบื้องต้น,0.6127491758241759
onion gravy dry,77,0.7,0.4,16.2,0.0,2.2,1.4,0.5,1.0,0.05,0.1666666666666666,2.0,1.0769230769230769,5.4,5.6,0.0,Low,0,ยังไม่พบตัวชี้วัดที่เกินเกณฑ์เบื้องต้น,0.6126314102564102
crab cake,160,10.4,2.2,5.1,0.0,11.3,0.2,82.2,0.5,0.025,27.4,11.000000000000002,16.0,1.6999999999999995,0.8,0.0,Low,0,โคเลสเตอรอลค่อนข้างสูง,0.6124910714285714
gelatin powder,17,0.086,0.09,0.0,0.0,4.3,0.0,0.0,0.029,0.00145,0.0,0.4499999999999999,0.1323076923076923,0.0,0.0,0.0,Low,0,ยังไม่พบตัวชี้วัดที่เกินเกณฑ์เบื้องต้น,0.6124611030219782
lasagna,166,6.1,2.9,18.9,3.8,9.0,2.1,20.9,0.5,0.025,6.966666666666667,14.499999999999998,9.384615384615383,6.3,8.4,38.0,Low,0,ยังไม่พบตัวชี้วัดที่เกินเกณฑ์เบื้องต้น,0.6123683608058609
milkfish raw,42,1.9,0.5,0.0,0.0,5.8,0.0,14.7,0.098,0.0049,4.8999999999999995,2.5,2.923076923076923,0.0,0.0,0.0,Low,0,ยังไม่พบตัวชี้วัดที่เกินเกณฑ์เบื้องต้น,0.612290173076923
nachos with cheese jalapeno peppers,608,34.1,14.0,60.1,0.0,16.8,0.0,83.6,1.7,0.0849999999999999,27.866666666666667,70.0,52.46153846153846,20.033333333333335,0.0,0.0,Low,0,โคเลสเตอรอลค่อนข้างสูง | ไขมันอิ่มตัวค่อนข้างสูง,0.6119339285714287
taro leaves cooked,35,0.6,0.1,5.6,0.0,3.9,2.9,0.0,0.3,0.015,0.0,0.5,0.923076923076923,1.8666666666666665,11.6,0.0,Low,0,ยังไม่พบตัวชี้วัดที่เกินเกณฑ์เบื้องต้น,0.6117144230769231
dolphinfish raw,173,1.4,0.4,0.0,0.0,37.7,0.0,148.9,0.2,0.01,49.63333333333333,2.0,2.1538461538461537,0.0,0.0,0.0,Low,0,โคเลสเตอรอลค่อนข้างสูง,0.6113782967032967
dolphinfish cooked,173,1.4,0.4,0.0,0.0,37.7,0.0,149.5,0.2,0.01,49.833333333333336,2.0,2.1538461538461537,0.0,0.0,0.0,Low,0,โคเลสเตอรอลค่อนข้างสูง,0.6113782967032967
tahitian taro raw,55,1.2,0.2,8.6,0.0,3.5,0.0,0.0,0.003,0.00015,0.0,1.0,1.846153846153846,2.8666666666666667,0.0,0.0,Low,0,ยังไม่พบตัวชี้วัดที่เกินเกณฑ์เบื้องต้น,0.6113312925824177
canadian style bacon grilled,43,2.0,0.7,0.3,0.0,5.7,0.0,13.6,0.4,0.02,4.533333333333333,3.4999999999999996,3.076923076923077,0.1,0.0,0.0,Low,0,ยังไม่พบตัวชี้วัดที่เกินเกณฑ์เบื้องต้น,0.611261172161172
vegetable soup with beef broth,162,3.8,0.9,26.3,4.0,6.0,3.2,2.5,1.3,0.065,0.8333333333333334,4.5,5.846153846153846,8.766666666666667,12.8,40.0,Low,0,ยังไม่พบตัวชี้วัดที่เกินเกณฑ์เบื้องต้น,0.6111544413919415
zante currants dried,408,0.4,0.009,106.7,96.9,5.9,9.8,0.0,0.067,0.00335,0.0,0.045,0.6153846153846154,35.56666666666667,39.2,969.0,Medium,1,น้ำตาลถึงหรือเกิน 10 กรัมต่อมื้อ,0.6109666332417584
sunflower seeds toasted,829,76.1,8.0,27.6,0.0,23.1,15.4,0.0,0.8,0.04,0.0,40.0,117.07692307692308,9.2,61.6,0.0,Low,0,ไขมันอิ่มตัวค่อนข้างสูง,0.6109500000000001
cracked wheat bread,74,1.1,0.3,14.0,0.0,2.5,1.6,0.0,0.2,0.01,0.0,1.5,1.6923076923076923,4.666666666666667,6.4,0.0,Low,0,ยังไม่พบตัวชี้วัดที่เกินเกณฑ์เบื้องต้น,0.6107684065934067
english muffin mcdonalds,97,2.3,1.1,2.9,1.5,5.7,0.2,20.7,0.031,0.00155,6.8999999999999995,5.500000000000001,3.5384615384615383,0.9666666666666668,0.8,15.0,Low,0,ยังไม่พบตัวชี้วัดที่เกินเกณฑ์เบื้องต้น,0.6103784848901099
beer light,96,0.0,0.0,5.4,0.3,0.8,0.0,0.0,0.095,0.00475,0.0,0.0,0.0,1.8000000000000005,0.0,3.0,Low,0,ยังไม่พบตัวชี้วัดที่เกินเกณฑ์เบื้องต้น,0.6103215178571428
egg bread toasted,117,2.4,0.6,19.5,0.7,3.9,0.9,20.7,0.2,0.01,6.8999999999999995,3.0,3.692307692307692,6.5,3.6000000000000005,6.999999999999999,Low,0,ยังไม่พบตัวชี้วัดที่เกินเกณฑ์เบื้องต้น,0.6100898351648352
angel food cake,72,0.2,0.071,16.2,0.0,1.7,0.4,0.0,0.2,0.01,0.0,0.355,0.3076923076923077,5.4,1.6,0.0,Low,0,ยังไม่พบตัวชี้วัดที่เกินเกณฑ์เบื้องต้น,0.6100101648351649
savoy cabbage cooked,41,0.2,0.076,9.2,0.0,3.1,4.8,0.0,0.05,0.0025,0.0,0.38,0.3076923076923077,3.0666666666666664,19.2,0.0,Low,0,ยังไม่พบตัวชี้วัดที่เกินเกณฑ์เบื้องต้น,0.6098521291208792
white frosting dry,768,0.0,0.0,196.4,0.0,4.8,0.0,0.0,0.5,0.025,0.0,0.0,0.0,65.46666666666667,0.0,0.0,Low,0,ยังไม่พบตัวชี้วัดที่เกินเกณฑ์เบื้องต้น,0.6098125000000001
fruit coffeecake,156,5.1,1.2,25.8,0.0,2.6,1.3,3.5,0.2,0.01,1.1666666666666667,6.0,7.846153846153846,8.600000000000001,5.2,0.0,Low,0,ยังไม่พบตัวชี้วัดที่เกินเกณฑ์เบื้องต้น,0.6098050366300367
beef flank steak raw,47,2.3,1.0,0.0,0.0,6.0,0.0,19.2,0.054,0.0026999999999999,6.4,5.0,3.5384615384615383,0.0,0.0,0.0,Low,0,ยังไม่พบตัวชี้วัดที่เกินเกณฑ์เบื้องต้น,0.6092984313186813
burrito with beans cheese beef,165,6.6,3.6,19.8,0.0,7.3,0.0,61.9,0.5,0.025,20.633333333333333,18.0,10.153846153846152,6.6000000000000005,0.0,0.0,Low,0,โคเลสเตอรอลค่อนข้างสูง,0.6091943681318681
surimi,28,0.3,0.059,1.9,0.0,4.3,0.0,8.5,0.042,0.0021,2.833333333333333,0.295,0.4615384615384615,0.6333333333333333,0.0,0.0,Low,0,ยังไม่พบตัวชี้วัดที่เกินเกณฑ์เบื้องต้น,0.6091893782051283
red wine,125,0.0,0.0,3.8,0.9,0.1,0.0,0.0,0.027,0.0013499999999999,0.0,0.0,0.0,1.2666666666666666,0.0,9.0,Low,0,ยังไม่พบตัวชี้วัดที่เกินเกณฑ์เบื้องต้น,0.6091684464285716
seaweed dry,52,0.3,0.006,9.2,0.0,3.1,7.3,6.6,0.9,0.045,2.1999999999999997,0.03,0.4615384615384615,3.0666666666666664,29.2,0.0,Low,0,ยังไม่พบตัวชี้วัดที่เกินเกณฑ์เบื้องต้น,0.6091652472527473
sugar apple,72,0.2,0.009,18.2,0.0,1.6,3.4,0.0,0.045,0.00225,0.0,0.045,0.3076923076923077,6.066666666666666,13.6,0.0,Low,0,ยังไม่พบตัวชี้วัดที่เกินเกณฑ์เบื้องต้น,0.608818289835165
pasta with sliced franks in tomato sauce,227,6.0,2.5,32.0,8.0,11.0,4.0,22.7,0.7,0.0349999999999999,7.566666666666666,12.5,9.230769230769232,10.666666666666668,16.0,80.0,Low,0,ยังไม่พบตัวชี้วัดที่เกินเกณฑ์เบื้องต้น,0.6088043498168498
steak sandwich,459,14.1,3.8,52.0,0.0,30.3,0.0,73.4,0.8,0.04,24.46666666666667,19.0,21.69230769230769,17.333333333333336,0.0,0.0,Low,0,โคเลสเตอรอลค่อนข้างสูง,0.6086642857142859
beef meat canned,111,7.9,3.9,0.0,0.0,9.2,0.0,34.7,0.095,0.00475,11.566666666666668,19.5,12.153846153846152,0.0,0.0,0.0,Low,0,ยังไม่พบตัวชี้วัดที่เกินเกณฑ์เบื้องต้น,0.6083224336080586
asparagus canned,62,0.7,0.2,10.2,4.1,7.4,4.1,0.0,0.1,0.005,0.0,1.0,1.0769230769230769,3.3999999999999995,16.4,41.0,Low,0,ยังไม่พบตัวชี้วัดที่เกินเกณฑ์เบื้องต้น,0.6083141483516484
tempeh cooked,55,3.2,1.0,2.6,0.0,5.1,0.0,0.0,0.084,0.0042,0.0,5.0,4.923076923076923,0.8666666666666666,0.0,0.0,Low,0,ยังไม่พบตัวชี้วัดที่เกินเกณฑ์เบื้องต้น,0.6082239945054946
egg bread,115,2.4,0.6,19.1,0.7,3.8,0.9,20.4,0.2,0.01,6.799999999999999,3.0,3.692307692307692,6.366666666666668,3.6000000000000005,6.999999999999999,Low,0,ยังไม่พบตัวชี้วัดที่เกินเกณฑ์เบื้องต้น,0.6079469780219782
roe cooked,58,2.3,0.5,0.5,0.0,8.1,0.0,135.6,0.055,0.00275,45.2,2.5,3.5384615384615383,0.1666666666666666,0.0,0.0,Low,0,โคเลสเตอรอลค่อนข้างสูง,0.6078337706043956
parmesan cheese,71,4.5,2.7,0.6,0.046,6.4,0.0,12.2,0.2,0.01,4.066666666666666,13.5,6.923076923076923,0.2,0.0,0.4599999999999999,Low,0,ยังไม่พบตัวชี้วัดที่เกินเกณฑ์เบื้องต้น,0.6077166849816851
artichoke cooked,64,0.4,0.059,14.3,1.2,3.5,10.3,0.0,0.087,0.00435,0.0,0.295,0.6153846153846154,4.766666666666667,41.2,12.0,Low,0,ยังไม่พบตัวชี้วัดที่เกินเกณฑ์เบื้องต้น,0.6076734189560441
beef noodle soup,168,6.2,2.3,17.9,5.2,9.6,1.5,10.0,1.6,0.08,3.3333333333333335,11.5,9.538461538461538,5.966666666666666,6.0,52.0,Low,0,ยังไม่พบตัวชี้วัดที่เกินเกณฑ์เบื้องต้น,0.607528205128205
merlot red wine,122,0.0,0.0,3.7,0.9,0.1,0.0,0.0,0.011,0.00055,0.0,0.0,0.0,1.2333333333333334,0.0,9.0,Low,0,ยังไม่พบตัวชี้วัดที่เกินเกณฑ์เบื้องต้น,0.6074601607142859
nacho cheese tortilla chips low fat,90,1.0,0.3,18.5,0.8,2.4,1.8,0.6,0.2,0.01,0.2,1.5,1.5384615384615383,6.166666666666667,7.200000000000001,8.0,Low,0,ยังไม่พบตัวชี้วัดที่เกินเกณฑ์เบื้องต้น,0.60731510989011
japanese persimmon dried,93,0.2,0.0,25.0,0.0,0.5,4.9,0.0,0.002,0.0001,0.0,0.0,0.3076923076923077,8.333333333333332,19.6,0.0,Low,0,ยังไม่พบตัวชี้วัดที่เกินเกณฑ์เบื้องต้น,0.607084414835165
turkey steak fried,179,10.8,2.8,10.9,0.0,9.1,0.0,41.0,0.5,0.025,13.666666666666666,13.999999999999998,16.615384615384617,3.6333333333333337,0.0,0.0,Low,0,ยังไม่พบตัวชี้วัดที่เกินเกณฑ์เบื้องต้น,0.607066163003663
beef kidneys cooked,45,1.3,0.3,0.0,0.0,7.7,0.0,202.6,0.029,0.00145,67.53333333333333,1.5,2.0,0.0,0.0,0.0,Low,0,โคเลสเตอรอลค่อนข้างสูง,0.6069534107142858
black eyed cowpeas raw,131,0.5,0.1,27.3,4.4,4.3,7.3,0.0,0.048,0.0024,0.0,0.5,0.7692307692307693,9.1,29.2,44.00000000000001,Low,0,ยังไม่พบตัวชี้วัดที่เกินเกณฑ์เบื้องต้น,0.6068199120879122
white fibre wonder bread,95,1.0,0.2,18.0,2.0,3.5,1.5,0.1,0.0,0.0,0.0333333333333333,1.0,1.5384615384615383,6.0,6.0,20.0,Low,0,ยังไม่พบตัวชี้วัดที่เกินเกณฑ์เบื้องต้น,0.6064139194139195
grouper cooked,238,2.6,0.6,0.0,0.0,50.2,0.0,94.9,0.1,0.005,31.633333333333336,3.0,4.0,0.0,0.0,0.0,Low,0,โคเลสเตอรอลค่อนข้างสูง,0.6059625
grouper raw,238,2.6,0.6,0.0,0.0,50.2,0.0,95.8,0.1,0.005,31.93333333333333,3.0,4.0,0.0,0.0,0.0,Low,0,โคเลสเตอรอลค่อนข้างสูง,0.6059625
bran flakes asda,109,0.6,0.2,0.2,0.0,0.0,0.0,0.0,0.0,0.0,0.0,1.0,0.923076923076923,0.0666666666666666,0.0,0.0,Low,0,ยังไม่พบตัวชี้วัดที่เกินเกณฑ์เบื้องต้น,0.6053626373626374
crackers whole wheat,120,4.0,0.6,19.5,0.3,3.0,2.9,0.0,0.2,0.01,0.0,3.0,6.153846153846154,6.5,11.6,3.0,Low,0,ยังไม่พบตัวชี้วัดที่เกินเกณฑ์เบื้องต้น,0.6053425824175824
pumpernickel bread,65,0.8,0.1,12.4,0.1,2.3,1.7,0.0,0.2,0.01,0.0,0.5,1.2307692307692308,4.133333333333333,6.800000000000001,1.0,Low,0,ยังไม่พบตัวชี้วัดที่เกินเกณฑ์เบื้องต้น,0.605087087912088
biscuit large mcdonalds,310,14.4,8.3,39.4,2.7,5.5,1.8,0.0,0.9,0.045,0.0,41.5,22.153846153846153,13.133333333333333,7.200000000000001,27.0,Low,0,ไขมันอิ่มตัวค่อนข้างสูง,0.6050553571428573
pepeao dried,72,0.1,0.0,19.4,0.0,1.2,0.0,0.0,0.072,0.0035999999999999,0.0,0.0,0.1538461538461538,6.466666666666667,0.0,0.0,Low,0,ยังไม่พบตัวชี้วัดที่เกินเกณฑ์เบื้องต้น,0.604962010989011
black currants,71,0.5,0.019,17.2,0.0,1.6,0.0,0.0,0.075,0.00375,0.0,0.095,0.7692307692307693,5.733333333333333,0.0,0.0,Low,0,ยังไม่พบตัวชี้วัดที่เกินเกณฑ์เบื้องต้น,0.6047740728021979
turkey ham,38,1.6,0.1,0.3,0.1,5.5,0.0,18.8,0.3,0.015,6.266666666666667,0.5,2.4615384615384617,0.1,0.0,1.0,Low,0,ยังไม่พบตัวชี้วัดที่เกินเกณฑ์เบื้องต้น,0.6047235805860806
chicken back cooked,93,6.5,1.8,0.0,0.0,8.0,0.0,28.1,0.091,0.00455,9.366666666666667,9.0,10.0,0.0,0.0,0.0,Low,0,ยังไม่พบตัวชี้วัดที่เกินเกณฑ์เบื้องต้น,0.6046920654761905
scallop imitation,28,0.1,0.065,3.0,0.0,3.6,0.0,6.2,0.2,0.01,2.0666666666666664,0.325,0.1538461538461538,1.0,0.0,0.0,Low,0,ยังไม่พบตัวชี้วัดที่เกินเกณฑ์เบื้องต้น,0.6046044871794871
beef stock,31,0.2,0.003,2.9,1.3,4.7,0.0,0.0,0.5,0.025,0.0,0.015,0.3076923076923077,0.9666666666666668,0.0,13.0,Low,0,ยังไม่พบตัวชี้วัดที่เกินเกณฑ์เบื้องต้น,0.6044690934065935
herring cooked,290,16.6,3.7,0.0,0.0,32.9,0.0,110.1,0.2,0.01,36.7,18.5,25.538461538461544,0.0,0.0,0.0,Low,0,โคเลสเตอรอลค่อนข้างสูง,0.6043892857142857
mustard spinach raw,33,0.5,0.087,5.9,0.0,3.3,4.2,0.0,0.025,0.00125,0.0,0.4349999999999999,0.7692307692307693,1.966666666666667,16.8,0.0,Low,0,ยังไม่พบตัวชี้วัดที่เกินเกณฑ์เบื้องต้น,0.6043285370879121
fruit punch,98,0.4,0.048,24.4,0.0,0.2,0.0,0.0,0.08,0.004,0.0,0.24,0.6153846153846154,8.133333333333333,0.0,0.0,Low,0,ยังไม่พบตัวชี้วัดที่เกินเกณฑ์เบื้องต้น,0.6038546153846155
herring raw,291,16.6,3.8,0.0,0.0,33.0,0.0,110.4,0.2,0.01,36.8,19.0,25.538461538461544,0.0,0.0,0.0,Low,0,โคเลสเตอรอลค่อนข้างสูง,0.6037107142857143
fruchtcocktail granini,102,0.4,0.2,1.0,0.0,0.0,0.0,0.0,0.0,0.0,0.0,1.0,0.6153846153846154,0.3333333333333333,0.0,0.0,Low,0,ยังไม่พบตัวชี้วัดที่เกินเกณฑ์เบื้องต้น,0.6036703296703297
english muffin whole wheat toasted,135,1.4,0.2,26.9,5.4,5.9,4.5,0.0,0.2,0.01,0.0,1.0,2.1538461538461537,8.966666666666665,18.0,54.0,Low,0,ยังไม่พบตัวชี้วัดที่เกินเกณฑ์เบื้องต้น,0.6036640109890111
orange roughy raw,22,0.2,0.057,0.0,0.0,4.6,0.0,17.0,0.063,0.00315,5.666666666666666,0.285,0.3076923076923077,0.0,0.0,0.0,Low,0,ยังไม่พบตัวชี้วัดที่เกินเกณฑ์เบื้องต้น,0.6035734445970697
table wine,123,0.0,0.0,4.0,1.2,0.1,0.0,0.0,0.087,0.00435,0.0,0.0,0.0,1.3333333333333337,0.0,12.0,Low,0,ยังไม่พบตัวชี้วัดที่เกินเกณฑ์เบื้องต้น,0.6035030892857144
rainbow smelt raw,27,0.7,0.1,0.0,0.0,5.0,0.0,19.8,0.019,0.00095,6.6000000000000005,0.5,1.0769230769230769,0.0,0.0,0.0,Low,0,ยังไม่พบตัวชี้วัดที่เกินเกณฑ์เบื้องต้น,0.6033445233516483
english muffin whole wheat,134,1.4,0.2,26.7,5.3,5.8,4.4,0.0,0.2,0.01,0.0,1.0,2.1538461538461537,8.9,17.6,53.0,Low,0,ยังไม่พบตัวชี้วัดที่เกินเกณฑ์เบื้องต้น,0.6033425824175825
monkfish raw,22,0.4,0.079,0.0,0.0,4.1,0.0,7.1,0.059,0.00295,2.3666666666666667,0.395,0.6153846153846154,0.0,0.0,0.0,Low,0,ยังไม่พบตัวชี้วัดที่เกินเกณฑ์เบื้องต้น,0.6032672522893774
hotdog roll,117,1.6,0.4,21.1,3.1,4.1,0.8,0.0,0.2,0.01,0.0,2.0,2.4615384615384617,7.033333333333334,3.2,31.0,Low,0,ยังไม่พบตัวชี้วัดที่เกินเกณฑ์เบื้องต้น,0.6030706043956044
lemon meringue pie,362,16.4,4.0,49.7,0.0,4.8,0.0,67.3,0.3,0.015,22.433333333333337,20.0,25.23076923076923,16.56666666666667,0.0,0.0,Low,0,โคเลสเตอรอลค่อนข้างสูง,0.6030303571428571
chicken patty,172,11.7,2.2,7.7,0.0,8.9,0.2,25.8,0.3,0.015,8.600000000000001,11.000000000000002,18.0,2.566666666666667,0.8,0.0,Low,0,ยังไม่พบตัวชี้วัดที่เกินเกณฑ์เบื้องต้น,0.6029232142857143
peanuts cooked,572,39.6,5.5,38.3,4.4,24.3,15.8,0.0,1.4,0.0699999999999999,0.0,27.500000000000004,60.92307692307693,12.766666666666666,63.2,44.00000000000001,Low,0,ยังไม่พบตัวชี้วัดที่เกินเกณฑ์เบื้องต้น,0.6028678571428573
drumstick pods cooked,42,0.2,0.0,9.7,0.0,2.5,5.0,0.0,0.3,0.015,0.0,0.0,0.3076923076923077,3.2333333333333334,20.0,0.0,Low,0,ยังไม่พบตัวชี้วัดที่เกินเกณฑ์เบื้องต้น,0.6028298076923078
spirulina dried,20,0.5,0.2,1.7,0.2,4.0,0.3,0.0,0.031,0.00155,0.0,1.0,0.7692307692307693,0.5666666666666667,1.2,2.0,Low,0,ยังไม่พบตัวชี้วัดที่เกินเกณฑ์เบื้องต้น,0.6026477156593407
bacon ranch salad mcdonalds,389,20.1,5.2,19.4,4.9,28.1,3.2,70.2,0.9,0.045,23.4,26.0,30.923076923076927,6.466666666666667,12.8,49.00000000000001,Low,0,โคเลสเตอรอลค่อนข้างสูง,0.6026267857142857
breadnut tree seeds raw,61,0.3,0.089,13.1,0.0,1.7,0.0,0.0,0.084,0.0042,0.0,0.445,0.4615384615384615,4.366666666666666,0.0,0.0,Low,0,ยังไม่พบตัวชี้วัดที่เกินเกณฑ์เบื้องต้น,0.6026141043956045
valencia peanuts roasted,177,15.4,2.4,4.9,0.0,8.1,2.7,0.0,0.004,0.0001999999999999,0.0,12.0,23.692307692307693,1.6333333333333335,10.8,0.0,Low,0,ยังไม่พบตัวชี้วัดที่เกินเกณฑ์เบื้องต้น,0.6023913571428573
fusilli cucina,100,0.4,0.1,3.4,0.041,0.0,0.0,0.0,0.0,0.0,0.0,0.5,0.6153846153846154,1.1333333333333333,0.0,0.41,Low,0,ยังไม่พบตัวชี้วัดที่เกินเกณฑ์เบื้องต้น,0.6019124725274726
muffin,169,6.5,1.2,23.6,0.0,3.9,1.5,22.2,0.3,0.015,7.4,6.0,10.0,7.866666666666668,6.0,0.0,Low,0,ยังไม่พบตัวชี้วัดที่เกินเกณฑ์เบื้องต้น,0.6017089285714285
chinese chestnuts roasted,68,0.3,0.027,14.8,0.0,1.3,0.0,0.0,0.052,0.0026,0.0,0.135,0.4615384615384615,4.933333333333334,0.0,0.0,Low,0,ยังไม่พบตัวชี้วัดที่เกินเกณฑ์เบื้องต้น,0.6016261043956045
beet greens cooked,39,0.3,0.025,7.9,0.9,3.7,4.2,0.0,0.3,0.015,0.0,0.125,0.4615384615384615,2.6333333333333333,16.8,9.0,Low,0,ยังไม่พบตัวชี้วัดที่เกินเกณฑ์เบื้องต้น,0.6014616758241759
salsa con queso,358,23.8,6.2,27.9,4.9,7.9,1.8,22.5,2.0,0.1,7.5,31.0,36.61538461538461,9.3,7.200000000000001,49.00000000000001,Low,0,ไขมันอิ่มตัวค่อนข้างสูง,0.6011785714285715
wheat germ bread,73,0.8,0.2,13.5,1.0,2.7,0.6,0.0,0.2,0.01,0.0,1.0,1.2307692307692308,4.5,2.4,10.0,Low,0,ยังไม่พบตัวชี้วัดที่เกินเกณฑ์เบื้องต้น,0.6011585164835166
rye bread toasted,82,1.0,0.2,15.4,1.2,2.7,1.9,0.0,0.2,0.01,0.0,1.0,1.5384615384615383,5.133333333333334,7.6,12.0,Low,0,ยังไม่พบตัวชี้วัดที่เกินเกณฑ์เบื้องต้น,0.6009936813186815
egg white raw,17,0.063,0.0,0.2,0.2,3.6,0.0,0.0,0.038,0.0019,0.0,0.0,0.0969230769230769,0.0666666666666666,0.0,2.0,Low,0,ยังไม่พบตัวชี้วัดที่เกินเกณฑ์เบื้องต้น,0.6009731126373627
ground veal raw,41,1.9,0.8,0.0,0.0,5.5,0.0,23.2,0.029,0.00145,7.733333333333333,4.0,2.923076923076923,0.0,0.0,0.0,Low,0,ยังไม่พบตัวชี้วัดที่เกินเกณฑ์เบื้องต้น,0.6009112861721612
wheat germ bread toasted,73,0.8,0.2,13.6,1.0,2.7,0.6,0.3,0.2,0.01,0.1,1.0,1.2307692307692308,4.533333333333333,2.4,10.0,Low,0,ยังไม่พบตัวชี้วัดที่เกินเกณฑ์เบื้องต้น,0.6009085164835165
octopus raw,23,0.3,0.002,0.6,0.0,4.2,0.0,13.6,0.064,0.0031999999999999,4.533333333333333,0.01,0.4615384615384615,0.2,0.0,0.0,Low,0,ยังไม่พบตัวชี้วัดที่เกินเกณฑ์เบื้องต้น,0.6008239853479853
meat ravioli canned,259,8.9,3.7,36.0,6.3,8.9,4.2,13.1,0.9,0.045,4.366666666666666,18.5,13.692307692307692,12.0,16.8,63.0,Low,0,ยังไม่พบตัวชี้วัดที่เกินเกณฑ์เบื้องต้น,0.6008035256410257
corned beef canned,53,3.1,1.3,0.0,0.0,5.7,0.0,18.1,0.2,0.01,6.033333333333333,6.5,4.769230769230769,0.0,0.0,0.0,Low,0,ยังไม่พบตัวชี้วัดที่เกินเกณฑ์เบื้องต้น,0.6006081501831502
soybean dry roasted,419,20.1,2.9,30.4,0.0,36.8,7.5,0.0,0.077,0.00385,0.0,14.499999999999998,30.923076923076927,10.133333333333333,30.0,0.0,Low,0,ยังไม่พบตัวชี้วัดที่เกินเกณฑ์เบื้องต้น,0.6005425535714287
au jus,38,0.5,0.2,5.9,0.0,2.8,0.0,0.0,1.1,0.055,0.0,1.0,0.7692307692307693,1.966666666666667,0.0,0.0,Low,0,ยังไม่พบตัวชี้วัดที่เกินเกณฑ์เบื้องต้น,0.600532554945055
mustard spinach cooked,29,0.4,0.0,5.0,0.0,3.1,3.6,0.0,0.5,0.025,0.0,0.0,0.6153846153846154,1.6666666666666667,14.400000000000002,0.0,Low,0,ยังไม่พบตัวชี้วัดที่เกินเกณฑ์เบื้องต้น,0.6005185439560441
fruit burrito,231,9.5,4.6,35.0,0.0,2.5,0.0,3.7,0.2,0.01,1.2333333333333334,23.0,14.615384615384617,11.666666666666666,0.0,0.0,Low,0,ยังไม่พบตัวชี้วัดที่เกินเกณฑ์เบื้องต้น,0.6004762820512821
ham extra lean,45,2.3,0.8,0.6,0.0,5.1,0.0,14.8,0.4,0.02,4.933333333333334,4.0,3.5384615384615383,0.2,0.0,0.0,Low,0,ยังไม่พบตัวชี้วัดที่เกินเกณฑ์เบื้องต้น,0.6004424908424909
rye bread,83,1.1,0.2,15.5,1.2,2.7,1.9,0.0,0.2,0.01,0.0,1.0,1.6923076923076923,5.166666666666667,7.6,12.0,Low,0,ยังไม่พบตัวชี้วัดที่เกินเกณฑ์เบื้องต้น,0.6004112637362639
chocolate cream pie,301,19.2,4.9,33.3,0.0,2.6,2.0,5.0,0.1,0.005,1.6666666666666667,24.500000000000004,29.538461538461537,11.099999999999998,8.0,0.0,Low,0,ยังไม่พบตัวชี้วัดที่เกินเกณฑ์เบื้องต้น,0.6002958333333335
sweet chilli kettle baked chips,99,2.2,0.3,2.1,0.4,2.0,0.0,0.0,0.0,0.0,0.0,1.5,3.384615384615385,0.7000000000000001,0.0,4.0,Low,0,ยังไม่พบตัวชี้วัดที่เกินเกณฑ์เบื้องต้น,0.6001868131868132
turkey roll,40,1.9,0.6,0.6,0.0,4.9,0.0,14.9,0.1,0.005,4.966666666666667,3.0,2.923076923076923,0.2,0.0,0.0,Low,0,ยังไม่พบตัวชี้วัดที่เกินเกณฑ์เบื้องต้น,0.5997298992673993
crab apple,84,0.3,0.064,21.9,0.0,0.4,0.0,0.0,0.03,0.0014999999999999,0.0,0.32,0.4615384615384615,7.3,0.0,0.0,Low,0,ยังไม่พบตัวชี้วัดที่เกินเกณฑ์เบื้องต้น,0.5995272115384616
white wine,121,0.0,0.0,3.8,1.4,0.1,0.0,0.0,0.098,0.0049,0.0,0.0,0.0,1.2666666666666666,0.0,13.999999999999998,Low,0,ยังไม่พบตัวชี้วัดที่เกินเกณฑ์เบื้องต้น,0.5993561071428573
sheepshead cooked,234,3.0,0.7,0.0,0.0,48.4,0.0,119.0,0.1,0.005,39.666666666666664,3.4999999999999996,4.615384615384616,0.0,0.0,0.0,Low,0,โคเลสเตอรอลค่อนข้างสูง,0.599061401098901
puff pastry,1367,94.3,13.5,112.0,1.8,18.1,3.7,0.0,0.6,0.03,0.0,67.5,145.0769230769231,37.333333333333336,14.800000000000002,18.0,Low,0,ไขมันอิ่มตัวค่อนข้างสูง,0.599025
vanilla yogurt low fat,208,3.1,2.0,33.8,33.8,12.1,0.0,12.3,0.2,0.01,4.1000000000000005,10.0,4.769230769230769,11.266666666666666,0.0,338.0,Medium,1,น้ำตาลถึงหรือเกิน 10 กรัมต่อมื้อ,0.5990129120879121
chicken vegetable soup,148,5.6,1.7,17.0,3.0,7.1,1.7,16.9,1.7,0.0849999999999999,5.633333333333333,8.5,8.615384615384615,5.666666666666666,6.800000000000001,30.0,Low,0,ยังไม่พบตัวชี้วัดที่เกินเกณฑ์เบื้องต้น,0.5989852106227107
sweet gefilte fish,35,0.7,0.2,3.1,0.0,3.8,0.0,12.6,0.2,0.01,4.199999999999999,1.0,1.0769230769230769,1.0333333333333332,0.0,0.0,Low,0,ยังไม่พบตัวชี้วัดที่เกินเกณฑ์เบื้องต้น,0.598848076923077
orangensaft ja,86,0.0,0.0,1.4,0.024,0.0,0.0,0.0,0.0,0.0,0.0,0.0,0.0,0.4666666666666666,0.0,0.24,Low,0,ยังไม่พบตัวชี้วัดที่เกินเกณฑ์เบื้องต้น,0.5987828571428572
butterfish cooked,47,2.6,0.0,0.0,0.0,5.5,0.0,20.8,0.042,0.0021,6.933333333333333,0.0,4.0,0.0,0.0,0.0,Low,0,ยังไม่พบตัวชี้วัดที่เกินเกณฑ์เบื้องต้น,0.5982580595238095
butterfish raw,47,2.6,1.1,0.0,0.0,5.5,0.0,20.8,0.072,0.0035999999999999,6.933333333333333,5.500000000000001,4.0,0.0,0.0,0.0,Low,0,ยังไม่พบตัวชี้วัดที่เกินเกณฑ์เบื้องต้น,0.5982468095238095
cornnuts,126,4.4,0.7,20.3,0.2,2.4,2.0,0.0,0.2,0.01,0.0,3.4999999999999996,6.76923076923077,6.766666666666667,8.0,2.0,Low,0,ยังไม่พบตัวชี้วัดที่เกินเกณฑ์เบื้องต้น,0.5981557692307693
red potato baked,74,0.1,0.008,16.7,1.2,2.0,1.5,0.0,0.037,0.0018499999999999,0.0,0.04,0.1538461538461538,5.566666666666666,6.0,12.0,Low,0,ยังไม่พบตัวชี้วัดที่เกินเกณฑ์เบื้องต้น,0.5981179931318682
stinging nettles,37,0.007,0.0,6.7,0.2,2.4,6.1,0.0,0.09,0.0045,0.0,0.0,0.0107692307692307,2.2333333333333334,24.4,2.0,Low,0,ยังไม่พบตัวชี้วัดที่เกินเกณฑ์เบื้องต้น,0.598028337912088
oriental rice cracker mix,143,7.2,1.1,14.6,0.8,4.9,3.7,0.0,0.1,0.005,0.0,5.500000000000001,11.076923076923077,4.866666666666666,14.800000000000002,8.0,Low,0,ยังไม่พบตัวชี้วัดที่เกินเกณฑ์เบื้องต้น,0.5978498626373627
pita chips,137,4.6,0.4,20.5,1.4,3.5,1.1,0.0,0.3,0.015,0.0,2.0,7.076923076923077,6.833333333333333,4.4,13.999999999999998,Low,0,ยังไม่พบตัวชี้วัดที่เกินเกณฑ์เบื้องต้น,0.5978462912087913
banana bread,186,6.0,1.3,31.1,0.0,2.5,0.6,24.5,0.2,0.01,8.166666666666666,6.5,9.230769230769232,10.366666666666667,2.4,0.0,Low,0,ยังไม่พบตัวชี้วัดที่เกินเกณฑ์เบื้องต้น,0.5978132783882784
sturgeon raw,30,1.1,0.3,0.0,0.0,4.6,0.0,17.0,0.007,0.00035,5.666666666666666,1.5,1.6923076923076923,0.0,0.0,0.0,Low,0,ยังไม่พบตัวชี้วัดที่เกินเกณฑ์เบื้องต้น,0.5977812577838828
sweet yellow peppers,50,0.4,0.012,11.8,0.0,1.9,1.7,0.0,0.017,0.00085,0.0,0.06,0.6153846153846154,3.933333333333334,6.800000000000001,0.0,Low,0,ยังไม่พบตัวชี้วัดที่เกินเกณฑ์เบื้องต้น,0.5976996689560441
wheat bread toasted,75,1.0,0.2,13.4,1.5,3.1,1.1,0.0,0.1,0.005,0.0,1.0,1.5384615384615383,4.466666666666667,4.4,15.0,Low,0,ยังไม่พบตัวชี้วัดที่เกินเกณฑ์เบื้องต้น,0.5975311813186814
oyster raw,41,1.2,0.3,2.5,0.0,4.7,0.0,25.0,0.059,0.00295,8.333333333333332,1.5,1.846153846153846,0.8333333333333334,0.0,0.0,Low,0,ยังไม่พบตัวชี้วัดที่เกินเกณฑ์เบื้องต้น,0.5974769592490843
oyster cooked,41,1.2,0.3,2.5,0.0,4.7,0.0,25.0,0.066,0.0033,8.333333333333332,1.5,1.846153846153846,0.8333333333333334,0.0,0.0,Low,0,ยังไม่พบตัวชี้วัดที่เกินเกณฑ์เบื้องต้น,0.5974743342490842
shrimp imitation,29,0.4,0.019,2.6,0.0,3.5,0.0,10.2,0.2,0.01,3.3999999999999995,0.095,0.6153846153846154,0.8666666666666666,0.0,0.0,Low,0,ยังไม่พบตัวชี้วัดที่เกินเกณฑ์เบื้องต้น,0.597131043956044
tomato stewed,97,3.3,0.6,16.1,0.0,2.4,2.1,0.0,0.6,0.03,0.0,3.0,5.076923076923077,5.366666666666667,8.4,0.0,Low,0,ยังไม่พบตัวชี้วัดที่เกินเกณฑ์เบื้องต้น,0.5971266483516484
melon balls,57,0.4,0.1,13.7,0.0,1.5,1.2,0.0,0.022,0.0011,0.0,0.5,0.6153846153846154,4.566666666666666,4.8,0.0,Low,0,ยังไม่พบตัวชี้วัดที่เกินเกณฑ์เบื้องต้น,0.5966977939560439
spiny lobster raw,234,3.2,0.5,5.1,0.0,43.1,0.0,146.3,0.4,0.02,48.766666666666666,2.5,4.923076923076923,1.6999999999999995,0.0,0.0,Low,0,โคเลสเตอรอลค่อนข้างสูง,0.5966412087912087
protein bread,47,0.4,0.009,8.3,0.3,2.3,0.6,0.0,0.008,0.0003999999999999,0.0,0.045,0.6153846153846154,2.766666666666667,2.4,3.0,Low,0,ยังไม่พบตัวชี้วัดที่เกินเกณฑ์เบื้องต้น,0.5964887582417583
wheat puffed,44,0.1,0.025,9.6,0.0,1.8,0.5,0.0,0.03,0.0014999999999999,0.0,0.125,0.1538461538461538,3.2,2.0,0.0,Low,0,ยังไม่พบตัวชี้วัดที่เกินเกณฑ์เบื้องต้น,0.5964777609890111
corn flakes,108,0.3,0.098,24.6,2.2,1.7,0.8,0.0,0.2,0.01,0.0,0.49,0.4615384615384615,8.200000000000001,3.2,22.000000000000004,Low,0,ยังไม่พบตัวชี้วัดที่เกินเกณฑ์เบื้องต้น,0.5964277472527473
pork blade chops cooked,265,14.6,4.3,1.1,0.0,32.4,0.0,100.9,0.072,0.0035999999999999,33.63333333333334,21.5,22.46153846153846,0.3666666666666667,0.0,0.0,Low,0,โคเลสเตอรอลค่อนข้างสูง,0.5964015714285715
virginia peanuts roasted,173,14.6,1.9,6.0,0.0,7.8,2.7,0.0,0.018,0.0008999999999999,0.0,9.5,22.46153846153846,2.0,10.8,0.0,Low,0,ยังไม่พบตัวชี้วัดที่เกินเกณฑ์เบื้องต้น,0.596350392857143
croutons seasoned,186,7.3,2.1,25.4,1.8,4.3,2.0,2.8,0.4,0.02,0.9333333333333332,10.500000000000002,11.23076923076923,8.466666666666667,8.0,18.0,Low,0,ยังไม่พบตัวชี้วัดที่เกินเกณฑ์เบื้องต้น,0.5963216117216117
white bread toasted,83,1.1,0.2,15.4,1.3,2.5,0.7,0.3,0.2,0.01,0.1,1.0,1.6923076923076923,5.133333333333334,2.8,13.0,Low,0,ยังไม่พบตัวชี้วัดที่เกินเกณฑ์เบื้องต้น,0.5961612637362638
protein bread toasted,46,0.4,0.059,8.2,0.2,2.2,0.6,0.0,0.049,0.00245,0.0,0.295,0.6153846153846154,2.733333333333333,2.4,2.0,Low,0,ยังไม่พบตัวชี้วัดที่เกินเกณฑ์เบื้องต้น,0.5961519546703298
tilsit cheese,136,10.4,6.7,0.8,0.0,9.8,0.0,40.8,0.3,0.015,13.599999999999998,33.5,16.0,0.2666666666666667,0.0,0.0,Low,0,ไขมันอิ่มตัวค่อนข้างสูง,0.5961017857142857
spiny lobster cooked,233,3.2,0.5,5.1,0.0,43.0,0.0,146.7,0.4,0.02,48.89999999999999,2.5,4.923076923076923,1.6999999999999995,0.0,0.0,Low,0,โคเลสเตอรอลค่อนข้างสูง,0.5960697802197803
scots kale cooked,36,0.5,0.014,7.3,0.0,2.5,0.0,0.0,0.4,0.02,0.0,0.0699999999999999,0.7692307692307693,2.433333333333333,0.0,0.0,Low,0,ยังไม่พบตัวชี้วัดที่เกินเกณฑ์เบื้องต้น,0.5959021978021978
chicken neck cooked,94,6.9,1.9,0.0,0.0,7.5,0.0,26.6,0.085,0.00425,8.866666666666667,9.5,10.615384615384617,0.0,0.0,0.0,Low,0,ยังไม่พบตัวชี้วัดที่เกินเกณฑ์เบื้องต้น,0.5956503594322345
white corn raw,143,2.0,0.3,31.6,5.3,5.3,4.5,0.0,0.088,0.0044,0.0,1.5,3.076923076923077,10.533333333333331,18.0,53.0,Low,0,ยังไม่พบตัวชี้วัดที่เกินเกณฑ์เบื้องต้น,0.5953543626373627
yoplait light strawberry yogurt yoplait,79,0.0,14.1,0.074,0.0,0.0,0.0,0.0,0.0,0.0,0.0,70.5,0.0,0.0246666666666666,0.0,0.0,Low,0,ไขมันอิ่มตัวค่อนข้างสูง,0.5951428571428572
dinner roll,76,1.8,0.4,12.9,0.5,2.4,1.1,0.0,0.1,0.005,0.0,2.0,2.769230769230769,4.300000000000001,4.4,5.0,Low,0,ยังไม่พบตัวชี้วัดที่เกินเกณฑ์เบื้องต้น,0.5951218406593407
drumstick pods raw,37,0.2,0.025,8.5,0.0,2.1,3.2,0.0,0.077,0.00385,0.0,0.125,0.3076923076923077,2.833333333333333,12.8,0.0,Low,0,ยังไม่พบตัวชี้วัดที่เกินเกณฑ์เบื้องต้น,0.5950562898351649
peanut butter cookie protein syntha 6,200,6.0,15.0,5.0,0.0,0.0,0.0,0.0,0.0,0.0,0.0,75.0,9.230769230769232,1.6666666666666667,0.0,0.0,Low,0,ไขมันอิ่มตัวค่อนข้างสูง,0.5950549450549452
fenugreek seeds,36,0.7,0.2,6.5,0.0,2.6,2.7,0.0,0.09,0.0045,0.0,1.0,1.0769230769230769,2.166666666666667,10.8,0.0,Low,0,ยังไม่พบตัวชี้วัดที่เกินเกณฑ์เบื้องต้น,0.5949607554945056
rice crisps,107,0.4,0.065,24.1,2.3,1.8,0.2,0.0,0.2,0.01,0.0,0.325,0.6153846153846154,8.033333333333333,0.8,23.0,Low,0,ยังไม่พบตัวชี้วัดที่เกินเกณฑ์เบื้องต้น,0.5944524725274726
shark cooked,65,3.9,0.9,1.8,0.0,5.3,0.0,16.7,0.068,0.0034,5.566666666666666,4.5,6.0,0.6,0.0,0.0,Low,0,ยังไม่พบตัวชี้วัดที่เกินเกณฑ์เบื้องต้น,0.5944506904761905
aspartame sweetener,365,0.0,0.0,89.1,80.7,2.2,0.0,0.0,0.0,0.0,0.0,0.0,0.0,29.7,0.0,807.0,Medium,1,น้ำตาลถึงหรือเกิน 10 กรัมต่อมื้อ,0.5939285714285715
veal loin raw,46,2.6,1.1,0.0,0.0,5.3,0.0,22.4,0.079,0.0039499999999999,7.466666666666666,5.500000000000001,4.0,0.0,0.0,0.0,Low,0,ยังไม่พบตัวชี้วัดที่เกินเกณฑ์เบื้องต้น,0.5938394226190477
yardlong beans raw,579,2.2,0.6,103.4,0.0,40.6,18.4,0.0,0.057,0.00285,0.0,3.0,3.384615384615385,34.46666666666667,73.6,0.0,Low,0,ยังไม่พบตัวชี้วัดที่เกินเกณฑ์เบื้องต้น,0.5937368667582418
chicken crispy wings kentucky fried chicken,148,10.1,2.1,5.1,0.0,9.2,0.0,47.1,0.3,0.015,15.7,10.500000000000002,15.538461538461537,1.6999999999999995,0.0,0.0,Low,0,ยังไม่พบตัวชี้วัดที่เกินเกณฑ์เบื้องต้น,0.593670467032967
avocado,432,39.6,5.7,23.0,1.8,5.4,18.1,0.0,0.045,0.00225,0.0,28.500000000000004,60.92307692307693,7.666666666666666,72.4,18.0,Low,0,ยังไม่พบตัวชี้วัดที่เกินเกณฑ์เบื้องต้น,0.5936259821428572
gooseberries,66,0.9,0.001,15.3,0.0,1.3,6.5,0.0,0.074,0.0036999999999999,0.0,0.005,1.3846153846153846,5.1000000000000005,26.0,0.0,Low,0,ยังไม่พบตัวชี้วัดที่เกินเกณฑ์เบื้องต้น,0.5935519203296704
mixed vegetables cooked,118,0.3,0.0,23.8,5.7,5.2,8.0,0.0,0.089,0.00445,0.0,0.0,0.4615384615384615,7.933333333333334,32.0,57.00000000000001,Low,0,ยังไม่พบตัวชี้วัดที่เกินเกณฑ์เบื้องต้น,0.5934336579670331
crispy brown rice,124,1.1,0.2,27.5,2.9,2.3,2.3,0.0,0.086,0.0042999999999999,0.0,1.0,1.6923076923076923,9.166666666666666,9.2,28.999999999999996,Low,0,ยังไม่พบตัวชี้วัดที่เกินเกณฑ์เบื้องต้น,0.5933825851648352
wheat bread,79,1.3,0.2,13.8,1.7,3.1,1.2,0.0,0.1,0.005,0.0,1.0,2.0,4.6,4.8,17.0,Low,0,ยังไม่พบตัวชี้วัดที่เกินเกณฑ์เบื้องต้น,0.5933553571428573
high protein bread dr zaks,152,3.0,0.5,15.3,0.6,0.0,0.0,0.0,0.0,0.0,0.0,2.5,4.615384615384616,5.1000000000000005,0.0,6.0,Low,0,ยังไม่พบตัวชี้วัดที่เกินเกณฑ์เบื้องต้น,0.5932417582417583
cinnamon raisin bagel,71,0.4,0.054,14.4,1.6,2.5,0.6,0.0,0.047,0.0023499999999999,0.0,0.27,0.6153846153846154,4.8,2.4,16.0,Low,0,ยังไม่พบตัวชี้วัดที่เกินเกณฑ์เบื้องต้น,0.593188418956044
pancakes whole wheat,92,2.9,0.8,12.9,0.0,3.7,1.2,26.8,0.3,0.015,8.933333333333334,4.0,4.461538461538462,4.300000000000001,4.8,0.0,Low,0,ยังไม่พบตัวชี้วัดที่เกินเกณฑ์เบื้องต้น,0.5929140567765567
cream of potato soup,186,4.7,2.4,32.2,3.6,3.8,3.3,2.5,1.5,0.075,0.8333333333333334,12.0,7.230769230769231,10.733333333333334,13.2,36.0,Low,0,ยังไม่พบตัวชี้วัดที่เกินเกณฑ์เบื้องต้น,0.5929091117216118
nesfit diet cereal nestle,75,0.0,14.5,0.0,0.0,0.0,0.0,0.0,0.0,0.0,0.0,72.5,0.0,0.0,0.0,0.0,Low,0,ไขมันอิ่มตัวค่อนข้างสูง,0.592857142857143
blue mussels cooked,344,9.0,1.7,14.8,0.0,47.6,0.0,112.0,0.7,0.0349999999999999,37.333333333333336,8.5,13.846153846153848,4.933333333333334,0.0,0.0,Low,0,โคเลสเตอรอลค่อนข้างสูง,0.5924627747252748
jute cooked,32,0.2,0.004,6.3,0.9,3.2,1.7,0.0,0.043,0.0021499999999999,0.0,0.02,0.3076923076923077,2.0999999999999996,6.800000000000001,9.0,Low,0,ยังไม่พบตัวชี้วัดที่เกินเกณฑ์เบื้องต้น,0.5924618969780221
whey protein powder vanilla eas,108,1.7,1.4,0.0,0.0,0.0,0.0,0.0,0.0,0.0,0.0,6.999999999999999,2.6153846153846154,0.0,0.0,0.0,Low,0,ยังไม่พบตัวชี้วัดที่เกินเกณฑ์เบื้องต้น,0.5920989010989012
potato bread,85,1.0,0.0,15.1,3.0,4.0,2.0,0.0,0.1,0.005,0.0,0.0,1.5384615384615383,5.033333333333333,8.0,30.0,Low,0,ยังไม่พบตัวชี้วัดที่เกินเกณฑ์เบื้องต้น,0.5919954670329671
ground beef cooked,375,24.8,10.0,0.0,0.0,35.5,0.0,122.3,0.1,0.005,40.766666666666666,50.0,38.15384615384615,0.0,0.0,0.0,Low,0,โคเลสเตอรอลค่อนข้างสูง | ไขมันอิ่มตัวค่อนข้างสูง,0.5919267857142858
yellow snap beans canned,36,0.2,0.076,8.4,0.0,1.9,3.6,0.0,0.6,0.03,0.0,0.38,0.3076923076923077,2.8000000000000003,14.400000000000002,0.0,Low,0,ยังไม่พบตัวชี้วัดที่เกินเกณฑ์เบื้องต้น,0.5917887362637363
blue crab raw,18,0.2,0.067,0.018,0.0,3.8,0.0,16.4,0.079,0.0039499999999999,5.466666666666666,0.335,0.3076923076923077,0.0059999999999999,0.0,0.0,Low,0,ยังไม่พบตัวชี้วัดที่เกินเกณฑ์เบื้องต้น,0.5917817303113554
vegetarian stew,304,7.4,1.2,17.3,3.1,42.0,2.7,0.0,1.0,0.05,0.0,6.0,11.384615384615383,5.7666666666666675,10.8,31.0,Low,0,ยังไม่พบตัวชี้วัดที่เกินเกณฑ์เบื้องต้น,0.5914546703296704
cuttlefish raw,22,0.2,0.002,0.2,0.0,4.6,0.0,31.7,0.1,0.005,10.566666666666666,0.01,0.3076923076923077,0.0666666666666666,0.0,0.0,Low,0,ยังไม่พบตัวชี้วัดที่เกินเกณฑ์เบื้องต้น,0.5913095695970696
pesca tea santal,116,0.0,28.1,0.0,0.0,0.0,0.0,0.0,0.0,0.0,0.0,140.5,0.0,0.0,0.0,0.0,Medium,1,ไขมันอิ่มตัวค่อนข้างสูง,0.5912857142857143
hickorynuts dried,788,77.2,8.4,21.9,0.0,15.3,7.7,0.0,0.053,0.00265,0.0,42.00000000000001,118.7692307692308,7.3,30.8,0.0,Low,0,ไขมันอิ่มตัวค่อนข้างสูง,0.591230125
broccoli raab cooked,21,0.4,0.086,2.7,0.5,3.3,2.4,0.0,0.077,0.00385,0.0,0.43,0.6153846153846154,0.9000000000000001,9.6,5.0,Low,0,ยังไม่พบตัวชี้วัดที่เกินเกณฑ์เบื้องต้น,0.5911057403846155
snapper cooked,218,2.9,0.6,0.0,0.0,44.7,0.0,79.9,0.066,0.0033,26.633333333333336,3.0,4.461538461538462,0.0,0.0,0.0,Low,0,โคเลสเตอรอลค่อนข้างสูง,0.5910851401098902
snapper raw,218,2.9,0.6,0.0,0.0,44.7,0.0,80.7,0.1,0.005,26.9,3.0,4.461538461538462,0.0,0.0,0.0,Low,0,โคเลสเตอรอลค่อนข้างสูง,0.5910723901098902
white bread,77,1.0,0.2,14.3,1.6,2.6,0.8,0.0,0.1,0.005,0.0,1.0,1.5384615384615383,4.766666666666667,3.2,16.0,Low,0,ยังไม่พบตัวชี้วัดที่เกินเกณฑ์เบื้องต้น,0.5909240384615385
sweet corn yellow,58,0.4,0.029,14.2,2.6,4.1,1.5,0.0,0.05,0.0025,0.0,0.145,0.6153846153846154,4.733333333333333,6.0,26.0,Low,0,ยังไม่พบตัวชี้วัดที่เกินเกณฑ์เบื้องต้น,0.5907587225274726
cod raw,189,1.5,0.3,0.0,0.0,41.1,0.0,99.3,0.1,0.005,33.1,1.5,2.307692307692308,0.0,0.0,0.0,Low,0,โคเลสเตอรอลค่อนข้างสูง,0.5906548076923077
cod cooked,189,1.5,0.3,0.0,0.0,41.1,0.0,99.0,0.1,0.005,33.0,1.5,2.307692307692308,0.0,0.0,0.0,Low,0,โคเลสเตอรอลค่อนข้างสูง,0.5906548076923077
lingcod raw,213,2.7,0.5,0.0,0.0,44.2,0.0,130.0,0.1,0.005,43.333333333333336,2.5,4.153846153846154,0.0,0.0,0.0,Low,0,โคเลสเตอรอลค่อนข้างสูง,0.5905229395604396
breadfruit seeds,57,1.7,0.5,8.8,0.0,2.2,1.6,0.0,0.04,0.002,0.0,2.5,2.6153846153846154,2.9333333333333336,6.4,0.0,Low,0,ยังไม่พบตัวชี้วัดที่เกินเกณฑ์เบื้องต้น,0.590441043956044
drum cooked,236,9.7,2.2,0.0,0.0,34.6,0.0,126.3,0.1,0.005,42.1,11.000000000000002,14.923076923076922,0.0,0.0,0.0,Low,0,โคเลสเตอรอลค่อนข้างสูง,0.590396565934066
japanese chestnuts roasted,57,0.2,0.08,12.8,0.0,0.8,0.0,0.0,0.079,0.0039499999999999,0.0,0.4,0.3076923076923077,4.2666666666666675,0.0,0.0,Low,0,ยังไม่พบตัวชี้วัดที่เกินเกณฑ์เบื้องต้น,0.5902341112637364
yellow cake,245,9.9,2.7,36.0,0.0,3.6,0.5,36.7,0.2,0.01,12.233333333333334,13.5,15.230769230769232,12.0,2.0,0.0,Low,0,ยังไม่พบตัวชี้วัดที่เกินเกณฑ์เบื้องต้น,0.5901108974358974
cheese bread,196,10.0,3.0,21.5,1.0,5.0,1.0,4.8,0.4,0.02,1.6,15.0,15.384615384615383,7.166666666666667,4.0,10.0,Low,0,ยังไม่พบตัวชี้วัดที่เกินเกณฑ์เบื้องต้น,0.5899653846153846
dock,29,0.9,0.0,4.3,0.0,2.7,3.9,0.0,0.025,0.00125,0.0,0.0,1.3846153846153846,1.4333333333333331,15.6,0.0,Low,0,ยังไม่พบตัวชี้วัดที่เกินเกณฑ์เบื้องต้น,0.5899274381868133
egg dinner roll,107,2.2,0.6,18.2,1.5,3.3,1.3,17.5,0.2,0.01,5.833333333333333,3.0,3.384615384615385,6.066666666666666,5.2,15.0,Low,0,ยังไม่พบตัวชี้วัดที่เกินเกณฑ์เบื้องต้น,0.5898499084249085
crayfish cooked,25,0.4,0.089,0.0,0.0,5.0,0.0,38.8,0.058,0.0029,12.933333333333334,0.445,0.6153846153846154,0.0,0.0,0.0,Low,0,ยังไม่พบตัวชี้วัดที่เกินเกณฑ์เบื้องต้น,0.5898152463369964
original taco with beef cheese lettuce taco bell,158,8.8,3.0,13.7,0.6,6.1,2.7,19.3,0.3,0.015,6.433333333333334,15.0,13.53846153846154,4.566666666666666,10.8,6.0,Low,0,ยังไม่พบตัวชี้วัดที่เกินเกณฑ์เบื้องต้น,0.5898014194139194
potato puffs,243,11.0,2.3,35.5,0.3,2.6,3.2,0.0,0.6,0.03,0.0,11.5,16.923076923076923,11.833333333333334,12.8,3.0,Low,0,ยังไม่พบตัวชี้วัดที่เกินเกณฑ์เบื้องต้น,0.589709065934066
veal thymus cooked,35,0.9,0.3,0.0,0.0,6.4,0.0,99.1,0.036,0.0017999999999999,33.03333333333333,1.5,1.3846153846153846,0.0,0.0,0.0,Low,0,โคเลสเตอรอลค่อนข้างสูง,0.5896018846153847
celeriac cooked,42,0.3,0.0,9.1,0.0,1.5,0.0,0.0,0.084,0.0042,0.0,0.0,0.4615384615384615,3.033333333333333,0.0,0.0,Low,0,ยังไม่พบตัวชี้วัดที่เกินเกณฑ์เบื้องต้น,0.5892569615384615
mozzarella cheese,90,6.6,4.2,0.7,0.0,6.7,0.0,23.7,0.1,0.005,7.9,21.000000000000004,10.153846153846152,0.2333333333333333,0.0,0.0,Low,0,ยังไม่พบตัวชี้วัดที่เกินเกณฑ์เบื้องต้น,0.5892372252747252
cisco smoked,50,3.4,0.5,0.0,0.0,4.6,0.0,9.1,0.1,0.005,3.033333333333333,2.5,5.230769230769231,0.0,0.0,0.0,Low,0,ยังไม่พบตัวชี้วัดที่เกินเกณฑ์เบื้องต้น,0.589219826007326
pummelo,48,0.06,0.0,12.0,0.0,1.0,1.3,0.0,0.094,0.0046999999999999,0.0,0.0,0.0923076923076923,4.0,5.2,0.0,Low,0,ยังไม่พบตัวชี้วัดที่เกินเกณฑ์เบื้องต้น,0.5892010137362639
pickled pork hocks,48,3.0,0.9,0.0,0.0,5.4,0.0,25.2,0.3,0.015,8.399999999999999,4.5,4.615384615384616,0.0,0.0,0.0,Low,0,ยังไม่พบตัวชี้วัดที่เกินเกณฑ์เบื้องต้น,0.5892006868131868
yellow snap beans raw,31,0.1,0.097,7.1,0.0,1.8,3.4,0.0,0.085,0.00425,0.0,0.485,0.1538461538461538,2.3666666666666667,13.6,0.0,Low,0,ยังไม่พบตัวชี้วัดที่เกินเกณฑ์เบื้องต้น,0.5890285645604396
pea soup,161,2.8,1.4,25.6,8.3,8.3,4.9,0.0,0.015,0.0007499999999999,0.0,6.999999999999999,4.3076923076923075,8.533333333333335,19.6,83.0,Low,0,ยังไม่พบตัวชี้วัดที่เกินเกณฑ์เบื้องต้น,0.5889366826923078
ginkgo nuts raw,52,0.5,0.029,10.6,0.0,1.2,0.0,0.0,0.067,0.00335,0.0,0.145,0.7692307692307693,3.5333333333333337,0.0,0.0,Low,0,ยังไม่พบตัวชี้วัดที่เกินเกณฑ์เบื้องต้น,0.5889199299450549
buckwheat raw,41,0.4,0.007,8.6,0.0,1.6,1.2,0.0,0.054,0.0026999999999999,0.0,0.0349999999999999,0.6153846153846154,2.8666666666666667,4.8,0.0,Low,0,ยังไม่พบตัวชี้วัดที่เกินเกณฑ์เบื้องต้น,0.5887929368131869
chopped ham,50,2.9,1.0,1.2,0.0,4.6,0.0,16.5,0.3,0.015,5.5,5.0,4.461538461538462,0.4,0.0,0.0,Low,0,ยังไม่พบตัวชี้วัดที่เกินเกณฑ์เบื้องต้น,0.5887473901098901
taco with beef cheese lettuce,156,8.8,3.0,13.7,0.6,6.1,2.7,19.3,0.3,0.015,6.433333333333334,15.0,13.53846153846154,4.566666666666666,10.8,6.0,Low,0,ยังไม่พบตัวชี้วัดที่เกินเกณฑ์เบื้องต้น,0.5886585622710623
hot sour soup,91,2.8,0.5,10.1,1.0,6.0,1.2,48.9,0.9,0.045,16.3,2.5,4.3076923076923075,3.3666666666666663,4.8,10.0,Low,0,ยังไม่พบตัวชี้วัดที่เกินเกณฑ์เบื้องต้น,0.5886048076923077
pork feet cooked,67,4.5,1.2,0.0,0.0,6.2,0.0,30.3,0.046,0.0023,10.1,6.0,6.923076923076923,0.0,0.0,0.0,Low,0,ยังไม่พบตัวชี้วัดที่เกินเกณฑ์เบื้องต้น,0.5885953873626375
meatless chicken,376,21.4,3.1,6.1,0.0,39.7,6.0,0.0,1.2,0.06,0.0,15.5,32.92307692307692,2.033333333333333,24.0,0.0,Low,0,ยังไม่พบตัวชี้วัดที่เกินเกณฑ์เบื้องต้น,0.5884428571428572
raisin bread,88,1.4,0.3,16.7,1.8,2.5,1.4,0.0,0.1,0.005,0.0,1.5,2.1538461538461537,5.566666666666666,5.6,18.0,Low,0,ยังไม่พบตัวชี้วัดที่เกินเกณฑ์เบื้องต้น,0.5883443681318682
peanuts roasted,180,15.8,2.6,4.6,1.3,8.4,2.8,0.0,0.069,0.00345,0.0,13.0,24.307692307692307,1.5333333333333332,11.2,13.0,Low,0,ยังไม่พบตัวชี้วัดที่เกินเกณฑ์เบื้องต้น,0.588331267857143
jellyfish dried,21,0.8,0.2,0.0,0.0,3.2,0.0,2.9,5.6,0.2799999999999999,0.9666666666666668,1.0,1.2307692307692308,0.0,0.0,0.0,Low,0,ยังไม่พบตัวชี้วัดที่เกินเกณฑ์เบื้องต้น,0.5882525641025641
crisped rice bar,113,3.8,1.5,20.4,0.0,1.4,0.6,0.0,0.01,0.0005,0.0,7.5,5.846153846153846,6.799999999999999,2.4,0.0,Low,0,ยังไม่พบตัวชี้วัดที่เกินเกณฑ์เบื้องต้น,0.5882215247252748
clif bar,235,4.0,1.0,44.5,21.5,10.0,5.0,0.0,0.1,0.005,0.0,5.0,6.153846153846154,14.833333333333334,20.0,215.0,Medium,1,น้ำตาลถึงหรือเกิน 10 กรัมต่อมื้อ,0.5880943681318682
potato chips sour cream and onion,1051,67.1,17.6,102.0,0.0,16.0,10.3,13.9,1.1,0.055,4.633333333333334,88.00000000000001,103.2307692307692,34.0,41.2,0.0,Low,0,ไขมันอิ่มตัวค่อนข้างสูง,0.5880041666666667
salsify cooked,92,0.2,0.0,20.7,3.9,3.7,4.2,0.0,0.028,0.0014,0.0,0.0,0.3076923076923077,6.8999999999999995,16.8,39.0,Low,0,ยังไม่พบตัวชี้วัดที่เกินเกณฑ์เบื้องต้น,0.5880032362637363
drum raw,236,9.8,2.2,0.0,0.0,34.7,0.0,126.7,0.1,0.005,42.233333333333334,11.000000000000002,15.076923076923077,0.0,0.0,0.0,Low,0,โคเลสเตอรอลค่อนข้างสูง,0.5879927197802197
gruyere cheese,116,9.1,5.3,0.1,0.1,8.3,0.0,30.8,0.2,0.01,10.266666666666667,26.5,13.999999999999998,0.0333333333333333,0.0,1.0,Low,0,ยังไม่พบตัวชี้วัดที่เกินเกณฑ์เบื้องต้น,0.5877940476190476
barbecue loaf,40,2.0,0.7,1.5,0.0,3.6,0.0,8.5,0.3,0.015,2.833333333333333,3.4999999999999996,3.076923076923077,0.5,0.0,0.0,Low,0,ยังไม่พบตัวชี้วัดที่เกินเกณฑ์เบื้องต้น,0.5875843864468865
yellow tomato,32,0.6,0.03,6.3,0.0,2.1,1.5,0.0,0.088,0.0044,0.0,0.15,0.923076923076923,2.0999999999999996,6.0,0.0,Low,0,ยังไม่พบตัวชี้วัดที่เกินเกณฑ์เบื้องต้น,0.5875796373626374
chocolate chip granola bar,105,3.9,2.7,17.3,0.0,1.8,1.1,0.0,0.062,0.0031,0.0,13.5,6.0,5.7666666666666675,4.4,0.0,Low,0,ยังไม่พบตัวชี้วัดที่เกินเกณฑ์เบื้องต้น,0.5874767500000001
beef broth soup,17,0.5,0.3,0.01,0.0,2.7,0.0,0.0,0.9,0.045,0.0,1.5,0.7692307692307693,0.0033333333333333,0.0,0.0,Low,0,ยังไม่พบตัวชี้วัดที่เกินเกณฑ์เบื้องต้น,0.587357554945055
chia seeds dried,138,8.7,0.9,11.9,0.0,4.7,9.7,0.0,0.047,0.0023499999999999,0.0,4.5,13.384615384615383,3.966666666666667,38.8,0.0,Low,0,ยังไม่พบตัวชี้วัดที่เกินเกณฑ์เบื้องต้น,0.5872049024725275
raisin bread toasted,86,1.4,0.3,16.5,1.8,2.5,1.4,0.0,0.1,0.005,0.0,1.5,2.1538461538461537,5.5,5.6,18.0,Low,0,ยังไม่พบตัวชี้วัดที่เกินเกณฑ์เบื้องต้น,0.5872015109890111
chicken wing cooked,52,3.5,1.0,0.0,0.0,4.8,0.0,14.7,0.086,0.0042999999999999,4.8999999999999995,5.0,5.384615384615385,0.0,0.0,0.0,Low,0,ยังไม่พบตัวชี้วัดที่เกินเกณฑ์เบื้องต้น,0.5870474203296704
wakame,36,0.5,0.1,7.3,0.5,2.4,0.4,0.0,0.7,0.0349999999999999,0.0,0.5,0.7692307692307693,2.433333333333333,1.6,5.0,Low,0,ยังไม่พบตัวชี้วัดที่เกินเกณฑ์เบื้องต้น,0.5870396978021978
ham,46,2.5,0.1,1.0,0.3,4.6,0.4,16.0,0.2,0.01,5.333333333333334,0.5,3.8461538461538463,0.3333333333333333,1.6,3.0,Low,0,ยังไม่พบตัวชี้วัดที่เกินเกณฑ์เบื้องต้น,0.5870312271062271
peas cooked,134,0.4,0.065,25.0,9.5,8.6,8.8,0.0,0.074,0.0036999999999999,0.0,0.325,0.6153846153846154,8.333333333333332,35.2,95.0,Low,0,ยังไม่พบตัวชี้วัดที่เกินเกณฑ์เบื้องต้น,0.5869282939560441
corn rice,110,0.3,0.02,25.2,3.0,1.8,0.4,0.0,0.2,0.01,0.0,0.1,0.4615384615384615,8.399999999999999,1.6,30.0,Low,0,ยังไม่พบตัวชี้วัดที่เกินเกณฑ์เบื้องต้น,0.5868206043956045
edam cheese,107,8.3,5.6,0.4,0.0,7.5,0.0,26.7,0.3,0.015,8.9,27.999999999999996,12.769230769230772,0.1333333333333333,0.0,0.0,Low,0,ยังไม่พบตัวชี้วัดที่เกินเกณฑ์เบื้องต้น,0.5867611263736263
barley raw,42,0.1,0.041,9.3,0.094,1.2,1.9,0.0,0.016,0.0007999999999999,0.0,0.205,0.1538461538461538,3.1000000000000005,7.6,0.94,Low,0,ยังไม่พบตัวชี้วัดที่เกินเกณฑ์เบื้องต้น,0.5864301538461539
tree fern cooked,57,0.096,0.0,15.3,0.0,0.4,5.3,0.0,0.3,0.015,0.0,0.0,0.1476923076923077,5.1000000000000005,21.2,0.0,Low,0,ยังไม่พบตัวชี้วัดที่เกินเกณฑ์เบื้องต้น,0.5863512362637363
ancho pepper dried,48,1.4,0.1,8.7,0.0,2.0,3.7,0.0,0.068,0.0034,0.0,0.5,2.1538461538461537,2.9,14.800000000000002,0.0,Low,0,ยังไม่พบตัวชี้วัดที่เกินเกณฑ์เบื้องต้น,0.5862492252747253
burdock root cooked,146,0.2,0.0,35.1,5.9,3.5,3.0,0.0,0.4,0.02,0.0,0.0,0.3076923076923077,11.7,12.0,59.00000000000001,Low,0,ยังไม่พบตัวชี้วัดที่เกินเกณฑ์เบื้องต้น,0.5862208791208792
pepper jack cheese lucerne,75,6.0,4.0,0.0,0.0,5.0,2.5,0.0,0.0,0.0,0.0,20.0,9.230769230769232,0.0,10.0,0.0,Low,0,ยังไม่พบตัวชี้วัดที่เกินเกณฑ์เบื้องต้น,0.5861263736263737
corn tortilla,52,0.7,0.1,10.7,0.2,1.4,1.5,0.0,0.075,0.00375,0.0,0.5,1.0769230769230769,3.5666666666666664,6.0,2.0,Low,0,ยังไม่พบตัวชี้วัดที่เกินเกณฑ์เบื้องต้น,0.5861092376373627
pork heart cooked,215,7.3,1.9,0.6,0.0,34.2,0.0,320.5,0.053,0.00265,106.83333333333334,9.5,11.23076923076923,0.2,0.0,0.0,Medium,1,โคเลสเตอรอลค่อนข้างสูง,0.5861064986263735
french fries burger king,207,9.2,1.6,28.6,0.4,2.4,2.1,0.0,0.2,0.01,0.0,8.0,14.153846153846152,9.533333333333331,8.4,4.0,Low,0,ยังไม่พบตัวชี้วัดที่เกินเกณฑ์เบื้องต้น,0.5860568681318682
potato cooked,52,0.006,0.003,12.1,0.5,1.1,1.2,0.0,0.035,0.00175,0.0,0.015,0.0092307692307692,4.033333333333333,4.8,5.0,Low,0,ยังไม่พบตัวชี้วัดที่เกินเกณฑ์เบื้องต้น,0.5858819299450551
peas raw,117,0.6,0.1,21.0,8.2,7.9,7.4,0.0,0.017,0.00085,0.0,0.5,0.923076923076923,7.000000000000001,29.600000000000005,82.0,Low,0,ยังไม่พบตัวชี้วัดที่เกินเกณฑ์เบื้องต้น,0.5856776909340661
eel cooked,67,4.2,0.9,0.0,0.0,6.7,0.0,45.6,0.069,0.00345,15.2,4.5,6.461538461538462,0.0,0.0,0.0,Low,0,ยังไม่พบตัวชี้วัดที่เกินเกณฑ์เบื้องต้น,0.5855483008241759
hominy canned,119,1.5,0.2,23.5,3.0,2.4,4.1,0.0,0.6,0.03,0.0,1.0,2.307692307692308,7.833333333333334,16.4,30.0,Low,0,ยังไม่พบตัวชี้วัดที่เกินเกณฑ์เบื้องต้น,0.5854673076923077
oats,39,0.7,0.1,6.6,0.0,1.7,1.1,0.0,0.074,0.0036999999999999,0.0,0.5,1.0769230769230769,2.1999999999999997,4.4,0.0,Low,0,ยังไม่พบตัวชี้วัดที่เกินเกณฑ์เบื้องต้น,0.5854310412087913
beef jerky,82,5.1,2.2,2.2,1.8,6.6,0.4,9.6,0.4,0.02,3.2,11.000000000000002,7.846153846153846,0.7333333333333334,1.6,18.0,Low,0,ยังไม่พบตัวชี้วัดที่เกินเกณฑ์เบื้องต้น,0.585360989010989
tilefish raw,371,8.9,1.7,0.0,0.0,67.6,0.0,193.0,0.2,0.01,64.33333333333333,8.5,13.692307692307692,0.0,0.0,0.0,Low,0,โคเลสเตอรอลค่อนข้างสูง,0.5852326923076924
frybread,502,18.6,7.0,73.4,3.1,10.2,0.0,10.6,0.5,0.025,3.5333333333333337,35.0,28.61538461538462,24.46666666666667,0.0,31.0,Low,0,ไขมันอิ่มตัวค่อนข้างสูง,0.5851220238095238
scots kale raw,28,0.4,0.072,5.6,0.0,1.9,1.1,0.0,0.059,0.00295,0.0,0.36,0.6153846153846154,1.8666666666666665,4.4,0.0,Low,0,ยังไม่พบตัวชี้วัดที่เกินเกณฑ์เบื้องต้น,0.5851124903846154
salmon nuggets,60,3.3,0.4,4.0,0.0,3.6,0.0,7.4,0.005,0.00025,2.466666666666667,2.0,5.076923076923077,1.3333333333333337,0.0,0.0,Low,0,ยังไม่พบตัวชี้วัดที่เกินเกณฑ์เบื้องต้น,0.5850402495421245
cherry pie,486,22.0,5.4,69.3,0.0,5.0,0.0,0.0,0.3,0.015,0.0,27.0,33.84615384615385,23.1,0.0,0.0,Low,0,ยังไม่พบตัวชี้วัดที่เกินเกณฑ์เบื้องต้น,0.5846732142857143
catjang cowpeas raw,573,3.5,0.9,99.6,0.0,39.8,17.9,0.0,0.07,0.0035,0.0,4.5,5.384615384615385,33.199999999999996,71.6,0.0,Low,0,ยังไม่พบตัวชี้วัดที่เกินเกณฑ์เบื้องต้น,0.5846605631868133
quince,52,0.012,0.049,14.1,0.0,0.4,1.7,0.0,0.081,0.00405,0.0,0.245,0.0184615384615384,4.7,6.800000000000001,0.0,Low,0,ยังไม่พบตัวชี้วัดที่เกินเกณฑ์เบื้องต้น,0.5845454491758242
rice bran bread,66,1.2,0.2,11.7,1.3,2.4,1.3,0.0,0.081,0.00405,0.0,1.0,1.846153846153846,3.9,5.2,13.0,Low,0,ยังไม่พบตัวชี้วัดที่เกินเกณฑ์เบื้องต้น,0.5843377568681319
peanut topping mcdonalds,181,15.0,2.4,4.6,1.2,7.9,0.0,0.0,0.0,0.0,0.0,12.0,23.076923076923077,1.5333333333333332,0.0,12.0,Low,0,ยังไม่พบตัวชี้วัดที่เกินเกณฑ์เบื้องต้น,0.5841785714285715
peppered loaf,42,1.8,0.6,1.3,1.3,4.9,0.0,13.1,0.2,0.01,4.366666666666666,3.0,2.769230769230769,0.4333333333333333,0.0,13.0,Low,0,ยังไม่พบตัวชี้วัดที่เกินเกณฑ์เบื้องต้น,0.5839891025641026
swamp cabbage,20,0.2,0.0,3.6,0.0,2.0,1.9,0.0,0.4,0.02,0.0,0.0,0.3076923076923077,1.2,7.6,0.0,Low,0,ยังไม่พบตัวชี้วัดที่เกินเกณฑ์เบื้องต้น,0.5839708791208792
biscuit mcdonalds,261,12.2,7.0,33.3,2.2,4.7,1.5,0.0,0.7,0.0349999999999999,0.0,35.0,18.76923076923077,11.099999999999998,6.0,22.000000000000004,Low,0,ไขมันอิ่มตัวค่อนข้างสูง,0.5838611263736264
wolffish raw,294,7.3,1.1,0.0,0.0,53.6,0.0,140.8,0.3,0.015,46.93333333333334,5.500000000000001,11.23076923076923,0.0,0.0,0.0,Low,0,โคเลสเตอรอลค่อนข้างสูง,0.5836567307692307
rice bran bread toasted,66,1.3,0.2,11.8,1.3,2.4,1.3,0.0,0.026,0.0013,0.0,1.0,2.0,3.933333333333334,5.2,13.0,Low,0,ยังไม่พบตัวชี้วัดที่เกินเกณฑ์เบื้องต้น,0.5832045357142858
vegetable salad,22,0.054,0.053,4.4,0.0,1.7,0.0,0.0,0.025,0.00125,0.0,0.265,0.083076923076923,1.4666666666666668,0.0,0.0,Low,0,ยังไม่พบตัวชี้วัดที่เกินเกณฑ์เบื้องต้น,0.5831889766483517
wolffish cooked,293,7.3,1.1,0.0,0.0,53.4,0.0,140.4,0.3,0.015,46.8,5.500000000000001,11.23076923076923,0.0,0.0,0.0,Low,0,โคเลสเตอรอลค่อนข้างสูง,0.5830853021978022
oat bran dinner roll,78,1.5,0.2,13.3,2.2,3.1,1.4,0.0,0.1,0.005,0.0,1.0,2.307692307692308,4.433333333333334,5.6,22.000000000000004,Low,0,ยังไม่พบตัวชี้วัดที่เกินเกณฑ์เบื้องต้น,0.5829762362637363
wild pink salmon oceans,320,16.0,0.0,0.0,0.0,0.0,0.0,0.0,0.0,0.0,0.0,0.0,24.615384615384617,0.0,0.0,0.0,Low,0,ยังไม่พบตัวชี้วัดที่เกินเกณฑ์เบื้องต้น,0.582857142857143
tortilla chips,142,6.2,0.8,20.3,0.2,2.1,1.6,0.0,0.077,0.00385,0.0,4.0,9.538461538461538,6.766666666666667,6.4,2.0,Low,0,ยังไม่พบตัวชี้วัดที่เกินเกณฑ์เบื้องต้น,0.5828255206043956
ham patties,205,18.3,6.6,1.1,0.0,8.3,0.0,45.5,0.7,0.0349999999999999,15.166666666666668,32.99999999999999,28.153846153846157,0.3666666666666667,0.0,0.0,Low,0,ไขมันอิ่มตัวค่อนข้างสูง,0.5827136904761905
waffle,218,10.6,2.1,24.7,0.0,5.9,0.0,51.8,0.4,0.02,17.266666666666666,10.500000000000002,16.307692307692307,8.233333333333333,0.0,0.0,Low,0,ยังไม่พบตัวชี้วัดที่เกินเกณฑ์เบื้องต้น,0.5826970695970696
french fries deep fried,222,10.5,1.7,29.4,0.2,2.4,2.7,0.0,0.1,0.005,0.0,8.5,16.153846153846153,9.8,10.8,2.0,Low,0,ยังไม่พบตัวชี้วัดที่เกินเกณฑ์เบื้องต้น,0.5826657967032968
chicken spread,88,9.8,1.8,2.3,0.3,10.1,0.2,31.4,0.4,0.02,10.466666666666663,9.0,15.076923076923077,0.7666666666666666,0.8,3.0,Low,0,ยังไม่พบตัวชี้วัดที่เกินเกณฑ์เบื้องต้น,0.5826421245421246
almond rice bar,128,5.7,1.1,18.1,0.0,2.0,1.0,0.0,0.0,0.0,0.0,5.500000000000001,8.76923076923077,6.033333333333333,4.0,0.0,Low,0,ยังไม่พบตัวชี้วัดที่เกินเกณฑ์เบื้องต้น,0.5823736263736264
whiskey,58,0.0,0.0,0.1,0.078,0.0,0.0,0.0,0.0,0.0,0.0,0.0,0.0,0.0333333333333333,0.0,0.7799999999999999,Low,0,ยังไม่พบตัวชี้วัดที่เกินเกณฑ์เบื้องต้น,0.5819728571428572
coho salmon raw,254,12.2,2.9,0.0,0.0,33.8,0.0,81.1,0.054,0.0026999999999999,27.03333333333333,14.499999999999998,18.76923076923077,0.0,0.0,0.0,Low,0,โคเลสเตอรอลค่อนข้างสูง,0.5818533763736264
caraway cheese,106,8.3,5.3,0.9,0.0,7.1,0.0,26.3,0.2,0.01,8.766666666666667,26.5,12.769230769230772,0.3,0.0,0.0,Low,0,ยังไม่พบตัวชี้วัดที่เกินเกณฑ์เบื้องต้น,0.5815605311355311
swiss cheese,98,7.7,4.6,0.4,0.0,6.7,0.0,23.3,0.057,0.00285,7.7666666666666675,23.0,11.846153846153848,0.1333333333333333,0.0,0.0,Low,0,ยังไม่พบตัวชี้วัดที่เกินเกณฑ์เบื้องต้น,0.5814658044871794
swiss chard cooked,35,0.1,0.0,7.2,1.9,3.3,3.7,0.0,0.7,0.0349999999999999,0.0,0.0,0.1538461538461538,2.4,14.800000000000002,19.0,Low,0,ยังไม่พบตัวชี้วัดที่เกินเกณฑ์เบื้องต้น,0.5813336538461539
vegetable egg roll,153,3.6,0.6,25.0,5.3,5.2,2.2,0.0,0.4,0.02,0.0,3.0,5.538461538461538,8.333333333333332,8.8,53.0,Low,0,ยังไม่พบตัวชี้วัดที่เกินเกณฑ์เบื้องต้น,0.5812401098901099
drumstick leaves cooked,25,0.4,0.0,4.7,0.4,2.2,0.8,0.0,0.1,0.005,0.0,0.0,0.6153846153846154,1.5666666666666669,3.2,4.0,Low,0,ยังไม่พบตัวชี้วัดที่เกินเกณฑ์เบื้องต้น,0.5811328296703298
mushroom gravy,119,6.4,1.0,13.0,0.0,3.0,1.0,0.0,1.4,0.0699999999999999,0.0,5.0,9.846153846153848,4.333333333333334,4.0,0.0,Low,0,ยังไม่พบตัวชี้วัดที่เกินเกณฑ์เบื้องต้น,0.5811288461538462
sheepshead raw,257,5.7,1.4,0.0,0.0,48.1,0.0,119.0,0.2,0.01,39.666666666666664,6.999999999999999,8.76923076923077,0.0,0.0,0.0,Low,0,โคเลสเตอรอลค่อนข้างสูง,0.5810129120879121
sunflower seed flour,13,0.013,0.036,1.4,0.0,1.9,0.2,0.0,0.073,0.00365,0.0,0.18,0.0199999999999999,0.4666666666666666,0.8,0.0,Low,0,ยังไม่พบตัวชี้วัดที่เกินเกณฑ์เบื้องต้น,0.5810011964285715
ham patties grilled,205,18.5,6.7,1.0,0.0,8.0,0.0,43.2,0.6,0.03,14.400000000000002,33.5,28.46153846153846,0.3333333333333333,0.0,0.0,Low,0,ไขมันอิ่มตัวค่อนข้างสูง,0.5809178571428572
purslane cooked,21,0.2,0.0,4.1,0.0,1.7,0.0,0.0,0.3,0.015,0.0,0.0,0.3076923076923077,1.3666666666666665,0.0,0.0,Low,0,ยังไม่พบตัวชี้วัดที่เกินเกณฑ์เบื้องต้น,0.5808298076923077
popcorn cake,38,0.3,0.074,8.0,0.001,1.0,0.3,0.0,0.05,0.0025,0.0,0.37,0.4615384615384615,2.666666666666667,1.2,0.01,Low,0,ยังไม่พบตัวชี้วัดที่เกินเกณฑ์เบื้องต้น,0.5807189972527473
beef sandwich steak raw,173,15.1,6.5,0.0,0.0,9.2,0.0,39.8,0.043,0.0021499999999999,13.266666666666666,32.5,23.23076923076923,0.0,0.0,0.0,Low,0,ไขมันอิ่มตัวค่อนข้างสูง,0.5806743511904763
kale cooked,42,1.4,0.2,6.3,1.4,3.5,4.7,0.0,0.018,0.0008999999999999,0.0,1.0,2.1538461538461537,2.0999999999999996,18.8,13.999999999999998,Low,0,ยังไม่พบตัวชี้วัดที่เกินเกณฑ์เบื้องต้น,0.5805894038461539
dar vida swiss original,116,3.1,0.3,0.5,0.0,0.0,0.0,0.0,0.0,0.0,0.0,1.5,4.769230769230769,0.1666666666666666,0.0,0.0,Low,0,ยังไม่พบตัวชี้วัดที่เกินเกณฑ์เบื้องต้น,0.5805164835164836
shortcake,98,4.0,1.1,13.7,0.0,1.7,0.0,0.8,0.1,0.005,0.2666666666666667,5.500000000000001,6.153846153846154,4.566666666666666,0.0,0.0,Low,0,ยังไม่พบตัวชี้วัดที่เกินเกณฑ์เบื้องต้น,0.5803919871794873
saccharin sweetener,360,0.0,0.0,89.1,85.2,0.9,0.0,0.0,0.4,0.02,0.0,0.0,0.0,29.7,0.0,852.0,Medium,1,น้ำตาลถึงหรือเกิน 10 กรัมต่อมื้อ,0.5803857142857144
goat cheese hard,128,10.1,7.0,0.6,0.6,8.6,0.0,29.7,0.076,0.0038,9.9,35.0,15.538461538461537,0.2,0.0,6.0,Low,0,ไขมันอิ่มตัวค่อนข้างสูง,0.5803258956043955
gin,53,0.0,0.0,0.0,0.0,0.0,0.0,0.0,0.029,0.00145,0.0,0.0,0.0,0.0,0.0,0.0,Low,0,ยังไม่พบตัวชี้วัดที่เกินเกณฑ์เบื้องต้น,0.5802748392857143
new zealand spinach cooked,22,0.3,0.027,3.8,0.5,2.3,2.5,0.0,0.6,0.03,0.0,0.135,0.4615384615384615,1.2666666666666666,10.0,5.0,Low,0,ยังไม่พบตัวชี้วัดที่เกินเกณฑ์เบื้องต้น,0.5801348901098902
tostada with guacamole,180,11.6,4.9,16.0,0.0,6.2,0.0,19.6,0.4,0.02,6.533333333333334,24.500000000000004,17.846153846153847,5.333333333333334,0.0,0.0,Low,0,ยังไม่พบตัวชี้วัดที่เกินเกณฑ์เบื้องต้น,0.5800276556776557
chinese cabbage pe tsai cooked,17,0.2,0.011,2.9,0.0,1.8,2.0,0.0,0.3,0.015,0.0,0.0549999999999999,0.3076923076923077,0.9666666666666668,8.0,0.0,Low,0,ยังไม่พบตัวชี้วัดที่เกินเกณฑ์เบื้องต้น,0.5797940934065935
oat bran bread,71,1.3,0.2,11.9,2.3,3.1,1.4,0.0,0.1,0.005,0.0,1.0,2.0,3.966666666666667,5.6,23.0,Low,0,ยังไม่พบตัวชี้วัดที่เกินเกณฑ์เบื้องต้น,0.5797839285714287
cardoon raw,30,0.2,0.072,7.2,0.0,1.2,2.8,0.0,0.3,0.015,0.0,0.36,0.3076923076923077,2.4,11.2,0.0,Low,0,ยังไม่พบตัวชี้วัดที่เกินเกณฑ์เบื้องต้น,0.5797226648351649
cheese coffeecake,258,11.6,4.1,33.7,0.0,5.3,0.8,64.6,0.3,0.015,21.53333333333333,20.5,17.846153846153847,11.233333333333334,3.2,0.0,Low,0,โคเลสเตอรอลค่อนข้างสูง,0.5797199175824176
spaghetti with meatballs,200,8.2,2.9,22.9,5.8,8.7,5.4,14.0,0.6,0.03,4.666666666666667,14.499999999999998,12.615384615384617,7.633333333333332,21.6,57.99999999999999,Low,0,ยังไม่พบตัวชี้วัดที่เกินเกณฑ์เบื้องต้น,0.579528663003663
apple juice concentrate,350,0.8,0.1,86.5,81.9,1.1,0.8,0.0,0.049,0.00245,0.0,0.5,1.2307692307692308,28.833333333333332,3.2,819.0000000000001,Medium,1,น้ำตาลถึงหรือเกิน 10 กรัมต่อมื้อ,0.5795008557692308
adzuki beans raw,648,1.0,0.4,123.9,0.0,39.1,25.0,0.0,0.06,0.0029999999999999,0.0,2.0,1.5384615384615383,41.3,100.0,0.0,Low,0,ยังไม่พบตัวชี้วัดที่เกินเกณฑ์เบื้องต้น,0.5794033241758242
oat bran bread toasted,70,1.3,0.2,11.8,2.3,3.1,1.3,0.0,0.1,0.005,0.0,1.0,2.0,3.933333333333334,5.2,23.0,Low,0,ยังไม่พบตัวชี้วัดที่เกินเกณฑ์เบื้องต้น,0.5792125
trail mix,139,8.8,1.7,13.5,0.0,4.1,0.0,0.0,0.014,0.0007,0.0,8.5,13.53846153846154,4.5,0.0,0.0,Low,0,ยังไม่พบตัวชี้วัดที่เกินเกณฑ์เบื้องต้น,0.5791348598901099
sweet mashed potato canned,258,0.5,0.1,59.1,13.9,5.0,4.3,0.0,0.2,0.01,0.0,0.5,0.7692307692307693,19.7,17.2,139.0,Medium,1,น้ำตาลถึงหรือเกิน 10 กรัมต่อมื้อ,0.5790843406593407
drumstick leaves raw,13,0.3,0.0,1.7,0.0,2.0,0.4,0.0,0.071,0.0035499999999999,0.0,0.0,0.4615384615384615,0.5666666666666667,1.6,0.0,Low,0,ยังไม่พบตัวชี้วัดที่เกินเกณฑ์เบื้องต้น,0.578940407967033
chicken and rice casserole homade,27,1.0,0.0,2.4,0.0,2.0,0.3,0.0,0.0,0.0,0.0,0.0,1.5384615384615383,0.8,1.2,0.0,Low,0,ยังไม่พบตัวชี้วัดที่เกินเกณฑ์เบื้องต้น,0.57889010989011
mozzarella steak fried,102,5.9,2.2,7.7,0.7,4.6,0.6,10.2,0.2,0.01,3.3999999999999995,11.000000000000002,9.076923076923077,2.566666666666667,2.4,6.999999999999999,Low,0,ยังไม่พบตัวชี้วัดที่เกินเกณฑ์เบื้องต้น,0.5786337912087913
scallops cooked,11,0.058,0.092,0.5,0.0,2.1,0.0,4.1,0.06,0.0029999999999999,1.3666666666666665,0.4599999999999999,0.0892307692307692,0.1666666666666666,0.0,0.0,Low,0,ยังไม่พบตัวชี้วัดที่เกินเกณฑ์เบื้องต้น,0.5784273168498169
potato ham chowder soup,192,12.5,3.9,13.4,0.0,6.5,1.4,21.6,0.9,0.045,7.200000000000001,19.5,19.230769230769234,4.466666666666667,5.6,0.0,Low,0,ยังไม่พบตัวชี้วัดที่เกินเกณฑ์เบื้องต้น,0.5783960164835166
prickly pear,42,0.5,0.014,9.9,0.0,0.8,3.7,0.0,0.044,0.0022,0.0,0.0699999999999999,0.7692307692307693,3.3000000000000003,14.800000000000002,0.0,Low,0,ยังไม่พบตัวชี้วัดที่เกินเกณฑ์เบื้องต้น,0.5782142692307692
quarter pounder mcdonalds,417,19.8,6.9,37.9,8.8,24.1,2.7,66.7,0.7,0.0349999999999999,22.233333333333334,34.5,30.461538461538463,12.633333333333333,10.8,88.00000000000001,Low,0,โคเลสเตอรอลค่อนข้างสูง | ไขมันอิ่มตัวค่อนข้างสูง,0.5782017857142857
lotus seeds raw,25,0.1,0.097,4.9,0.0,1.2,0.0,0.0,0.02,0.001,0.0,0.485,0.1538461538461538,1.6333333333333335,0.0,0.0,Low,0,ยังไม่พบตัวชี้วัดที่เกินเกณฑ์เบื้องต้น,0.5781243681318682
rum,49,0.0,0.0,0.0,0.0,0.0,0.0,0.0,0.053,0.00265,0.0,0.0,0.0,0.0,0.0,0.0,Low,0,ยังไม่พบตัวชี้วัดที่เกินเกณฑ์เบื้องต้น,0.5779801250000001
cheese lasagna,316,13.0,5.1,33.6,10.3,15.9,4.1,31.6,0.7,0.0349999999999999,10.533333333333331,25.5,20.0,11.2,16.4,103.0,Medium,1,น้ำตาลถึงหรือเกิน 10 กรัมต่อมื้อ,0.5777255952380952
chicken stock,86,2.9,0.8,8.5,3.8,6.0,0.0,7.2,0.3,0.015,2.4,4.0,4.461538461538462,2.833333333333333,0.0,38.0,Low,0,ยังไม่พบตัวชี้วัดที่เกินเกณฑ์เบื้องต้น,0.5775688186813187
amaranth raw,37,0.7,0.1,6.5,0.2,1.4,0.7,0.0,0.077,0.00385,0.0,0.5,1.0769230769230769,2.166666666666667,2.8,2.0,Low,0,ยังไม่พบตัวชี้วัดที่เกินเกณฑ์เบื้องต้น,0.5775370590659341
spinach pasta cooked,37,0.3,0.078,7.1,0.0,1.4,0.0,9.3,0.004,0.0001999999999999,3.1000000000000005,0.3899999999999999,0.4615384615384615,2.3666666666666667,0.0,0.0,Low,0,ยังไม่พบตัวชี้วัดที่เกินเกณฑ์เบื้องต้น,0.5774298186813187
spinach souffle,230,17.6,10.1,8.0,2.5,10.7,1.0,160.5,0.8,0.04,53.5,50.5,27.07692307692308,2.666666666666667,4.0,25.0,Low,0,โคเลสเตอรอลค่อนข้างสูง | ไขมันอิ่มตัวค่อนข้างสูง,0.5773785714285714
sesbania flower cooked,22,0.007,0.0,5.3,0.0,1.2,0.0,0.0,0.3,0.015,0.0,0.0,0.0107692307692307,1.7666666666666668,0.0,0.0,Low,0,ยังไม่พบตัวชี้วัดที่เกินเกณฑ์เบื้องต้น,0.5773781593406594
yellow cake with vanilla frosting,239,9.3,1.5,37.6,0.0,2.2,0.2,35.2,0.2,0.01,11.733333333333334,7.5,14.30769230769231,12.533333333333331,0.8,0.0,Low,0,ยังไม่พบตัวชี้วัดที่เกินเกณฑ์เบื้องต้น,0.5773554029304029
mustard greens cooked,36,0.7,0.053,6.3,2.0,3.6,2.8,0.0,0.4,0.02,0.0,0.265,1.0769230769230769,2.0999999999999996,11.2,20.0,Low,0,ยังไม่พบตัวชี้วัดที่เกินเกณฑ์เบื้องต้น,0.5773445054945056
turkey pastrami,38,1.8,0.5,0.5,1.0,4.6,0.062,19.4,0.3,0.015,6.466666666666667,2.5,2.769230769230769,0.1666666666666666,0.248,10.0,Low,0,ยังไม่พบตัวชี้วัดที่เกินเกณฑ์เบื้องต้น,0.5771658882783883
pork stomach cooked,44,2.1,0.8,0.029,0.0,6.1,0.0,89.4,0.035,0.00175,29.800000000000004,4.0,3.230769230769231,0.0096666666666666,0.0,0.0,Low,0,โคเลสเตอรอลค่อนข้างสูง,0.5771489629120878
gingerbread,263,12.1,3.1,36.4,0.0,2.9,0.0,23.7,0.2,0.01,7.9,15.5,18.615384615384613,12.133333333333333,0.0,0.0,Low,0,ยังไม่พบตัวชี้วัดที่เกินเกณฑ์เบื้องต้น,0.5770953296703297
bamboo shoots cooked,14,0.3,0.007,2.3,0.0,1.8,1.2,0.0,0.04,0.002,0.0,0.0349999999999999,0.4615384615384615,0.7666666666666666,4.8,0.0,Low,0,ยังไม่พบตัวชี้วัดที่เกินเกณฑ์เบื้องต้น,0.5770234615384616
corn grits dry,36,0.2,0.022,7.7,0.008,0.7,0.4,0.0,0.054,0.0026999999999999,0.0,0.1099999999999999,0.3076923076923077,2.566666666666667,1.6,0.08,Low,0,ยังไม่พบตัวชี้วัดที่เกินเกณฑ์เบื้องต้น,0.5768734862637364
turnip greens canned,27,0.4,0.1,4.0,0.6,2.0,1.9,0.0,0.082,0.0041,0.0,0.5,0.6153846153846154,1.3333333333333337,7.6,6.0,Low,0,ยังไม่พบตัวชี้วัดที่เกินเกณฑ์เบื้องต้น,0.5767824368131869
cream cheese fat free,19,0.2,0.1,1.4,1.0,2.8,0.0,2.2,0.1,0.005,0.7333333333333334,0.5,0.3076923076923077,0.4666666666666666,0.0,10.0,Low,0,ยังไม่พบตัวชี้วัดที่เกินเกณฑ์เบื้องต้น,0.5766786172161174
falafel,57,3.0,0.4,5.4,0.0,2.3,0.0,0.0,0.081,0.00405,0.0,2.0,4.615384615384616,1.8000000000000005,0.0,0.0,Low,0,ยังไม่พบตัวชี้วัดที่เกินเกณฑ์เบื้องต้น,0.5766756689560439
roast beef sandwich with cheese,473,18.0,9.0,45.4,0.0,32.2,0.0,77.4,1.6,0.08,25.8,45.0,27.692307692307693,15.133333333333333,0.0,0.0,Low,0,โคเลสเตอรอลค่อนข้างสูง | ไขมันอิ่มตัวค่อนข้างสูง,0.5766142857142857
yokan,36,0.022,0.064,8.5,0.0,0.5,0.0,0.0,0.05,0.0025,0.0,0.32,0.0338461538461538,2.833333333333333,0.0,0.0,Low,0,ยังไม่พบตัวชี้วัดที่เกินเกณฑ์เบื้องต้น,0.5765488324175825
picnic loaf,65,4.7,1.7,1.3,0.0,4.2,0.0,10.6,0.3,0.015,3.5333333333333337,8.5,7.230769230769231,0.4333333333333333,0.0,0.0,Low,0,ยังไม่พบตัวชี้วัดที่เกินเกณฑ์เบื้องต้น,0.5764662545787546
buttermilk waffle,102,3.1,0.8,16.0,1.5,2.4,0.9,4.3,0.2,0.01,1.4333333333333331,4.0,4.769230769230769,5.333333333333334,3.6000000000000005,15.0,Low,0,ยังไม่พบตัวชี้วัดที่เกินเกณฑ์เบื้องต้น,0.5763581501831502
cream of asparagus soup,174,8.2,2.1,21.5,1.8,4.6,1.0,10.1,1.7,0.0849999999999999,3.3666666666666663,10.500000000000002,12.615384615384617,7.166666666666667,4.0,18.0,Low,0,ยังไม่พบตัวชี้วัดที่เกินเกณฑ์เบื้องต้น,0.5762590201465202
baked chips lays,130,2.0,26.0,0.0,0.0,0.0,0.0,0.0,0.0,0.0,0.0,130.0,3.076923076923077,0.0,0.0,0.0,Medium,1,ไขมันอิ่มตัวค่อนข้างสูง,0.5762087912087913
pork leg cap steak cooked,307,8.6,2.6,0.0,0.0,53.5,0.0,157.1,0.1,0.005,52.36666666666666,13.0,13.23076923076923,0.0,0.0,0.0,Low,0,โคเลสเตอรอลค่อนข้างสูง,0.5761603021978022
coho salmon cooked,255,11.8,2.8,0.0,0.0,34.7,0.0,90.1,0.06,0.0029999999999999,30.033333333333335,13.999999999999998,18.153846153846153,0.0,0.0,0.0,Low,0,โคเลสเตอรอลค่อนข้างสูง,0.5757879395604396
escarole soup,61,4.0,1.2,4.0,0.0,3.4,0.0,5.5,2.3,0.1149999999999999,1.8333333333333333,6.0,6.153846153846154,1.3333333333333337,0.0,0.0,Low,0,ยังไม่พบตัวชี้วัดที่เกินเกณฑ์เบื้องต้น,0.5757574633699634
croutons,33,0.5,0.1,5.9,0.0,1.0,0.4,0.0,0.035,0.00175,0.0,0.5,0.7692307692307693,1.966666666666667,1.6,0.0,Low,0,ยังไม่พบตัวชี้วัดที่เกินเกณฑ์เบื้องต้น,0.5755747870879122
cream of shrimp soup,181,10.4,6.5,16.5,0.0,5.6,0.5,32.8,1.7,0.0849999999999999,10.933333333333332,32.5,16.0,5.5,2.0,0.0,Low,0,ไขมันอิ่มตัวค่อนข้างสูง,0.5754577380952381
garlic bread,151,7.1,2.3,17.9,1.6,3.6,1.1,0.0,0.2,0.01,0.0,11.5,10.923076923076923,5.966666666666666,4.4,16.0,Low,0,ยังไม่พบตัวชี้วัดที่เกินเกณฑ์เบื้องต้น,0.5752876373626374
potato chips cheese,843,46.2,14.6,98.1,0.0,14.5,8.8,6.8,0.8,0.04,2.2666666666666666,73.0,71.07692307692308,32.699999999999996,35.2,0.0,Low,0,ไขมันอิ่มตัวค่อนข้างสูง,0.5752833333333334
ohelo berries,39,0.3,0.0,9.6,0.0,0.5,0.0,0.0,0.068,0.0034,0.0,0.0,0.4615384615384615,3.2,0.0,0.0,Low,0,ยังไม่พบตัวชี้วัดที่เกินเกณฑ์เบื้องต้น,0.575048675824176
cardoon cooked,26,0.1,0.014,6.4,0.0,0.9,2.0,0.0,0.2,0.01,0.0,0.0699999999999999,0.1538461538461538,2.1333333333333337,8.0,0.0,Low,0,ยังไม่พบตัวชี้วัดที่เกินเกณฑ์เบื้องต้น,0.5748782967032968
chocolate rasberry protein mini proteinfx,102,2.9,1.8,0.0,0.0,0.0,0.0,0.0,0.0,0.0,0.0,9.0,4.461538461538462,0.0,0.0,0.0,Low,0,ยังไม่พบตัวชี้วัดที่เกินเกณฑ์เบื้องต้น,0.5748241758241759
sliced turkey breast,17,0.6,0.1,0.4,0.1,2.4,0.0,7.8,0.1,0.005,2.6,0.5,0.923076923076923,0.1333333333333333,0.0,1.0,Low,0,ยังไม่พบตัวชี้วัดที่เกินเกณฑ์เบื้องต้น,0.5747537087912088
chrysanthemum raw,12,0.3,0.0,1.5,0.0,1.7,1.5,0.0,0.012,0.0006,0.0,0.0,0.4615384615384615,0.5,6.0,0.0,Low,0,ยังไม่พบตัวชี้วัดที่เกินเกณฑ์เบื้องต้น,0.5746411043956045
brown rice cake,35,0.3,0.062,7.3,0.047,0.7,0.4,0.0,0.024,0.0012,0.0,0.31,0.4615384615384615,2.433333333333333,1.6,0.47,Low,0,ยังไม่พบตัวชี้วัดที่เกินเกณฑ์เบื้องต้น,0.5745744615384616
hanfprotein pulver rohkostqualitat veganz,107,3.1,0.3,14.2,0.057,0.0,0.0,0.0,0.0,0.0,0.0,1.5,4.769230769230769,4.733333333333333,0.0,0.5700000000000001,Low,0,ยังไม่พบตัวชี้วัดที่เกินเกณฑ์เบื้องต้น,0.5745186263736265
corn chips unsalted,490,29.4,3.8,50.5,1.2,5.8,3.9,0.0,0.024,0.0012,0.0,19.0,45.230769230769226,16.833333333333332,15.6,12.0,Low,0,ยังไม่พบตัวชี้วัดที่เกินเกณฑ์เบื้องต้น,0.5744910000000001
wheat bran bread,89,1.2,0.3,17.2,3.5,3.2,1.4,0.0,0.2,0.01,0.0,1.5,1.846153846153846,5.733333333333333,5.6,35.0,Low,0,ยังไม่พบตัวชี้วัดที่เกินเกณฑ์เบื้องต้น,0.5744359890109891
pork kidneys cooked,211,6.6,2.1,0.0,0.0,35.6,0.0,672.0,0.1,0.005,224.00000000000003,10.500000000000002,10.153846153846152,0.0,0.0,0.0,Medium,1,โคเลสเตอรอลค่อนข้างสูง,0.5743800824175824
popcorn air popped,31,0.4,0.011,6.2,0.086,1.0,1.2,0.0,0.016,0.0007999999999999,0.0,0.0549999999999999,0.6153846153846154,2.0666666666666664,4.8,0.86,Low,0,ยังไม่พบตัวชี้วัดที่เกินเกณฑ์เบื้องต้น,0.5743029010989011
bakers yeast,18,0.3,0.089,3.1,0.0,1.4,1.4,0.0,0.066,0.0033,0.0,0.445,0.4615384615384615,1.0333333333333332,5.6,0.0,Low,0,ยังไม่พบตัวชี้วัดที่เกินเกณฑ์เบื้องต้น,0.5742994258241759
caramel med iced coffee dunkin donuts,268,9.0,41.0,0.0,0.0,0.0,0.0,0.0,0.0,0.0,0.0,204.99999999999997,13.846153846153848,0.0,0.0,0.0,Medium,1,ไขมันอิ่มตัวค่อนข้างสูง,0.5742967032967033
broccoli raw,31,0.3,0.053,6.0,1.5,2.6,2.4,0.0,0.049,0.00245,0.0,0.265,0.4615384615384615,2.0,9.6,15.0,Low,0,ยังไม่พบตัวชี้วัดที่เกินเกณฑ์เบื้องต้น,0.5742343722527473
chili peppers canned,29,0.4,0.013,6.4,0.0,1.0,2.4,0.0,0.6,0.03,0.0,0.065,0.6153846153846154,2.1333333333333337,9.6,0.0,Low,0,ยังไม่พบตัวชี้วัดที่เกินเกณฑ์เบื้องต้น,0.5742310439560441
orange tomato,18,0.2,0.097,3.5,0.0,1.3,1.0,0.0,0.001,5e-05,0.0,0.485,0.3076923076923077,1.1666666666666667,4.0,0.0,Low,0,ยังไม่พบตัวชี้วัดที่เกินเกณฑ์เบื้องต้น,0.5742276469780221
scallop raw,10,0.091,0.089,0.5,0.0,1.8,0.0,3.6,0.057,0.00285,1.2,0.445,0.1399999999999999,0.1666666666666666,0.0,0.0,Low,0,ยังไม่พบตัวชี้วัดที่เกินเกณฑ์เบื้องต้น,0.5741429107142858
bacon cooked,43,3.1,1.1,0.068,0.0,3.5,0.0,10.1,0.2,0.01,3.3666666666666663,5.500000000000001,4.769230769230769,0.0226666666666666,0.0,0.0,Low,0,ยังไม่พบตัวชี้วัดที่เกินเกณฑ์เบื้องต้น,0.5740605311355311
chestnuts cooked,37,0.4,0.016,7.9,0.0,0.6,0.0,0.0,0.046,0.0023,0.0,0.08,0.6153846153846154,2.6333333333333333,0.0,0.0,Low,0,ยังไม่พบตัวชี้วัดที่เกินเกณฑ์เบื้องต้น,0.5740102225274726
pastrami beef fat free,9,0.1,0.0,0.1,0.0,1.9,0.0,4.5,0.005,0.00025,1.5,0.0,0.1538461538461538,0.0333333333333333,0.0,0.0,Low,0,ยังไม่พบตัวชี้วัดที่เกินเกณฑ์เบื้องต้น,0.5739871359890111
bakers yeast dry,13,0.3,0.078,1.6,0.0,1.6,1.1,0.0,0.081,0.00405,0.0,0.3899999999999999,0.4615384615384615,0.5333333333333334,4.4,0.0,Low,0,ยังไม่พบตัวชี้วัดที่เกินเกณฑ์เบื้องต้น,0.5739366579670331
borage,19,0.6,0.2,2.7,0.0,1.6,0.0,0.0,0.023,0.00115,0.0,1.0,0.923076923076923,0.9000000000000001,0.0,0.0,Low,0,ยังไม่พบตัวชี้วัดที่เกินเกณฑ์เบื้องต้น,0.573925440934066
potato skin raw,22,0.099,0.093,4.7,0.0,1.0,1.0,0.0,0.053,0.00265,0.0,0.4649999999999999,0.1523076923076923,1.5666666666666669,4.0,0.0,Low,0,ยังไม่พบตัวชี้วัดที่เกินเกณฑ์เบื้องต้น,0.573909245879121
skunk cabbage,11,0.1,0.0,1.8,0.0,1.5,1.2,0.0,0.016,0.0007999999999999,0.0,0.0,0.1538461538461538,0.6,4.8,0.0,Low,0,ยังไม่พบตัวชี้วัดที่เกินเกณฑ์เบื้องต้น,0.5738758681318682
beef tenderloin steak cooked,374,24.0,9.4,0.0,0.0,37.0,0.0,135.8,0.061,0.0030499999999999,45.26666666666667,47.0,36.92307692307693,0.0,0.0,0.0,Low,0,โคเลสเตอรอลค่อนข้างสูง | ไขมันอิ่มตัวค่อนข้างสูง,0.5737628392857144
oatmeal bread toasted,73,1.2,0.2,13.2,2.2,2.3,1.1,0.0,0.1,0.005,0.0,1.0,1.846153846153846,4.3999999999999995,4.4,22.000000000000004,Low,0,ยังไม่พบตัวชี้วัดที่เกินเกณฑ์เบื้องต้น,0.5735806318681319
oatmeal bread,73,1.2,0.2,13.1,2.2,2.3,1.1,0.0,0.1,0.005,0.0,1.0,1.846153846153846,4.366666666666666,4.4,22.000000000000004,Low,0,ยังไม่พบตัวชี้วัดที่เกินเกณฑ์เบื้องต้น,0.5735806318681319
chicken leg fried,431,25.5,6.8,13.8,0.0,34.4,0.5,142.2,0.4,0.02,47.4,34.0,39.23076923076923,4.6,2.0,0.0,Low,0,โคเลสเตอรอลค่อนข้างสูง | ไขมันอิ่มตัวค่อนข้างสูง,0.5735642857142857
watermelon seed kernels dried,602,51.2,10.6,16.5,0.0,30.6,0.0,0.0,0.1,0.005,0.0,53.0,78.76923076923077,5.5,0.0,0.0,Low,0,ไขมันอิ่มตัวค่อนข้างสูง,0.5734625000000001
japanese cabbage,45,0.2,0.092,8.5,2.0,2.4,4.7,0.0,0.4,0.02,0.0,0.4599999999999999,0.3076923076923077,2.833333333333333,18.8,20.0,Low,0,ยังไม่พบตัวชี้วัดที่เกินเกณฑ์เบื้องต้น,0.5732565934065934
goat cheese soft,75,6.0,4.1,0.0,0.3,5.2,0.0,13.0,0.1,0.005,4.333333333333334,20.5,9.230769230769232,0.0,0.0,3.0,Low,0,ยังไม่พบตัวชี้วัดที่เกินเกณฑ์เบื้องต้น,0.5732555402930403
miso,40,1.2,0.2,5.1,1.2,2.6,1.1,0.0,0.7,0.0349999999999999,0.0,1.0,1.846153846153846,1.6999999999999995,4.4,12.0,Low,0,ยังไม่พบตัวชี้วัดที่เกินเกณฑ์เบื้องต้น,0.5732484890109891
corn chips barbecue,1036,64.7,8.8,111.3,0.0,13.9,10.3,0.0,1.5,0.075,0.0,44.00000000000001,99.53846153846156,37.1,41.2,0.0,Low,0,ไขมันอิ่มตัวค่อนข้างสูง,0.5731875000000001
celeriac raw,66,0.5,0.1,14.4,2.5,2.3,2.8,0.0,0.2,0.01,0.0,0.5,0.7692307692307693,4.8,11.2,25.0,Low,0,ยังไม่พบตัวชี้วัดที่เกินเกณฑ์เบื้องต้น,0.573120054945055
chayote cooked,35,0.8,0.1,7.2,0.0,1.0,4.5,0.0,0.4,0.02,0.0,0.5,1.2307692307692308,2.4,18.0,0.0,Low,0,ยังไม่พบตัวชี้วัดที่เกินเกณฑ์เบื้องต้น,0.5731192307692308
spelt raw,588,4.2,0.7,122.1,11.9,25.4,18.6,0.0,0.076,0.0038,0.0,3.4999999999999996,6.461538461538462,40.7,74.4,119.0,Medium,1,น้ำตาลถึงหรือเกิน 10 กรัมต่อมื้อ,0.5730099615384615
buttermilk pancakes,86,3.5,0.7,10.9,0.0,2.6,0.0,22.0,0.2,0.01,7.333333333333333,3.4999999999999996,5.384615384615385,3.6333333333333337,0.0,0.0,Low,0,ยังไม่พบตัวชี้วัดที่เกินเกณฑ์เบื้องต้น,0.5728499084249085
vanilla yoghurt oikos,120,1.8,24.0,0.0,0.0,0.0,0.0,0.0,0.0,0.0,0.0,120.0,2.769230769230769,0.0,0.0,0.0,Medium,1,ไขมันอิ่มตัวค่อนข้างสูง,0.5728021978021979
nachos with cheese,274,17.2,1.7,27.9,1.7,3.5,2.6,2.4,0.3,0.015,0.8,8.5,26.46153846153846,9.3,10.4,17.0,Low,0,ยังไม่พบตัวชี้วัดที่เกินเกณฑ์เบื้องต้น,0.5727089285714286
sweet red peppers canned,25,0.4,0.013,5.5,0.0,1.1,1.7,0.0,1.9,0.095,0.0,0.065,0.6153846153846154,1.8333333333333333,6.800000000000001,0.0,Low,0,ยังไม่พบตัวชี้วัดที่เกินเกณฑ์เบื้องต้น,0.5727078296703297
sweet green peppers canned,25,0.4,0.037,5.5,0.0,1.1,1.7,0.0,1.9,0.095,0.0,0.185,0.6153846153846154,1.8333333333333333,6.800000000000001,0.0,Low,0,ยังไม่พบตัวชี้วัดที่เกินเกณฑ์เบื้องต้น,0.5727078296703297
taro shoots cooked,20,0.1,0.068,4.5,0.0,1.0,0.0,0.0,0.3,0.015,0.0,0.34,0.1538461538461538,1.5,0.0,0.0,Low,0,ยังไม่พบตัวชี้วัดที่เกินเกณฑ์เบื้องต้น,0.5726622252747253
pumpkin leaves cooked,15,0.2,0.092,2.4,0.5,1.9,1.9,0.0,0.2,0.01,0.0,0.4599999999999999,0.3076923076923077,0.8,7.6,5.0,Low,0,ยังไม่พบตัวชี้วัดที่เกินเกณฑ์เบื้องต้น,0.5724387362637363
dandelion greens raw,25,0.4,0.012,5.1,0.4,1.5,1.9,0.0,0.043,0.0021499999999999,0.0,0.06,0.6153846153846154,1.6999999999999995,7.6,4.0,Low,0,ยังไม่พบตัวชี้วัดที่เกินเกณฑ์เบื้องต้น,0.5724042046703297
chicken back raw,188,17.0,4.9,0.0,0.0,8.3,0.0,46.6,0.043,0.0021499999999999,15.533333333333337,24.500000000000004,26.153846153846157,0.0,0.0,0.0,Low,0,ยังไม่พบตัวชี้วัดที่เกินเกณฑ์เบื้องต้น,0.5723291130952382
pork leg cap steak raw,284,7.8,2.7,0.0,0.0,50.0,0.0,145.5,0.2,0.01,48.5,13.5,12.0,0.0,0.0,0.0,Low,0,โคเลสเตอรอลค่อนข้างสูง,0.5722107142857144
waffle toasted,103,3.2,0.5,16.3,1.7,2.4,0.8,5.0,0.2,0.01,1.6666666666666667,2.5,4.923076923076923,5.433333333333334,3.2,17.0,Low,0,ยังไม่พบตัวชี้วัดที่เกินเกณฑ์เบื้องต้น,0.5721923992673992
oat bran raw,23,0.5,0.077,4.9,0.1,1.3,1.2,0.0,0.036,0.0017999999999999,0.0,0.385,0.7692307692307693,1.6333333333333335,4.8,1.0,Low,0,ยังไม่พบตัวชี้วัดที่เกินเกณฑ์เบื้องต้น,0.5721101263736265
biscuit kentucky fried chicken,185,9.1,2.2,22.1,1.7,3.8,0.8,0.5,0.5,0.025,0.1666666666666666,11.000000000000002,13.999999999999998,7.366666666666667,3.2,17.0,Low,0,ยังไม่พบตัวชี้วัดที่เกินเกณฑ์เบื้องต้น,0.5721101190476191
luncheon meat beef,10,0.3,0.1,0.0,0.0,1.8,0.0,3.2,0.1,0.005,1.0666666666666669,0.5,0.4615384615384615,0.0,0.0,0.0,Low,0,ยังไม่พบตัวชี้วัดที่เกินเกณฑ์เบื้องต้น,0.5720485805860807
beef top loin filet grilled,323,19.0,6.5,0.8,0.0,37.0,0.0,116.1,0.1,0.005,38.7,32.5,29.230769230769234,0.2666666666666667,0.0,0.0,Low,0,โคเลสเตอรอลค่อนข้างสูง | ไขมันอิ่มตัวค่อนข้างสูง,0.5720339285714287
snap beans cooked,44,0.4,0.005,9.9,1.9,2.4,4.0,0.0,0.086,0.0042999999999999,0.0,0.025,0.6153846153846154,3.3000000000000003,16.0,19.0,Low,0,ยังไม่พบตัวชี้วัดที่เกินเกณฑ์เบื้องต้น,0.5719952225274726
brick cheese,111,8.9,5.6,0.8,0.2,7.0,0.0,28.2,0.2,0.01,9.4,27.999999999999996,13.692307692307692,0.2666666666666667,0.0,2.0,Low,0,ยังไม่พบตัวชี้วัดที่เกินเกณฑ์เบื้องต้น,0.5716612637362638
jute raw,10,0.046,0.0,1.6,0.0,1.3,0.0,0.0,0.042,0.0021,0.0,0.0,0.0707692307692307,0.5333333333333334,0.0,0.0,Low,0,ยังไม่พบตัวชี้วัดที่เกินเกณฑ์เบื้องต้น,0.5714177664835165
portabella mushrooms grilled,35,0.7,0.023,5.4,2.7,4.0,2.7,0.0,0.047,0.0023499999999999,0.0,0.1149999999999999,1.0769230769230769,1.8000000000000005,10.8,27.0,Low,0,ยังไม่พบตัวชี้วัดที่เกินเกณฑ์เบื้องต้น,0.571405451923077
camembert cheese,90,7.3,4.6,0.1,0.1,5.9,0.0,21.6,0.3,0.015,7.200000000000001,23.0,11.23076923076923,0.0333333333333333,0.0,1.0,Low,0,ยังไม่พบตัวชี้วัดที่เกินเกณฑ์เบื้องต้น,0.5713353021978023
butter toastbrot ja,66,0.9,0.6,2.0,0.4,0.0,0.0,0.0,0.0,0.0,0.0,3.0,1.3846153846153846,0.6666666666666667,0.0,4.0,Low,0,ยังไม่พบตัวชี้วัดที่เกินเกณฑ์เบื้องต้น,0.5713296703296704
dinner roll whole wheat,74,1.3,0.2,14.3,2.4,2.4,2.1,0.0,0.1,0.005,0.0,1.0,2.0,4.766666666666667,8.4,24.0,Low,0,ยังไม่พบตัวชี้วัดที่เกินเกณฑ์เบื้องต้น,0.5712482142857144
caribou cooked,210,6.4,2.5,0.0,0.0,38.0,0.0,141.2,0.004,0.0001999999999999,47.06666666666666,12.5,9.846153846153848,0.0,0.0,0.0,Low,0,โคเลสเตอรอลค่อนข้างสูง,0.5711523461538461
pasta marinara and ground beef sauce,41,1.6,0.5,4.1,1.0,2.5,0.5,0.2,0.0,0.0,0.0666666666666666,2.5,2.4615384615384617,1.3666666666666665,2.0,10.0,Low,0,ยังไม่พบตัวชี้วัดที่เกินเกณฑ์เบื้องต้น,0.5710503663003663
turnip greens cooked,29,0.3,0.091,6.3,0.8,1.6,5.0,0.0,0.4,0.02,0.0,0.455,0.4615384615384615,2.0999999999999996,20.0,8.0,Low,0,ยังไม่พบตัวชี้วัดที่เกินเกณฑ์เบื้องต้น,0.5709598901098901
cheshire cheese,110,8.7,5.5,1.4,0.0,6.6,0.0,29.1,0.2,0.01,9.7,27.500000000000004,13.384615384615383,0.4666666666666666,0.0,0.0,Low,0,ยังไม่พบตัวชี้วัดที่เกินเกณฑ์เบื้องต้น,0.5706475274725276
white icicle radish,14,0.1,0.076,2.6,0.0,1.1,1.4,0.0,0.049,0.00245,0.0,0.38,0.1538461538461538,0.8666666666666666,5.6,0.0,Low,0,ยังไม่พบตัวชี้วัดที่เกินเกณฑ์เบื้องต้น,0.5705777788461539
chinese cabbage pak choi cooked,20,0.3,0.014,3.0,1.4,2.7,1.7,0.0,0.5,0.025,0.0,0.0699999999999999,0.4615384615384615,1.0,6.800000000000001,13.999999999999998,Low,0,ยังไม่พบตัวชี้วัดที่เกินเกณฑ์เบื้องต้น,0.570529532967033
fireweed leaves,24,0.6,0.0,4.4,0.0,1.1,2.4,0.0,0.035,0.00175,0.0,0.0,0.923076923076923,1.4666666666666668,9.6,0.0,Low,0,ยังไม่พบตัวชี้วัดที่เกินเกณฑ์เบื้องต้น,0.5705280837912089
plum sauce,35,0.2,0.094,8.1,0.0,0.2,0.1,0.0,0.1,0.005,0.0,0.47,0.3076923076923077,2.7,0.4,0.0,Low,0,ยังไม่พบตัวชี้วัดที่เกินเกณฑ์เบื้องต้น,0.5701548076923078
gouda cheese,100,7.7,4.9,0.6,0.6,7.0,0.0,31.9,0.2,0.01,10.633333333333333,24.500000000000004,11.846153846153848,0.2,0.0,6.0,Low,0,ยังไม่พบตัวชี้วัดที่เกินเกณฑ์เบื้องต้น,0.57013836996337
napa cabbage cooked,13,0.2,0.0,2.4,0.0,1.2,0.0,0.0,0.012,0.0006,0.0,0.0,0.3076923076923077,0.8,0.0,0.0,Low,0,ยังไม่พบตัวชี้วัดที่เกินเกณฑ์เบื้องต้น,0.5701163791208792
almond granola bar,119,6.1,3.0,14.9,0.0,1.8,1.2,0.0,0.067,0.00335,0.0,15.0,9.384615384615383,4.966666666666667,4.8,0.0,Low,0,ยังไม่พบตัวชี้วัดที่เกินเกณฑ์เบื้องต้น,0.5700902596153846
chicken nuggets,61,4.1,0.7,3.0,0.039,3.2,0.2,8.6,0.1,0.005,2.8666666666666667,3.4999999999999996,6.3076923076923075,1.0,0.8,0.3899999999999999,Low,0,ยังไม่พบตัวชี้วัดที่เกินเกณฑ์เบื้องต้น,0.569760283882784
persimmon,32,0.1,0.0,8.4,0.0,0.2,0.0,0.0,0.024,0.0012,0.0,0.0,0.1538461538461538,2.8000000000000003,0.0,0.0,Low,0,ยังไม่พบตัวชี้วัดที่เกินเกณฑ์เบื้องต้น,0.5696228681318682
sweet corn white,63,0.9,0.1,13.9,2.4,2.4,2.0,0.0,0.016,0.0007999999999999,0.0,0.5,1.3846153846153846,4.633333333333334,8.0,24.0,Low,0,ยังไม่พบตัวชี้วัดที่เกินเกณฑ์เบื้องต้น,0.5696093846153847
cinnamon coffeecake,238,13.3,3.3,26.6,0.0,3.9,1.1,18.2,0.2,0.01,6.066666666666666,16.499999999999996,20.46153846153846,8.866666666666667,4.4,0.0,Low,0,ยังไม่พบตัวชี้วัดที่เกินเกณฑ์เบื้องต้น,0.5695083333333334
blue cheese,106,8.6,5.6,0.7,0.2,6.4,0.0,22.5,0.3,0.015,7.5,27.999999999999996,13.23076923076923,0.2333333333333333,0.0,2.0,Low,0,ยังไม่พบตัวชี้วัดที่เกินเกณฑ์เบื้องต้น,0.5694781593406594
jews ear,25,0.095,0.0,6.7,0.0,0.5,0.0,0.0,0.027,0.0013499999999999,0.0,0.0,0.1461538461538461,2.2333333333333334,0.0,0.0,Low,0,ยังไม่พบตัวชี้วัดที่เกินเกณฑ์เบื้องต้น,0.5694294354395605
grape leaves canned,20,0.6,0.065,3.3,0.0,1.2,2.8,0.0,0.8,0.04,0.0,0.325,0.923076923076923,1.1,11.2,0.0,Low,0,ยังไม่พบตัวชี้วัดที่เกินเกณฑ์เบื้องต้น,0.5692054945054945
pokeberry shoots cooked,33,0.7,0.0,5.1,2.6,3.8,2.5,0.0,0.4,0.02,0.0,0.0,1.0769230769230769,1.6999999999999995,10.0,26.0,Low,0,ยังไม่พบตัวชี้วัดที่เกินเกณฑ์เบื้องต้น,0.5691302197802198
classique yogurt plain 2 liberte,30,1.2,0.7,1.7,1.7,3.3,0.0,0.017,0.0,0.0,0.0056666666666666,3.4999999999999996,1.846153846153846,0.5666666666666667,0.0,17.0,Low,0,ยังไม่พบตัวชี้วัดที่เกินเกณฑ์เบื้องต้น,0.5690325366300366
egg raw,80,5.3,1.8,0.4,0.2,7.0,0.0,208.3,0.08,0.004,69.43333333333334,9.0,8.153846153846153,0.1333333333333333,0.0,2.0,Low,0,โคเลสเตอรอลค่อนข้างสูง,0.5690304395604395
goat cheese,103,8.4,5.8,0.009,0.031,6.1,0.0,22.4,0.1,0.005,7.466666666666666,28.999999999999996,12.923076923076923,0.0029999999999999,0.0,0.31,Low,0,ยังไม่พบตัวชี้วัดที่เกินเกณฑ์เบื้องต้น,0.5690148992673993
beef diced asda,48,0.7,0.3,10.5,0.054,0.0,0.0,0.0,0.0,0.0,0.0,1.5,1.0769230769230769,3.5000000000000004,0.0,0.54,Low,0,ยังไม่พบตัวชี้วัดที่เกินเกณฑ์เบื้องต้น,0.5685416483516484
blueberry pancakes,84,3.5,0.8,11.0,0.0,2.3,0.0,21.3,0.2,0.01,7.1000000000000005,4.0,5.384615384615385,3.6666666666666665,0.0,0.0,Low,0,ยังไม่พบตัวชี้วัดที่เกินเกณฑ์เบื้องต้น,0.5685403846153847
soy sauce,8,0.054,0.025,0.8,0.097,1.3,0.1,0.0,0.9,0.045,0.0,0.125,0.083076923076923,0.2666666666666667,0.4,0.97,Low,0,ยังไม่พบตัวชี้วัดที่เกินเกณฑ์เบื้องต้น,0.5684058516483518
cornsalad,12,0.2,0.0,2.0,0.0,1.1,0.0,0.0,0.067,0.00335,0.0,0.0,0.3076923076923077,0.6666666666666667,0.0,0.0,Low,0,ยังไม่พบตัวชี้วัดที่เกินเกณฑ์เบื้องต้น,0.5682743255494506
sardine canned in oil,310,17.1,2.3,0.0,0.0,36.7,0.0,211.6,0.5,0.025,70.53333333333333,11.5,26.30769230769231,0.0,0.0,0.0,Low,0,โคเลสเตอรอลค่อนข้างสูง,0.5682053571428571
cottage cheese creamed,20,0.9,0.3,0.7,0.5,2.2,0.0,3.4,0.095,0.00475,1.1333333333333333,1.5,1.3846153846153846,0.2333333333333333,0.0,5.0,Low,0,ยังไม่พบตัวชี้วัดที่เกินเกณฑ์เบื้องต้น,0.5681749977106227
split pea soup,180,2.3,0.8,29.9,12.8,9.7,4.8,5.1,0.4,0.02,1.6999999999999995,4.0,3.5384615384615383,9.966666666666669,19.2,128.0,Medium,1,น้ำตาลถึงหรือเกิน 10 กรัมต่อมื้อ,0.5681686813186813
lamb kidneys cooked,349,9.2,3.1,2.5,0.0,60.3,0.0,1440.8,0.4,0.02,480.2666666666666,15.5,14.153846153846152,0.8333333333333334,0.0,0.0,Medium,1,โคเลสเตอรอลค่อนข้างสูง,0.5681247252747254
consomme dry,17,0.2,0.0,1.9,1.1,2.2,0.0,0.0,0.8,0.04,0.0,0.0,0.3076923076923077,0.6333333333333333,0.0,11.000000000000002,Low,0,ยังไม่พบตัวชี้วัดที่เกินเกณฑ์เบื้องต้น,0.5681065934065934
yogurt low fat,154,3.8,2.5,17.2,17.2,12.9,0.0,14.7,0.2,0.01,4.8999999999999995,12.5,5.846153846153846,5.733333333333333,0.0,172.0,Medium,1,น้ำตาลถึงหรือเกิน 10 กรัมต่อมื้อ,0.5680788461538461
pork blade roll raw,76,6.2,2.2,0.0,0.0,4.7,0.0,15.0,0.4,0.02,5.0,11.000000000000002,9.538461538461538,0.0,0.0,0.0,Low,0,ยังไม่พบตัวชี้วัดที่เกินเกณฑ์เบื้องต้น,0.5679901098901099
turkey patty fried,79,5.0,1.3,4.4,0.053,3.9,0.1,21.0,0.2,0.01,7.000000000000001,6.5,7.6923076923076925,1.4666666666666668,0.4,0.53,Low,0,ยังไม่พบตัวชี้วัดที่เกินเกณฑ์เบื้องต้น,0.5678305494505494
green lettuce,23,0.2,0.027,4.3,1.2,2.0,2.0,0.0,0.05,0.0025,0.0,0.135,0.3076923076923077,1.4333333333333331,8.0,12.0,Low,0,ยังไม่พบตัวชี้วัดที่เกินเกณฑ์เบื้องต้น,0.5678164148351649
chocolate pretzels,50,1.8,0.8,7.8,0.0,0.8,0.0,0.0,0.037,0.0018499999999999,0.0,4.0,2.769230769230769,2.6,0.0,0.0,Low,0,ยังไม่พบตัวชี้วัดที่เกินเกณฑ์เบื้องต้น,0.5677883228021979
oatmeal cookies with raisins,65,2.4,0.5,10.3,0.0,1.0,0.0,5.0,0.022,0.0011,1.6666666666666667,2.5,3.692307692307692,3.4333333333333336,0.0,0.0,Low,0,ยังไม่พบตัวชี้วัดที่เกินเกณฑ์เบื้องต้น,0.5677756327838828
burdock root raw,85,0.2,0.069,20.5,3.4,1.8,3.9,0.0,0.008,0.0003999999999999,0.0,0.345,0.3076923076923077,6.833333333333333,15.6,34.0,Low,0,ยังไม่พบตัวชี้วัดที่เกินเกณฑ์เบื้องต้น,0.5677607362637364
pancakes,86,3.7,0.8,10.8,0.0,2.4,0.0,22.4,0.2,0.01,7.466666666666666,4.0,5.6923076923076925,3.6000000000000005,0.0,0.0,Low,0,ยังไม่พบตัวชี้วัดที่เกินเกณฑ์เบื้องต้น,0.5677088827838828
roselle,28,0.4,0.0,6.4,0.0,0.5,0.0,0.0,0.079,0.0039499999999999,0.0,0.0,0.6153846153846154,2.1333333333333337,0.0,0.0,Low,0,ยังไม่พบตัวชี้วัดที่เกินเกณฑ์เบื้องต้น,0.5676049903846154
sweet potato leaves raw,15,0.2,0.088,3.1,0.0,0.9,1.9,0.0,0.073,0.00365,0.0,0.4399999999999999,0.3076923076923077,1.0333333333333332,7.6,0.0,Low,0,ยังไม่พบตัวชี้วัดที่เกินเกณฑ์เบื้องต้น,0.5674863612637363
wine light,73,0.0,0.0,1.7,1.7,0.1,0.0,0.0,0.046,0.0023,0.0,0.0,0.0,0.5666666666666667,0.0,17.0,Low,0,ยังไม่พบตัวชี้วัดที่เกินเกณฑ์เบื้องต้น,0.5674470357142858
fish sticks,78,4.5,1.0,6.1,0.5,3.1,0.4,7.8,0.1,0.005,2.6,5.0,6.923076923076923,2.033333333333333,1.6,5.0,Low,0,ยังไม่พบตัวชี้วัดที่เกินเกณฑ์เบื้องต้น,0.5673608516483517
crispy chicken breast kentucky fried chicken,214,6.7,1.7,0.4,0.0,38.2,0.0,121.8,0.7,0.0349999999999999,40.599999999999994,8.5,10.307692307692308,0.1333333333333333,0.0,0.0,Low,0,โคเลสเตอรอลค่อนข้างสูง,0.5672155219780219
scallops fried,64,3.2,0.8,6.4,0.0,2.6,0.0,18.0,0.2,0.01,6.0,4.0,4.923076923076923,2.1333333333333337,0.0,0.0,Low,0,ยังไม่พบตัวชี้วัดที่เกินเกณฑ์เบื้องต้น,0.5670733516483517
chicken breast raw,299,16.1,4.6,0.0,0.0,36.3,0.0,111.4,0.1,0.005,37.13333333333333,23.0,24.76923076923077,0.0,0.0,0.0,Low,0,โคเลสเตอรอลค่อนข้างสูง,0.5670696428571429
whole wheat bread natures own,50,1.0,11.0,0.0,0.0,0.0,0.0,0.0,0.0,0.0,0.0,55.00000000000001,1.5384615384615383,0.0,0.0,0.0,Low,0,ไขมันอิ่มตัวค่อนข้างสูง,0.5670329670329671
splenda sweetener,336,0.0,0.0,91.2,80.3,0.0,0.0,0.0,0.0,0.0,0.0,0.0,0.0,30.4,0.0,802.9999999999999,Medium,1,น้ำตาลถึงหรือเกิน 10 กรัมต่อมื้อ,0.5670000000000001
mashed potato with milk and butter,237,8.9,5.5,35.3,3.0,3.9,3.2,23.1,0.7,0.0349999999999999,7.7,27.500000000000004,13.692307692307692,11.766666666666666,12.8,30.0,Low,0,ยังไม่พบตัวชี้วัดที่เกินเกณฑ์เบื้องต้น,0.5669737637362637
onion soup,113,3.5,0.5,16.4,6.7,7.5,1.7,0.0,1.3,0.065,0.0,2.5,5.384615384615385,5.466666666666666,6.800000000000001,67.0,Low,0,ยังไม่พบตัวชี้วัดที่เกินเกณฑ์เบื้องต้น,0.5669493131868132
soy flour,23,1.1,0.2,1.8,0.4,1.8,0.5,0.0,0.023,0.00115,0.0,1.0,1.6923076923076923,0.6,2.0,4.0,Low,0,ยังไม่พบตัวชี้วัดที่เกินเกณฑ์เบื้องต้น,0.5669419244505495
pork olive loaf,66,4.6,1.6,2.6,0.0,3.3,0.0,10.6,0.3,0.015,3.5333333333333337,8.0,7.076923076923077,0.8666666666666666,0.0,0.0,Low,0,ยังไม่พบตัวชี้วัดที่เกินเกณฑ์เบื้องต้น,0.5669415293040294
turkey gravy dry,26,0.5,0.1,4.6,0.0,0.7,0.0,1.0,0.3,0.015,0.3333333333333333,0.5,0.7692307692307693,1.5333333333333332,0.0,0.0,Low,0,ยังไม่พบตัวชี้วัดที่เกินเกณฑ์เบื้องต้น,0.5668920787545788
chicken gumbo soup,113,2.9,0.7,16.8,4.9,5.3,4.0,7.6,1.7,0.0849999999999999,2.533333333333333,3.4999999999999996,4.461538461538462,5.6000000000000005,16.0,49.00000000000001,Low,0,ยังไม่พบตัวชี้วัดที่เกินเกณฑ์เบื้องต้น,0.5668890567765569
caraway seeds,22,1.0,0.03,3.3,0.038,1.3,2.5,0.0,0.014,0.0007,0.0,0.15,1.5384615384615383,1.1,10.0,0.38,Low,0,ยังไม่พบตัวชี้วัดที่เกินเกณฑ์เบื้องต้น,0.5667077170329671
pumpkin leaves raw,7,0.2,0.053,0.9,0.0,1.2,0.0,0.0,0.057,0.00285,0.0,0.265,0.3076923076923077,0.3,0.0,0.0,Low,0,ยังไม่พบตัวชี้วัดที่เกินเกณฑ์เบื้องต้น,0.5666709326923077
bacon roasted,43,3.3,1.1,0.1,0.0,3.0,0.0,8.8,0.034,0.0017,2.9333333333333336,5.500000000000001,5.076923076923077,0.0333333333333333,0.0,0.0,Low,0,ยังไม่พบตัวชี้วัดที่เกินเกณฑ์เบื้องต้น,0.5666484221611722
beef breakfast strips cooked,51,3.9,1.6,0.2,0.0,3.5,0.0,13.4,0.3,0.015,4.466666666666667,8.0,6.0,0.0666666666666666,0.0,0.0,Low,0,ยังไม่พบตัวชี้วัดที่เกินเกณฑ์เบื้องต้น,0.5666136904761905
vegetable salad with cheese egg,68,3.9,2.0,3.2,0.0,5.8,0.0,65.1,0.044,0.0022,21.699999999999996,10.0,6.0,1.0666666666666669,0.0,0.0,Low,0,โคเลสเตอรอลค่อนข้างสูง,0.5663406428571429
cream of chicken soup,227,14.5,4.3,18.0,1.4,6.0,0.0,20.2,1.8,0.09,6.7333333333333325,21.5,22.30769230769231,6.0,0.0,13.999999999999998,Low,0,ยังไม่พบตัวชี้วัดที่เกินเกณฑ์เบื้องต้น,0.5662059523809525
peanut butter cookies,95,4.8,0.9,11.8,0.0,1.8,0.0,6.2,0.1,0.005,2.0666666666666664,4.5,7.384615384615384,3.933333333333334,0.0,0.0,Low,0,ยังไม่พบตัวชี้วัดที่เกินเกณฑ์เบื้องต้น,0.5661969322344322
broccoli raab raw,9,0.2,0.047,1.1,0.2,1.3,1.1,0.0,0.04,0.002,0.0,0.235,0.3076923076923077,0.3666666666666667,4.4,2.0,Low,0,ยังไม่พบตัวชี้วัดที่เกินเกณฑ์เบื้องต้น,0.5660701648351649
pesca,30,0.1,6.1,0.0,0.0,0.0,0.0,0.0,0.0,0.0,0.0,30.5,0.1538461538461538,0.0,0.0,0.0,Low,0,ไขมันอิ่มตัวค่อนข้างสูง,0.5659890109890111
chicken fajita strips,13,0.5,0.2,0.2,0.0,1.7,0.0,8.3,0.044,0.0022,2.766666666666667,1.0,0.7692307692307693,0.0666666666666666,0.0,0.0,Low,0,ยังไม่พบตัวชี้วัดที่เกินเกณฑ์เบื้องต้น,0.565976173992674
goose meat cooked,427,30.7,9.6,0.0,0.0,35.2,0.0,127.4,0.089,0.00445,42.46666666666667,48.0,47.23076923076923,0.0,0.0,0.0,Low,0,โคเลสเตอรอลค่อนข้างสูง | ไขมันอิ่มตัวค่อนข้างสูง,0.5659666250000001
mustard greens raw,15,0.2,0.072,2.6,0.7,1.6,1.8,0.0,0.004,0.0001999999999999,0.0,0.36,0.3076923076923077,0.8666666666666666,7.200000000000001,6.999999999999999,Low,0,ยังไม่พบตัวชี้วัดที่เกินเกณฑ์เบื้องต้น,0.5657622362637365
eel raw,375,23.8,4.8,0.0,0.0,37.6,0.0,257.0,0.1,0.005,85.66666666666667,24.0,36.61538461538461,0.0,0.0,0.0,Low,0,โคเลสเตอรอลค่อนข้างสูง,0.5656767857142857
chicken mcnuggets mcdonalds,48,3.2,0.5,2.4,0.025,2.5,0.0,7.0,0.009,0.0004499999999999,2.3333333333333335,2.5,4.923076923076923,0.8,0.0,0.25,Low,0,ยังไม่พบตัวชี้วัดที่เกินเกณฑ์เบื้องต้น,0.5655437861721612
collard raw,12,0.2,0.026,2.0,0.2,1.1,1.4,0.0,0.014,0.0007,0.0,0.13,0.3076923076923077,0.6666666666666667,5.6,2.0,Low,0,ยังไม่พบตัวชี้วัดที่เกินเกณฑ์เบื้องต้น,0.5652942005494506
tapioca pearls,544,0.093,0.075,134.8,5.1,0.3,1.4,0.0,0.077,0.00385,0.0,0.375,0.143076923076923,44.93333333333334,5.6,51.0,Low,0,ยังไม่พบตัวชี้วัดที่เกินเกณฑ์เบื้องต้น,0.5652909052197803
squid raw,26,0.4,0.1,0.9,0.0,4.4,0.0,65.9,0.09,0.0045,21.96666666666667,0.5,0.6153846153846154,0.3,0.0,0.0,Low,0,โคเลสเตอรอลค่อนข้างสูง,0.5652080082417583
turkey heart cooked,35,1.5,0.4,0.0,0.0,5.0,0.0,71.8,0.046,0.0023,23.93333333333333,2.0,2.307692307692308,0.0,0.0,0.0,Low,0,โคเลสเตอรอลค่อนข้างสูง,0.5651750576923078
safflower seed kernels dried,146,10.9,1.0,9.7,0.0,4.6,0.0,0.0,0.042,0.0021,0.0,5.0,16.76923076923077,3.2333333333333334,0.0,0.0,Low,0,ยังไม่พบตัวชี้วัดที่เกินเกณฑ์เบื้องต้น,0.5651435906593407
radish seeds sprouted,16,1.0,0.3,1.4,0.0,1.4,0.0,0.0,0.067,0.00335,0.0,1.5,1.5384615384615383,0.4666666666666666,0.0,0.0,Low,0,ยังไม่พบตัวชี้วัดที่เกินเกณฑ์เบื้องต้น,0.5650792706043957
onion snacks,150,6.8,1.3,19.5,1.4,2.3,1.2,0.0,0.3,0.015,0.0,6.5,10.461538461538462,6.5,4.8,13.999999999999998,Low,0,ยังไม่พบตัวชี้วัดที่เกินเกณฑ์เบื้องต้น,0.5648902472527474
sports drink,26,0.0,0.0,7.2,0.0,0.0,0.0,0.0,0.073,0.00365,0.0,0.0,0.0,2.4,0.0,0.0,Low,0,ยังไม่พบตัวชี้วัดที่เกินเกณฑ์เบื้องต้น,0.5648297678571429
pork bologna,69,5.6,1.9,0.2,0.0,4.3,0.0,16.5,0.3,0.015,5.5,9.5,8.615384615384615,0.0666666666666666,0.0,0.0,Low,0,ยังไม่พบตัวชี้วัดที่เกินเกณฑ์เบื้องต้น,0.5647006868131869
chowchow pickles,296,2.2,0.4,65.3,58.5,3.7,3.7,0.0,1.3,0.065,0.0,2.0,3.384615384615385,21.766666666666666,14.800000000000002,585.0,Medium,1,น้ำตาลถึงหรือเกิน 10 กรัมต่อมื้อ,0.5645207417582417
daiquiri,112,0.036,0.063,4.2,3.3,0.035,0.001,0.0,0.008,0.0003999999999999,0.0,0.315,0.0553846153846153,1.4,0.004,32.99999999999999,Low,0,ยังไม่พบตัวชี้วัดที่เกินเกณฑ์เบื้องต้น,0.5645191153846154
corn cones,144,7.6,6.4,17.8,0.0,1.6,0.3,0.0,0.3,0.015,0.0,32.0,11.692307692307692,5.933333333333334,1.2,0.0,Low,0,ไขมันอิ่มตัวค่อนข้างสูง,0.5644809065934067
bacon beef steak,146,12.5,4.5,0.2,0.2,8.2,0.0,28.9,0.4,0.02,9.633333333333333,22.5,19.230769230769234,0.0666666666666666,0.0,2.0,Low,0,ยังไม่พบตัวชี้วัดที่เกินเกณฑ์เบื้องต้น,0.5644644688644689
corned beef cooked,53,4.0,1.3,0.006,0.0,3.8,0.0,20.6,0.2,0.01,6.866666666666667,6.5,6.153846153846154,0.002,0.0,0.0,Low,0,ยังไม่พบตัวชี้วัดที่เกินเกณฑ์เบื้องต้น,0.5643902014652016
taro shoots raw,9,0.069,0.016,2.0,0.0,0.8,0.0,0.0,0.056,0.0028,0.0,0.08,0.1061538461538461,0.6666666666666667,0.0,0.0,Low,0,ยังไม่พบตัวชี้วัดที่เกินเกณฑ์เบื้องต้น,0.5643257032967034
scrambled eggs mcdonalds,98,7.5,2.1,0.9,0.1,7.7,0.0,217.8,0.04,0.002,72.60000000000001,10.500000000000002,11.538461538461538,0.3,0.0,1.0,Low,0,โคเลสเตอรอลค่อนข้างสูง,0.5641965384615385
rice bowl with chicken,36,0.4,0.01,6.4,1.2,1.6,0.2,4.5,0.064,0.0031999999999999,1.5,0.05,0.6153846153846154,2.1333333333333337,0.8,12.0,Low,0,ยังไม่พบตัวชี้วัดที่เกินเกณฑ์เบื้องต้น,0.564182043956044
purslane raw,9,0.2,0.0,1.5,0.0,0.9,0.0,0.0,0.066,0.0033,0.0,0.0,0.3076923076923077,0.5,0.0,0.0,Low,0,ยังไม่พบตัวชี้วัดที่เกินเกณฑ์เบื้องต้น,0.5640604148351649
tofu fried,35,2.6,0.4,1.2,0.4,2.4,0.5,0.0,0.021,0.00105,0.0,2.0,4.0,0.4,2.0,4.0,Low,0,ยังไม่พบตัวชี้วัดที่เกินเกณฑ์เบื้องต้น,0.5639921250000001
dandelion greens cooked,35,0.6,0.0,6.7,1.7,2.1,3.0,0.0,0.3,0.015,0.0,0.0,0.923076923076923,2.2333333333333334,12.0,17.0,Low,0,ยังไม่พบตัวชี้วัดที่เกินเกณฑ์เบื้องต้น,0.5637144230769231
bacon baked,44,3.5,1.1,0.1,0.0,2.9,0.0,8.7,0.2,0.01,2.9,5.500000000000001,5.384615384615385,0.0333333333333333,0.0,0.0,Low,0,ยังไม่พบตัวชี้วัดที่เกินเกณฑ์เบื้องต้น,0.5636832417582417
pork breakfast strips cooked,52,4.1,1.4,0.1,0.0,3.3,0.0,11.9,0.2,0.01,3.966666666666667,6.999999999999999,6.3076923076923075,0.0333333333333333,0.0,0.0,Low,0,ยังไม่พบตัวชี้วัดที่เกินเกณฑ์เบื้องต้น,0.5636649267399269
crispy chicken strips tyson,145,6.0,7.7,0.0,0.0,0.0,0.0,0.0,0.0,0.0,0.0,38.5,9.230769230769232,0.0,0.0,0.0,Low,0,ไขมันอิ่มตัวค่อนข้างสูง,0.5636263736263737
dill seeds,20,1.0,0.018,3.6,0.0,1.1,1.4,0.0,0.037,0.0018499999999999,0.0,0.09,1.5384615384615383,1.2,5.6,0.0,Low,0,ยังไม่พบตัวชี้วัดที่เกินเกณฑ์เบื้องต้น,0.56362623489011
durian,51,1.9,0.0,9.5,0.0,0.5,1.3,0.0,0.079,0.0039499999999999,0.0,0.0,2.923076923076923,3.166666666666667,5.2,0.0,Low,0,ยังไม่พบตัวชี้วัดที่เกินเกณฑ์เบื้องต้น,0.5634401552197803
chocolate milk dessert,229,1.4,0.8,51.6,51.6,5.9,0.0,0.0,0.1,0.005,0.0,4.0,2.1538461538461537,17.200000000000003,0.0,516.0,Medium,1,น้ำตาลถึงหรือเกิน 10 กรัมต่อมื้อ,0.5634157967032968
arrowhead,12,0.084,0.0,2.4,0.0,0.6,0.0,0.0,0.082,0.0041,0.0,0.0,0.1292307692307692,0.8,0.0,0.0,Low,0,ยังไม่พบตัวชี้วัดที่เกินเกณฑ์เบื้องต้น,0.5633571620879121
prairie turnips raw,20,0.029,0.0,4.5,0.1,0.3,1.0,0.0,0.059,0.00295,0.0,0.0,0.0446153846153846,1.5,4.0,1.0,Low,0,ยังไม่พบตัวชี้วัดที่เกินเกณฑ์เบื้องต้น,0.5633218310439562
chicken broth,12,0.5,0.008,1.0,0.0,1.0,0.0,0.0,0.9,0.045,0.0,0.04,0.7692307692307693,0.3333333333333333,0.0,0.0,Low,0,ยังไม่พบตัวชี้วัดที่เกินเกณฑ์เบื้องต้น,0.5632504120879122
sweet cheese rolls,238,12.1,4.0,28.8,0.0,4.7,0.8,50.2,0.2,0.01,16.733333333333334,20.0,18.615384615384613,9.6,3.2,0.0,Low,0,ยังไม่พบตัวชี้วัดที่เกินเกณฑ์เบื้องต้น,0.5632262820512821
eisbonbons mac iver,23,0.0,0.0,0.0,0.0,0.0,0.0,0.0,0.0,0.0,0.0,0.0,0.0,0.0,0.0,0.0,Low,0,ยังไม่พบตัวชี้วัดที่เกินเกณฑ์เบื้องต้น,0.5631428571428573
filinchen gutena,19,0.2,0.056,0.5,0.028,0.4,0.0,0.0,0.0,0.0,0.0,0.2799999999999999,0.3076923076923077,0.1666666666666666,0.0,0.2799999999999999,Low,0,ยังไม่พบตัวชี้วัดที่เกินเกณฑ์เบื้องต้น,0.5631294505494506
almonds roasted,182,16.6,1.3,5.3,1.4,6.4,3.2,0.0,0.029,0.00145,0.0,6.5,25.538461538461544,1.7666666666666668,12.8,13.999999999999998,Low,0,ยังไม่พบตัวชี้วัดที่เกินเกณฑ์เบื้องต้น,0.5629891250000001
caesar salad mcdonalds,94,4.4,2.5,9.1,4.4,6.8,3.4,10.7,0.2,0.01,3.5666666666666664,12.5,6.76923076923077,3.033333333333333,13.6,44.00000000000001,Low,0,ยังไม่พบตัวชี้วัดที่เกินเกณฑ์เบื้องต้น,0.5629533882783884
yachtwurst cooked,150,12.7,4.4,0.8,0.0,8.3,0.0,35.8,0.5,0.025,11.933333333333332,22.000000000000004,19.538461538461537,0.2666666666666667,0.0,0.0,Low,0,ยังไม่พบตัวชี้วัดที่เกินเกณฑ์เบื้องต้น,0.5629049908424909
brown gravy dry,22,0.6,0.2,3.6,0.0,0.6,0.1,0.2,0.3,0.015,0.0666666666666666,1.0,0.923076923076923,1.2,0.4,0.0,Low,0,ยังไม่พบตัวชี้วัดที่เกินเกณฑ์เบื้องต้น,0.5628691849816849
hearts of palm,9,0.2,0.056,1.5,0.0,0.8,0.8,0.0,0.1,0.005,0.0,0.2799999999999999,0.3076923076923077,0.5,3.2,0.0,Low,0,ยังไม่พบตัวชี้วัดที่เกินเกณฑ์เบื้องต้น,0.5627976648351649
mushrooms raw,15,0.2,0.052,2.3,1.4,2.2,0.7,0.0,0.053,0.00265,0.0,0.26,0.3076923076923077,0.7666666666666666,2.8,13.999999999999998,Low,0,ยังไม่พบตัวชี้วัดที่เกินเกณฑ์เบื้องต้น,0.5627438612637363
poached egg,72,4.7,1.6,0.4,0.2,6.3,0.0,185.0,0.1,0.005,61.66666666666667,8.0,7.230769230769231,0.1333333333333333,0.0,2.0,Low,0,โคเลสเตอรอลค่อนข้างสูง,0.5626245879120879
energy drink sugar free red bull,13,0.2,0.0,1.8,0.0,0.6,0.0,0.0,0.008,0.0003999999999999,0.0,0.0,0.3076923076923077,0.6,0.0,0.0,Low,0,ยังไม่พบตัวชี้วัดที่เกินเกณฑ์เบื้องต้น,0.5626178791208791
cheddar cheese,113,9.3,5.3,0.9,0.1,6.4,0.0,27.7,0.2,0.01,9.233333333333334,26.5,14.30769230769231,0.3,0.0,1.0,Low,0,ยังไม่พบตัวชี้วัดที่เกินเกณฑ์เบื้องต้น,0.562605402930403
spinach raw,7,0.1,0.024,1.1,0.1,0.9,0.7,0.0,0.036,0.0017999999999999,0.0,0.12,0.1538461538461538,0.3666666666666667,2.8,1.0,Low,0,ยังไม่พบตัวชี้วัดที่เกินเกณฑ์เบื้องต้น,0.5625826538461539
original chicken sandwich chick fil a,125,5.1,11.6,0.0,0.0,0.0,0.0,0.0,0.0,0.0,0.0,57.99999999999999,7.846153846153846,0.0,0.0,0.0,Low,0,ไขมันอิ่มตัวค่อนข้างสูง,0.5625824175824177
premium grilled chicken classic sandwich mcdonalds,366,8.6,1.7,44.6,10.0,28.3,2.8,68.0,0.8,0.04,22.666666666666664,8.5,13.23076923076923,14.866666666666667,11.2,100.0,Medium,1,โคเลสเตอรอลค่อนข้างสูง | น้ำตาลถึงหรือเกิน 10 กรัมต่อมื้อ,0.5625763736263737
chow mein stir fry master foods,26,0.2,5.5,0.0,0.0,0.0,0.0,0.0,0.0,0.0,0.0,27.500000000000004,0.3076923076923077,0.0,0.0,0.0,Low,0,ยังไม่พบตัวชี้วัดที่เกินเกณฑ์เบื้องต้น,0.5625494505494506
egg boiled,93,6.4,2.0,0.7,0.7,7.5,0.0,223.8,0.042,0.0021,74.6,10.0,9.846153846153848,0.2333333333333333,0.0,6.999999999999999,Low,0,โคเลสเตอรอลค่อนข้างสูง,0.5625309532967033
corn cooked,99,1.5,0.2,21.6,4.7,3.5,2.5,0.0,0.039,0.00195,0.0,1.0,2.307692307692308,7.200000000000001,10.0,47.0,Low,0,ยังไม่พบตัวชี้วัดที่เกินเกณฑ์เบื้องต้น,0.5624991112637363
waxgourd raw,17,0.3,0.036,4.0,0.0,0.5,3.8,0.0,0.1,0.005,0.0,0.18,0.4615384615384615,1.3333333333333337,15.2,0.0,Low,0,ยังไม่พบตัวชี้วัดที่เกินเกณฑ์เบื้องต้น,0.5624652472527474
limburger cheese,98,8.2,5.0,0.1,0.1,6.0,0.0,27.0,0.2,0.01,9.0,25.0,12.615384615384617,0.0333333333333333,0.0,1.0,Low,0,ยังไม่พบตัวชี้วัดที่เกินเกณฑ์เบื้องต้น,0.5623096153846153
brie cheese,100,8.3,5.2,0.1,0.1,6.2,0.0,30.0,0.2,0.01,10.0,26.0,12.769230769230772,0.0333333333333333,0.0,1.0,Low,0,ยังไม่พบตัวชี้วัดที่เกินเกณฑ์เบื้องต้น,0.5622986263736264
pasilla peppers dried,24,1.1,0.0,3.6,0.0,0.9,1.9,0.0,0.063,0.00315,0.0,0.0,1.6923076923076923,1.2,7.6,0.0,Low,0,ยังไม่พบตัวชี้วัดที่เกินเกณฑ์เบื้องต้น,0.5622483530219781
ham cheese roll,67,5.2,2.0,1.1,0.0,3.8,0.0,16.2,0.3,0.015,5.4,10.0,8.0,0.3666666666666667,0.0,0.0,Low,0,ยังไม่พบตัวชี้วัดที่เกินเกณฑ์เบื้องต้น,0.5621732142857143
anchovy canned in oil,8,0.4,0.001,0.0,0.0,1.2,0.0,3.4,0.1,0.005,1.1333333333333333,0.005,0.6153846153846154,0.0,0.0,0.0,Low,0,ยังไม่พบตัวชี้วัดที่เกินเกณฑ์เบื้องต้น,0.5620852106227107
veal lungs cooked,312,7.9,2.7,0.0,0.0,56.2,0.0,789.0,0.2,0.01,263.0,13.5,12.153846153846152,0.0,0.0,0.0,Medium,1,โคเลสเตอรอลค่อนข้างสูง,0.5620568681318682
nopales cooked,22,0.003,0.064,4.9,1.7,2.0,3.0,0.0,0.087,0.00435,0.0,0.32,0.0046153846153846,1.6333333333333335,12.0,17.0,Low,0,ยังไม่พบตัวชี้วัดที่เกินเกณฑ์เบื้องต้น,0.5620041881868133
vivaldi potatoes sainsburys,23,0.1,5.0,0.0,0.0,0.0,0.0,0.0,0.0,0.0,0.0,25.0,0.1538461538461538,0.0,0.0,0.0,Low,0,ยังไม่พบตัวชี้วัดที่เกินเกณฑ์เบื้องต้น,0.5619890109890111
turnip greens raw,18,0.2,0.009,3.9,0.4,0.8,1.8,0.0,0.012,0.0006,0.0,0.045,0.3076923076923077,1.3,7.200000000000001,4.0,Low,0,ยังไม่พบตัวชี้วัดที่เกินเกณฑ์เบื้องต้น,0.5619735219780221
minced ham,55,4.3,1.5,0.4,0.0,3.4,0.0,14.7,0.3,0.015,4.8999999999999995,7.5,6.615384615384615,0.1333333333333333,0.0,0.0,Low,0,ยังไม่พบตัวชี้วัดที่เกินเกณฑ์เบื้องต้น,0.5619506868131869
leeks dried,10,0.026,0.08,2.4,0.0,0.5,0.3,0.0,0.077,0.00385,0.0,0.4,0.0399999999999999,0.8,1.2,0.0,Low,0,ยังไม่พบตัวชี้วัดที่เกินเกณฑ์เบื้องต้น,0.5616354107142858
radicchio,15,0.2,0.031,2.9,0.4,0.9,0.6,0.0,0.033,0.00165,0.0,0.155,0.3076923076923077,0.9666666666666668,2.4,4.0,Low,0,ยังไม่พบตัวชี้วัดที่เกินเกณฑ์เบื้องต้น,0.5615013612637363
cured beef dried,4,0.019,0.086,0.06,0.006,0.9,0.0,2.2,0.049,0.00245,0.7333333333333334,0.43,0.0292307692307692,0.0199999999999999,0.0,0.06,Low,0,ยังไม่พบตัวชี้วัดที่เกินเกณฑ์เบื้องต้น,0.5613747751831502
oyster fried,61,3.0,0.8,6.7,0.0,2.1,0.0,18.1,0.1,0.005,6.033333333333333,4.0,4.615384615384616,2.2333333333333334,0.0,0.0,Low,0,ยังไม่พบตัวชี้วัดที่เกินเกณฑ์เบื้องต้น,0.561370924908425
honey cereali general mills,104,2.0,21.2,3.0,0.0,0.0,0.0,0.0,0.0,0.0,0.0,106.0,3.076923076923077,1.0,0.0,0.0,Medium,1,ไขมันอิ่มตัวค่อนข้างสูง,0.5613516483516484
amaranth leaves,6,0.075,0.072,1.1,0.0,0.7,0.0,0.0,0.071,0.0035499999999999,0.0,0.36,0.1153846153846153,0.3666666666666667,0.0,0.0,Low,0,ยังไม่พบตัวชี้วัดที่เกินเกณฑ์เบื้องต้น,0.5612865618131868
chicken broth dry,10,0.2,0.055,1.1,0.0,0.7,0.0,0.6,1.2,0.06,0.2,0.2749999999999999,0.3076923076923077,0.3666666666666667,0.0,0.0,Low,0,ยังไม่พบตัวชี้วัดที่เกินเกณฑ์เบื้องต้น,0.5612065934065934
cocoa powder unsweetened,12,0.7,0.4,3.1,0.087,1.1,1.8,0.0,0.062,0.0031,0.0,2.0,1.0769230769230769,1.0333333333333332,7.200000000000001,0.8699999999999999,Low,0,ยังไม่พบตัวชี้วัดที่เกินเกณฑ์เบื้องต้น,0.5612019697802199
ham and cheese spread,37,2.8,1.3,0.3,0.0,2.4,0.0,9.2,0.2,0.01,3.0666666666666664,6.5,4.3076923076923075,0.1,0.0,0.0,Low,0,ยังไม่พบตัวชี้วัดที่เกินเกณฑ์เบื้องต้น,0.5610934981684982
roggenmischbrot sonnenblumenkerne aldi,82,3.1,9.9,0.0,0.0,0.0,0.0,0.0,0.0,0.0,0.0,49.5,4.769230769230769,0.0,0.0,0.0,Low,0,ไขมันอิ่มตัวค่อนข้างสูง,0.5610879120879122
pasta with meatballs in tomato sauce,273,13.0,5.0,28.3,7.2,10.6,6.9,23.0,0.7,0.0349999999999999,7.666666666666666,25.0,20.0,9.433333333333334,27.6,72.0,Low,0,ยังไม่พบตัวชี้วัดที่เกินเกณฑ์เบื้องต้น,0.5610708333333334
ground lamb raw,80,6.6,2.9,0.0,0.0,4.7,0.0,20.7,0.05,0.0025,6.8999999999999995,14.499999999999998,10.153846153846152,0.0,0.0,0.0,Low,0,ยังไม่พบตัวชี้วัดที่เกินเกณฑ์เบื้องต้น,0.5610416895604395
witloof chicory,9,0.031,0.076,2.1,0.0,0.5,1.6,0.0,0.022,0.0011,0.0,0.38,0.0476923076923076,0.7000000000000001,6.4,0.0,Low,0,ยังไม่พบตัวชี้วัดที่เกินเกณฑ์เบื้องต้น,0.5610269148351649
pink salmon cooked,349,12.0,2.2,0.0,0.0,56.0,0.0,125.4,0.2,0.01,41.8,11.000000000000002,18.461538461538463,0.0,0.0,0.0,Low,0,โคเลสเตอรอลค่อนข้างสูง,0.560892032967033
clams fried,19,1.0,0.3,1.0,0.0,1.3,0.0,5.7,0.068,0.0034,1.9,1.5,1.5384615384615383,0.3333333333333333,0.0,0.0,Low,0,ยังไม่พบตัวชี้วัดที่เกินเกณฑ์เบื้องต้น,0.5607931813186814
watercress,4,0.006,0.071,0.4,0.099,0.8,0.2,0.0,0.038,0.0019,0.0,0.355,0.0092307692307692,0.1333333333333333,0.8,0.99,Low,0,ยังไม่พบตัวชี้วัดที่เกินเกณฑ์เบื้องต้น,0.5607172335164836
baked taco shell,61,2.7,0.8,8.3,0.2,0.8,0.9,0.0,0.004,0.0001999999999999,0.0,4.0,4.153846153846154,2.766666666666667,3.6000000000000005,2.0,Low,0,ยังไม่พบตัวชี้วัดที่เกินเกณฑ์เบื้องต้น,0.5607017967032968
beet greens raw,8,0.078,0.026,1.6,0.2,0.8,1.4,0.0,0.013,0.00065,0.0,0.13,0.12,0.5333333333333334,5.6,2.0,Low,0,ยังไม่พบตัวชี้วัดที่เกินเกณฑ์เบื้องต้น,0.5606665535714287
beef tongue cooked,80,6.3,2.3,0.0,0.0,5.5,0.0,37.4,0.029,0.00145,12.466666666666669,11.5,9.692307692307692,0.0,0.0,0.0,Low,0,ยังไม่พบตัวชี้วัดที่เกินเกณฑ์เบื้องต้น,0.5605944363553114
garlic powder,10,0.029,0.003,2.3,0.068,0.5,0.3,0.0,0.082,0.0041,0.0,0.015,0.0446153846153846,0.7666666666666666,1.2,0.68,Low,0,ยังไม่พบตัวชี้วัดที่เกินเกณฑ์เบื้องต้น,0.5605789203296704
new zealand spinach raw,8,0.1,0.077,1.4,0.2,0.8,0.8,0.0,0.017,0.00085,0.0,0.385,0.1538461538461538,0.4666666666666666,3.2,2.0,Low,0,ยังไม่พบตัวชี้วัดที่เกินเกณฑ์เบื้องต้น,0.5604112074175825
vanilla bluberry bar kind,49,1.4,8.4,0.9,0.096,0.0,0.0,0.0,0.0,0.0,0.0,42.00000000000001,2.1538461538461537,0.3,0.0,0.96,Low,0,ไขมันอิ่มตัวค่อนข้างสูง,0.5604061538461539
pink lady apple,18,0.1,0.0,3.9,0.0,0.1,0.0,0.0,0.0,0.0,0.0,0.0,0.1538461538461538,1.3,0.0,0.0,Low,0,ยังไม่พบตัวชี้วัดที่เกินเกณฑ์เบื้องต้น,0.5603818681318683
romano cheese,19,1.3,0.9,0.2,0.088,1.6,0.0,5.2,0.008,0.0003999999999999,1.7333333333333332,4.5,2.0,0.0666666666666666,0.0,0.8799999999999999,Low,0,ยังไม่พบตัวชี้วัดที่เกินเกณฑ์เบื้องต้น,0.5602008095238096
taro leaves raw,12,0.2,0.013,1.9,0.8,1.4,1.0,0.0,0.083,0.00415,0.0,0.065,0.3076923076923077,0.6333333333333333,4.0,8.0,Low,0,ยังไม่พบตัวชี้วัดที่เกินเกณฑ์เบื้องต้น,0.5600183255494506
endive,9,0.1,0.022,1.7,0.1,0.6,1.6,0.0,0.08,0.004,0.0,0.1099999999999999,0.1538461538461538,0.5666666666666667,6.4,1.0,Low,0,ยังไม่พบตัวชี้วัดที่เกินเกณฑ์เบื้องต้น,0.559959010989011
nacho cheese tortilla chips,156,8.2,1.2,18.2,0.8,2.2,1.5,0.0,0.2,0.01,0.0,6.0,12.615384615384617,6.066666666666666,6.0,8.0,Low,0,ยังไม่พบตัวชี้วัดที่เกินเกณฑ์เบื้องต้น,0.5599524725274726
acorn flour,626,37.7,4.9,68.3,0.0,9.4,0.0,0.0,0.0,0.0,0.0,24.500000000000004,58.00000000000001,22.766666666666666,0.0,0.0,Low,0,ยังไม่พบตัวชี้วัดที่เกินเกณฑ์เบื้องต้น,0.5597857142857143
pumpkin squash seeds roasted,46,3.9,0.7,1.2,0.1,2.4,0.5,0.0,0.045,0.00225,0.0,3.4999999999999996,6.0,0.4,2.0,1.0,Low,0,ยังไม่พบตัวชี้วัดที่เกินเกณฑ์เบื้องต้น,0.5597688392857143
french toast with butter,178,9.4,3.9,18.0,0.0,5.2,0.0,58.1,0.3,0.015,19.366666666666667,19.5,14.461538461538462,6.0,0.0,0.0,Low,0,ยังไม่พบตัวชี้วัดที่เกินเกณฑ์เบื้องต้น,0.5597235805860806
corn tostada shell,58,2.9,0.9,7.9,0.0,0.8,0.7,0.0,0.084,0.0042,0.0,4.5,4.461538461538462,2.6333333333333333,2.8,0.0,Low,0,ยังไม่พบตัวชี้วัดที่เกินเกณฑ์เบื้องต้น,0.5596498186813187
celery seeds,25,1.6,0.1,2.7,0.078,1.2,0.8,0.0,0.068,0.0034,0.0,0.5,2.4615384615384617,0.9000000000000001,3.2,0.7799999999999999,Low,0,ยังไม่พบตัวชี้วัดที่เกินเกณฑ์เบื้องต้น,0.5596286758241759
burrito with beans beef,460,18.0,7.0,47.0,5.3,27.8,7.2,62.7,1.4,0.0699999999999999,20.9,35.0,27.692307692307693,15.666666666666668,28.800000000000004,53.0,Low,0,โคเลสเตอรอลค่อนข้างสูง | ไขมันอิ่มตัวค่อนข้างสูง,0.5596178571428572
pork beef salami cooked,41,3.2,1.1,0.3,0.1,2.7,0.0,10.9,0.2,0.01,3.6333333333333337,5.500000000000001,4.923076923076923,0.1,0.0,1.0,Low,0,ยังไม่พบตัวชี้วัดที่เกินเกณฑ์เบื้องต้น,0.5595971611721613
mustard cabbage,36,0.1,0.016,7.2,1.8,1.4,4.0,0.0,0.9,0.045,0.0,0.08,0.1538461538461538,2.4,16.0,18.0,Low,0,ยังไม่พบตัวชี้วัดที่เกินเกณฑ์เบื้องต้น,0.5595800824175825
poultry salad,26,1.8,0.4,1.0,0.0,1.5,0.0,3.9,0.079,0.0039499999999999,1.3,2.0,2.769230769230769,0.3333333333333333,0.0,0.0,Low,0,ยังไม่พบตัวชี้วัดที่เกินเกณฑ์เบื้องต้น,0.5595582870879121
shrimp cooked,7,0.092,0.023,0.013,0.0,1.3,0.0,11.6,0.012,0.0006,3.8666666666666663,0.1149999999999999,0.1415384615384615,0.0043333333333333,0.0,0.0,Low,0,ยังไม่พบตัวชี้วัดที่เกินเกณฑ์เบื้องต้น,0.5595172948717949
ham salad,97,7.0,2.3,4.8,0.0,3.9,0.0,16.7,0.5,0.025,5.566666666666666,11.5,10.76923076923077,1.6,0.0,0.0,Low,0,ยังไม่พบตัวชี้วัดที่เกินเกณฑ์เบื้องต้น,0.5593051739926741
tomato vegetable soup,54,0.8,0.4,9.9,2.4,1.9,0.7,0.0,0.3,0.015,0.0,2.0,1.2307692307692308,3.3000000000000003,2.8,24.0,Low,0,ยังไม่พบตัวชี้วัดที่เกินเกณฑ์เบื้องต้น,0.5592638736263736
pine nuts dried,909,92.3,6.6,17.7,4.8,18.5,5.0,0.0,0.086,0.0042999999999999,0.0,32.99999999999999,142.0,5.8999999999999995,20.0,48.0,Low,0,ไขมันอิ่มตัวค่อนข้างสูง,0.5592177500000001
parmesan cheese grated,21,1.4,0.8,0.7,0.075,1.4,0.0,4.3,0.043,0.0021499999999999,1.4333333333333331,4.0,2.1538461538461537,0.2333333333333333,0.0,0.75,Low,0,ยังไม่พบตัวชี้วัดที่เกินเกณฑ์เบื้องต้น,0.5586216955128206
shiitake mushrooms dried,11,0.061,0.014,2.7,0.046,0.3,0.4,0.0,0.086,0.0042999999999999,0.0,0.0699999999999999,0.0938461538461538,0.9000000000000001,1.6,0.4599999999999999,Low,0,ยังไม่พบตัวชี้วัดที่เกินเกณฑ์เบื้องต้น,0.5586096181318682
tomato ketchup mp,15,0.0,4.0,0.2,0.0,0.0,0.0,0.0,0.0,0.0,0.0,20.0,0.0,0.0666666666666666,0.0,0.0,Low,0,ยังไม่พบตัวชี้วัดที่เกินเกณฑ์เบื้องต้น,0.5585714285714286
acorn dried,144,8.9,1.2,15.2,0.0,2.3,0.0,0.0,0.0,0.0,0.0,6.0,13.692307692307692,5.066666666666666,0.0,0.0,Low,0,ยังไม่พบตัวชี้วัดที่เกินเกณฑ์เบื้องต้น,0.5583434065934066
butternut squash raw,90,0.2,0.044,23.4,4.4,2.0,4.0,0.0,0.067,0.00335,0.0,0.2199999999999999,0.3076923076923077,7.8,16.0,44.00000000000001,Low,0,ยังไม่พบตัวชี้วัดที่เกินเกณฑ์เบื้องต้น,0.5580957541208792
eastern oyster raw,8,0.2,0.0,0.8,0.0,0.7,0.0,3.5,0.021,0.00105,1.1666666666666667,0.0,0.3076923076923077,0.2666666666666667,0.0,0.0,Low,0,ยังไม่พบตัวชี้วัดที่เกินเกณฑ์เบื้องต้น,0.5580891945970697
beer budweiser,12,0.0,0.0,0.9,0.0,0.1,0.0,0.0,0.095,0.00475,0.0,0.0,0.0,0.3,0.0,0.0,Low,0,ยังไม่พบตัวชี้วัดที่เกินเกณฑ์เบื้องต้น,0.5580715178571429
curry powder,20,0.9,0.1,3.7,0.2,0.8,2.1,0.0,0.004,0.0001999999999999,0.0,0.5,1.3846153846153846,1.2333333333333334,8.4,2.0,Low,0,ยังไม่พบตัวชี้วัดที่เกินเกณฑ์เบื้องต้น,0.5580424560439562
poultry seasoning,14,0.3,0.1,2.9,0.1,0.4,0.5,0.0,0.063,0.00315,0.0,0.5,0.4615384615384615,0.9666666666666668,2.0,1.0,Low,0,ยังไม่พบตัวชี้วัดที่เกินเกณฑ์เบื้องต้น,0.5580148365384615
sweet potato raw,112,0.002,0.036,26.2,5.4,2.0,3.9,0.0,0.079,0.0039499999999999,0.0,0.18,0.003076923076923,8.733333333333333,15.6,54.0,Low,0,ยังไม่พบตัวชี้วัดที่เกินเกณฑ์เบื้องต้น,0.5579472980769231
eastern oyster cooked,8,0.2,0.073,0.7,0.0,0.7,0.0,3.7,0.038,0.0019,1.2333333333333334,0.3649999999999999,0.3076923076923077,0.2333333333333333,0.0,0.0,Low,0,ยังไม่พบตัวชี้วัดที่เกินเกณฑ์เบื้องต้น,0.5579161529304031
peas carrots canned,97,0.7,0.1,21.6,7.2,5.5,8.4,0.0,0.7,0.0349999999999999,0.0,0.5,1.0769230769230769,7.200000000000001,33.6,72.0,Low,0,ยังไม่พบตัวชี้วัดที่เกินเกณฑ์เบื้องต้น,0.5578391483516484
oyster stew soup,118,7.7,5.0,8.2,0.0,4.2,0.0,27.1,1.8,0.09,9.033333333333331,25.0,11.846153846153848,2.733333333333333,0.0,0.0,Low,0,ยังไม่พบตัวชี้วัดที่เกินเกณฑ์เบื้องต้น,0.5578240842490843
chervil dried,5,0.002,0.066,0.9,0.0,0.4,0.2,0.0,0.076,0.0038,0.0,0.33,0.003076923076923,0.3,0.8,0.0,Low,0,ยังไม่พบตัวชี้วัดที่เกินเกณฑ์เบื้องต้น,0.5578055659340659
turkey salami cooked,9,0.5,0.1,0.081,0.063,1.0,0.054,3.8,0.023,0.00115,1.2666666666666666,0.5,0.7692307692307693,0.027,0.216,0.63,Low,0,ยังไม่พบตัวชี้วัดที่เกินเกณฑ์เบื้องต้น,0.5577533347069598
donut,192,10.3,2.7,22.9,0.0,2.3,0.7,14.4,0.2,0.01,4.8,13.5,15.846153846153848,7.633333333333332,2.8,0.0,Low,0,ยังไม่พบตัวชี้วัดที่เกินเกณฑ์เบื้องต้น,0.557543131868132
pom potes materne,19,0.2,0.2,0.2,0.068,0.0,0.0,0.0,0.0,0.0,0.0,1.0,0.3076923076923077,0.0666666666666666,0.0,0.68,Low,0,ยังไม่พบตัวชี้วัดที่เกินเกณฑ์เบื้องต้น,0.5575294505494507
soya vanille joghurt alpro,21,0.6,0.1,1.0,0.09,0.3,0.0,0.0,0.0,0.0,0.0,0.5,0.923076923076923,0.3333333333333333,0.0,0.8999999999999999,Low,0,ยังไม่พบตัวชี้วัดที่เกินเกณฑ์เบื้องต้น,0.5574769230769232
quesadilla with chicken,529,27.5,11.1,43.3,3.4,27.1,3.1,66.6,1.3,0.065,22.199999999999996,55.49999999999999,42.30769230769231,14.433333333333332,12.4,34.0,Low,0,โคเลสเตอรอลค่อนข้างสูง | ไขมันอิ่มตัวค่อนข้างสูง,0.5574767857142857
heidelbeeren jutro,17,0.2,0.039,0.4,0.0,0.0,0.0,0.0,0.0,0.0,0.0,0.1949999999999999,0.3076923076923077,0.1333333333333333,0.0,0.0,Low,0,ยังไม่พบตัวชี้วัดที่เกินเกณฑ์เบื้องต้น,0.5574065934065935
butternut squash cooked,80,0.2,0.013,21.0,3.9,1.8,6.4,0.0,0.002,0.0001,0.0,0.065,0.3076923076923077,7.000000000000001,25.6,39.0,Low,0,ยังไม่พบตัวชี้วัดที่เกินเกณฑ์เบื้องต้น,0.5574058434065935
chicken gizzard cooked,223,3.9,1.0,0.0,0.0,44.1,0.0,536.5,0.069,0.00345,178.83333333333334,5.0,6.0,0.0,0.0,0.0,Medium,1,โคเลสเตอรอลค่อนข้างสูง,0.5574026964285714
mortadella,47,3.8,1.4,0.5,0.0,2.5,0.0,8.4,0.2,0.01,2.8000000000000003,6.999999999999999,5.846153846153846,0.1666666666666666,0.0,0.0,Low,0,ยังไม่พบตัวชี้วัดที่เกินเกณฑ์เบื้องต้น,0.557185989010989
orange juice sainsburys,14,0.088,2.5,0.0,0.0,0.0,0.0,0.0,0.0,0.0,0.0,12.5,0.1353846153846153,0.0,0.0,0.0,Low,0,ยังไม่พบตัวชี้วัดที่เกินเกณฑ์เบื้องต้น,0.5569846153846155
hushpuppies,512,20.5,3.2,69.9,3.1,11.7,4.3,68.4,1.0,0.05,22.8,16.0,31.538461538461537,23.3,17.2,31.0,Low,0,โคเลสเตอรอลค่อนข้างสูง,0.5568035714285715
saltine crackers,13,0.3,0.097,2.2,0.063,0.3,0.022,0.0,0.067,0.00335,0.0,0.485,0.4615384615384615,0.7333333333333334,0.088,0.63,Low,0,ยังไม่พบตัวชี้วัดที่เกินเกณฑ์เบื้องต้น,0.556746907967033
oyster sauce,9,0.066,0.016,2.0,0.0,0.2,0.024,0.0,0.5,0.025,0.0,0.08,0.1015384615384615,0.6666666666666667,0.096,0.0,Low,0,ยังไม่พบตัวชี้วัดที่เกินเกณฑ์เบื้องต้น,0.5566938186813187
white pepper,7,0.0,0.002,1.6,0.0,0.2,0.6,0.0,0.075,0.00375,0.0,0.01,0.0,0.5333333333333334,2.4,0.0,Low,0,ยังไม่พบตัวชี้วัดที่เกินเกณฑ์เบื้องต้น,0.5564718750000001
chum salmon raw,3,0.1,0.08,0.0,0.0,0.6,0.0,2.1,0.029,0.00145,0.7000000000000001,0.4,0.1538461538461538,0.0,0.0,0.0,Low,0,ยังไม่พบตัวชี้วัดที่เกินเกณฑ์เบื้องต้น,0.5562995645604396
pork salami,41,3.4,1.2,0.2,0.0,2.3,0.0,7.9,0.2,0.01,2.6333333333333333,6.0,5.230769230769231,0.0666666666666666,0.0,0.0,Low,0,ยังไม่พบตัวชี้วัดที่เกินเกณฑ์เบื้องต้น,0.556289468864469
cheese crackers,34,1.6,0.4,4.2,0.3,0.8,0.2,0.2,0.065,0.00325,0.0666666666666666,2.0,2.4615384615384617,1.4,0.8,3.0,Low,0,ยังไม่พบตัวชี้วัดที่เกินเกณฑ์เบื้องต้น,0.5562759913003663
tropical trail mix,619,23.9,11.9,91.8,0.0,8.8,0.0,0.0,0.1,0.005,0.0,59.5,36.76923076923077,30.6,0.0,0.0,Low,0,ไขมันอิ่มตัวค่อนข้างสูง,0.5562482142857144
chicory greens,7,0.096,0.078,1.4,0.2,0.5,1.2,0.0,0.017,0.00085,0.0,0.3899999999999999,0.1476923076923077,0.4666666666666666,4.8,2.0,Low,0,ยังไม่พบตัวชี้วัดที่เกินเกณฑ์เบื้องต้น,0.5561359326923078
nopales raw,14,0.063,0.018,2.9,1.0,1.1,1.9,0.0,0.076,0.0038,0.0,0.09,0.0969230769230769,0.9666666666666668,7.6,10.0,Low,0,ยังไม่พบตัวชี้วัดที่เกินเกณฑ์เบื้องต้น,0.555994576923077
beer light budweiser,9,0.0,0.0,0.4,0.0,0.066,0.0,0.0,0.016,0.0007999999999999,0.0,0.0,0.0,0.1333333333333333,0.0,0.0,Low,0,ยังไม่พบตัวชี้วัดที่เกินเกณฑ์เบื้องต้น,0.5559618571428572
vanilla wafers,28,1.2,0.3,4.3,0.0,0.3,0.1,0.0,0.045,0.00225,0.0,1.5,1.846153846153846,1.4333333333333331,0.4,0.0,Low,0,ยังไม่พบตัวชี้วัดที่เกินเกณฑ์เบื้องต้น,0.5558869711538462
chinese cabbage pak choi raw,9,0.1,0.013,1.5,0.8,1.1,0.7,0.0,0.087,0.00435,0.0,0.065,0.1538461538461538,0.5,2.8,8.0,Low,0,ยังไม่พบตัวชี้วัดที่เกินเกณฑ์เบื้องต้น,0.5557063859890111
oyster mushroom,5,0.035,0.016,0.9,0.2,0.5,0.3,0.0,0.098,0.0049,0.0,0.08,0.0538461538461538,0.3,1.2,2.0,Low,0,ยังไม่พบตัวชี้วัดที่เกินเกณฑ์เบื้องต้น,0.5556665467032967
acorn raw,110,6.8,0.9,11.5,0.0,1.7,0.0,0.0,0.0,0.0,0.0,4.5,10.461538461538462,3.833333333333333,0.0,0.0,Low,0,ยังไม่พบตัวชี้วัดที่เกินเกณฑ์เบื้องต้น,0.5556456043956045
pumpkin flowers raw,5,0.084,0.049,1.1,0.0,0.3,0.0,0.0,0.066,0.0033,0.0,0.245,0.1292307692307692,0.3666666666666667,0.0,0.0,Low,0,ยังไม่พบตัวชี้วัดที่เกินเกณฑ์เบื้องต้น,0.5556131620879121
anise seeds,7,0.3,0.06,1.1,0.0,0.4,0.3,0.0,0.1,0.005,0.0,0.3,0.4615384615384615,0.3666666666666667,1.2,0.0,Low,0,ยังไม่พบตัวชี้วัดที่เกินเกณฑ์เบื้องต้น,0.5555009615384616
shrimp raw,4,0.023,0.061,0.041,0.0,0.7,0.0,6.3,0.083,0.00415,2.0999999999999996,0.305,0.0353846153846153,0.0136666666666666,0.0,0.0,Low,0,ยังไม่พบตัวชี้วัดที่เกินเกณฑ์เบื้องต้น,0.5554892046703297
scrapple,60,3.9,1.3,4.0,0.063,2.3,0.052,13.9,0.1,0.005,4.633333333333334,6.5,6.0,1.3333333333333337,0.208,0.63,Low,0,ยังไม่พบตัวชี้วัดที่เกินเกณฑ์เบื้องต้น,0.555469880952381
loquats,9,0.071,0.085,2.4,0.0,0.09,0.3,0.0,0.053,0.00265,0.0,0.425,0.1092307692307692,0.8,1.2,0.0,Low,0,ยังไม่พบตัวชี้วัดที่เกินเกณฑ์เบื้องต้น,0.5554287513736265
egg drop soup,65,1.5,0.4,10.3,0.2,2.8,1.0,55.4,0.9,0.045,18.46666666666667,2.0,2.307692307692308,3.4333333333333336,4.0,2.0,Low,0,ยังไม่พบตัวชี้วัดที่เกินเกณฑ์เบื้องต้น,0.5553309981684983
dill weed fresh,4,0.063,0.064,0.6,0.0,0.3,0.2,0.0,0.017,0.00085,0.0,0.32,0.0969230769230769,0.2,0.8,0.0,Low,0,ยังไม่พบตัวชี้วัดที่เกินเกณฑ์เบื้องต้น,0.5553024162087913
cheese sauce,30,2.2,1.2,0.8,0.033,1.5,0.071,5.7,0.002,0.0001,1.9,6.0,3.384615384615385,0.2666666666666667,0.284,0.33,Low,0,ยังไม่พบตัวชี้วัดที่เกินเกณฑ์เบื้องต้น,0.5552624917582418
oat bran muffin,46,1.3,0.2,8.2,1.4,1.2,0.8,0.0,0.067,0.00335,0.0,1.0,2.0,2.733333333333333,3.2,13.999999999999998,Low,0,ยังไม่พบตัวชี้วัดที่เกินเกณฑ์เบื้องต้น,0.5552605892857143
brussels sprouts raw,8,0.077,0.072,1.7,0.4,0.6,0.7,0.0,0.049,0.00245,0.0,0.36,0.1184615384615384,0.5666666666666667,2.8,4.0,Low,0,ยังไม่พบตัวชี้วัดที่เกินเกณฑ์เบื้องต้น,0.5551645920329671
lemonade low calorie,7,0.0,0.0,1.6,0.0,0.092,0.0,0.0,0.013,0.00065,0.0,0.0,0.0,0.5333333333333334,0.0,0.0,Low,0,ยังไม่พบตัวชี้วัดที่เกินเกณฑ์เบื้องต้น,0.555145125
instant coffee powder decaffeinated,6,0.069,0.015,1.4,0.0,0.2,0.0,0.0,0.09,0.0045,0.0,0.075,0.1061538461538461,0.4666666666666666,0.0,0.0,Low,0,ยังไม่พบตัวชี้วัดที่เกินเกณฑ์เบื้องต้น,0.5550986675824177
biscotti abbracci mulino bianco,54,2.6,1.6,0.8,0.051,0.4,0.0,0.0,0.0,0.0,0.0,8.0,4.0,0.2666666666666667,0.0,0.5099999999999999,Low,0,ยังไม่พบตัวชี้วัดที่เกินเกณฑ์เบื้องต้น,0.5550921428571429
crayfish raw,3,0.048,0.01,0.0,0.0,0.6,0.0,4.3,0.024,0.0012,1.4333333333333331,0.05,0.0738461538461538,0.0,0.0,0.0,Low,0,ยังไม่พบตัวชี้วัดที่เกินเกณฑ์เบื้องต้น,0.5550681062271062
kale raw,7,0.3,0.057,0.9,0.2,0.6,0.9,0.0,0.045,0.00225,0.0,0.285,0.4615384615384615,0.3,3.6000000000000005,2.0,Low,0,ยังไม่พบตัวชี้วัดที่เกินเกณฑ์เบื้องต้น,0.5550215865384616
morel mushrooms,4,0.07,0.056,0.7,0.096,0.4,0.4,0.0,0.08,0.004,0.0,0.2799999999999999,0.1076923076923077,0.2333333333333333,1.6,0.96,Low,0,ยังไม่พบตัวชี้วัดที่เกินเกณฑ์เบื้องต้น,0.555008021978022
swiss chard raw,7,0.042,0.065,1.3,0.4,0.6,0.6,0.0,0.089,0.00445,0.0,0.325,0.0646153846153846,0.4333333333333333,2.4,4.0,Low,0,ยังไม่พบตัวชี้วัดที่เกินเกณฑ์เบื้องต้น,0.5549820096153847
turkey gravy instant,27,1.0,0.3,3.9,0.5,0.8,0.3,1.6,0.3,0.015,0.5333333333333334,1.5,1.5384615384615383,1.3,1.2,5.0,Low,0,ยังไม่พบตัวชี้วัดที่เกินเกณฑ์เบื้องต้น,0.5549442765567766
red lettuce,4,0.08,0.036,0.6,0.1,0.4,0.3,0.0,0.057,0.00285,0.0,0.18,0.123076923076923,0.2,1.2,1.0,Low,0,ยังไม่พบตัวชี้วัดที่เกินเกณฑ์เบื้องต้น,0.5548412623626373
instant coffee with water,4,0.0,0.051,0.6,0.0,0.2,0.0,0.0,0.015,0.0007499999999999,0.0,0.2549999999999999,0.0,0.2,0.0,0.0,Low,0,ยังไม่พบตัวชี้วัดที่เกินเกณฑ์เบื้องต้น,0.5547800892857143
cardamom,6,0.1,0.065,1.4,0.0,0.2,0.6,0.0,0.013,0.00065,0.0,0.325,0.1538461538461538,0.4666666666666666,2.4,0.0,Low,0,ยังไม่พบตัวชี้วัดที่เกินเกณฑ์เบื้องต้น,0.5547698502747254
instant coffee with water decaffeinated,4,0.0,0.024,0.8,0.0,0.2,0.0,0.0,0.093,0.00465,0.0,0.12,0.0,0.2666666666666667,0.0,0.0,Low,0,ยังไม่พบตัวชี้วัดที่เกินเกณฑ์เบื้องต้น,0.5547508392857143
black pepper,6,0.006,0.034,1.5,0.08,0.2,0.6,0.0,0.036,0.0017999999999999,0.0,0.17,0.0092307692307692,0.5,2.4,0.8,Low,0,ยังไม่พบตัวชี้วัดที่เกินเกณฑ์เบื้องต้น,0.5546458406593407
prickly pear cooked,7,0.043,0.0,1.6,0.0,0.091,0.0,0.0,0.0,0.0,0.0,0.0,0.0661538461538461,0.5333333333333334,0.0,0.0,Low,0,ยังไม่พบตัวชี้วัดที่เกินเกณฑ์เบื้องต้น,0.5546413461538463
cream of tartar,8,0.0,0.0,1.8,0.0,0.0,0.01,0.0,0.009,0.0004499999999999,0.0,0.0,0.0,0.6,0.04,0.0,Low,0,ยังไม่พบตัวชี้วัดที่เกินเกณฑ์เบื้องต้น,0.5545680535714287
bran flakes,131,0.8,0.2,32.2,7.4,4.0,7.3,0.0,0.2,0.01,0.0,1.0,1.2307692307692308,10.733333333333334,29.2,74.0,Low,0,ยังไม่พบตัวชี้วัดที่เกินเกณฑ์เบื้องต้น,0.5545513736263737
port salut cheese,465,37.2,22.0,0.8,0.8,31.4,0.0,162.4,0.7,0.0349999999999999,54.13333333333333,110.0,57.23076923076924,0.2666666666666667,0.0,8.0,Medium,1,โคเลสเตอรอลค่อนข้างสูง | ไขมันอิ่มตัวค่อนข้างสูง,0.5545232142857144
ginger ground,6,0.043,0.088,1.3,0.067,0.2,0.3,0.0,0.038,0.0019,0.0,0.4399999999999999,0.0661538461538461,0.4333333333333333,1.2,0.67,Low,0,ยังไม่พบตัวชี้วัดที่เกินเกณฑ์เบื้องต้น,0.5544131675824177
orange peel,6,0.017,0.046,1.5,0.0,0.093,0.6,0.0,0.023,0.00115,0.0,0.2299999999999999,0.0261538461538461,0.5,2.4,0.0,Low,0,ยังไม่พบตัวชี้วัดที่เกินเกณฑ์เบื้องต้น,0.5543862925824176
romanesco raw,20,0.2,0.038,3.9,1.9,1.9,2.0,0.0,0.025,0.00125,0.0,0.19,0.3076923076923077,1.3,8.0,19.0,Low,0,ยังไม่พบตัวชี้วัดที่เกินเกณฑ์เบื้องต้น,0.5543615041208791
fennel seeds,7,0.3,0.008,1.0,0.0,0.3,0.8,0.0,0.097,0.00485,0.0,0.04,0.4615384615384615,0.3333333333333333,3.2,0.0,Low,0,ยังไม่พบตัวชี้วัดที่เกินเกณฑ์เบื้องต้น,0.5542520865384616
cattail,5,0.0,0.0,1.0,0.074,0.2,0.9,0.0,0.031,0.00155,0.0,0.0,0.0,0.3333333333333333,3.6000000000000005,0.74,Low,0,ยังไม่พบตัวชี้วัดที่เกินเกณฑ์เบื้องต้น,0.5542355178571429
savoy cabbage raw,19,0.017,0.091,4.3,1.6,1.4,2.2,0.0,0.007,0.00035,0.0,0.455,0.0261538461538461,1.4333333333333331,8.8,16.0,Low,0,ยังไม่พบตัวชี้วัดที่เกินเกณฑ์เบื้องต้น,0.5541583640109891
soymilk,109,4.8,0.5,8.4,6.1,7.1,1.0,0.0,0.1,0.005,0.0,2.5,7.384615384615384,2.8000000000000003,4.0,61.0,Low,0,ยังไม่พบตัวชี้วัดที่เกินเกณฑ์เบื้องต้น,0.5541135989010989
coffee,2,0.069,0.011,0.0,0.0,0.3,0.0,0.0,0.075,0.00375,0.0,0.0549999999999999,0.1061538461538461,0.0,0.0,0.0,Low,0,ยังไม่พบตัวชี้วัดที่เกินเกณฑ์เบื้องต้น,0.5540685782967033
mushrooms cooked,44,0.7,0.05,8.3,3.7,3.4,3.4,0.0,0.011,0.00055,0.0,0.25,1.0769230769230769,2.766666666666667,13.6,37.0,Low,0,ยังไม่พบตัวชี้วัดที่เกินเกณฑ์เบื้องต้น,0.554061809065934
sandwich with tuna salad,584,28.0,5.3,55.4,0.0,29.7,0.0,48.6,1.3,0.065,16.2,26.5,43.07692307692308,18.46666666666667,0.0,0.0,Low,0,ยังไม่พบตัวชี้วัดที่เกินเกณฑ์เบื้องต้น,0.5540482142857143
lotus root cooked,6,0.056,0.029,1.4,0.0,0.1,0.3,0.0,0.0,0.0,0.0,0.145,0.0861538461538461,0.4666666666666666,1.2,0.0,Low,0,ยังไม่พบตัวชี้วัดที่เกินเกณฑ์เบื้องต้น,0.5540324175824177
french fries,13,0.4,0.01,2.2,0.088,0.2,0.2,0.0,0.056,0.0028,0.0,0.05,0.6153846153846154,0.7333333333333334,0.8,0.8799999999999999,Low,0,ยังไม่พบตัวชี้วัดที่เกินเกณฑ์เบื้องต้น,0.5539721868131868
turkey vegetable soup,72,3.0,0.9,8.6,2.6,3.1,0.5,2.4,0.9,0.045,0.8,4.5,4.615384615384616,2.8666666666666667,2.0,26.0,Low,0,ยังไม่พบตัวชี้วัดที่เกินเกณฑ์เบื้องต้น,0.5539399725274726
cottage fries,11,0.4,0.084,1.9,0.019,0.2,0.2,0.0,0.058,0.0029,0.0,0.42,0.6153846153846154,0.6333333333333333,0.8,0.19,Low,0,ยังไม่พบตัวชี้วัดที่เกินเกณฑ์เบื้องต้น,0.5538635796703297
baby zucchini,2,0.089,0.02,0.3,0.0,0.3,0.1,0.0,0.041,0.00205,0.0,0.1,0.1369230769230769,0.1,0.4,0.0,Low,0,ยังไม่พบตัวชี้วัดที่เกินเกณฑ์เบื้องต้น,0.5538505590659342
garlic,4,0.026,0.033,0.9,0.043,0.2,0.064,0.0,0.018,0.0008999999999999,0.0,0.165,0.0399999999999999,0.3,0.256,0.43,Low,0,ยังไม่พบตัวชี้วัดที่เกินเกณฑ์เบื้องต้น,0.5538339642857143
lamb loin raw,88,7.5,3.3,0.0,0.0,4.6,0.0,20.9,0.003,0.00015,6.966666666666667,16.499999999999996,11.538461538461538,0.0,0.0,0.0,Low,0,ยังไม่พบตัวชี้วัดที่เกินเกณฑ์เบื้องต้น,0.5538294610805861
water chestnut canned,70,0.015,0.05,17.2,3.4,1.2,3.5,0.0,0.011,0.00055,0.0,0.25,0.023076923076923,5.733333333333333,14.000000000000002,34.0,Low,0,ยังไม่พบตัวชี้วัดที่เกินเกณฑ์เบื้องต้น,0.5538227980769231
turmeric ground,8,0.2,0.093,1.4,0.062,0.2,0.5,0.0,0.064,0.0031999999999999,0.0,0.4649999999999999,0.3076923076923077,0.4666666666666666,2.0,0.62,Low,0,ยังไม่พบตัวชี้วัดที่เกินเกณฑ์เบื้องต้น,0.5538097362637364
zwieback,30,0.7,0.2,5.2,0.9,0.7,0.2,0.6,0.05,0.0025,0.2,1.0,1.0769230769230769,1.7333333333333332,0.8,9.0,Low,0,ยังไม่พบตัวชี้วัดที่เกินเกณฑ์เบื้องต้น,0.553797184065934
onion powder,8,0.024,0.068,1.9,0.2,0.2,0.4,0.0,0.048,0.0024,0.0,0.34,0.0369230769230769,0.6333333333333333,1.6,2.0,Low,0,ยังไม่พบตัวชี้วัดที่เกินเกณฑ์เบื้องต้น,0.5537765054945055
brussels sprouts cooked,8,0.1,0.099,1.5,0.4,0.5,0.5,0.0,0.051,0.00255,0.0,0.495,0.1538461538461538,0.5,2.0,4.0,Low,0,ยังไม่พบตัวชี้วัดที่เกินเกณฑ์เบื้องต้น,0.5536484574175825
yam bean jicama,49,0.1,0.061,11.5,2.3,0.9,6.4,0.0,0.047,0.0023499999999999,0.0,0.305,0.1538461538461538,3.833333333333333,25.6,23.0,Low,0,ยังไม่พบตัวชี้วัดที่เกินเกณฑ์เบื้องต้น,0.5535785288461539
coriander leaves raw,4,0.086,0.044,0.6,0.1,0.3,0.4,0.0,0.005,0.00025,0.0,0.2199999999999999,0.1323076923076923,0.2,1.6,1.0,Low,0,ยังไม่พบตัวชี้วัดที่เกินเกณฑ์เบื้องต้น,0.5535415315934067
fish sauce,6,0.013,0.08,0.7,0.7,0.9,0.0,0.0,1.4,0.0699999999999999,0.0,0.4,0.0199999999999999,0.2333333333333333,0.0,6.999999999999999,Low,0,ยังไม่พบตัวชี้วัดที่เกินเกณฑ์เบื้องต้น,0.5535035714285715
onion rings burger king,379,23.0,3.8,39.7,4.9,3.5,2.5,0.0,0.7,0.0349999999999999,0.0,19.0,35.38461538461539,13.233333333333333,10.0,49.00000000000001,Low,0,ยังไม่พบตัวชี้วัดที่เกินเกณฑ์เบื้องต้น,0.5534160714285715
eastern oyster fried,29,1.8,0.5,1.7,0.0,1.3,0.0,10.4,0.015,0.0007499999999999,3.4666666666666663,2.5,2.769230769230769,0.5666666666666667,0.0,0.0,Low,0,ยังไม่พบตัวชี้วัดที่เกินเกณฑ์เบื้องต้น,0.5533799061355312
ricotta cheese,30,2.0,1.3,1.5,0.091,1.5,0.0,9.8,0.017,0.00085,3.266666666666667,6.5,3.076923076923077,0.5,0.0,0.91,Low,0,ยังไม่พบตัวชี้วัดที่เกินเกณฑ์เบื้องต้น,0.5532778923992674
feta cheese,80,6.4,4.0,1.2,0.0,4.3,0.0,26.7,0.3,0.015,8.9,20.0,9.846153846153848,0.4,0.0,0.0,Low,0,ยังไม่พบตัวชี้วัดที่เกินเกณฑ์เบื้องต้น,0.5532556318681319
cinnamon ground,6,0.044,0.074,2.1,0.066,0.1,1.4,0.0,0.022,0.0011,0.0,0.37,0.0676923076923076,0.7000000000000001,5.6,0.66,Low,0,ยังไม่พบตัวชี้วัดที่เกินเกณฑ์เบื้องต้น,0.5531726291208792
spearmint fresh,3,0.089,0.049,0.5,0.0,0.2,0.4,0.0,0.092,0.0046,0.0,0.245,0.1369230769230769,0.1666666666666666,1.6,0.0,Low,0,ยังไม่พบตัวชี้วัดที่เกินเกณฑ์เบื้องต้น,0.5531528626373627
chaptti roti indian bread,491,2.5,2.5,0.089,68.4,7.0,0.0,0.0,0.0,0.0,0.0,12.5,3.8461538461538463,0.0296666666666666,0.0,684.0000000000001,Medium,1,น้ำตาลถึงหรือเกิน 10 กรัมต่อมื้อ,0.5530824175824176
marjoram dried,5,0.1,0.056,1.0,0.077,0.2,0.7,0.0,0.004,0.0001999999999999,0.0,0.2799999999999999,0.1538461538461538,0.3333333333333333,2.8,0.77,Low,0,ยังไม่พบตัวชี้วัดที่เกินเกณฑ์เบื้องต้น,0.5530467967032968
string beans wellsley farms,8,0.0,0.0,1.7,0.3,0.3,0.087,1.0,0.0,0.0,0.3333333333333333,0.0,0.0,0.5666666666666667,0.348,3.0,Low,0,ยังไม่พบตัวชี้วัดที่เกินเกณฑ์เบื้องต้น,0.5529880952380953
chicken mushroom soup,126,6.1,1.6,15.1,1.0,2.0,4.0,10.1,0.8,0.04,3.3666666666666663,8.0,9.384615384615383,5.033333333333333,16.0,10.0,Low,0,ยังไม่พบตัวชี้วัดที่เกินเกณฑ์เบื้องต้น,0.552898717948718
asparagus cooked,3,0.074,0.004,0.6,0.2,0.4,0.3,0.0,0.0,0.0,0.0,0.02,0.1138461538461538,0.2,1.2,2.0,Low,0,ยังไม่พบตัวชี้วัดที่เกินเกณฑ์เบื้องต้น,0.5528604395604396
savory ground,4,0.029,0.085,1.0,0.0,0.074,0.6,0.0,0.055,0.00275,0.0,0.425,0.0446153846153846,0.3333333333333333,2.4,0.0,Low,0,ยังไม่พบตัวชี้วัดที่เกินเกณฑ์เบื้องต้น,0.552855473901099
cumin seeds,8,0.5,0.096,0.9,0.063,0.4,0.2,0.0,0.073,0.00365,0.0,0.48,0.7692307692307693,0.3,0.8,0.63,Low,0,ยังไม่พบตัวชี้วัดที่เกินเกณฑ์เบื้องต้น,0.5528298228021978
amp energy sugar free pepsi,5,0.0,0.0,2.5,0.0,0.0,0.0,0.0,0.093,0.00465,0.0,0.0,0.0,0.8333333333333334,0.0,0.0,Low,0,ยังไม่พบตัวชี้วัดที่เกินเกณฑ์เบื้องต้น,0.552822267857143
tea with milk and sugar yorkshire,15,0.5,0.3,0.4,0.0,0.0,0.0,0.0,0.0,0.0,0.0,1.5,0.7692307692307693,0.1333333333333333,0.0,0.0,Low,0,ยังไม่พบตัวชี้วัดที่เกินเกณฑ์เบื้องต้น,0.5528021978021979
brown gravy instant,25,0.8,0.4,4.0,0.6,0.6,0.2,0.8,0.3,0.015,0.2666666666666667,2.0,1.2307692307692308,1.3333333333333337,0.8,6.0,Low,0,ยังไม่พบตัวชี้วัดที่เกินเกณฑ์เบื้องต้น,0.5527757783882784
chewing gum sugarless,5,0.013,0.09,1.9,0.0,0.0,0.078,0.0,0.001,5e-05,0.0,0.4499999999999999,0.0199999999999999,0.6333333333333333,0.312,0.0,Low,0,ยังไม่พบตัวชี้วัดที่เกินเกณฑ์เบื้องต้น,0.5527067678571429
pork beef salami,37,3.1,1.1,0.076,0.008,2.1,0.0,10.6,0.2,0.01,3.5333333333333337,5.500000000000001,4.769230769230769,0.0253333333333333,0.0,0.08,Low,0,ยังไม่พบตัวชี้วัดที่เกินเกณฑ์เบื้องต้น,0.5525952930402931
straw mushrooms canned,2,0.09,0.1,0.3,0.0,0.2,0.1,0.0,0.049,0.00245,0.0,0.5,0.1384615384615384,0.1,0.4,0.0,Low,0,ยังไม่พบตัวชี้วัดที่เกินเกณฑ์เบื้องต้น,0.5525860206043957
vegetable chips,134,6.6,0.5,17.1,1.1,1.5,1.3,0.0,0.3,0.015,0.0,2.5,10.153846153846152,5.7,5.2,11.000000000000002,Low,0,ยังไม่พบตัวชี้วัดที่เกินเกณฑ์เบื้องต้น,0.5525550824175824
flaxseeds,55,4.3,0.4,3.0,0.2,1.9,2.8,0.0,0.035,0.00175,0.0,2.0,6.615384615384615,1.0,11.2,2.0,Low,0,ยังไม่พบตัวชี้วัดที่เกินเกณฑ์เบื้องต้น,0.5525500618131869
basil dried,2,0.027,0.02,0.3,0.054,0.2,0.3,0.0,0.089,0.00445,0.0,0.1,0.0415384615384615,0.1,1.2,0.54,Low,0,ยังไม่พบตัวชี้วัดที่เกินเกณฑ์เบื้องต้น,0.5524879436813187
coffee decaffeinated,0,0.0,0.087,0.0,0.0,0.2,0.0,0.0,0.058,0.0029,0.0,0.4349999999999999,0.0,0.0,0.0,0.0,Low,0,ยังไม่พบตัวชี้วัดที่เกินเกณฑ์เบื้องต้น,0.5524782500000001
paprika,19,0.9,0.1,3.7,0.7,1.0,2.4,0.0,0.061,0.0030499999999999,0.0,0.5,1.3846153846153846,1.2333333333333334,9.6,6.999999999999999,Low,0,ยังไม่พบตัวชี้วัดที่เกินเกณฑ์เบื้องต้น,0.5524496524725275
lemongrass citronella,5,0.076,0.067,1.2,0.0,0.038,0.0,0.0,0.024,0.0012,0.0,0.335,0.1169230769230769,0.4,0.0,0.0,Low,0,ยังไม่พบตัวชี้วัดที่เกินเกณฑ์เบื้องต้น,0.5524462197802198
espresso decaffeinated,3,0.011,0.037,0.5,0.0,0.065,0.0,0.0,0.011,0.00055,0.0,0.185,0.0169230769230769,0.1666666666666666,0.0,0.0,Low,0,ยังไม่พบตัวชี้วัดที่เกินเกณฑ์เบื้องต้น,0.5523957376373627
mustard seeds ground,10,0.7,0.012,0.6,0.1,0.5,0.2,0.0,0.017,0.00085,0.0,0.06,1.0769230769230769,0.2,0.8,1.0,Low,0,ยังไม่พบตัวชี้วัดที่เกินเกณฑ์เบื้องต้น,0.5523809876373628
capers canned,2,0.089,0.021,0.4,0.011,0.2,0.3,0.0,0.2,0.01,0.0,0.105,0.1369230769230769,0.1333333333333333,1.2,0.1099999999999999,Low,0,ยังไม่พบตัวชี้วัดที่เกินเกณฑ์เบื้องต้น,0.5523759340659341
red wine vinegar,3,0.0,0.0,0.011,0.0,0.055,0.0,0.0,0.092,0.0046,0.0,0.0,0.0,0.0036666666666666,0.0,0.0,Low,0,ยังไม่พบตัวชี้วัดที่เกินเกณฑ์เบื้องต้น,0.5523672857142858
rhubarb raw,11,0.1,0.043,2.3,0.6,0.5,0.9,0.0,0.058,0.0029,0.0,0.215,0.1538461538461538,0.7666666666666666,3.6000000000000005,6.0,Low,0,ยังไม่พบตัวชี้วัดที่เกินเกณฑ์เบื้องต้น,0.5523601181318682
strawberry guava,4,0.008,0.039,1.0,0.0,0.01,0.3,0.0,0.059,0.00295,0.0,0.1949999999999999,0.0123076923076923,0.3333333333333333,1.2,0.0,Low,0,ยังไม่พบตัวชี้วัดที่เกินเกณฑ์เบื้องต้น,0.5522962815934067
longans dried,5,0.091,0.0,1.3,0.0,0.027,0.0,0.0,0.018,0.0008999999999999,0.0,0.0,0.1399999999999999,0.4333333333333333,0.0,0.0,Low,0,ยังไม่พบตัวชี้วัดที่เกินเกณฑ์เบื้องต้น,0.5521378928571429
chocolate soymilk nonfat,107,0.046,0.0,20.7,8.9,6.0,0.5,0.0,0.1,0.005,0.0,0.0,0.0707692307692307,6.8999999999999995,2.0,89.0,Low,0,ยังไม่พบตัวชี้วัดที่เกินเกณฑ์เบื้องต้น,0.552074587912088
chili powder,8,0.4,0.061,1.3,0.2,0.4,0.9,0.0,0.014,0.0007,0.0,0.305,0.6153846153846154,0.4333333333333333,3.6000000000000005,2.0,Low,0,ยังไม่พบตัวชี้วัดที่เกินเกณฑ์เบื้องต้น,0.551950793956044
cheese popcorn,58,3.7,0.7,5.7,0.0,1.0,1.1,1.2,0.002,0.0001,0.4,3.4999999999999996,5.6923076923076925,1.9,4.4,0.0,Low,0,ยังไม่พบตัวชี้วัดที่เกินเกณฑ์เบื้องต้น,0.5519497994505496
arugula,5,0.1,0.029,0.7,0.4,0.5,0.3,0.0,0.018,0.0008999999999999,0.0,0.145,0.1538461538461538,0.2333333333333333,1.2,4.0,Low,0,ยังไม่พบตัวชี้วัดที่เกินเกณฑ์เบื้องต้น,0.5519465467032968
romaine lettuce,8,0.1,0.049,1.5,0.6,0.6,1.0,0.0,0.083,0.00415,0.0,0.245,0.1538461538461538,0.5,4.0,6.0,Low,0,ยังไม่พบตัวชี้วัดที่เกินเกณฑ์เบื้องต้น,0.5518864574175825
coriander seeds,5,0.3,0.049,1.0,0.0,0.2,0.8,0.0,0.095,0.00475,0.0,0.245,0.4615384615384615,0.3333333333333333,3.2,0.0,Low,0,ยังไม่พบตัวชี้วัดที่เกินเกณฑ์เบื้องต้น,0.5518599793956044
tarragon dried,2,0.047,0.01,0.3,0.0,0.1,0.038,0.0,0.012,0.0006,0.0,0.05,0.0723076923076923,0.1,0.152,0.0,Low,0,ยังไม่พบตัวชี้วัดที่เกินเกณฑ์เบื้องต้น,0.5518460494505495
laver seaweed,1,0.012,0.066,0.1,0.071,0.2,0.09,0.0,0.075,0.00375,0.0,0.33,0.0184615384615384,0.0333333333333333,0.36,0.71,Low,0,ยังไม่พบตัวชี้วัดที่เกินเกณฑ์เบื้องต้น,0.5518398420329671
allspice ground,5,0.2,0.034,1.4,0.0,0.1,0.4,0.0,0.001,5e-05,0.0,0.17,0.3076923076923077,0.4666666666666666,1.6,0.0,Low,0,ยังไม่พบตัวชี้วัดที่เกินเกณฑ์เบื้องต้น,0.5517990755494506
bay leaf,2,0.042,0.08,0.4,0.0,0.086,0.2,0.0,0.084,0.0042,0.0,0.4,0.0646153846153846,0.1333333333333333,0.8,0.0,Low,0,ยังไม่พบตัวชี้วัดที่เกินเกณฑ์เบื้องต้น,0.5517017417582418
instant lemon tea,2,0.0,0.0,0.3,0.047,0.1,0.0,0.0,0.046,0.0023,0.0,0.0,0.0,0.1,0.0,0.47,Low,0,ยังไม่พบตัวชี้วัดที่เกินเกณฑ์เบื้องต้น,0.5516706071428572
basil fresh,2,0.089,0.069,0.2,0.064,0.2,0.1,0.0,0.058,0.0029,0.0,0.345,0.1369230769230769,0.0666666666666666,0.4,0.64,Low,0,ยังไม่พบตัวชี้วัดที่เกินเกณฑ์เบื้องต้น,0.5516341840659341
vodka smirnoff,13,0.4,0.013,2.0,0.082,0.0,0.0,0.0,0.0,0.0,0.0,0.065,0.6153846153846154,0.6666666666666667,0.0,0.8200000000000001,Low,0,ยังไม่พบตัวชี้วัดที่เกินเกณฑ์เบื้องต้น,0.5515831868131869
spearmint dried,1,0.018,0.09,0.3,0.0,0.094,0.1,0.0,0.012,0.0006,0.0,0.4499999999999999,0.0276923076923076,0.1,0.4,0.0,Low,0,ยังไม่พบตัวชี้วัดที่เกินเกณฑ์เบื้องต้น,0.5515342362637363
acerola cherry,2,0.052,0.074,0.4,0.0,0.079,0.077,0.0,0.088,0.0044,0.0,0.37,0.0799999999999999,0.1333333333333333,0.308,0.0,Low,0,ยังไม่พบตัวชี้วัดที่เกินเกณฑ์เบื้องต้น,0.5514973571428572
asparagus raw,2,0.037,0.012,0.5,0.2,0.3,0.3,0.0,0.047,0.0023499999999999,0.0,0.06,0.0569230769230769,0.1666666666666666,1.2,2.0,Low,0,ยังไม่พบตัวชี้วัดที่เกินเกณฑ์เบื้องต้น,0.5514483090659341
cider vinegar,3,0.0,0.0,0.1,0.018,0.0,0.0,0.0,0.011,0.00055,0.0,0.0,0.0,0.0333333333333333,0.0,0.18,Low,0,ยังไม่พบตัวชี้วัดที่เกินเกณฑ์เบื้องต้น,0.5514401607142858
shoestring french fries,4,0.1,0.059,0.7,0.062,0.099,0.099,0.0,0.055,0.00275,0.0,0.295,0.1538461538461538,0.2333333333333333,0.396,0.62,Low,0,ยังไม่พบตัวชี้วัดที่เกินเกณฑ์เบื้องต้น,0.5514187431318682
sesame meal,160,13.6,1.9,7.4,0.0,4.8,0.0,0.0,0.073,0.00365,0.0,9.5,20.923076923076923,2.466666666666667,0.0,0.0,Low,0,ยังไม่พบตัวชี้วัดที่เกินเกณฑ์เบื้องต้น,0.5514011964285715
ginger root,2,0.028,0.048,0.4,0.019,0.068,0.058,0.0,0.0,0.0,0.0,0.24,0.043076923076923,0.1333333333333333,0.232,0.19,Low,0,ยังไม่พบตัวชี้วัดที่เกินเกณฑ์เบื้องต้น,0.5513847802197803
crimini mushrooms,1,0.018,0.054,0.3,0.1,0.2,0.064,0.0,0.086,0.0042999999999999,0.0,0.27,0.0276923076923076,0.1,0.256,1.0,Low,0,ยังไม่พบตัวชี้วัดที่เกินเกณฑ์เบื้องต้น,0.5513314862637363
dried tomatoes canned in oil,6,0.4,0.072,0.7,0.0,0.2,0.2,0.0,0.056,0.0028,0.0,0.36,0.6153846153846154,0.2333333333333333,0.8,0.0,Low,0,ยังไม่พบตัวชี้วัดที่เกินเกณฑ์เบื้องต้น,0.5512921868131869
prairie turnips boiled,18,0.086,0.0,4.2,0.7,0.2,1.0,0.0,0.012,0.0006,0.0,0.0,0.1323076923076923,1.4,4.0,6.999999999999999,Low,0,ยังไม่พบตัวชี้วัดที่เกินเกณฑ์เบื้องต้น,0.5512889065934067
muscadine grapes,3,0.056,0.0,0.8,0.0,0.014,0.2,0.0,0.024,0.0012,0.0,0.0,0.0861538461538461,0.2666666666666667,0.8,0.0,Low,0,ยังไม่พบตัวชี้วัดที่เกินเกณฑ์เบื้องต้น,0.551234131868132
banana pepper,9,0.1,0.018,1.8,0.6,0.5,1.1,0.0,0.039,0.00195,0.0,0.09,0.1538461538461538,0.6,4.4,6.0,Low,0,ยังไม่พบตัวชี้วัดที่เกินเกณฑ์เบื้องต้น,0.551224385989011
java plum,2,0.029,0.0,0.5,0.0,0.034,0.0,0.0,0.063,0.00315,0.0,0.0,0.0446153846153846,0.1666666666666666,0.0,0.0,Low,0,ยังไม่พบตัวชี้วัดที่เกินเกณฑ์เบื้องต้น,0.5512096167582418
butterbur,4,0.2,0.0,0.5,0.0,0.1,0.0,0.0,0.053,0.00265,0.0,0.0,0.3076923076923077,0.1666666666666666,0.0,0.0,Low,0,ยังไม่พบตัวชี้วัดที่เกินเกณฑ์เบื้องต้น,0.5512081469780221
golden raisins,498,0.8,0.2,131.2,97.7,5.6,6.6,0.0,0.001,5e-05,0.0,1.0,1.2307692307692308,43.73333333333333,26.4,977.0,Medium,1,น้ำตาลถึงหรือเกิน 10 กรัมต่อมื้อ,0.5511974271978023
mustard,3,0.2,0.021,0.3,0.048,0.2,0.2,0.0,0.015,0.0007499999999999,0.0,0.105,0.3076923076923077,0.1,0.8,0.48,Low,0,ยังไม่พบตัวชี้วัดที่เกินเกณฑ์เบื้องต้น,0.5511809684065935
chamomile tea,2,0.0,0.028,0.4,0.0,0.0,0.0,0.0,0.003,0.00015,0.0,0.1399999999999999,0.0,0.1333333333333333,0.0,0.0,Low,0,ยังไม่พบตัวชี้วัดที่เกินเกณฑ์เบื้องต้น,0.5511417321428572
italian salami,43,3.7,1.3,0.1,0.1,2.2,0.0,8.0,0.2,0.01,2.666666666666667,6.5,5.6923076923076925,0.0333333333333333,0.0,1.0,Low,0,ยังไม่พบตัวชี้วัดที่เกินเกณฑ์เบื้องต้น,0.5511374542124543
herb tea,2,0.0,0.014,0.4,0.0,0.0,0.0,0.0,0.064,0.0031999999999999,0.0,0.0699999999999999,0.0,0.1333333333333333,0.0,0.0,Low,0,ยังไม่พบตัวชี้วัดที่เกินเกณฑ์เบื้องต้น,0.5511188571428572
rolo nestle,24,1.0,0.6,0.2,0.078,0.009,0.0,0.0,0.0,0.0,0.0,3.0,1.5384615384615383,0.0666666666666666,0.0,0.7799999999999999,Low,0,ยังไม่พบตัวชี้วัดที่เกินเกณฑ์เบื้องต้น,0.5511183241758243
black tea,2,0.0,0.072,0.7,0.0,0.0,0.0,0.0,0.091,0.00455,0.0,0.36,0.0,0.2333333333333333,0.0,0.0,Low,0,ยังไม่พบตัวชี้วัดที่เกินเกณฑ์เบื้องต้น,0.5511087321428573
yuca cassava chips,9,0.4,0.1,1.2,0.006,0.054,0.002,0.0,0.041,0.00205,0.0,0.5,0.6153846153846154,0.4,0.008,0.06,Low,0,ยังไม่พบตัวชี้วัดที่เกินเกณฑ์เบื้องต้น,0.5510970975274726
peppermint,1,0.004,0.016,0.2,0.0,0.038,0.1,0.0,0.007,0.00035,0.0,0.08,0.0061538461538461,0.0666666666666666,0.4,0.0,Low,0,ยังไม่พบตัวชี้วัดที่เกินเกณฑ์เบื้องต้น,0.5509976497252748
chrysanthemum cooked,20,0.036,0.0,4.3,2.0,1.6,2.3,0.0,0.042,0.0021,0.0,0.0,0.0553846153846153,1.4333333333333331,9.2,20.0,Low,0,ยังไม่พบตัวชี้วัดที่เกินเกณฑ์เบื้องต้น,0.5509974368131868
surinam cherry pitanga,2,0.059,0.0,0.5,0.0,0.045,0.0,0.0,0.1,0.005,0.0,0.0,0.0907692307692307,0.1666666666666666,0.0,0.0,Low,0,ยังไม่พบตัวชี้วัดที่เกินเกณฑ์เบื้องต้น,0.550987087912088
rosemary dried,4,0.2,0.083,0.8,0.0,0.081,0.5,0.0,0.048,0.0024,0.0,0.415,0.3076923076923077,0.2666666666666667,2.0,0.0,Low,0,ยังไม่พบตัวชี้วัดที่เกินเกณฑ์เบื้องต้น,0.550972521978022
baking powder,2,0.0,0.0,1.3,0.0,0.0,0.03,0.0,0.5,0.025,0.0,0.0,0.0,0.4333333333333333,0.12,0.0,Low,0,ยังไม่พบตัวชี้วัดที่เกินเกณฑ์เบื้องต้น,0.5509553571428573
espresso,3,0.086,0.068,0.5,0.0,0.021,0.0,0.0,0.083,0.00415,0.0,0.34,0.1323076923076923,0.1666666666666666,0.0,0.0,Low,0,ยังไม่พบตัวชี้วัดที่เกินเกณฑ์เบื้องต้น,0.5509533530219781
saffron,2,0.092,0.047,0.5,0.0,0.071,0.002,0.0,0.063,0.00315,0.0,0.235,0.1415384615384615,0.1666666666666666,0.008,0.0,Low,0,ยังไม่พบตัวชี้วัดที่เกินเกณฑ์เบื้องต้น,0.5509451936813187
thyme fresh,1,0.068,0.07,0.2,0.0,0.091,0.1,0.0,0.017,0.00085,0.0,0.35,0.1046153846153846,0.0666666666666666,0.4,0.0,Low,0,ยังไม่พบตัวชี้วัดที่เกินเกณฑ์เบื้องต้น,0.5509179381868133
parsley fresh,1,0.078,0.016,0.2,0.001,0.1,0.1,0.0,0.056,0.0028,0.0,0.08,0.12,0.0666666666666666,0.4,0.01,Low,0,ยังไม่พบตัวชี้วัดที่เกินเกณฑ์เบื้องต้น,0.5508854285714286
okra,4,0.082,0.001,0.9,0.2,0.2,0.4,0.0,0.098,0.0049,0.0,0.005,0.1261538461538461,0.3,1.6,2.0,Low,0,ยังไม่พบตัวชี้วัดที่เกินเกณฑ์เบื้องต้น,0.5508028104395605
cloves ground,6,0.3,0.017,1.4,0.028,0.1,0.7,0.0,0.0,0.0,0.0,0.085,0.4615384615384615,0.4666666666666666,2.8,0.2799999999999999,Low,0,ยังไม่พบตัวชี้วัดที่เกินเกณฑ์เบื้องต้น,0.5507970329670331
vinegar,3,0.0,0.0,0.089,0.063,0.0,0.0,0.0,0.024,0.0012,0.0,0.0,0.0,0.0296666666666666,0.0,0.63,Low,0,ยังไม่พบตัวชี้วัดที่เกินเกณฑ์เบื้องต้น,0.5507602857142858
pinyon pine nuts dried,1,0.073,0.022,0.01,0.0,0.083,0.005,0.0,0.07,0.0035,0.0,0.1099999999999999,0.1123076923076923,0.0033333333333333,0.02,0.0,Low,0,ยังไม่พบตัวชี้วัดที่เกินเกณฑ์เบื้องต้น,0.550740370879121
prickly pear raw,8,0.072,0.0,1.9,0.2,0.001,1.0,0.0,0.065,0.00325,0.0,0.0,0.1107692307692307,0.6333333333333333,4.0,2.0,Low,0,ยังไม่พบตัวชี้วัดที่เกินเกณฑ์เบื้องต้น,0.5507287843406594
gjetost cheese,1058,67.0,43.5,96.8,0.0,21.9,0.0,213.4,1.4,0.0699999999999999,71.13333333333334,217.49999999999997,103.07692307692308,32.266666666666666,0.0,0.0,Medium,1,โคเลสเตอรอลค่อนข้างสูง | ไขมันอิ่มตัวค่อนข้างสูง,0.550725
sesame sticks,54,3.7,0.6,4.7,0.084,1.1,0.3,0.0,0.09,0.0045,0.0,3.0,5.6923076923076925,1.5666666666666669,1.2,0.8400000000000001,Low,0,ยังไม่พบตัวชี้วัดที่เกินเกณฑ์เบื้องต้น,0.5506210851648353
coriander leaves dried,2,0.098,0.099,0.3,0.045,0.1,0.095,0.0,0.018,0.0008999999999999,0.0,0.495,0.1507692307692307,0.1,0.38,0.4499999999999999,Low,0,ยังไม่พบตัวชี้วัดที่เกินเกณฑ์เบื้องต้น,0.550580337912088
sage ground,2,0.046,0.07,0.4,0.052,0.058,0.3,0.0,0.083,0.00415,0.0,0.35,0.0707692307692307,0.1333333333333333,1.2,0.52,Low,0,ยังไม่พบตัวชี้วัดที่เกินเกณฑ์เบื้องต้น,0.550525962912088
agar,1,0.058,0.087,0.3,0.005,0.053,0.027,0.0,0.049,0.00245,0.0,0.4349999999999999,0.0892307692307692,0.1,0.108,0.05,Low,0,ยังไม่พบตัวชี้วัดที่เกินเกณฑ์เบื้องต้น,0.5504713228021979
grape leaves,13,0.3,0.085,2.4,0.9,0.8,1.5,0.0,0.005,0.00025,0.0,0.425,0.4615384615384615,0.8,6.0,9.0,Low,0,ยังไม่พบตัวชี้วัดที่เกินเกณฑ์เบื้องต้น,0.5504651579670331
shiitake mushrooms raw,6,0.039,0.0,1.3,0.5,0.4,0.5,0.0,0.096,0.0048,0.0,0.0,0.06,0.4333333333333333,2.0,5.0,Low,0,ยังไม่พบตัวชี้วัดที่เกินเกณฑ์เบื้องต้น,0.5504425714285714
almonds raw,9,0.7,0.04,0.3,0.026,0.3,0.2,0.0,0.043,0.0021499999999999,0.0,0.2,1.0769230769230769,0.1,0.8,0.26,Low,0,ยังไม่พบตัวชี้วัดที่เกินเกณฑ์เบื้องต้น,0.5504098090659341
celtuce,1,0.088,0.0,0.3,0.0,0.071,0.1,0.0,0.094,0.0046999999999999,0.0,0.0,0.1353846153846153,0.1,0.4,0.0,Low,0,ยังไม่พบตัวชี้วัดที่เกินเกณฑ์เบื้องต้น,0.5504082939560441
corn chips,162,10.0,1.3,17.2,0.031,1.9,1.2,0.0,0.2,0.01,0.0,6.5,15.384615384615383,5.733333333333333,4.8,0.31,Low,0,ยังไม่พบตัวชี้วัดที่เกินเกณฑ์เบื้องต้น,0.5503968131868132
longan,2,0.076,0.0,0.5,0.0,0.009,0.071,0.0,0.0,0.0,0.0,0.0,0.1169230769230769,0.1666666666666666,0.284,0.0,Low,0,ยังไม่พบตัวชี้วัดที่เกินเกณฑ์เบื้องต้น,0.5503784340659341
cauliflower raw,3,0.081,0.094,0.6,0.2,0.2,0.3,0.0,0.042,0.0021,0.0,0.47,0.1246153846153846,0.2,1.2,2.0,Low,0,ยังไม่พบตัวชี้วัดที่เกินเกณฑ์เบื้องต้น,0.5502639203296703
lambs quarters raw,0,0.067,0.0,0.069,0.0,0.08,0.046,0.0,0.033,0.00165,0.0,0.0,0.1030769230769231,0.023,0.184,0.0,Low,0,ยังไม่พบตัวชี้วัดที่เกินเกณฑ์เบื้องต้น,0.550214548076923
kelp,2,0.067,0.037,0.5,0.069,0.07,0.018,0.0,0.019,0.00095,0.0,0.185,0.1030769230769231,0.1666666666666666,0.072,0.6900000000000001,Low,0,ยังไม่พบตัวชี้วัดที่เกินเกณฑ์เบื้องต้น,0.5502026552197803
cooking wine,2,0.0,0.0,0.3,0.09,0.028,0.0,0.0,0.002,0.0001,0.0,0.0,0.0,0.1,0.0,0.8999999999999999,Low,0,ยังไม่พบตัวชี้วัดที่เกินเกณฑ์เบื้องต้น,0.5501421071428573
lemon peel,1,0.002,0.057,0.3,0.054,0.032,0.2,0.0,0.028,0.0014,0.0,0.285,0.003076923076923,0.1,0.8,0.54,Low,0,ยังไม่พบตัวชี้วัดที่เกินเกณฑ์เบื้องต้น,0.5501278516483518
chives dried,1,0.055,0.051,0.1,0.0,0.013,0.041,0.0,0.04,0.002,0.0,0.2549999999999999,0.0846153846153846,0.0333333333333333,0.164,0.0,Low,0,ยังไม่พบตัวชี้วัดที่เกินเกณฑ์เบื้องต้น,0.5500843131868133
tabasco sauce,1,0.002,0.051,0.006,0.067,0.045,0.013,0.0,0.075,0.00375,0.0,0.2549999999999999,0.003076923076923,0.002,0.052,0.67,Low,0,ยังไม่พบตัวชี้วัดที่เกินเกณฑ์เบื้องต้น,0.5500777266483518
alfalfa seeds,1,0.075,0.029,0.002,0.058,0.1,0.015,0.0,0.048,0.0024,0.0,0.145,0.1153846153846153,0.0006666666666666,0.06,0.5800000000000001,Low,0,ยังไม่พบตัวชี้วัดที่เกินเกณฑ์เบื้องต้น,0.550068043956044
epazote,0,0.06,0.0,0.094,0.0,0.059,0.051,0.0,0.021,0.00105,0.0,0.0,0.0923076923076923,0.0313333333333333,0.2039999999999999,0.0,Low,0,ยังไม่พบตัวชี้วัดที่เกินเกณฑ์เบื้องต้น,0.5500373173076925
spring onion scallions,6,0.077,0.029,1.5,0.5,0.4,0.5,0.0,0.048,0.0024,0.0,0.145,0.1184615384615384,0.5,2.0,5.0,Low,0,ยังไม่พบตัวชี้วัดที่เกินเกณฑ์เบื้องต้น,0.5500221098901099
veal shoulder raw,0,0.0,0.0,0.0,0.0,0.0,0.0,0.0,0.0,0.0,0.0,0.0,0.0,0.0,0.0,0.0,Low,0,ยังไม่พบตัวชี้วัดที่เกินเกณฑ์เบื้องต้น,0.5499999999999999
milk chocolate with rice cereal,0,0.0,0.0,0.0,0.0,0.0,0.0,0.0,0.0,0.0,0.0,0.0,0.0,0.0,0.0,0.0,Low,0,ยังไม่พบตัวชี้วัดที่เกินเกณฑ์เบื้องต้น,0.5499999999999999
water dannon,0,0.0,0.0,0.0,0.0,0.0,0.0,0.0,0.0,0.0,0.0,0.0,0.0,0.0,0.0,0.0,Low,0,ยังไม่พบตัวชี้วัดที่เกินเกณฑ์เบื้องต้น,0.5499999999999999
lime,20,0.1,0.087,7.1,1.1,0.5,1.9,0.0,0.082,0.0041,0.0,0.4349999999999999,0.1538461538461538,2.3666666666666667,7.6,11.000000000000002,Low,0,ยังไม่พบตัวชี้วัดที่เกินเกณฑ์เบื้องต้น,0.5499939752747253
tap water,0,0.0,0.0,0.0,0.0,0.0,0.0,0.0,0.018,0.0008999999999999,0.0,0.0,0.0,0.0,0.0,0.0,Low,0,ยังไม่พบตัวชี้วัดที่เกินเกณฑ์เบื้องต้น,0.54999325
water,0,0.0,0.0,0.0,0.0,0.0,0.0,0.0,0.024,0.0012,0.0,0.0,0.0,0.0,0.0,0.0,Low,0,ยังไม่พบตัวชี้วัดที่เกินเกณฑ์เบื้องต้น,0.549991
powerade zero ion4 coca cola,0,0.0,0.0,0.0,0.0,0.0,0.0,0.0,0.03,0.0014999999999999,0.0,0.0,0.0,0.0,0.0,0.0,Low,0,ยังไม่พบตัวชี้วัดที่เกินเกณฑ์เบื้องต้น,0.5499887499999999
table water,0,0.0,0.0,0.0,0.0,0.0,0.0,0.0,0.044,0.0022,0.0,0.0,0.0,0.0,0.0,0.0,Low,0,ยังไม่พบตัวชี้วัดที่เกินเกณฑ์เบื้องต้น,0.5499835
club soda,0,0.0,0.0,0.0,0.0,0.0,0.0,0.0,0.046,0.0023,0.0,0.0,0.0,0.0,0.0,0.0,Low,0,ยังไม่พบตัวชี้วัดที่เกินเกณฑ์เบื้องต้น,0.54998275
cola light coca cola,0,0.0,0.0,0.0,0.0,0.0,0.0,0.0,0.087,0.00435,0.0,0.0,0.0,0.0,0.0,0.0,Low,0,ยังไม่พบตัวชี้วัดที่เกินเกณฑ์เบื้องต้น,0.5499673749999999
bamboo shoots raw,49,0.5,0.1,9.4,5.4,4.7,4.0,0.0,0.067,0.00335,0.0,0.5,0.7692307692307693,3.1333333333333333,16.0,54.0,Low,0,ยังไม่พบตัวชี้วัดที่เกินเกณฑ์เบื้องต้น,0.5499556442307693
vegetable oil spread fat free,6,0.5,0.015,0.4,0.0,0.2,0.0,0.2,0.1,0.005,0.0666666666666666,0.075,0.7692307692307693,0.1333333333333333,0.0,0.0,Low,0,ยังไม่พบตัวชี้วัดที่เกินเกณฑ์เบื้องต้น,0.549955173992674
chestnuts roasted,37,0.3,0.009,7.9,1.6,0.5,0.8,0.0,0.043,0.0021499999999999,0.0,0.045,0.4615384615384615,2.6333333333333333,3.2,16.0,Low,0,ยังไม่พบตัวชี้วัดที่เกินเกณฑ์เบื้องต้น,0.5499151936813187
tea blueberry muffin tekanne,4,0.2,0.2,0.4,0.007,0.0,0.0,0.0,0.0,0.0,0.0,1.0,0.3076923076923077,0.1333333333333333,0.0,0.0699999999999999,Low,0,ยังไม่พบตัวชี้วัดที่เกินเกณฑ์เบื้องต้น,0.549873021978022
pepperoni beef,10,0.9,0.3,0.0,0.0,0.5,0.0,2.1,0.09,0.0045,0.7000000000000001,1.5,1.3846153846153846,0.0,0.0,0.0,Low,0,ยังไม่พบตัวชี้วัดที่เกินเกณฑ์เบื้องต้น,0.5497959203296704
radish raw,1,0.026,0.084,0.2,0.066,0.042,0.002,0.0,0.033,0.00165,0.0,0.42,0.0399999999999999,0.0666666666666666,0.008,0.66,Low,0,ยังไม่พบตัวชี้วัดที่เกินเกณฑ์เบื้องต้น,0.5497940535714285
tahini,86,7.2,1.0,3.9,0.0,2.7,1.4,0.0,0.098,0.0049,0.0,5.0,11.076923076923077,1.3,5.6,0.0,Low,0,ยังไม่พบตัวชี้วัดที่เกินเกณฑ์เบื้องต้น,0.5497791840659341
chanterelle mushrooms,2,0.063,0.0,0.4,0.076,0.033,0.2,0.0,0.028,0.0014,0.0,0.0,0.0969230769230769,0.1333333333333333,0.8,0.76,Low,0,ยังไม่พบตัวชี้วัดที่เกินเกณฑ์เบื้องต้น,0.549677934065934
roquefort cheese dressing,15,1.1,0.4,0.4,0.4,0.8,0.0,0.2,0.1,0.005,0.0666666666666666,2.0,1.6923076923076923,0.1333333333333333,0.0,4.0,Low,0,ยังไม่พบตัวชี้วัดที่เกินเกณฑ์เบื้องต้น,0.5496749542124542
enoki mushrooms,1,0.099,0.027,0.2,0.034,0.062,0.089,0.0,0.084,0.0042,0.0,0.135,0.1523076923076923,0.0666666666666666,0.356,0.34,Low,0,ยังไม่พบตัวชี้วัดที่เกินเกณฑ์เบื้องต้น,0.5496626208791209
pepper hot sauce,1,0.018,0.057,0.031,0.065,0.024,0.071,0.0,0.1,0.005,0.0,0.285,0.0276923076923076,0.0103333333333333,0.284,0.65,Low,0,ยังไม่พบตัวชี้วัดที่เกินเกณฑ์เบื้องต้น,0.5496512362637362
multigrain cheerios general mills,4,0.005,0.0,1.0,0.2,0.038,0.1,0.072,0.0,0.0,0.0239999999999999,0.0,0.0076923076923076,0.3333333333333333,0.4,2.0,Low,0,ยังไม่พบตัวชี้วัดที่เกินเกณฑ์เบื้องต้น,0.549643021978022
mace ground,25,1.7,0.5,2.7,0.0,0.4,1.1,0.0,0.097,0.00485,0.0,2.5,2.6153846153846154,0.9000000000000001,4.4,0.0,Low,0,ยังไม่พบตัวชี้วัดที่เกินเกณฑ์เบื้องต้น,0.5496339546703296
peanut spread,101,8.5,1.6,2.2,0.5,3.8,1.2,0.0,0.028,0.0014,0.0,8.0,13.076923076923078,0.7333333333333334,4.8,5.0,Low,0,ยังไม่พบตัวชี้วัดที่เกินเกณฑ์เบื้องต้น,0.5496268626373626
sesbania flower raw,1,0.095,0.0,0.2,0.0,0.012,0.0,0.0,0.007,0.00035,0.0,0.0,0.1461538461538461,0.0666666666666666,0.0,0.0,Low,0,ยังไม่พบตัวชี้วัดที่เกินเกณฑ์เบื้องต้น,0.5496226497252747
parsley dried,1,0.096,0.064,0.3,0.073,0.1,0.1,0.0,0.058,0.0029,0.0,0.32,0.1476923076923077,0.1,0.4,0.7299999999999999,Low,0,ยังไม่พบตัวชี้วัดที่เกินเกณฑ์เบื้องต้น,0.5495969862637363
chives raw,1,0.088,0.083,0.1,0.02,0.03,0.044,0.0,0.099,0.00495,0.0,0.415,0.1353846153846153,0.0333333333333333,0.176,0.2,Low,0,ยังไม่พบตัวชี้วัดที่เกินเกณฑ์เบื้องต้น,0.549593918956044
cheese ravioli canned,186,3.5,1.7,33.0,9.0,6.0,3.1,7.3,0.7,0.0349999999999999,2.433333333333333,8.5,5.384615384615385,11.0,12.4,90.0,Low,0,ยังไม่พบตัวชี้วัดที่เกินเกณฑ์เบื้องต้น,0.5495552655677656
irishmoss,2,0.049,0.06,0.6,0.098,0.037,0.082,0.0,0.084,0.0042,0.0,0.3,0.0753846153846153,0.2,0.328,0.98,Low,0,ยังไม่พบตัวชี้วัดที่เกินเกณฑ์เบื้องต้น,0.5495384725274725
baking soda,0,0.0,0.0,0.0,0.0,0.0,0.0,0.0,1.3,0.065,0.0,0.0,0.0,0.0,0.0,0.0,Low,0,ยังไม่พบตัวชี้วัดที่เกินเกณฑ์เบื้องต้น,0.5495125
plantain fried,16,0.6,0.2,2.6,0.2,0.023,0.2,0.0,0.065,0.00325,0.0,1.0,0.923076923076923,0.8666666666666666,0.8,2.0,Low,0,ยังไม่พบตัวชี้วัดที่เกินเกณฑ์เบื้องต้น,0.5494829052197803
rosemary fresh,1,0.1,0.016,0.1,0.0,0.005,0.012,0.0,0.039,0.00195,0.0,0.08,0.1538461538461538,0.0333333333333333,0.048,0.0,Low,0,ยังไม่พบตัวชี้วัดที่เกินเกณฑ์เบื้องต้น,0.5494654574175823
veal shank cooked,371,12.0,4.0,0.0,0.0,61.2,0.0,240.6,0.2,0.01,80.19999999999999,20.0,18.461538461538463,0.0,0.0,0.0,Low,0,โคเลสเตอรอลค่อนข้างสูง,0.5494634615384616
shrimp fried,52,3.2,0.7,4.8,0.086,1.3,0.1,9.9,0.2,0.01,3.3000000000000003,3.4999999999999996,4.923076923076923,1.6,0.4,0.86,Low,0,ยังไม่พบตัวชี้วัดที่เกินเกณฑ์เบื้องต้น,0.5494262087912087
taro chips,11,0.6,0.1,1.6,0.04,0.049,0.2,0.0,0.022,0.0011,0.0,0.5,0.923076923076923,0.5333333333333334,0.8,0.4,Low,0,ยังไม่พบตัวชี้วัดที่เกินเกณฑ์เบื้องต้น,0.5493668873626373
cauliflower cooked,29,0.6,0.055,5.1,2.6,2.3,2.9,0.0,0.094,0.0046999999999999,0.0,0.2749999999999999,0.923076923076923,1.6999999999999995,11.6,26.0,Low,0,ยังไม่พบตัวชี้วัดที่เกินเกณฑ์เบื้องต้น,0.5493631016483516
beef shoulder steak raw,349,17.3,7.5,0.0,0.0,48.2,0.0,164.9,0.2,0.01,54.96666666666666,37.5,26.61538461538462,0.0,0.0,0.0,Low,0,โคเลสเตอรอลค่อนข้างสูง | ไขมันอิ่มตัวค่อนข้างสูง,0.5493535714285714
sesame seeds toasted,45,3.8,0.5,2.1,0.0,1.4,1.1,0.0,0.07,0.0035,0.0,2.5,5.846153846153846,0.7000000000000001,4.4,0.0,Low,0,ยังไม่พบตัวชี้วัดที่เกินเกณฑ์เบื้องต้น,0.5493418818681318
maitake mushrooms,0,0.017,0.011,0.072,0.043,0.016,0.041,0.0,0.059,0.00295,0.0,0.0549999999999999,0.0261538461538461,0.0239999999999999,0.164,0.43,Low,0,ยังไม่พบตัวชี้วัดที่เกินเกณฑ์เบื้องต้น,0.5493367211538461
chinese cabbage pe tsai raw,12,0.2,0.033,2.5,1.1,0.9,0.9,0.0,0.049,0.00245,0.0,0.165,0.3076923076923077,0.8333333333333334,3.6000000000000005,11.000000000000002,Low,0,ยังไม่พบตัวชี้วัดที่เกินเกณฑ์เบื้องต้น,0.5492810755494505
bluefin tuna cooked,276,9.4,2.4,0.0,0.0,44.9,0.0,73.5,0.02,0.001,24.5,12.0,14.461538461538462,0.0,0.0,0.0,Low,0,โคเลสเตอรอลค่อนข้างสูง,0.5492452472527473
cranberry beans raw,653,2.4,0.6,117.1,0.0,44.9,48.2,0.0,0.014,0.0007,0.0,3.0,3.692307692307692,39.03333333333333,192.8,0.0,Low,0,ยังไม่พบตัวชี้วัดที่เกินเกณฑ์เบื้องต้น,0.5491595851648351
celery raw,6,0.045,0.005,1.2,0.5,0.3,0.6,0.0,0.019,0.00095,0.0,0.025,0.0692307692307692,0.4,2.4,5.0,Low,0,ยังไม่พบตัวชี้วัดที่เกินเกณฑ์เบื้องต้น,0.5491522156593406
hand breaded chicken tenders carls jr,57,2.9,0.6,0.2,0.0,0.0,0.0,0.0,0.0,0.0,0.0,3.0,4.461538461538462,0.0666666666666666,0.0,0.0,Low,0,ยังไม่พบตัวชี้วัดที่เกินเกณฑ์เบื้องต้น,0.5491098901098901
poppy seeds,46,3.7,0.4,2.5,0.3,1.6,1.7,0.0,0.079,0.0039499999999999,0.0,2.0,5.6923076923076925,0.8333333333333334,6.800000000000001,3.0,Low,0,ยังไม่พบตัวชี้วัดที่เกินเกณฑ์เบื้องต้น,0.5490637815934066
beef broth powder,8,0.3,0.2,0.6,0.6,0.6,0.0,0.4,0.9,0.045,0.1333333333333333,1.0,0.4615384615384615,0.2,0.0,6.0,Low,0,ยังไม่พบตัวชี้วัดที่เกินเกณฑ์เบื้องต้น,0.5489390567765569
shiitake mushrooms cooked,10,0.007,0.061,2.6,0.7,0.3,0.4,0.0,0.048,0.0024,0.0,0.305,0.0107692307692307,0.8666666666666666,1.6,6.999999999999999,Low,0,ยังไม่พบตัวชี้วัดที่เกินเกณฑ์เบื้องต้น,0.5488655164835166
omelet,94,7.1,2.0,0.4,0.2,6.4,0.0,190.9,0.013,0.00065,63.63333333333333,10.0,10.923076923076923,0.1333333333333333,0.0,2.0,Low,0,โคเลสเตอรอลค่อนข้างสูง,0.5487863337912088
egg fried,90,6.8,2.0,0.4,0.2,6.3,0.0,184.5,0.043,0.0021499999999999,61.5,10.0,10.461538461538462,0.1333333333333333,0.0,2.0,Low,0,โคเลสเตอรอลค่อนข้างสูง,0.548700907967033
water chestnut raw,120,0.1,0.039,29.7,6.0,1.7,3.7,0.0,0.097,0.00485,0.0,0.1949999999999999,0.1538461538461538,9.9,14.800000000000002,60.0,Low,0,ยังไม่พบตัวชี้วัดที่เกินเกณฑ์เบื้องต้น,0.5486312074175824
cayenne pepper,1,0.094,0.043,0.2,0.089,0.039,0.052,0.0,0.059,0.00295,0.0,0.215,0.1446153846153846,0.0666666666666666,0.208,0.89,Low,0,ยังไม่พบตัวชี้วัดที่เกินเกณฑ์เบื้องต้น,0.5486171881868133
vanilla extract,12,0.069,0.003,0.5,0.5,0.0,0.0,0.0,0.061,0.0030499999999999,0.0,0.015,0.1061538461538461,0.1666666666666666,0.0,5.0,Low,0,ยังไม่พบตัวชี้วัดที่เกินเกณฑ์เบื้องต้น,0.548538114010989
serrano pepper,2,0.075,0.072,0.4,0.2,0.1,0.2,0.0,0.067,0.00335,0.0,0.36,0.1153846153846153,0.1333333333333333,0.8,2.0,Low,0,ยังไม่พบตัวชี้วัดที่เกินเกณฑ์เบื้องต้น,0.5485023475274726
mung bean sprouts raw,6,0.044,0.036,1.2,0.8,0.6,0.4,0.0,0.08,0.004,0.0,0.18,0.0676923076923076,0.4,1.6,8.0,Low,0,ยังไม่พบตัวชี้วัดที่เกินเกณฑ์เบื้องต้น,0.5483908791208791
shallots dried,3,0.013,0.063,0.7,0.3,0.1,0.1,0.0,0.059,0.00295,0.0,0.315,0.0199999999999999,0.2333333333333333,0.4,3.0,Low,0,ยังไม่พบตัวชี้วัดที่เกินเกณฑ์เบื้องต้น,0.5482921607142858
hot chile pepper dried,2,0.054,0.001,0.3,0.2,0.054,0.1,0.0,0.041,0.00205,0.0,0.005,0.083076923076923,0.1,0.4,2.0,Low,0,ยังไม่พบตัวชี้วัดที่เกินเกณฑ์เบื้องต้น,0.5481794052197801
potato chips,161,10.4,3.3,15.9,0.007,2.1,1.4,0.0,0.021,0.00105,0.0,16.499999999999996,16.0,5.3,5.6,0.0699999999999999,Low,0,ยังไม่พบตัวชี้วัดที่เกินเกณฑ์เบื้องต้น,0.548137125
non alcoholic wine,2,0.0,0.0,0.3,0.3,0.1,0.0,0.0,0.095,0.00475,0.0,0.0,0.0,0.1,0.0,3.0,Low,0,ยังไม่พบตัวชี้วัดที่เกินเกณฑ์เบื้องต้น,0.5478572321428572
black walnut dried,31,3.0,0.2,0.5,0.018,1.2,0.3,0.0,0.028,0.0014,0.0,1.0,4.615384615384616,0.1666666666666666,1.2,0.18,Low,0,ยังไม่พบตัวชี้วัดที่เกินเกณฑ์เบื้องต้น,0.547818401098901
green olives pickled,4,0.4,0.064,0.1,0.051,0.073,0.057,0.0,0.1,0.005,0.0,0.32,0.6153846153846154,0.0333333333333333,0.2279999999999999,0.5099999999999999,Low,0,ยังไม่พบตัวชี้วัดที่เกินเกณฑ์เบื้องต้น,0.5477803296703296
raspberries,5,0.034,0.005,1.2,0.4,0.1,0.7,0.0,0.054,0.0026999999999999,0.0,0.025,0.0523076923076923,0.4,2.8,4.0,Low,0,ยังไม่พบตัวชี้วัดที่เกินเกณฑ์เบื้องต้น,0.5476945851648352
garden cress raw,3,0.062,0.052,0.5,0.4,0.2,0.063,0.0,0.079,0.0039499999999999,0.0,0.26,0.0953846153846153,0.1666666666666666,0.252,4.0,Low,0,ยังไม่พบตัวชี้วัดที่เกินเกณฑ์เบื้องต้น,0.5474692760989011
salt,0,0.0,0.0,0.0,0.0,0.0,0.0,0.0,7.0,0.35,0.0,0.0,0.0,0.0,0.0,0.0,Low,0,ยังไม่พบตัวชี้วัดที่เกินเกณฑ์เบื้องต้น,0.547375
sesame seeds dried,52,4.5,0.6,2.1,0.031,1.6,1.1,0.0,0.049,0.00245,0.0,3.0,6.923076923076923,0.7000000000000001,4.4,0.31,Low,0,ยังไม่พบตัวชี้วัดที่เกินเกณฑ์เบื้องต้น,0.5473078337912087
salsa verde,6,0.1,0.0,1.0,0.5,0.2,0.3,0.0,0.034,0.0017,0.0,0.0,0.1538461538461538,0.3333333333333333,1.2,5.0,Low,0,ยังไม่พบตัวชี้วัดที่เกินเกณฑ์เบื้องต้น,0.5472619752747252
hotcakes mcdonalds,113,2.9,0.6,19.0,4.4,3.0,0.7,6.4,0.2,0.01,2.1333333333333337,3.0,4.461538461538462,6.333333333333334,2.8,44.00000000000001,Low,0,ยังไม่พบตัวชี้วัดที่เกินเกณฑ์เบื้องต้น,0.5472015567765568
peas onions cooked,81,0.4,0.055,15.5,6.8,4.6,4.0,0.0,0.5,0.025,0.0,0.2749999999999999,0.6153846153846154,5.166666666666667,16.0,68.0,Low,0,ยังไม่พบตัวชี้วัดที่เกินเกณฑ์เบื้องต้น,0.5469828296703296
portabella mushrooms raw,19,0.3,0.036,3.3,2.2,1.8,1.1,0.0,0.014,0.0007,0.0,0.18,0.4615384615384615,1.1,4.4,22.000000000000004,Low,0,ยังไม่พบตัวชี้วัดที่เกินเกณฑ์เบื้องต้น,0.5468903543956043
okra cooked,35,0.3,0.032,7.2,3.8,3.0,4.0,0.0,0.4,0.02,0.0,0.16,0.4615384615384615,2.4,16.0,38.0,Low,0,ยังไม่พบตัวชี้วัดที่เกินเกณฑ์เบื้องต้น,0.5468884615384615
chicken bouillon dry,11,0.6,0.1,0.7,0.7,0.7,0.0,0.5,1.0,0.05,0.1666666666666666,0.5,0.923076923076923,0.2333333333333333,0.0,6.999999999999999,Low,0,ยังไม่พบตัวชี้วัดที่เกินเกณฑ์เบื้องต้น,0.5468209706959707
vegetable fruit juice,9,0.017,0.0,2.2,0.6,0.071,0.0,0.0,0.043,0.0021499999999999,0.0,0.0,0.0261538461538461,0.7333333333333334,0.0,6.0,Low,0,ยังไม่พบตัวชี้วัดที่เกินเกณฑ์เบื้องต้น,0.5468180782967033
blue cheese dressing light,14,0.4,0.1,2.1,0.6,0.3,0.0,1.6,0.2,0.01,0.5333333333333334,0.5,0.6153846153846154,0.7000000000000001,0.0,6.0,Low,0,ยังไม่พบตัวชี้วัดที่เกินเกณฑ์เบื้องต้น,0.546726282051282
chili pepper sauce green,3,0.032,0.048,0.8,0.4,0.1,0.3,0.0,0.03,0.0014999999999999,0.0,0.24,0.0492307692307692,0.2666666666666667,1.2,4.0,Low,0,ยังไม่พบตัวชี้วัดที่เกินเกณฑ์เบื้องต้น,0.5465838049450549
sesame butter,94,8.1,1.1,3.8,0.0,2.9,0.9,0.0,0.031,0.00155,0.0,5.500000000000001,12.461538461538462,1.2666666666666666,3.6000000000000005,0.0,Low,0,ยังไม่พบตัวชี้วัดที่เกินเกณฑ์เบื้องต้น,0.5464911222527472
olives,10,0.9,0.2,0.5,0.0,0.09,0.1,0.0,0.001,5e-05,0.0,1.0,1.3846153846153846,0.1666666666666666,0.4,0.0,Low,0,ยังไม่พบตัวชี้วัดที่เกินเกณฑ์เบื้องต้น,0.5464542953296703
sunflower seeds dry roasted,47,4.0,0.4,1.9,0.2,1.5,0.9,0.0,0.067,0.00335,0.0,2.0,6.153846153846154,0.6333333333333333,3.6000000000000005,2.0,Low,0,ยังไม่พบตัวชี้วัดที่เกินเกณฑ์เบื้องต้น,0.5464281717032967
graham crackers,355,8.5,1.3,64.5,26.1,5.8,2.4,0.0,0.4,0.02,0.0,6.5,13.076923076923078,21.5,9.6,261.00000000000006,Medium,1,น้ำตาลถึงหรือเกิน 10 กรัมต่อมื้อ,0.5464159340659341
whitefish cooked,265,11.6,1.8,0.0,0.0,37.7,0.0,118.6,0.1,0.005,39.53333333333333,9.0,17.846153846153847,0.0,0.0,0.0,Low,0,โคเลสเตอรอลค่อนข้างสูง,0.5462949175824177
scallop squash cooked,29,0.3,0.034,5.9,2.7,1.9,3.4,0.0,0.4,0.02,0.0,0.17,0.4615384615384615,1.966666666666667,13.6,27.0,Low,0,ยังไม่พบตัวชี้วัดที่เกินเกณฑ์เบื้องต้น,0.5462098901098901
roe raw,20,0.9,0.2,0.2,0.0,3.1,0.0,52.4,0.052,0.0026,17.466666666666665,1.0,1.3846153846153846,0.0666666666666666,0.0,0.0,Low,0,ยังไม่พบตัวชี้วัดที่เกินเกณฑ์เบื้องต้น,0.5461077893772893
chokecherries,249,2.6,0.0,51.8,14.4,4.7,30.8,0.0,0.078,0.0039,0.0,0.0,4.0,17.266666666666666,123.2,144.0,Medium,1,น้ำตาลถึงหรือเกิน 10 กรัมต่อมื้อ,0.5460064642857144
chili pepper sauce red,3,0.089,0.073,0.6,0.4,0.1,0.1,0.0,0.003,0.00015,0.0,0.3649999999999999,0.1369230769230769,0.2,0.4,4.0,Low,0,ยังไม่พบตัวชี้วัดที่เกินเกณฑ์เบื้องต้น,0.5459362376373627
tomato chili sauce,6,0.095,0.076,1.2,0.6,0.2,0.4,0.0,0.083,0.00415,0.0,0.38,0.1461538461538461,0.4,1.6,6.0,Low,0,ยังไม่พบตัวชี้วัดที่เกินเกณฑ์เบื้องต้น,0.5458012925824175
cranberries dried,370,1.6,0.1,98.8,78.0,0.053,6.8,0.0,0.037,0.0018499999999999,0.0,0.5,2.4615384615384617,32.93333333333333,27.200000000000003,780.0,Medium,1,น้ำตาลถึงหรือเกิน 10 กรัมต่อมื้อ,0.5457585151098902
mixed nuts roasted,178,15.4,2.0,7.6,1.4,5.2,2.7,0.0,0.1,0.005,0.0,10.0,23.692307692307693,2.533333333333333,10.8,13.999999999999998,Low,0,ยังไม่พบตัวชี้วัดที่เกินเกณฑ์เบื้องต้น,0.5456767857142857
salsa sauce,5,0.039,0.07,1.2,0.7,0.3,0.3,0.0,0.1,0.005,0.0,0.35,0.06,0.4,1.2,6.999999999999999,Low,0,ยังไม่พบตัวชี้วัดที่เกินเกณฑ์เบื้องต้น,0.5456196428571428
onion cooked,7,0.034,0.095,1.5,0.7,0.2,0.2,0.0,0.04,0.002,0.0,0.475,0.0523076923076923,0.5,0.8,6.999999999999999,Low,0,ยังไม่พบตัวชี้วัดที่เกินเกณฑ์เบื้องต้น,0.5455926923076924
gatorade g2 pepsi,2,0.052,0.0,0.6,0.4,0.069,0.0,0.0,0.011,0.00055,0.0,0.0,0.0799999999999999,0.2,0.0,4.0,Low,0,ยังไม่พบตัวชี้วัดที่เกินเกณฑ์เบื้องต้น,0.5454012321428571
ranch dressing fat free,17,0.3,0.007,3.7,0.7,0.039,0.088,1.0,0.1,0.005,0.3333333333333333,0.0349999999999999,0.4615384615384615,1.2333333333333334,0.352,6.999999999999999,Low,0,ยังไม่พบตัวชี้วัดที่เกินเกณฑ์เบื้องต้น,0.5453694139194141
pecan shortbread cookies,76,4.6,1.1,8.2,0.0,0.7,0.3,4.6,0.002,0.0001,1.5333333333333332,5.500000000000001,7.076923076923077,2.733333333333333,1.2,0.0,Low,0,ยังไม่พบตัวชี้วัดที่เกินเกณฑ์เบื้องต้น,0.5452675650183151
pork centre rib roasts raw,275,9.7,3.3,0.0,0.0,44.0,0.0,113.1,0.1,0.005,37.7,16.499999999999996,14.923076923076922,0.0,0.0,0.0,Low,0,โคเลสเตอรอลค่อนข้างสูง,0.5451822802197803
whitefish raw,265,11.6,1.8,0.0,0.0,37.8,0.0,118.8,0.1,0.005,39.599999999999994,9.0,17.846153846153847,0.0,0.0,0.0,Low,0,โคเลสเตอรอลค่อนข้างสูง,0.5450449175824177
potato chips reduced fat,801,35.4,7.1,113.7,0.4,12.1,10.0,0.0,0.8,0.04,0.0,35.5,54.46153846153846,37.9,40.0,4.0,Low,0,ไขมันอิ่มตัวค่อนข้างสูง,0.54495
seatrout raw,248,8.6,2.4,0.0,0.0,39.8,0.0,197.5,0.1,0.005,65.83333333333333,12.0,13.23076923076923,0.0,0.0,0.0,Low,0,โคเลสเตอรอลค่อนข้างสูง,0.5449460164835166
corn cake,35,0.2,0.019,7.5,2.1,0.7,0.2,0.0,0.01,0.0005,0.0,0.095,0.3076923076923077,2.5,0.8,21.000000000000004,Low,0,ยังไม่พบตัวชี้วัดที่เกินเกณฑ์เบื้องต้น,0.5449385576923077
red salmon sockeye filets smoked,373,12.3,2.8,0.0,0.0,65.5,0.0,167.4,0.065,0.00325,55.8,13.999999999999998,18.923076923076923,0.0,0.0,0.0,Low,0,โคเลสเตอรอลค่อนข้างสูง,0.5449096909340659
pie crust,121,8.0,2.0,10.9,0.045,1.5,0.4,0.0,0.1,0.005,0.0,10.0,12.307692307692308,3.6333333333333337,1.6,0.4499999999999999,Low,0,ยังไม่พบตัวชี้วัดที่เกินเกณฑ์เบื้องต้น,0.5448726648351648
beef mince meat asda,55,3.1,1.3,6.8,0.054,0.0,0.0,0.0,0.0,0.0,0.0,6.5,4.769230769230769,2.2666666666666666,0.0,0.54,Low,0,ยังไม่พบตัวชี้วัดที่เกินเกณฑ์เบื้องต้น,0.5448493406593407
winter squash raw,39,0.2,0.019,10.0,2.6,1.1,1.7,0.0,0.027,0.0013499999999999,0.0,0.095,0.3076923076923077,3.3333333333333335,6.800000000000001,26.0,Low,0,ยังไม่พบตัวชี้วัดที่เกินเกณฑ์เบื้องต้น,0.544717896978022
onion rings fried,27,1.6,0.3,2.8,0.4,0.3,0.2,0.0,0.015,0.0007499999999999,0.0,1.5,2.4615384615384617,0.9333333333333332,0.8,4.0,Low,0,ยังไม่พบตัวชี้วัดที่เกินเกณฑ์เบื้องต้น,0.5447114079670329
corn dried,119,3.0,0.6,18.8,6.0,4.1,5.8,0.0,0.029,0.00145,0.0,3.0,4.615384615384616,6.266666666666667,23.2,60.0,Low,0,ยังไม่พบตัวชี้วัดที่เกินเกณฑ์เบื้องต้น,0.5446237403846154
hazelnuts roasted,194,18.7,1.4,5.3,1.5,4.5,2.8,0.0,0.0,0.0,0.0,6.999999999999999,28.76923076923077,1.7666666666666668,11.2,15.0,Low,0,ยังไม่พบตัวชี้วัดที่เกินเกณฑ์เบื้องต้น,0.5446071428571428
american grapes,2,0.087,0.029,0.4,0.4,0.035,0.09,0.0,0.056,0.0028,0.0,0.145,0.1338461538461538,0.1333333333333333,0.36,4.0,Low,0,ยังไม่พบตัวชี้วัดที่เกินเกณฑ์เบื้องต้น,0.5445555109890109
jalapeno pepper,4,0.002,0.06,0.9,0.6,0.1,0.4,0.0,0.028,0.0014,0.0,0.3,0.003076923076923,0.3,1.6,6.0,Low,0,ยังไม่พบตัวชี้วัดที่เกินเกณฑ์เบื้องต้น,0.5445021373626373
lamb foreshank cooked,360,19.9,8.3,0.0,0.0,42.0,0.0,156.9,0.1,0.005,52.3,41.5,30.61538461538461,0.0,0.0,0.0,Low,0,โคเลสเตอรอลค่อนข้างสูง | ไขมันอิ่มตัวค่อนข้างสูง,0.5442482142857143
potato sticks,188,12.4,3.2,19.2,0.006,2.4,1.2,0.0,0.2,0.01,0.0,16.0,19.076923076923077,6.4,4.8,0.06,Low,0,ยังไม่พบตัวชี้วัดที่เกินเกณฑ์เบื้องต้น,0.5441866483516483
horseradish,2,0.085,0.007,0.6,0.4,0.003,0.2,0.0,0.039,0.00195,0.0,0.0349999999999999,0.1307692307692307,0.2,0.8,4.0,Low,0,ยังไม่พบตัวชี้วัดที่เกินเกณฑ์เบื้องต้น,0.5441849629120878
american cheese spread,46,3.4,2.1,1.4,1.2,2.6,0.0,8.8,0.3,0.015,2.9333333333333336,10.500000000000002,5.230769230769231,0.4666666666666666,0.0,12.0,Low,0,ยังไม่พบตัวชี้วัดที่เกินเกณฑ์เบื้องต้น,0.5441091117216118
radish pickled,42,0.5,0.1,7.8,3.0,1.7,3.3,0.0,1.2,0.06,0.0,0.5,0.7692307692307693,2.6,13.2,30.0,Low,0,ยังไม่พบตัวชี้วัดที่เกินเกณฑ์เบื้องต้น,0.5440307692307692
dried tomatoes,5,0.053,0.032,1.1,0.8,0.3,0.2,0.0,0.069,0.00345,0.0,0.16,0.0815384615384615,0.3666666666666667,0.8,8.0,Low,0,ยังไม่พบตัวชี้วัดที่เกินเกณฑ์เบื้องต้น,0.5439697293956043
rhubarb cooked,278,0.1,0.08,74.9,68.9,0.9,4.8,0.0,0.007,0.00035,0.0,0.4,0.1538461538461538,24.96666666666667,19.2,689.0,Medium,1,น้ำตาลถึงหรือเกิน 10 กรัมต่อมื้อ,0.5439506717032967
iceberg lettuce,8,0.045,0.089,1.7,1.1,0.5,0.7,0.0,0.022,0.0011,0.0,0.445,0.0692307692307692,0.5666666666666667,2.8,11.000000000000002,Low,0,ยังไม่พบตัวชี้วัดที่เกินเกณฑ์เบื้องต้น,0.5437939478021978
gourd raw,19,0.2,0.07,4.1,1.9,1.1,1.0,0.0,0.03,0.0014999999999999,0.0,0.35,0.3076923076923077,1.3666666666666665,4.0,19.0,Low,0,ยังไม่พบตัวชี้วัดที่เกินเกณฑ์เบื้องต้น,0.5437882005494505
kohlrabi cooked,48,0.2,0.041,11.0,4.6,3.0,1.8,0.0,0.035,0.00175,0.0,0.205,0.3076923076923077,3.6666666666666665,7.200000000000001,46.0,Low,0,ยังไม่พบตัวชี้วัดที่เกินเกณฑ์เบื้องต้น,0.5436077541208791
nance syrup,4,0.002,0.0,0.8,0.6,0.028,0.3,0.0,0.035,0.00175,0.0,0.0,0.003076923076923,0.2666666666666667,1.2,6.0,Low,0,ยังไม่พบตัวชี้วัดที่เกินเกณฑ์เบื้องต้น,0.5435995123626373
mock tender steak raw,244,8.3,3.6,0.0,0.0,42.2,0.0,132.7,0.2,0.01,44.23333333333333,18.0,12.769230769230772,0.0,0.0,0.0,Low,0,โคเลสเตอรอลค่อนข้างสูง,0.5435843406593407
sweet sour dressing,2,0.0,0.0,0.6,0.6,0.082,0.0,0.0,0.065,0.00325,0.0,0.0,0.0,0.2,0.0,6.0,Low,0,ยังไม่พบตัวชี้วัดที่เกินเกณฑ์เบื้องต้น,0.5431434821428571
seatrout cooked,247,8.6,2.4,0.0,0.0,39.9,0.0,197.2,0.1,0.005,65.73333333333333,12.0,13.23076923076923,0.0,0.0,0.0,Low,0,โคเลสเตอรอลค่อนข้างสูง,0.543124587912088
pork centre loin chops raw,338,18.0,6.0,0.0,0.0,41.2,0.0,137.3,0.1,0.005,45.76666666666667,30.0,27.692307692307693,0.0,0.0,0.0,Low,0,โคเลสเตอรอลค่อนข้างสูง | ไขมันอิ่มตัวค่อนข้างสูง,0.5431053571428572
celery cooked,7,0.098,0.064,1.5,0.9,0.3,0.6,0.0,0.093,0.00465,0.0,0.32,0.1507692307692307,0.5,2.4,9.0,Low,0,ยังไม่พบตัวชี้วัดที่เกินเกณฑ์เบื้องต้น,0.5430843557692308
crookneck squash canned,27,0.1,0.088,6.2,2.5,1.3,2.9,0.0,0.006,0.0003,0.0,0.4399999999999999,0.1538461538461538,2.0666666666666664,11.6,25.0,Low,0,ยังไม่พบตัวชี้วัดที่เกินเกณฑ์เบื้องต้น,0.5430224752747252
leeks cooked,38,0.2,0.086,9.4,2.6,1.0,1.2,0.0,0.067,0.00335,0.0,0.43,0.3076923076923077,3.1333333333333333,4.8,26.0,Low,0,ยังไม่พบตัวชี้วัดที่เกินเกณฑ์เบื้องต้น,0.5428814684065935
tuna canned in oil,331,14.4,2.3,0.0,0.0,47.2,0.0,55.2,0.7,0.0349999999999999,18.4,11.5,22.153846153846153,0.0,0.0,0.0,Low,0,ยังไม่พบตัวชี้วัดที่เกินเกณฑ์เบื้องต้น,0.5428803571428572
egg white delight mcdonalds,250,16.0,4.0,0.0,0.0,0.0,0.0,0.0,0.0,0.0,0.0,20.0,24.615384615384617,0.0,0.0,0.0,Low,0,ยังไม่พบตัวชี้วัดที่เกินเกณฑ์เบื้องต้น,0.5428571428571428
chayote raw,25,0.2,0.027,6.0,2.2,1.1,2.2,0.0,0.094,0.0046999999999999,0.0,0.135,0.3076923076923077,2.0,8.8,22.000000000000004,Low,0,ยังไม่พบตัวชี้วัดที่เกินเกณฑ์เบื้องต้น,0.542692771978022
crackers,82,4.2,0.9,9.8,1.3,1.1,0.4,0.0,0.1,0.005,0.0,4.5,6.461538461538462,3.266666666666667,1.6,13.0,Low,0,ยังไม่พบตัวชี้วัดที่เกินเกณฑ์เบื้องต้น,0.5426081043956045
strawberries,4,0.069,0.057,0.9,0.6,0.01,0.2,0.0,0.068,0.0034,0.0,0.285,0.1061538461538461,0.3,0.8,6.0,Low,0,ยังไม่พบตัวชี้วัดที่เกินเกณฑ์เบื้องต้น,0.5425890604395603
pistachio nuts roasted,172,13.7,1.7,8.5,2.3,6.3,3.1,0.0,0.008,0.0003999999999999,0.0,8.5,21.076923076923077,2.833333333333333,12.4,23.0,Low,0,ยังไม่พบตัวชี้วัดที่เกินเกณฑ์เบื้องต้น,0.5425327142857143
gingersnap cookies,29,0.7,0.2,5.4,1.4,0.4,0.2,0.0,0.012,0.0006,0.0,1.0,1.0769230769230769,1.8000000000000005,0.8,13.999999999999998,Low,0,ยังไม่พบตัวชี้วัดที่เกินเกณฑ์เบื้องต้น,0.5424900054945054
lemons,17,0.2,0.063,5.4,1.5,0.6,1.6,0.0,0.045,0.00225,0.0,0.315,0.3076923076923077,1.8000000000000005,6.4,15.0,Low,0,ยังไม่พบตัวชี้วัดที่เกินเกณฑ์เบื้องต้น,0.5423897184065934
turkey bologna,59,4.5,1.2,1.3,0.8,3.2,0.1,21.0,0.3,0.015,7.000000000000001,6.0,6.923076923076923,0.4333333333333333,0.4,8.0,Low,0,ยังไม่พบตัวชี้วัดที่เกินเกณฑ์เบื้องต้น,0.5421787087912088
baby carrots,5,0.053,0.015,1.2,0.7,0.031,0.4,0.0,0.097,0.00485,0.0,0.075,0.0815384615384615,0.4,1.6,6.999999999999999,Low,0,ยังไม่พบตัวชี้วัดที่เกินเกณฑ์เบื้องต้น,0.5420967293956044
peas carrots cooked,77,0.7,0.1,16.2,7.0,4.9,5.0,0.0,0.5,0.025,0.0,0.5,1.0769230769230769,5.4,20.0,70.0,Low,0,ยังไม่พบตัวชี้วัดที่เกินเกณฑ์เบื้องต้น,0.5419855769230769
plantain chips,150,8.4,2.4,18.1,0.3,0.6,1.0,0.0,0.039,0.00195,0.0,12.0,12.923076923076923,6.033333333333333,4.0,3.0,Low,0,ยังไม่พบตัวชี้วัดที่เกินเกณฑ์เบื้องต้น,0.5417765837912087
sesame crunch,9,0.6,0.096,0.9,0.6,0.2,0.1,0.0,0.027,0.0013499999999999,0.0,0.48,0.923076923076923,0.3,0.4,6.0,Low,0,ยังไม่พบตัวชี้วัดที่เกินเกณฑ์เบื้องต้น,0.5417096552197802
beef salami cooked,68,5.8,2.6,0.5,0.4,3.3,0.0,18.5,0.3,0.015,6.166666666666667,13.0,8.923076923076923,0.1666666666666666,0.0,4.0,Low,0,ยังไม่พบตัวชี้วัดที่เกินเกณฑ์เบื้องต้น,0.5416548992673993
sauerkraut canned,27,0.2,0.023,6.1,2.5,1.3,4.1,0.0,0.9,0.045,0.0,0.1149999999999999,0.3076923076923077,2.033333333333333,16.4,25.0,Low,0,ยังไม่พบตัวชี้วัดที่เกินเกณฑ์เบื้องต้น,0.5415333791208792
corn canned,49,0.6,0.032,11.1,3.3,1.6,1.4,0.0,0.2,0.01,0.0,0.16,0.923076923076923,3.7,5.6,32.99999999999999,Low,0,ยังไม่พบตัวชี้วัดที่เกินเกณฑ์เบื้องต้น,0.541501923076923
tamarinds,5,0.013,0.023,1.3,0.8,0.057,0.1,0.0,0.007,0.00035,0.0,0.1149999999999999,0.0199999999999999,0.4333333333333333,0.4,8.0,Low,0,ยังไม่พบตัวชี้วัดที่เกินเกณฑ์เบื้องต้น,0.5414170178571428
beef gravy instant,25,0.6,0.3,4.1,1.6,0.7,0.3,0.7,0.3,0.015,0.2333333333333333,1.5,0.923076923076923,1.3666666666666665,1.2,16.0,Low,0,ยังไม่พบตัวชี้วัดที่เกินเกณฑ์เบื้องต้น,0.541416804029304
hash brown potato,144,9.0,1.3,15.3,0.3,1.4,1.4,0.0,0.3,0.015,0.0,6.5,13.846153846153848,5.1000000000000005,5.6,3.0,Low,0,ยังไม่พบตัวชี้วัดที่เกินเกณฑ์เบื้องต้น,0.5413270604395604
mung bean sprouts cooked,24,0.1,0.05,4.5,3.5,2.5,1.0,0.0,0.3,0.015,0.0,0.25,0.1538461538461538,1.5,4.0,35.0,Low,0,ยังไม่พบตัวชี้วัดที่เกินเกณฑ์เบื้องต้น,0.5411979395604395
leeks raw,54,0.3,0.049,12.6,3.5,1.3,1.6,0.0,0.003,0.00015,0.0,0.245,0.4615384615384615,4.199999999999999,6.4,35.0,Low,0,ยังไม่พบตัวชี้วัดที่เกินเกณฑ์เบื้องต้น,0.5411444793956044
arroz con leche,369,9.3,4.8,63.0,38.6,8.1,1.3,20.2,0.3,0.015,6.7333333333333325,24.0,14.30769230769231,21.0,5.2,386.00000000000006,Medium,1,น้ำตาลถึงหรือเกิน 10 กรัมต่อมื้อ,0.5411393315018316
peanut butter,88,7.4,1.4,3.6,1.0,3.3,0.9,0.0,0.085,0.00425,0.0,6.999999999999999,11.384615384615383,1.2,3.6000000000000005,10.0,Low,0,ยังไม่พบตัวชี้วัดที่เกินเกณฑ์เบื้องต้น,0.5411192239010989
onions canned,12,0.084,0.045,2.5,1.4,0.5,0.8,0.0,0.2,0.01,0.0,0.2249999999999999,0.1292307692307692,0.8333333333333334,3.2,13.999999999999998,Low,0,ยังไม่พบตัวชี้วัดที่เกินเกณฑ์เบื้องต้น,0.541062912087912
milk crackers,50,1.7,0.3,7.7,1.8,0.8,0.2,1.2,0.095,0.00475,0.4,1.5,2.6153846153846154,2.566666666666667,0.8,18.0,Low,0,ยังไม่พบตัวชี้วัดที่เกินเกณฑ์เบื้องต้น,0.5409204189560439
hungarian pepper,8,0.1,0.082,1.8,1.0,0.2,0.3,0.0,0.028,0.0014,0.0,0.41,0.1538461538461538,0.6,1.2,10.0,Low,0,ยังไม่พบตัวชี้วัดที่เกินเกณฑ์เบื้องต้น,0.5409070824175825
popcorn oil popped,64,4.8,0.8,5.0,0.027,0.8,0.9,0.0,0.018,0.0008999999999999,0.0,4.0,7.384615384615384,1.6666666666666667,3.6000000000000005,0.27,Low,0,ยังไม่พบตัวชี้วัดที่เกินเกณฑ์เบื้องต้น,0.5407750631868131
cashew nuts roasted,174,14.3,2.5,9.0,1.5,5.1,1.0,0.0,0.091,0.00455,0.0,12.5,22.0,3.0,4.0,15.0,Low,0,ยังไม่พบตัวชี้วัดที่เกินเกณฑ์เบื้องต้น,0.5406444464285715
cream of mushroom soup,199,13.4,2.4,17.1,1.0,3.4,1.8,0.0,1.7,0.0849999999999999,0.0,12.0,20.615384615384617,5.7,7.200000000000001,10.0,Low,0,ยังไม่พบตัวชี้วัดที่เกินเกณฑ์เบื้องต้น,0.5405767857142857
duck egg,130,9.6,2.6,1.0,0.7,9.0,0.0,618.8,0.1,0.005,206.26666666666665,13.0,14.769230769230768,0.3333333333333333,0.0,6.999999999999999,Medium,1,โคเลสเตอรอลค่อนข้างสูง,0.5404789835164835
kohlrabi raw,72,0.3,0.007,16.4,6.9,4.5,9.5,0.0,0.063,0.00315,0.0,0.0349999999999999,0.4615384615384615,5.466666666666666,38.0,69.0,Low,0,ยังไม่พบตัวชี้วัดที่เกินเกณฑ์เบื้องต้น,0.5404076936813187
beef round steak cooked,385,12.1,4.3,0.0,0.0,64.8,0.0,174.3,0.011,0.00055,58.10000000000001,21.5,18.615384615384613,0.0,0.0,0.0,Low,0,โคเลสเตอรอลค่อนข้างสูง,0.5403804903846154
side salad mcdonalds,17,0.2,0.014,3.7,1.9,0.9,1.4,0.0,0.037,0.0018499999999999,0.0,0.0699999999999999,0.3076923076923077,1.2333333333333334,5.6,19.0,Low,0,ยังไม่พบตัวชี้วัดที่เกินเกณฑ์เบื้องต้น,0.5401427184065933
beef pork bologna,92,7.4,2.8,1.6,1.3,4.6,0.0,18.0,0.3,0.015,6.0,13.999999999999998,11.384615384615383,0.5333333333333334,0.0,13.0,Low,0,ยังไม่พบตัวชี้วัดที่เกินเกณฑ์เบื้องต้น,0.5400743131868131
nutmeg ground,12,0.8,0.6,1.1,0.6,0.1,0.5,0.0,0.095,0.00475,0.0,3.0,1.2307692307692308,0.3666666666666667,2.0,6.0,Low,0,ยังไม่พบตัวชี้วัดที่เกินเกณฑ์เบื้องต้น,0.5398407486263737
pecans roasted,215,22.6,2.2,3.9,1.2,2.8,2.9,0.0,0.062,0.0031,0.0,11.000000000000002,34.76923076923077,1.3,11.6,12.0,Low,0,ยังไม่พบตัวชี้วัดที่เกินเกณฑ์เบื้องต้น,0.5398338928571429
cucumber peeled,16,0.2,0.1,2.9,1.8,0.8,0.9,0.0,0.098,0.0049,0.0,0.5,0.3076923076923077,0.9666666666666668,3.6000000000000005,18.0,Low,0,ยังไม่พบตัวชี้วัดที่เกินเกณฑ์เบื้องต้น,0.5397984148351649
grapes,3,0.044,0.041,0.9,0.8,0.045,0.087,0.0,0.009,0.0004499999999999,0.0,0.205,0.0676923076923076,0.3,0.348,8.0,Low,0,ยังไม่พบตัวชี้วัดที่เกินเกณฑ์เบื้องต้น,0.5397657184065934
jellybeans,4,0.043,0.0,1.0,0.8,0.0,0.083,0.0,0.076,0.0038,0.0,0.0,0.0661538461538461,0.3333333333333333,0.332,8.0,Low,0,ยังไม่พบตัวชี้วัดที่เกินเกณฑ์เบื้องต้น,0.5397610604395604
dill pickled cucumber,17,0.2,0.08,3.7,1.9,0.9,1.6,0.0,1.3,0.065,0.0,0.4,0.3076923076923077,1.2333333333333334,6.4,19.0,Low,0,ยังไม่พบตัวชี้วัดที่เกินเกณฑ์เบื้องต้น,0.5396690934065934
turbot raw,388,12.0,3.1,0.0,0.0,65.5,0.0,195.8,0.6,0.03,65.26666666666668,15.5,18.461538461538463,0.0,0.0,0.0,Low,0,โคเลสเตอรอลค่อนข้างสูง,0.5395991758241758
turbot cooked,388,12.0,0.0,0.0,0.0,65.4,0.0,197.2,0.6,0.03,65.73333333333333,0.0,18.461538461538463,0.0,0.0,0.0,Low,0,โคเลสเตอรอลค่อนข้างสูง,0.5395991758241758
potato pancake,59,3.2,0.5,6.1,0.4,1.3,0.7,20.9,0.2,0.01,6.966666666666667,2.5,4.923076923076923,2.033333333333333,2.8,4.0,Low,0,ยังไม่พบตัวชี้วัดที่เกินเกณฑ์เบื้องต้น,0.5395495421245421
chunky peanut butter,94,8.0,1.2,3.5,1.3,3.8,1.3,0.0,0.03,0.0014999999999999,0.0,6.0,12.307692307692308,1.1666666666666667,5.2,13.0,Low,0,ยังไม่พบตัวชี้วัดที่เกินเกณฑ์เบื้องต้น,0.5393953434065933
walnut,33,3.3,0.3,0.7,0.1,0.8,0.3,0.0,0.041,0.00205,0.0,1.5,5.076923076923077,0.2333333333333333,1.2,1.0,Low,0,ยังไม่พบตัวชี้วัดที่เกินเกณฑ์เบื้องต้น,0.5392648447802197
caviar,42,2.9,0.6,0.6,0.0,3.9,0.0,94.1,0.2,0.01,31.366666666666664,3.0,4.461538461538462,0.2,0.0,0.0,Low,0,โคเลสเตอรอลค่อนข้างสูง,0.5392134615384615
cranberry sauce sweetened,418,0.4,0.056,107.8,105.0,0.6,2.8,0.0,0.076,0.0038,0.0,0.2799999999999999,0.6153846153846154,35.93333333333334,11.2,1050.0,Medium,1,น้ำตาลถึงหรือเกิน 10 กรัมต่อมื้อ,0.5389989725274725
chicken box mcdonalds,70,4.0,0.8,5.5,0.5,0.2,0.0,0.0,0.0,0.0,0.0,4.0,6.153846153846154,1.8333333333333333,0.0,5.0,Low,0,ยังไม่พบตัวชี้วัดที่เกินเกณฑ์เบื้องต้น,0.5388461538461539
scrambled eggs,100,7.6,2.9,1.0,0.8,6.5,0.0,200.2,0.1,0.005,66.73333333333333,14.499999999999998,11.692307692307692,0.3333333333333333,0.0,8.0,Low,0,โคเลสเตอรอลค่อนข้างสูง,0.5386630494505494
pork gravy powder,25,0.6,0.3,4.3,1.7,0.6,0.2,0.7,0.4,0.02,0.2333333333333333,1.5,0.923076923076923,1.4333333333333331,0.8,17.0,Low,0,ยังไม่พบตัวชี้วัดที่เกินเกณฑ์เบื้องต้น,0.538629304029304
snap beans raw,31,0.2,0.051,7.0,3.3,1.8,2.7,0.0,0.025,0.00125,0.0,0.2549999999999999,0.3076923076923077,2.3333333333333335,10.8,32.99999999999999,Low,0,ยังไม่พบตัวชี้วัดที่เกินเกณฑ์เบื้องต้น,0.5383972184065935
american cheese,93,7.9,4.5,0.9,0.6,4.5,0.0,25.0,0.4,0.02,8.333333333333332,22.5,12.153846153846152,0.3,0.0,6.0,Low,0,ยังไม่พบตัวชี้วัดที่เกินเกณฑ์เบื้องต้น,0.5382556776556776
muenster cheese,486,39.7,25.2,1.5,1.5,30.9,0.0,126.7,0.8,0.04,42.233333333333334,126.0,61.07692307692309,0.5,0.0,15.0,Medium,1,โคเลสเตอรอลค่อนข้างสูง | ไขมันอิ่มตัวค่อนข้างสูง,0.5382357142857143
zucchini cooked,27,0.6,0.1,4.8,3.1,2.1,1.8,0.0,0.077,0.00385,0.0,0.5,0.923076923076923,1.6,7.200000000000001,31.0,Low,0,ยังไม่พบตัวชี้วัดที่เกินเกณฑ์เบื้องต้น,0.5382266195054946
cowpeas raw,41,0.3,0.082,8.9,4.7,3.1,3.1,0.0,0.026,0.0013,0.0,0.41,0.4615384615384615,2.966666666666667,12.4,47.0,Low,0,ยังไม่พบตัวชี้วัดที่เกินเกณฑ์เบื้องต้น,0.5382072829670329
onion raw,16,0.048,0.077,3.7,1.7,0.4,0.7,0.0,0.065,0.00325,0.0,0.385,0.0738461538461538,1.2333333333333334,2.8,17.0,Low,0,ยังไม่พบตัวชี้วัดที่เกินเกณฑ์เบื้องต้น,0.538064635989011
cherries,5,0.056,0.053,1.3,1.0,0.068,0.2,0.0,0.0,0.0,0.0,0.265,0.0861538461538461,0.4333333333333333,0.8,10.0,Low,0,ยังไม่พบตัวชี้วัดที่เกินเกณฑ์เบื้องต้น,0.538060989010989
brazilnuts dried,33,3.3,0.8,0.6,0.1,0.7,0.4,0.0,0.073,0.00365,0.0,4.0,5.076923076923077,0.2,1.6,1.0,Low,0,ยังไม่พบตัวชี้วัดที่เกินเกณฑ์เบื้องต้น,0.5380028447802198
carrots cooked,16,0.092,0.096,3.8,1.6,0.3,1.4,0.0,0.025,0.00125,0.0,0.48,0.1415384615384615,1.2666666666666666,5.6,16.0,Low,0,ยังไม่พบตัวชี้วัดที่เกินเกณฑ์เบื้องต้น,0.5378219436813186
shortbread cookies,40,1.9,0.5,5.2,1.2,0.5,0.1,1.6,0.097,0.00485,0.5333333333333334,2.5,2.923076923076923,1.7333333333333332,0.4,12.0,Low,0,ยังไม่พบตัวชี้วัดที่เกินเกณฑ์เบื้องต้น,0.5378143576007327
sour pickles,17,0.3,0.079,3.5,1.6,0.5,1.9,0.0,1.9,0.095,0.0,0.395,0.4615384615384615,1.1666666666666667,7.6,16.0,Low,0,ยังไม่พบตัวชี้วัดที่เกินเกณฑ์เบื้องต้น,0.5377902472527473
beef lungs cooked,364,11.2,3.8,0.0,0.0,61.8,0.0,839.3,0.3,0.015,279.76666666666665,19.0,17.23076923076923,0.0,0.0,0.0,Medium,1,โคเลสเตอรอลค่อนข้างสูง,0.5376567307692307
sweet sour pork,38,2.2,0.4,3.3,1.4,1.2,0.1,3.4,0.003,0.00015,1.1333333333333333,2.0,3.384615384615385,1.1,0.4,13.999999999999998,Low,0,ยังไม่พบตัวชี้วัดที่เกินเกณฑ์เบื้องต้น,0.537495211996337
pili nuts dried,863,95.5,37.4,4.8,0.0,13.0,0.0,0.0,0.014,0.0007,0.0,187.0,146.92307692307693,1.6,0.0,0.0,Medium,1,ไขมันอิ่มตัวค่อนข้างสูง,0.53749475
pecan pie,503,27.1,4.9,63.7,0.0,6.0,0.0,106.1,0.3,0.015,35.36666666666666,24.500000000000004,41.69230769230769,21.233333333333334,0.0,0.0,Low,0,โคเลสเตอรอลค่อนข้างสูง,0.5374589285714286
pork centre loin chops cooked,328,17.4,5.5,0.0,0.0,40.2,0.0,131.9,0.065,0.00325,43.96666666666667,27.500000000000004,26.769230769230766,0.0,0.0,0.0,Low,0,โคเลสเตอรอลค่อนข้างสูง,0.5374041964285714
mulberries,6,0.049,0.004,1.5,1.2,0.2,0.3,0.0,0.021,0.00105,0.0,0.02,0.0753846153846153,0.5,1.2,12.0,Low,0,ยังไม่พบตัวชี้วัดที่เกินเกณฑ์เบื้องต้น,0.5373553118131869
pork lungs cooked,297,9.3,3.3,0.0,0.0,49.8,0.0,1161.0,0.2,0.01,387.0,16.499999999999996,14.30769230769231,0.0,0.0,0.0,Medium,1,โคเลสเตอรอลค่อนข้างสูง,0.5373315934065934
pan dulce bread,231,7.3,1.4,35.5,7.9,5.9,1.4,18.9,0.1,0.005,6.3,6.999999999999999,11.23076923076923,11.833333333333334,5.6,79.0,Low,0,ยังไม่พบตัวชี้วัดที่เกินเกณฑ์เบื้องต้น,0.5372317307692308
shallots raw,18,0.061,0.041,4.2,2.0,0.6,0.8,0.0,0.044,0.0022,0.0,0.205,0.0938461538461538,1.4,3.2,20.0,Low,0,ยังไม่พบตัวชี้วัดที่เกินเกณฑ์เบื้องต้น,0.5370653681318681
sweet sour chicken,46,2.3,0.4,4.4,2.1,1.8,0.2,4.9,0.043,0.0021499999999999,1.6333333333333335,2.0,3.5384615384615383,1.4666666666666668,0.8,21.000000000000004,Low,0,ยังไม่พบตัวชี้วัดที่เกินเกณฑ์เบื้องต้น,0.5366477944139194
buttermilk dressing light,30,1.9,0.2,3.2,0.6,0.2,0.2,2.4,0.2,0.01,0.8,1.0,2.923076923076923,1.0666666666666669,0.8,6.0,Low,0,ยังไม่พบตัวชี้วัดที่เกินเกณฑ์เบื้องต้น,0.5366447802197802
ranch dressing reduced fat,29,1.9,0.2,3.2,0.6,0.2,0.2,2.4,0.2,0.01,0.8,1.0,2.923076923076923,1.0666666666666669,0.8,6.0,Low,0,ยังไม่พบตัวชี้วัดที่เกินเกณฑ์เบื้องต้น,0.5360733516483516
steak sauce,16,0.004,0.0,3.7,1.7,0.2,0.3,0.0,0.3,0.015,0.0,0.0,0.0061538461538461,1.2333333333333334,1.2,17.0,Low,0,ยังไม่พบตัวชี้วัดที่เกินเกณฑ์เบื้องต้น,0.5359842032967033
mayonnaise hellmanns,15,1.7,0.9,0.087,0.2,0.0,0.0,0.0,0.0,0.0,0.0,4.5,2.6153846153846154,0.029,0.0,2.0,Low,0,ยังไม่พบตัวชี้วัดที่เกินเกณฑ์เบื้องต้น,0.5359560439560439
chocolate yogurt,168,0.0,0.0,35.3,22.5,5.3,1.8,1.5,0.2,0.01,0.5,0.0,0.0,11.766666666666666,7.200000000000001,225.0,Medium,1,น้ำตาลถึงหรือเกิน 10 กรัมต่อมื้อ,0.535925
green chili pepper,18,0.097,0.067,4.3,2.3,0.9,0.7,0.0,0.023,0.00115,0.0,0.335,0.1492307692307692,1.4333333333333331,2.8,23.0,Low,0,ยังไม่พบตัวชี้วัดที่เกินเกณฑ์เบื้องต้น,0.5359078585164835
cranberries,21,0.014,0.089,5.4,1.9,0.2,1.6,0.0,0.03,0.0014999999999999,0.0,0.445,0.0215384615384615,1.8000000000000005,6.4,19.0,Low,0,ยังไม่พบตัวชี้วัดที่เกินเกณฑ์เบื้องต้น,0.5358272115384615
cucumber,23,0.2,0.068,5.4,2.5,1.0,0.8,0.0,0.061,0.0030499999999999,0.0,0.34,0.3076923076923077,1.8000000000000005,3.2,25.0,Low,0,ยังไม่พบตัวชี้วัดที่เกินเกณฑ์เบื้องต้น,0.5358122898351648
italian dressing fat free,7,0.1,0.099,1.2,1.2,0.1,0.077,0.3,0.2,0.01,0.1,0.495,0.1538461538461538,0.4,0.308,12.0,Low,0,ยังไม่พบตัวชี้วัดที่เกินเกณฑ์เบื้องต้น,0.5357711538461539
cashew nuts raw,156,12.4,2.2,8.5,1.7,5.2,0.9,0.0,0.02,0.001,0.0,11.000000000000002,19.076923076923077,2.833333333333333,3.6000000000000005,17.0,Low,0,ยังไม่พบตัวชี้วัดที่เกินเกณฑ์เบื้องต้น,0.5355584340659341
cashew butter,94,7.9,1.6,4.4,0.8,2.8,0.3,0.0,0.071,0.0035499999999999,0.0,8.0,12.153846153846152,1.4666666666666668,1.2,8.0,Low,0,ยังไม่พบตัวชี้วัดที่เกินเกณฑ์เบื้องต้น,0.5355338145604396
hazelnuts blanched,178,17.3,1.3,4.8,1.0,3.9,3.1,0.0,0.0,0.0,0.0,6.5,26.61538461538462,1.6,12.4,10.0,Low,0,ยังไม่พบตัวชี้วัดที่เกินเกณฑ์เบื้องต้น,0.5354642857142857
clam chowder soup,154,4.4,0.8,24.5,6.8,4.4,3.0,5.0,1.8,0.09,1.6666666666666667,4.0,6.76923076923077,8.166666666666666,12.0,68.0,Low,0,ยังไม่พบตัวชี้วัดที่เกินเกณฑ์เบื้องต้น,0.5353891025641025
cream cheese low fat,30,2.3,1.4,1.2,0.9,1.2,0.0,8.1,0.046,0.0023,2.7,6.999999999999999,3.5384615384615383,0.4,0.0,9.0,Low,0,ยังไม่พบตัวชี้วัดที่เกินเกณฑ์เบื้องต้น,0.5353371456043956
almond butter,98,8.9,0.7,3.0,0.7,3.4,1.6,0.0,0.037,0.0018499999999999,0.0,3.4999999999999996,13.692307692307692,1.0,6.4,6.999999999999999,Low,0,ยังไม่พบตัวชี้วัดที่เกินเกณฑ์เบื้องต้น,0.5352938173076923
granola bites,23,0.9,0.5,3.3,1.5,0.4,0.3,0.0,0.067,0.00335,0.0,2.5,1.3846153846153846,1.1,1.2,15.0,Low,0,ยังไม่พบตัวชี้วัดที่เกินเกณฑ์เบื้องต้น,0.5352331167582418
pork blade chops raw,376,15.4,5.2,0.0,0.0,55.8,0.0,155.2,0.2,0.01,51.733333333333334,26.0,23.692307692307693,0.0,0.0,0.0,Low,0,โคเลสเตอรอลค่อนข้างสูง,0.5350678571428572
teriyaki sauce,16,0.015,0.0,2.8,2.5,1.1,0.016,0.0,0.7,0.0349999999999999,0.0,0.0,0.023076923076923,0.9333333333333332,0.064,25.0,Low,0,ยังไม่พบตัวชี้วัดที่เกินเกณฑ์เบื้องต้น,0.5349572802197802
sirloin steak,324,14.1,5.2,0.0,0.0,49.5,0.0,144.4,0.6,0.03,48.13333333333333,26.0,21.69230769230769,0.0,0.0,0.0,Low,0,โคเลสเตอรอลค่อนข้างสูง,0.5349178571428572
bagel with ham egg cheese,483,18.5,7.9,52.4,7.0,26.7,0.4,242.6,1.3,0.065,80.86666666666666,39.5,28.46153846153846,17.466666666666665,1.6,70.0,Low,0,โคเลสเตอรอลค่อนข้างสูง | ไขมันอิ่มตัวค่อนข้างสูง,0.5347625
sour dressing,21,2.0,1.6,0.6,0.6,0.4,0.0,0.6,0.094,0.0046999999999999,0.2,8.0,3.076923076923077,0.2,0.0,6.0,Low,0,ยังไม่พบตัวชี้วัดที่เกินเกณฑ์เบื้องต้น,0.534387826923077
turkey meat roasted,284,11.1,3.2,0.031,0.0,42.8,0.0,163.5,0.2,0.01,54.50000000000001,16.0,17.076923076923077,0.0103333333333333,0.0,0.0,Low,0,โคเลสเตอรอลค่อนข้างสูง,0.5341337912087912
cocktail sauce,19,0.2,0.0,4.2,1.8,0.2,0.3,0.0,0.2,0.01,0.0,0.0,0.3076923076923077,1.4,1.2,18.0,Low,0,ยังไม่พบตัวชี้วัดที่เกินเกณฑ์เบื้องต้น,0.5339744505494505
sweet green peppers cooked,19,0.1,0.037,4.5,2.3,0.7,0.9,0.0,0.2,0.01,0.0,0.185,0.1538461538461538,1.5,3.6000000000000005,23.0,Low,0,ยังไม่พบตัวชี้วัดที่เกินเกณฑ์เบื้องต้น,0.5338782967032967
french toast sticks burger king,73,3.7,0.8,8.7,2.1,1.3,0.3,0.0,0.014,0.0007,0.0,4.0,5.6923076923076925,2.9,1.2,21.000000000000004,Low,0,ยังไม่พบตัวชี้วัดที่เกินเกณฑ์เบื้องต้น,0.533766728021978
macadamia nuts roasted,215,22.8,3.6,4.0,1.2,2.3,2.4,0.0,0.064,0.0031999999999999,0.0,18.0,35.07692307692308,1.3333333333333337,9.6,12.0,Low,0,ยังไม่พบตัวชี้วัดที่เกินเกณฑ์เบื้องต้น,0.5335831428571429
lime juice,61,0.2,0.052,20.4,4.1,1.0,1.0,0.0,0.014,0.0007,0.0,0.26,0.3076923076923077,6.799999999999999,4.0,41.0,Low,0,ยังไม่พบตัวชี้วัดที่เกินเกณฑ์เบื้องต้น,0.5335442005494505
passion fruit,17,0.1,0.098,4.2,2.0,0.4,1.9,0.0,0.072,0.0035999999999999,0.0,0.49,0.1538461538461538,1.4,7.6,20.0,Low,0,ยังไม่พบตัวชี้วัดที่เกินเกณฑ์เบื้องต้น,0.5335334395604395
luncheon meat pork beef,99,9.0,3.2,0.7,0.0,3.5,0.0,15.4,0.4,0.02,5.133333333333334,16.0,13.846153846153848,0.2333333333333333,0.0,0.0,Low,0,ยังไม่พบตัวชี้วัดที่เกินเกณฑ์เบื้องต้น,0.5334919413919414
waxgourd cooked,19,0.4,0.026,4.3,2.1,0.7,1.8,0.0,0.6,0.03,0.0,0.13,0.6153846153846154,1.4333333333333331,7.200000000000001,21.000000000000004,Low,0,ยังไม่พบตัวชี้วัดที่เกินเกณฑ์เบื้องต้น,0.5332667582417582
scallop squash raw,23,0.3,0.097,5.0,3.1,1.6,1.6,0.0,0.075,0.00375,0.0,0.485,0.4615384615384615,1.6666666666666667,6.4,31.0,Low,0,ยังไม่พบตัวชี้วัดที่เกินเกณฑ์เบื้องต้น,0.5331531936813186
kumquat,13,0.2,0.063,3.0,1.8,0.4,1.2,0.0,0.018,0.0008999999999999,0.0,0.315,0.3076923076923077,1.0,4.8,18.0,Low,0,ยังไม่พบตัวชี้วัดที่เกินเกณฑ์เบื้องต้น,0.5331141291208791
yellow snap beans cooked,44,0.4,0.037,9.9,4.5,2.4,4.1,0.0,0.096,0.0048,0.0,0.185,0.6153846153846154,3.3000000000000003,16.4,45.0,Low,0,ยังไม่พบตัวชี้วัดที่เกินเกณฑ์เบื้องต้น,0.5329914725274725
pumpkin raw,30,0.1,0.065,7.5,3.2,1.2,0.6,0.0,0.062,0.0031,0.0,0.325,0.1538461538461538,2.5,2.4,32.0,Low,0,ยังไม่พบตัวชี้วัดที่เกินเกณฑ์เบื้องต้น,0.5329657609890109
beef flank steak cooked,380,17.5,7.2,0.0,0.0,51.8,0.0,152.3,0.068,0.0034,50.76666666666667,36.0,26.923076923076923,0.0,0.0,0.0,Low,0,โคเลสเตอรอลค่อนข้างสูง | ไขมันอิ่มตัวค่อนข้างสูง,0.5328316428571429
french toast sticks,73,3.8,0.9,8.9,2.1,1.3,0.3,0.0,0.001,5e-05,0.0,4.5,5.846153846153846,2.966666666666667,1.2,21.000000000000004,Low,0,ยังไม่พบตัวชี้วัดที่เกินเกณฑ์เบื้องต้น,0.5326177568681318
pork top loin chops cooked,270,11.2,4.3,0.0,0.0,39.4,0.0,97.2,0.064,0.0031999999999999,32.4,21.5,17.23076923076923,0.0,0.0,0.0,Low,0,โคเลสเตอรอลค่อนข้างสูง,0.5325309450549451
chicken gravy,188,13.6,3.4,12.9,1.9,4.6,1.0,4.8,1.0,0.05,1.6,17.0,20.923076923076923,4.300000000000001,4.0,19.0,Low,0,ยังไม่พบตัวชี้วัดที่เกินเกณฑ์เบื้องต้น,0.5320535714285715
tartar sauce,32,2.5,0.5,2.0,0.6,0.2,0.078,1.1,0.1,0.005,0.3666666666666667,2.5,3.8461538461538463,0.6666666666666667,0.312,6.0,Low,0,ยังไม่พบตัวชี้วัดที่เกินเกณฑ์เบื้องต้น,0.5319853937728938
red chili peppers,18,0.2,0.088,4.0,2.4,0.8,0.7,0.0,0.03,0.0014999999999999,0.0,0.4399999999999999,0.3076923076923077,1.3333333333333337,2.8,24.0,Low,0,ยังไม่พบตัวชี้วัดที่เกินเกณฑ์เบื้องต้น,0.531966771978022
original chicken sandwich burger king,569,29.2,5.4,52.2,6.0,24.2,4.8,61.7,1.3,0.065,20.566666666666663,27.0,44.92307692307692,17.400000000000002,19.2,60.0,Low,0,โคเลสเตอรอลค่อนข้างสูง,0.5318696428571429
worcestershire sauce,13,0.0,0.0,3.3,1.7,0.0,0.0,0.0,0.2,0.01,0.0,0.0,0.0,1.1,0.0,17.0,Low,0,ยังไม่พบตัวชี้วัดที่เกินเกณฑ์เบื้องต้น,0.5318535714285714
green peppers canned,15,0.074,0.096,3.7,2.3,0.7,0.9,0.0,0.9,0.045,0.0,0.48,0.1138461538461538,1.2333333333333334,3.6000000000000005,23.0,Low,0,ยังไม่พบตัวชี้วัดที่เกินเกณฑ์เบื้องต้น,0.5316300824175824
oriental radish cooked,25,0.4,0.1,5.0,2.7,1.0,2.4,0.0,0.4,0.02,0.0,0.5,0.6153846153846154,1.6666666666666667,9.6,27.0,Low,0,ยังไม่พบตัวชี้วัดที่เกินเกณฑ์เบื้องต้น,0.5315203296703297
vanilla yogurt,145,2.1,1.3,23.5,23.5,8.4,0.0,8.5,0.1,0.005,2.833333333333333,6.5,3.230769230769231,7.833333333333334,0.0,235.0,Medium,1,น้ำตาลถึงหรือเกิน 10 กรัมต่อมื้อ,0.5315055402930403
rowan,253,4.6,0.6,54.5,32.1,5.2,14.1,0.0,0.083,0.00415,0.0,3.0,7.076923076923077,18.166666666666668,56.39999999999999,321.0,Medium,1,น้ำตาลถึงหรือเกิน 10 กรัมต่อมื้อ,0.5314633804945056
spray dressing,13,0.9,0.1,1.3,1.1,0.07,0.075,0.0,0.012,0.0006,0.0,0.5,1.3846153846153846,0.4333333333333333,0.3,11.000000000000002,Low,0,ยังไม่พบตัวชี้วัดที่เกินเกณฑ์เบื้องต้น,0.5314144560439561
chicken neck raw,149,13.1,3.6,0.0,0.0,7.0,0.0,49.5,0.027,0.0013499999999999,16.5,18.0,20.153846153846153,0.0,0.0,0.0,Low,0,ยังไม่พบตัวชี้วัดที่เกินเกณฑ์เบื้องต้น,0.5313827321428571
carp raw,277,12.2,2.4,0.0,0.0,38.9,0.0,143.9,0.1,0.005,47.96666666666667,12.0,18.76923076923077,0.0,0.0,0.0,Low,0,โคเลสเตอรอลค่อนข้างสูง,0.5312289835164835
bacon,106,10.2,0.0,0.2,0.2,3.3,0.0,0.0,0.1,0.005,0.0,0.0,15.692307692307692,0.0666666666666666,0.0,2.0,Low,0,ยังไม่พบตัวชี้วัดที่เกินเกณฑ์เบื้องต้น,0.5310916208791209
lychee,6,0.016,0.06,1.6,1.5,0.024,0.1,0.0,0.029,0.00145,0.0,0.3,0.0246153846153846,0.5333333333333334,0.4,15.0,Low,0,ยังไม่พบตัวชี้วัดที่เกินเกณฑ์เบื้องต้น,0.5310330810439561
pumpkin flowers cooked,20,0.1,0.057,4.4,3.2,1.5,1.2,0.0,0.082,0.0041,0.0,0.285,0.1538461538461538,1.4666666666666668,4.8,32.0,Low,0,ยังไม่พบตัวชี้วัดที่เกินเกณฑ์เบื้องต้น,0.5309939752747252
raspberries canned,233,0.3,0.081,59.8,51.4,2.1,8.4,0.0,0.013,0.00065,0.0,0.4049999999999999,0.4615384615384615,19.933333333333337,33.6,514.0,Medium,1,น้ำตาลถึงหรือเกิน 10 กรัมต่อมื้อ,0.5309264436813188
cabbage cooked,35,0.019,0.0,8.3,4.2,1.9,2.9,0.0,0.011,0.00055,0.0,0.0,0.0292307692307692,2.766666666666667,11.6,42.00000000000001,Low,0,ยังไม่พบตัวชี้วัดที่เกินเกณฑ์เบื้องต้น,0.5305266442307692
peanuts chocolate coated,21,1.3,0.6,2.0,1.5,0.5,0.2,0.4,0.063,0.00315,0.1333333333333333,3.0,2.0,0.6666666666666667,0.8,15.0,Low,0,ยังไม่พบตัวชี้วัดที่เกินเกณฑ์เบื้องต้น,0.5303930416666668
red peppers canned,15,0.058,0.03,3.7,2.4,0.7,0.9,0.0,0.9,0.045,0.0,0.15,0.0892307692307692,1.2333333333333334,3.6000000000000005,24.0,Low,0,ยังไม่พบตัวชี้วัดที่เกินเกณฑ์เบื้องต้น,0.5303146978021978
beef stick,110,9.9,4.2,1.1,0.0,4.3,0.0,26.6,0.3,0.015,8.866666666666667,21.000000000000004,15.230769230769232,0.3666666666666667,0.0,0.0,Low,0,ยังไม่พบตัวชี้วัดที่เกินเกณฑ์เบื้องต้น,0.530097206959707
carp cooked,275,12.2,2.4,0.0,0.0,38.9,0.0,142.8,0.1,0.005,47.6,12.0,18.76923076923077,0.0,0.0,0.0,Low,0,โคเลสเตอรอลค่อนข้างสูง,0.5300861263736264
tomato cooked,22,0.1,0.086,4.9,3.1,1.2,0.9,0.0,0.029,0.00145,0.0,0.43,0.1538461538461538,1.6333333333333335,3.6000000000000005,31.0,Low,0,ยังไม่พบตัวชี้วัดที่เกินเกณฑ์เบื้องต้น,0.5299067074175824
soymilk nonfat,68,0.046,0.0,10.1,8.9,6.0,0.5,0.0,0.1,0.005,0.0,0.0,0.0707692307692307,3.3666666666666663,2.0,89.0,Low,0,ยังไม่พบตัวชี้วัดที่เกินเกณฑ์เบื้องต้น,0.5297888736263736
neufchatel cheese,215,19.4,10.9,3.1,2.7,7.8,0.0,62.9,0.3,0.015,20.96666666666667,54.50000000000001,29.846153846153843,1.0333333333333332,0.0,27.0,Low,0,โคเลสเตอรอลค่อนข้างสูง | ไขมันอิ่มตัวค่อนข้างสูง,0.5297446428571428
beef bologna,90,7.8,3.1,1.3,0.6,3.3,0.0,17.1,0.3,0.015,5.7,15.5,12.0,0.4333333333333333,0.0,6.0,Low,0,ยังไม่พบตัวชี้วัดที่เกินเกณฑ์เบื้องต้น,0.5293160714285714
hubbard squash raw,46,0.6,0.1,10.1,4.6,2.3,4.5,0.0,0.094,0.0046999999999999,0.0,0.5,0.923076923076923,3.3666666666666663,18.0,46.0,Low,0,ยังไม่พบตัวชี้วัดที่เกินเกณฑ์เบื้องต้น,0.5290773873626373
mothbeans raw,672,3.2,0.7,120.6,0.0,45.0,0.0,0.0,0.001,5e-05,0.0,3.4999999999999996,4.923076923076923,40.2,0.0,0.0,Low,0,ยังไม่พบตัวชี้วัดที่เกินเกณฑ์เบื้องต้น,0.5290765480769231
triple zero greek yogurt dannon oikos,120,0.0,0.0,22.5,6.0,0.038,0.0,0.0,0.0,0.0,0.0,0.0,0.0,7.5,0.0,60.0,Low,0,ยังไม่พบตัวชี้วัดที่เกินเกณฑ์เบื้องต้น,0.5290464285714286
breadfruit,227,0.5,0.1,59.7,24.2,2.4,10.8,0.0,0.057,0.00285,0.0,0.5,0.7692307692307693,19.9,43.2,242.0,Medium,1,น้ำตาลถึงหรือเกิน 10 กรัมต่อมื้อ,0.528923679945055
lychee dried,7,0.003,0.076,1.8,1.7,0.01,0.1,0.0,0.049,0.00245,0.0,0.38,0.0046153846153846,0.6,0.4,17.0,Low,0,ยังไม่พบตัวชี้วัดที่เกินเกณฑ์เบื้องต้น,0.5285720096153846
eggplant cooked,33,0.2,0.049,8.1,3.2,0.8,2.5,0.0,0.2,0.01,0.0,0.245,0.3076923076923077,2.7,10.0,32.0,Low,0,ยังไม่พบตัวชี้วัดที่เกินเกณฑ์เบื้องต้น,0.5284744505494505
vanilla soymilk,131,4.3,0.5,15.3,9.7,7.9,1.5,0.0,0.1,0.005,0.0,2.5,6.615384615384615,5.1000000000000005,6.0,97.0,Low,0,ยังไม่พบตัวชี้วัดที่เกินเกณฑ์เบื้องต้น,0.5284542582417583
zaziki milfina,51,4.4,1.6,0.0,0.0,0.0,0.0,0.0,0.0,0.0,0.0,8.0,6.76923076923077,0.0,0.0,0.0,Low,0,ยังไม่พบตัวชี้วัดที่เกินเกณฑ์เบื้องต้น,0.5283736263736263
kamut raw,627,4.1,0.4,130.9,15.2,27.3,16.9,0.0,0.012,0.0006,0.0,2.0,6.3076923076923075,43.63333333333333,67.6,152.0,Medium,1,น้ำตาลถึงหรือเกิน 10 กรัมต่อมื้อ,0.5281520934065934
mayonnaise imitation fat free,13,0.4,0.005,2.5,1.6,0.043,0.3,1.4,0.1,0.005,0.4666666666666666,0.025,0.6153846153846154,0.8333333333333334,1.2,16.0,Low,0,ยังไม่พบตัวชี้วัดที่เกินเกณฑ์เบื้องต้น,0.5281465201465202
powerade coca cola,9,0.009,0.076,2.3,1.8,0.0,0.0,0.0,0.005,0.00025,0.0,0.38,0.0138461538461538,0.7666666666666666,0.0,18.0,Low,0,ยังไม่พบตัวชี้วัดที่เกินเกณฑ์เบื้องต้น,0.5280371359890109
jalapeno peppers canned,37,1.3,0.1,6.4,2.9,1.3,3.5,0.0,2.3,0.1149999999999999,0.0,0.5,2.0,2.1333333333333337,14.000000000000002,28.999999999999996,Low,0,ยังไม่พบตัวชี้วัดที่เกินเกณฑ์เบื้องต้น,0.5280303571428572
garden cress cooked,31,0.8,0.001,5.1,4.2,2.6,0.9,0.0,0.3,0.015,0.0,0.005,1.2307692307692308,1.6999999999999995,3.6000000000000005,42.00000000000001,Low,0,ยังไม่พบตัวชี้วัดที่เกินเกณฑ์เบื้องต้น,0.5278710164835164
macadamia nuts raw,38,4.0,0.6,0.7,0.2,0.4,0.5,0.0,0.011,0.00055,0.0,3.0,6.153846153846154,0.2333333333333333,2.0,2.0,Low,0,ยังไม่พบตัวชี้วัดที่เกินเกณฑ์เบื้องต้น,0.5275563145604395
turkey pot pie,699,34.9,11.4,70.3,0.0,25.8,4.4,63.5,1.4,0.0699999999999999,21.166666666666668,57.00000000000001,53.69230769230769,23.43333333333333,17.6,0.0,Low,0,โคเลสเตอรอลค่อนข้างสูง | ไขมันอิ่มตัวค่อนข้างสูง,0.5275464285714286
fish sandwich,565,27.4,4.3,58.7,7.8,22.6,0.0,77.0,1.3,0.065,25.666666666666664,21.5,42.15384615384615,19.56666666666667,0.0,78.0,Low,0,โคเลสเตอรอลค่อนข้างสูง,0.5271553571428571
carrots raw,25,0.1,0.046,5.8,2.9,0.6,1.7,0.0,0.024,0.0012,0.0,0.2299999999999999,0.1538461538461538,1.9333333333333331,6.800000000000001,28.999999999999996,Low,0,ยังไม่พบตัวชี้วัดที่เกินเกณฑ์เบื้องต้น,0.5271228681318681
provolone cheese,463,35.1,22.5,2.8,0.7,33.8,0.0,91.1,1.2,0.06,30.366666666666664,112.5,54.0,0.9333333333333332,0.0,6.999999999999999,Medium,1,โคเลสเตอรอลค่อนข้างสูง | ไขมันอิ่มตัวค่อนข้างสูง,0.5269785714285715
dessert wine sweet,165,0.0,0.0,14.1,8.0,0.2,0.0,0.0,0.047,0.0023499999999999,0.0,0.0,0.0,4.7,0.0,80.0,Low,0,ยังไม่พบตัวชี้วัดที่เกินเกณฑ์เบื้องต้น,0.5267680892857143
black turtle beans raw,624,1.7,0.4,116.4,3.9,39.1,28.5,0.0,0.041,0.00205,0.0,2.0,2.6153846153846154,38.8,114.0,39.0,Low,0,ยังไม่พบตัวชี้วัดที่เกินเกณฑ์เบื้องต้น,0.5265478118131868
sour cream shoprite,60,5.0,3.5,1.0,0.014,0.0,0.0,0.0,0.0,0.0,0.0,17.5,7.6923076923076925,0.3333333333333333,0.0,0.1399999999999999,Low,0,ยังไม่พบตัวชี้วัดที่เกินเกณฑ์เบื้องต้น,0.5263834065934065
veal kidneys cooked,300,10.4,3.2,0.0,0.0,48.4,0.0,1455.4,0.2,0.01,485.1333333333334,16.0,16.0,0.0,0.0,0.0,Medium,1,โคเลสเตอรอลค่อนข้างสูง,0.5263535714285714
spaghetti squash raw,31,0.6,0.1,7.0,2.8,0.6,1.5,0.0,0.081,0.00405,0.0,0.5,0.923076923076923,2.3333333333333335,6.0,27.999999999999996,Low,0,ยังไม่พบตัวชี้วัดที่เกินเกณฑ์เบื้องต้น,0.5262608337912088
soybean margarine,34,3.8,0.8,0.043,0.0,0.052,0.0,0.0,0.005,0.00025,0.0,4.0,5.846153846153846,0.0143333333333333,0.0,0.0,Low,0,ยังไม่พบตัวชี้วัดที่เกินเกณฑ์เบื้องต้น,0.5262305425824175
butternuts dried,734,68.4,1.6,14.5,0.0,29.9,5.6,0.0,0.062,0.0031,0.0,8.0,105.23076923076924,4.833333333333333,22.4,0.0,Low,0,ยังไม่พบตัวชี้วัดที่เกินเกณฑ์เบื้องต้น,0.52622675
sweet green peppers raw,30,0.3,0.053,6.9,3.6,1.3,2.5,0.0,0.023,0.00115,0.0,0.265,0.4615384615384615,2.3,10.0,36.0,Low,0,ยังไม่พบตัวชี้วัดที่เกินเกณฑ์เบื้องต้น,0.5259226936813187
chewing gum,11,0.032,0.058,2.9,2.0,0.0,0.012,0.0,0.083,0.00415,0.0,0.29,0.0492307692307692,0.9666666666666668,0.048,20.0,Low,0,ยังไม่พบตัวชี้วัดที่เกินเกณฑ์เบื้องต้น,0.5258853585164834
maraschino cherries,8,0.083,0.06,2.1,1.9,0.06,0.2,0.0,0.072,0.0035999999999999,0.0,0.3,0.1276923076923077,0.7000000000000001,0.8,19.0,Low,0,ยังไม่พบตัวชี้วัดที่เกินเกณฑ์เบื้องต้น,0.5258367362637362
weizenbier erdinger,220,18.0,13.0,0.0,0.0,0.0,0.0,0.0,0.0,0.0,0.0,65.0,27.692307692307693,0.0,0.0,0.0,Low,0,ไขมันอิ่มตัวค่อนข้างสูง,0.5257142857142857
chips chipotle,151,7.1,0.9,2.1,2.1,0.2,0.0,0.0,0.0,0.0,0.0,4.5,10.923076923076923,0.7000000000000001,0.0,21.000000000000004,Low,0,ยังไม่พบตัวชี้วัดที่เกินเกณฑ์เบื้องต้น,0.5253626373626373
hubbard squash cooked,57,0.7,0.1,12.3,5.6,2.8,5.5,0.0,0.5,0.025,0.0,0.5,1.0769230769230769,4.1000000000000005,22.0,55.99999999999999,Low,0,ยังไม่พบตัวชี้วัดที่เกินเกณฑ์เบื้องต้น,0.5253070054945055
sweet potato leaves cooked,22,0.2,0.099,4.7,3.5,1.4,1.2,0.0,0.2,0.01,0.0,0.495,0.3076923076923077,1.5666666666666669,4.8,35.0,Low,0,ยังไม่พบตัวชี้วัดที่เกินเกณฑ์เบื้องต้น,0.5251887362637362
salat mix alestro,61,5.2,0.9,2.4,0.0,0.0,0.0,0.0,0.0,0.0,0.0,4.5,8.0,0.8,0.0,0.0,Low,0,ยังไม่พบตัวชี้วัดที่เกินเกณฑ์เบื้องต้น,0.5248571428571428
sugar coated almonds,17,0.6,0.016,2.4,2.2,0.4,0.013,0.0,0.021,0.00105,0.0,0.08,0.923076923076923,0.8,0.052,22.000000000000004,Low,0,ยังไม่พบตัวชี้วัดที่เกินเกณฑ์เบื้องต้น,0.5247833337912088
coconut milk,35,3.6,3.2,0.8,0.5,0.3,0.3,0.0,0.001,5e-05,0.0,16.0,5.538461538461538,0.2666666666666667,1.2,5.0,Low,0,ยังไม่พบตัวชี้วัดที่เกินเกณฑ์เบื้องต้น,0.5247111634615385
baking chocolate,145,15.2,9.4,8.7,0.3,3.7,4.8,0.0,0.049,0.00245,0.0,47.0,23.384615384615383,2.9,19.2,3.0,Low,0,ไขมันอิ่มตัวค่อนข้างสูง,0.5245887678571428
sweet potato baked,103,0.2,0.013,23.6,7.4,2.3,3.8,0.0,0.07,0.0035,0.0,0.065,0.3076923076923077,7.866666666666668,15.2,74.0,Low,0,ยังไม่พบตัวชี้วัดที่เกินเกณฑ์เบื้องต้น,0.5242732005494506
red cabbage cooked,49,0.2,0.058,11.8,5.6,2.6,4.4,0.0,0.047,0.0023499999999999,0.0,0.29,0.3076923076923077,3.933333333333334,17.6,55.99999999999999,Low,0,ยังไม่พบตัวชี้วัดที่เกินเกณฑ์เบื้องต้น,0.5241746826923077
pork breakfast strips raw,88,8.4,2.9,0.2,0.0,2.7,0.0,15.6,0.2,0.01,5.2,14.499999999999998,12.923076923076923,0.0666666666666666,0.0,0.0,Low,0,ยังไม่พบตัวชี้วัดที่เกินเกณฑ์เบื้องต้น,0.5240376373626373
vegetable soup,149,4.0,0.6,24.6,7.9,4.3,1.3,0.0,1.3,0.065,0.0,3.0,6.153846153846154,8.200000000000001,5.2,79.0,Low,0,ยังไม่พบตัวชี้วัดที่เกินเกณฑ์เบื้องต้น,0.523751510989011
honey mustard dressing fat free,25,0.2,0.031,5.8,2.7,0.2,0.2,0.2,0.2,0.01,0.0666666666666666,0.155,0.3076923076923077,1.9333333333333331,0.8,27.0,Low,0,ยังไม่พบตัวชี้วัดที่เกินเกณฑ์เบื้องต้น,0.5237363553113553
mayonnaise light,36,3.3,0.5,1.4,0.5,0.032,0.0,2.4,0.1,0.005,0.8,2.5,5.076923076923077,0.4666666666666666,0.0,5.0,Low,0,ยังไม่พบตัวชี้วัดที่เกินเกณฑ์เบื้องต้น,0.5233570054945055
pimento cheese,525,43.7,27.5,2.4,0.9,31.0,0.1,131.6,2.0,0.1,43.86666666666667,137.5,67.23076923076924,0.8,0.4,9.0,Medium,1,โคเลสเตอรอลค่อนข้างสูง | ไขมันอิ่มตัวค่อนข้างสูง,0.52325
lamb heart cooked,353,15.1,6.0,3.7,0.0,47.7,0.0,475.6,0.1,0.005,158.53333333333336,30.0,23.23076923076923,1.2333333333333334,0.0,0.0,Medium,1,โคเลสเตอรอลค่อนข้างสูง | ไขมันอิ่มตัวค่อนข้างสูง,0.5232482142857143
spaghetti squash cooked,42,0.4,0.091,10.0,3.9,1.0,2.2,0.0,0.4,0.02,0.0,0.455,0.6153846153846154,3.3333333333333335,8.8,39.0,Low,0,ยังไม่พบตัวชี้วัดที่เกินเกณฑ์เบื้องต้น,0.5232346153846154
pink lentils raw,662,4.2,0.7,113.6,0.0,47.9,20.7,0.0,0.092,0.0046,0.0,3.4999999999999996,6.461538461538462,37.86666666666667,82.8,0.0,Low,0,ยังไม่พบตัวชี้วัดที่เกินเกณฑ์เบื้องต้น,0.5232182472527472
premium fish sandwich burger king,572,27.4,4.3,58.7,7.8,22.6,2.0,68.2,1.3,0.065,22.733333333333334,21.5,42.15384615384615,19.56666666666667,8.0,78.0,Low,0,โคเลสเตอรอลค่อนข้างสูง,0.5231553571428571
french dressing fat free,21,0.024,0.067,5.1,2.6,0.01,0.4,0.0,0.1,0.005,0.0,0.335,0.0369230769230769,1.6999999999999995,1.6,26.0,Low,0,ยังไม่พบตัวชี้วัดที่เกินเกณฑ์เบื้องต้น,0.522810576923077
beechnuts dried,173,15.0,1.7,10.1,0.0,1.9,0.0,0.0,0.068,0.0034,0.0,8.5,23.076923076923077,3.3666666666666663,0.0,0.0,Low,0,ยังไม่พบตัวชี้วัดที่เกินเกณฑ์เบื้องต้น,0.5225816428571428
balsamic vinegar,14,0.0,0.0,2.7,2.4,0.041,0.0,0.0,0.071,0.0035499999999999,0.0,0.0,0.0,0.9000000000000001,0.0,24.0,Low,0,ยังไม่พบตัวชี้วัดที่เกินเกณฑ์เบื้องต้น,0.522485875
cheese puffs,197,12.8,1.9,18.6,1.1,2.1,0.6,2.5,0.3,0.015,0.8333333333333334,9.5,19.692307692307693,6.200000000000001,2.4,11.000000000000002,Low,0,ยังไม่พบตัวชี้วัดที่เกินเกณฑ์เบื้องต้น,0.5224332875457876
corn raw,123,1.9,0.5,26.7,9.0,4.7,2.9,0.0,0.083,0.00415,0.0,2.5,2.923076923076923,8.9,11.6,90.0,Low,0,ยังไม่พบตัวชี้วัดที่เกินเกณฑ์เบื้องต้น,0.5220815123626373
clam tomato juice,80,0.3,0.0,18.2,5.5,1.0,0.7,0.0,0.6,0.03,0.0,0.0,0.4615384615384615,6.066666666666666,2.8,55.00000000000001,Low,0,ยังไม่พบตัวชี้วัดที่เกินเกณฑ์เบื้องต้น,0.5220277472527473
pumpkin cooked,49,0.2,0.019,12.0,5.1,1.8,2.7,0.0,0.006,0.0003,0.0,0.095,0.3076923076923077,4.0,10.8,51.0,Low,0,ยังไม่พบตัวชี้วัดที่เกินเกณฑ์เบื้องต้น,0.5216900576923077
carambola starfruit,26,0.3,0.077,5.7,3.4,0.9,2.4,0.0,0.047,0.0023499999999999,0.0,0.385,0.4615384615384615,1.9,9.6,34.0,Low,0,ยังไม่พบตัวชี้วัดที่เกินเกณฑ์เบื้องต้น,0.5216279793956043
egg large,138,9.3,0.5,0.0,0.0,0.0,0.0,0.0,0.0,0.0,0.0,2.5,14.30769230769231,0.0,0.0,0.0,Low,0,ยังไม่พบตัวชี้วัดที่เกินเกณฑ์เบื้องต้น,0.5215494505494505
muesli with fruit nuts,231,3.4,0.5,45.7,14.2,4.3,5.8,0.0,0.1,0.005,0.0,2.5,5.230769230769231,15.233333333333334,23.2,142.0,Medium,1,น้ำตาลถึงหรือเกิน 10 กรัมต่อมื้อ,0.5214817307692308
summer squash raw,42,0.5,0.1,8.7,5.7,3.1,2.9,0.0,0.051,0.00255,0.0,0.5,0.7692307692307693,2.9,11.6,57.00000000000001,Low,0,ยังไม่พบตัวชี้วัดที่เกินเกณฑ์เบื้องต้น,0.5214616442307692
little india little lunch,164,10.6,15.6,2.0,0.0,0.0,0.0,0.0,0.0,0.0,0.0,78.0,16.307692307692307,0.6666666666666667,0.0,0.0,Low,0,ไขมันอิ่มตัวค่อนข้างสูง,0.5214065934065933
plantain raw,218,0.6,0.3,57.1,31.3,2.3,3.0,0.0,0.082,0.0041,0.0,1.5,0.923076923076923,19.03333333333333,12.0,313.0,Medium,1,น้ำตาลถึงหรือเกิน 10 กรัมต่อมื้อ,0.5213676016483516
sausage patty mcdonalds,115,11.2,3.6,0.4,0.1,4.3,0.0,20.9,0.2,0.01,6.966666666666667,18.0,17.23076923076923,0.1333333333333333,0.0,1.0,Low,0,ยังไม่พบตัวชี้วัดที่เกินเกณฑ์เบื้องต้น,0.5212418498168498
mamey sapote,217,0.8,0.3,56.2,35.2,2.5,9.5,0.0,0.008,0.0003999999999999,0.0,1.5,1.2307692307692308,18.733333333333334,38.0,352.00000000000006,Medium,1,น้ำตาลถึงหรือเกิน 10 กรัมต่อมื้อ,0.5210162307692308
egg custard,293,12.9,6.1,31.0,31.0,14.2,0.0,236.9,0.2,0.01,78.96666666666667,30.5,19.846153846153847,10.333333333333334,0.0,310.0,Medium,1,โคเลสเตอรอลค่อนข้างสูง | น้ำตาลถึงหรือเกิน 10 กรัมต่อมื้อ | ไขมันอิ่มตัวค่อนข้างสูง,0.5210074175824176
egg dried,30,2.2,0.7,0.047,0.05,2.4,0.0,81.5,0.06,0.0029999999999999,27.166666666666668,3.4999999999999996,3.384615384615385,0.0156666666666666,0.0,0.5,Low,0,โคเลสเตอรอลค่อนข้างสูง,0.5209857417582417
apricot kernel oil,40,4.5,0.3,0.0,0.0,0.0,0.0,0.0,0.0,0.0,0.0,1.5,6.923076923076923,0.0,0.0,0.0,Low,0,ยังไม่พบตัวชี้วัดที่เกินเกณฑ์เบื้องต้น,0.5209340659340659
sesame oil,40,4.5,0.6,0.0,0.0,0.0,0.0,0.0,0.0,0.0,0.0,3.0,6.923076923076923,0.0,0.0,0.0,Low,0,ยังไม่พบตัวชี้วัดที่เกินเกณฑ์เบื้องต้น,0.5209340659340659
chicken sandwich with cheese,632,38.8,12.4,41.6,0.0,29.4,0.0,77.5,1.2,0.06,25.833333333333336,62.0,59.692307692307686,13.866666666666664,0.0,0.0,Low,0,โคเลสเตอรอลค่อนข้างสูง | ไขมันอิ่มตัวค่อนข้างสูง,0.5209071428571429
palm kernel oil,40,4.5,4.0,0.0,0.0,0.0,0.0,0.0,0.098,0.0049,0.0,20.0,6.923076923076923,0.0,0.0,0.0,Low,0,ยังไม่พบตัวชี้วัดที่เกินเกณฑ์เบื้องต้น,0.520897315934066
pain au chocolat de la boulangerie,235,12.0,27.6,0.0,0.0,0.0,0.0,0.0,0.0,0.0,0.0,138.0,18.461538461538463,0.0,0.0,0.0,Medium,1,ไขมันอิ่มตัวค่อนข้างสูง,0.5208241758241758
beef breakfast strips raw,92,8.8,3.6,0.2,0.0,2.8,0.0,18.5,0.2,0.01,6.166666666666667,18.0,13.53846153846154,0.0666666666666666,0.0,0.0,Low,0,ยังไม่พบตัวชี้วัดที่เกินเกณฑ์เบื้องต้น,0.5205413003663004
egg mix,30,2.2,0.8,0.098,0.091,2.4,0.0,81.5,0.012,0.0006,27.166666666666668,4.0,3.384615384615385,0.0326666666666666,0.0,0.91,Low,0,โคเลสเตอรอลค่อนข้างสูง,0.5203887417582417
sweet red peppers cooked,19,0.1,0.012,4.5,3.2,0.7,0.9,0.0,0.2,0.01,0.0,0.06,0.1538461538461538,1.5,3.6000000000000005,32.0,Low,0,ยังไม่พบตัวชี้วัดที่เกินเกณฑ์เบื้องต้น,0.5203782967032966
chicken pork bologna,94,8.6,2.8,1.2,0.0,2.9,0.0,24.4,0.3,0.015,8.133333333333333,13.999999999999998,13.23076923076923,0.4,0.0,0.0,Low,0,ยังไม่พบตัวชี้วัดที่เกินเกณฑ์เบื้องต้น,0.5202876831501831
pizza sauce,136,2.9,1.2,21.8,9.5,5.5,5.0,0.0,0.9,0.045,0.0,6.0,4.461538461538462,7.2666666666666675,20.0,95.0,Low,0,ยังไม่พบตัวชี้วัดที่เกินเกณฑ์เบื้องต้น,0.5201652472527473
parsnips cooked,114,0.5,0.081,27.2,7.7,2.1,6.4,0.0,0.021,0.00105,0.0,0.4049999999999999,0.7692307692307693,9.066666666666666,25.6,77.0,Low,0,ยังไม่พบตัวชี้วัดที่เกินเกณฑ์เบื้องต้น,0.5201157513736264
white sauce,368,26.6,7.1,22.9,11.0,9.6,0.5,17.5,0.9,0.045,5.833333333333333,35.5,40.92307692307692,7.633333333333332,2.0,110.0,Medium,1,น้ำตาลถึงหรือเกิน 10 กรัมต่อมื้อ | ไขมันอิ่มตัวค่อนข้างสูง,0.5197934523809524
corn dog,195,9.4,2.7,21.0,5.9,6.7,0.8,34.3,0.5,0.025,11.433333333333334,13.5,14.461538461538462,7.000000000000001,3.2,59.00000000000001,Low,0,ยังไม่พบตัวชี้วัดที่เกินเกณฑ์เบื้องต้น,0.5194461996336996
parsnips raw,128,0.5,0.1,30.6,8.2,2.0,8.3,0.0,0.068,0.0034,0.0,0.5,0.7692307692307693,10.2,33.2,82.0,Low,0,ยังไม่พบตัวชี้วัดที่เกินเกณฑ์เบื้องต้น,0.5193481263736264
peach dried,199,0.6,0.055,50.8,43.8,3.0,7.0,0.0,0.059,0.00295,0.0,0.2749999999999999,0.923076923076923,16.933333333333334,28.000000000000004,438.0,Medium,1,น้ำตาลถึงหรือเกิน 10 กรัมต่อมื้อ,0.5192690837912087
bacon grease,39,4.3,1.7,0.0,0.0,0.0,0.0,4.1,0.009,0.0004499999999999,1.3666666666666665,8.5,6.615384615384615,0.0,0.0,0.0,Low,0,ยังไม่พบตัวชี้วัดที่เกินเกณฑ์เบื้องต้น,0.519250288003663
pink salmon raw,404,14.0,2.6,0.0,0.0,65.2,0.0,146.3,0.2,0.01,48.766666666666666,13.0,21.53846153846154,0.0,0.0,0.0,Low,0,โคเลสเตอรอลค่อนข้างสูง,0.5190678571428572
cream soda,252,0.0,0.0,65.7,65.7,0.0,0.0,0.0,0.098,0.0049,0.0,0.0,0.0,21.9,0.0,657.0,Medium,1,น้ำตาลถึงหรือเกิน 10 กรัมต่อมื้อ,0.51896325
nachos with cinnamon sugar,592,36.0,18.2,63.4,0.0,7.2,0.0,39.2,0.4,0.02,13.066666666666668,91.0,55.38461538461539,21.133333333333333,0.0,0.0,Low,0,ไขมันอิ่มตัวค่อนข้างสูง,0.518897619047619
horchata,15,0.2,0.0,3.3,2.6,0.1,0.0,0.0,0.013,0.00065,0.0,0.0,0.3076923076923077,1.1,0.0,26.0,Low,0,ยังไม่พบตัวชี้วัดที่เกินเกณฑ์เบื้องต้น,0.5185088612637363
pound cake,116,6.0,3.5,14.6,0.0,1.7,0.2,66.3,0.1,0.005,22.1,17.5,9.230769230769232,4.866666666666666,0.8,0.0,Low,0,โคเลสเตอรอลค่อนข้างสูง,0.518267445054945
strawberries canned,234,0.7,0.064,59.8,55.4,1.4,4.3,0.0,0.024,0.0012,0.0,0.32,1.0769230769230769,19.933333333333337,17.2,554.0,Medium,1,น้ำตาลถึงหรือเกิน 10 กรัมต่อมื้อ,0.5181283626373626
salt pork raw,212,22.8,8.3,0.0,0.0,1.4,0.0,24.3,0.8,0.04,8.1,41.5,35.07692307692308,0.0,0.0,0.0,Low,0,ไขมันอิ่มตัวค่อนข้างสูง,0.5180928571428571
pork meat raw,179,18.6,6.2,0.0,0.0,2.6,0.0,20.4,0.021,0.00105,6.799999999999999,31.0,28.61538461538462,0.0,0.0,0.0,Low,0,ไขมันอิ่มตัวค่อนข้างสูง,0.5177778392857144
pork top loin chops raw,287,12.8,4.5,0.0,0.0,39.9,0.0,124.0,0.099,0.00495,41.333333333333336,22.5,19.692307692307693,0.0,0.0,0.0,Low,0,โคเลสเตอรอลค่อนข้างสูง,0.5175205673076924
crookneck squash cooked,34,0.7,0.1,6.8,4.5,1.9,2.0,0.0,0.4,0.02,0.0,0.5,1.0769230769230769,2.2666666666666666,8.0,45.0,Low,0,ยังไม่พบตัวชี้วัดที่เกินเกณฑ์เบื้องต้น,0.5174516483516484
carob flour,13,0.061,0.041,5.3,2.9,0.3,2.4,0.0,0.033,0.00165,0.0,0.205,0.0938461538461538,1.7666666666666668,9.6,28.999999999999996,Low,0,ยังไม่พบตัวชี้วัดที่เกินเกณฑ์เบื้องต้น,0.5169623502747253
apricot,17,0.1,0.03,3.9,3.2,0.5,0.7,0.0,0.02,0.001,0.0,0.15,0.1538461538461538,1.3,2.8,32.0,Low,0,ยังไม่พบตัวชี้วัดที่เกินเกณฑ์เบื้องต้น,0.5168029395604395
chicken heart cooked,268,11.5,3.3,0.1,0.0,38.3,0.0,350.9,0.081,0.00405,116.96666666666668,16.499999999999996,17.692307692307693,0.0333333333333333,0.0,0.0,Medium,1,โคเลสเตอรอลค่อนข้างสูง,0.5166701744505494
pimento canned,44,0.6,0.004,9.8,5.2,2.1,3.6,0.0,0.006,0.0003,0.0,0.02,0.923076923076923,3.266666666666667,14.400000000000002,52.0,Low,0,ยังไม่พบตัวชี้วัดที่เกินเกณฑ์เบื้องต้น,0.5164675302197802
pickle pimiento loaf,86,6.1,2.0,3.2,3.2,4.3,0.6,22.0,0.4,0.02,7.333333333333333,10.0,9.384615384615383,1.0666666666666669,2.4,32.0,Low,0,ยังไม่พบตัวชี้วัดที่เกินเกณฑ์เบื้องต้น,0.5160249084249084
caesar dressing low calorie,17,0.7,0.1,2.8,2.4,0.028,0.053,0.3,0.2,0.01,0.1,0.5,1.0769230769230769,0.9333333333333332,0.212,24.0,Low,0,ยังไม่พบตัวชี้วัดที่เกินเกณฑ์เบื้องต้น,0.5156623626373626
bacon tomato dressing,49,5.3,0.8,0.3,0.3,0.3,0.04,0.6,0.1,0.005,0.2,4.0,8.153846153846153,0.1,0.16,3.0,Low,0,ยังไม่พบตัวชี้วัดที่เกินเกณฑ์เบื้องต้น,0.5155586538461538
veal heart cooked,368,13.4,3.6,0.3,0.0,57.7,0.0,348.5,0.1,0.005,116.16666666666666,18.0,20.615384615384617,0.1,0.0,0.0,Medium,1,โคเลสเตอรอลค่อนข้างสูง,0.5146767857142858
sweet sour sauce,26,0.084,0.0,6.7,3.3,0.02,0.065,0.0,0.024,0.0012,0.0,0.0,0.1292307692307692,2.2333333333333334,0.26,32.99999999999999,Low,0,ยังไม่พบตัวชี้วัดที่เกินเกณฑ์เบื้องต้น,0.5146289120879121
soymilk low fat,104,1.5,0.0,17.5,8.5,4.0,1.9,0.0,0.04,0.002,0.0,0.0,2.307692307692308,5.833333333333333,7.6,85.0,Low,0,ยังไม่พบตัวชี้วัดที่เกินเกณฑ์เบื้องต้น,0.5146058791208791
pork chitterlings cooked,66,5.8,2.7,0.0,0.0,3.5,0.0,78.4,0.078,0.0039,26.133333333333336,13.5,8.923076923076923,0.0,0.0,0.0,Low,0,โคเลสเตอรอลค่อนข้างสูง,0.5145119587912089
sunflower seed butter,99,8.8,0.7,3.7,1.7,2.8,0.9,0.0,0.065,0.00325,0.0,3.4999999999999996,13.53846153846154,1.2333333333333334,3.6000000000000005,17.0,Low,0,ยังไม่พบตัวชี้วัดที่เกินเกณฑ์เบื้องต้น,0.5145085920329671
pigeon peas raw,703,3.1,0.7,128.7,0.0,44.5,30.8,0.0,0.04,0.002,0.0,3.4999999999999996,4.769230769230769,42.89999999999999,123.2,0.0,Low,0,ยังไม่พบตัวชี้วัดที่เกินเกณฑ์เบื้องต้น,0.5142157692307692
sweet potato canned,568,1.3,0.3,133.5,98.3,6.3,16.0,0.0,0.3,0.015,0.0,1.5,2.0,44.5,64.0,983.0,Medium,1,น้ำตาลถึงหรือเกิน 10 กรัมต่อมื้อ,0.5140660714285714
goose fat,45,5.0,1.4,0.0,0.0,0.0,0.0,5.0,0.0,0.0,1.6666666666666667,6.999999999999999,7.6923076923076925,0.0,0.0,0.0,Low,0,ยังไม่พบตัวชี้วัดที่เกินเกณฑ์เบื้องต้น,0.5138553113553114
mutton tallow,45,5.0,2.4,0.0,0.0,0.0,0.0,5.1,0.0,0.0,1.6999999999999995,12.0,7.6923076923076925,0.0,0.0,0.0,Low,0,ยังไม่พบตัวชี้วัดที่เกินเกณฑ์เบื้องต้น,0.513771978021978
turkey fat,45,5.0,1.5,0.0,0.0,0.0,0.0,5.1,0.0,0.0,1.6999999999999995,7.5,7.6923076923076925,0.0,0.0,0.0,Low,0,ยังไม่พบตัวชี้วัดที่เกินเกณฑ์เบื้องต้น,0.513771978021978
duck fat,44,5.0,1.7,0.0,0.0,0.0,0.0,5.0,0.0,0.0,1.6666666666666667,8.5,7.6923076923076925,0.0,0.0,0.0,Low,0,ยังไม่พบตัวชี้วัดที่เกินเกณฑ์เบื้องต้น,0.5132838827838828
cream cheese,51,5.0,2.9,0.8,0.5,0.9,0.0,14.6,0.016,0.0007999999999999,4.866666666666666,14.499999999999998,7.6923076923076925,0.2666666666666667,0.0,5.0,Low,0,ยังไม่พบตัวชี้วัดที่เกินเกณฑ์เบื้องต้น,0.5130278827838827
orange pineapple juice,15,0.08,0.056,3.6,3.1,0.1,0.032,0.0,0.044,0.0022,0.0,0.2799999999999999,0.123076923076923,1.2,0.128,31.0,Low,0,ยังไม่พบตัวชี้วัดที่เกินเกณฑ์เบื้องต้น,0.5123818516483517
white corn cooked,100,1.5,0.2,22.4,8.0,3.4,2.8,0.0,0.082,0.0041,0.0,1.0,2.307692307692308,7.466666666666666,11.2,80.0,Low,0,ยังไม่พบตัวชี้วัดที่เกินเกณฑ์เบื้องต้น,0.5123044148351649
egg yolk raw,55,4.5,1.6,0.6,0.08,2.7,0.0,184.5,0.006,0.0003,61.5,8.0,6.923076923076923,0.2,0.0,0.8,Low,0,โคเลสเตอรอลค่อนข้างสูง,0.5120532445054945
fava beans raw,512,2.3,0.4,87.4,8.6,39.2,37.5,0.0,0.1,0.005,0.0,2.0,3.5384615384615383,29.133333333333333,150.0,86.0,Low,0,ยังไม่พบตัวชี้วัดที่เกินเกณฑ์เบื้องต้น,0.5118526098901098
pasta with tomato sauce,176,1.8,0.4,35.1,10.1,5.6,2.3,15.1,1.0,0.05,5.033333333333333,2.0,2.769230769230769,11.7,9.2,101.0,Medium,1,น้ำตาลถึงหรือเกิน 10 กรัมต่อมื้อ,0.5118438644688645
gelatin dessert,167,0.0,0.0,38.3,36.4,3.3,0.0,0.0,0.2,0.01,0.0,0.0,0.0,12.766666666666666,0.0,363.99999999999994,Medium,1,น้ำตาลถึงหรือเกิน 10 กรัมต่อมื้อ,0.5116035714285714
beets cooked,22,0.085,0.026,5.0,4.0,0.8,1.0,0.0,0.035,0.00175,0.0,0.13,0.1307692307692307,1.6666666666666667,4.0,40.0,Low,0,ยังไม่พบตัวชี้วัดที่เกินเกณฑ์เบื้องต้น,0.5115775343406593
turnips cooked,34,0.1,0.082,7.9,4.7,1.1,3.1,0.0,0.017,0.00085,0.0,0.41,0.1538461538461538,2.6333333333333333,12.4,47.0,Low,0,ยังไม่พบตัวชี้วัดที่เกินเกณฑ์เบื้องต้น,0.5115183502747253
figs canned,14,0.039,0.066,3.8,3.2,0.1,0.6,0.0,0.049,0.00245,0.0,0.33,0.06,1.2666666666666666,2.4,32.0,Low,0,ยังไม่พบตัวชี้วัดที่เกินเกณฑ์เบื้องต้น,0.510781625
mungo beans raw,706,3.4,0.2,122.1,0.0,52.2,37.9,0.0,0.004,0.0001999999999999,0.0,1.0,5.230769230769231,40.7,151.6,0.0,Low,0,ยังไม่พบตัวชี้วัดที่เกินเกณฑ์เบื้องต้น,0.5107677307692308
quail egg,14,1.0,0.3,0.08,0.048,1.2,0.0,76.0,0.042,0.0021,25.333333333333336,1.5,1.5384615384615383,0.0266666666666666,0.0,0.48,Low,0,โคเลสเตอรอลค่อนข้างสูง,0.5107257884615385
italian dressing,35,3.1,0.4,1.8,1.6,0.032,0.0,0.0,0.1,0.005,0.0,2.0,4.769230769230769,0.6,0.0,16.0,Low,0,ยังไม่พบตัวชี้วัดที่เกินเกณฑ์เบื้องต้น,0.5105932692307692
soy vermicelli,463,0.1,0.092,115.2,24.4,0.1,5.5,0.0,0.032,0.0015999999999999,0.0,0.4599999999999999,0.1538461538461538,38.4,22.0,244.0,Medium,1,น้ำตาลถึงหรือเกิน 10 กรัมต่อมื้อ,0.5105127252747252
mango,202,1.3,0.3,50.3,45.9,2.8,5.4,0.0,0.027,0.0013499999999999,0.0,1.5,2.0,16.766666666666666,21.6,459.0,Medium,1,น้ำตาลถึงหรือเกิน 10 กรัมต่อมื้อ,0.5104184464285715
hyacinth beans raw,722,3.5,0.6,127.6,0.0,50.2,53.8,0.0,0.073,0.00365,0.0,3.0,5.384615384615385,42.53333333333333,215.19999999999996,0.0,Low,0,ยังไม่พบตัวชี้วัดที่เกินเกณฑ์เบื้องต้น,0.5095880096153846
big n tasty mcdonalds,524,31.7,8.6,38.5,8.8,24.7,3.2,76.6,0.7,0.0349999999999999,25.53333333333333,43.0,48.769230769230774,12.833333333333332,12.8,88.00000000000001,Low,0,โคเลสเตอรอลค่อนข้างสูง | ไขมันอิ่มตัวค่อนข้างสูง,0.5095589285714286
guava,37,0.5,0.1,7.9,4.9,1.4,3.0,0.0,0.056,0.0028,0.0,0.5,0.7692307692307693,2.6333333333333333,12.0,49.00000000000001,Low,0,ยังไม่พบตัวชี้วัดที่เกินเกณฑ์เบื้องต้น,0.5093526263736263
red cabbage raw,53,0.3,0.002,12.5,6.5,2.4,3.6,0.0,0.079,0.0039499999999999,0.0,0.01,0.4615384615384615,4.166666666666666,14.400000000000002,65.0,Low,0,ยังไม่พบตัวชี้วัดที่เกินเกณฑ์เบื้องต้น,0.5092945508241757
fruit yogurt,149,1.7,1.1,28.0,28.0,6.0,0.0,7.5,0.013,0.00065,2.5,5.500000000000001,2.6153846153846154,9.333333333333334,0.0,280.0,Medium,1,น้ำตาลถึงหรือเกิน 10 กรัมต่อมื้อ,0.5092725975274726
pork splean cooked,446,9.6,3.2,0.0,0.0,84.3,0.0,1507.0,0.3,0.015,502.33333333333337,16.0,14.769230769230768,0.0,0.0,0.0,Medium,1,โคเลสเตอรอลค่อนข้างสูง,0.5092611263736264
soy flour low fat,330,7.8,1.1,30.7,9.3,40.0,14.1,0.0,0.085,0.00425,0.0,5.500000000000001,12.0,10.233333333333333,56.39999999999999,93.0,Low,0,ยังไม่พบตัวชี้วัดที่เกินเกณฑ์เบื้องต้น,0.5090395535714286
crookneck squash raw,24,0.3,0.1,4.9,4.5,1.3,1.3,0.0,0.047,0.0023499999999999,0.0,0.5,0.4615384615384615,1.6333333333333335,5.2,45.0,Low,0,ยังไม่พบตัวชี้วัดที่เกินเกณฑ์เบื้องต้น,0.5089851222527473
eclair,234,19.2,11.5,11.2,2.0,4.4,0.4,121.5,0.1,0.005,40.5,57.49999999999999,29.538461538461537,3.733333333333333,1.6,20.0,Low,0,โคเลสเตอรอลค่อนข้างสูง | ไขมันอิ่มตัวค่อนข้างสูง,0.5086767857142858
glazed donut,55,3.0,1.2,6.2,3.0,0.8,0.3,3.9,0.082,0.0041,1.3,6.0,4.615384615384616,2.0666666666666664,1.2,30.0,Low,0,ยังไม่พบตัวชี้วัดที่เกินเกณฑ์เบื้องต้น,0.5085324368131868
tomatoes in tomato juice canned,41,0.3,0.08,9.6,5.7,1.9,2.4,0.0,0.3,0.015,0.0,0.4,0.4615384615384615,3.2,9.6,57.00000000000001,Low,0,ยังไม่พบตัวชี้วัดที่เกินเกณฑ์เบื้องต้น,0.5081045329670328
margarine spread,59,6.7,1.2,0.1,0.0,0.082,0.0,0.1,0.019,0.00095,0.0333333333333333,6.0,10.307692307692308,0.0333333333333333,0.0,0.0,Low,0,ยังไม่พบตัวชี้วัดที่เกินเกณฑ์เบื้องต้น,0.5073411350732601
gum drops,18,0.042,0.05,4.4,3.5,0.0,0.0,0.0,0.008,0.0003999999999999,0.0,0.25,0.0646153846153846,1.4666666666666668,0.0,35.0,Low,0,ยังไม่พบตัวชี้วัดที่เกินเกณฑ์เบื้องต้น,0.5072980989010989
zucchini raw,44,0.8,0.2,8.1,6.5,3.1,2.6,0.0,0.023,0.00115,0.0,1.0,1.2307692307692308,2.7,10.4,65.0,Low,0,ยังไม่พบตัวชี้วัดที่เกินเกณฑ์เบื้องต้น,0.5071534629120878
cheese croissant,331,16.7,8.5,37.6,9.1,7.4,2.1,45.6,0.3,0.015,15.2,42.5,25.692307692307693,12.533333333333331,8.4,91.0,Low,0,ไขมันอิ่มตัวค่อนข้างสูง,0.5070303571428573
catsup,19,0.066,0.026,4.5,3.7,0.2,0.053,0.0,0.2,0.01,0.0,0.13,0.1015384615384615,1.5,0.212,37.0,Low,0,ยังไม่พบตัวชี้วัดที่เกินเกณฑ์เบื้องต้น,0.5070206043956044
turkey wing cooked,426,23.1,6.3,0.0,0.0,50.9,0.0,150.7,0.1,0.005,50.23333333333333,31.5,35.53846153846154,0.0,0.0,0.0,Low,0,โคเลสเตอรอลค่อนข้างสูง | ไขมันอิ่มตัวค่อนข้างสูง,0.5065339285714286
apricot dried,17,0.015,0.02,4.4,3.7,0.2,0.5,0.0,0.066,0.0033,0.0,0.1,0.023076923076923,1.4666666666666668,2.0,37.0,Low,0,ยังไม่พบตัวชี้วัดที่เกินเกณฑ์เบื้องต้น,0.5065164587912088
hard candy,24,0.067,0.0,5.9,3.8,0.0,0.0,0.0,0.021,0.00105,0.0,0.0,0.1030769230769231,1.966666666666667,0.0,38.0,Low,0,ยังไม่พบตัวชี้วัดที่เกินเกณฑ์เบื้องต้น,0.5059333337912088
winter squash cooked,76,0.7,0.1,18.1,6.8,1.8,5.7,0.0,0.068,0.0034,0.0,0.5,1.0769230769230769,6.033333333333333,22.8,68.0,Low,0,ยังไม่พบตัวชี้วัดที่เกินเกณฑ์เบื้องต้น,0.5058261483516483
figs dried,21,0.008,0.014,5.4,4.0,0.3,0.8,0.0,0.091,0.00455,0.0,0.0699999999999999,0.0123076923076923,1.8000000000000005,3.2,40.0,Low,0,ยังไม่พบตัวชี้วัดที่เกินเกณฑ์เบื้องต้น,0.5056235673076923
corn pudding,328,12.6,6.3,42.4,16.5,11.1,3.0,180.0,0.7,0.0349999999999999,60.0,31.5,19.384615384615383,14.133333333333336,12.0,165.0,Medium,1,โคเลสเตอรอลค่อนข้างสูง | น้ำตาลถึงหรือเกิน 10 กรัมต่อมื้อ | ไขมันอิ่มตัวค่อนข้างสูง,0.5055314560439561
indian squash cooked,38,0.4,0.0,7.6,4.7,0.7,3.5,0.0,0.0,0.0,0.0,0.0,0.6153846153846154,2.533333333333333,14.000000000000002,47.0,Low,0,ยังไม่พบตัวชี้วัดที่เกินเกณฑ์เบื้องต้น,0.5053489010989011
veal spleen cooked,445,10.0,3.3,0.0,0.0,83.1,0.0,1542.2,0.2,0.01,514.0666666666667,16.499999999999996,15.384615384615383,0.0,0.0,0.0,Medium,1,โคเลสเตอรอลค่อนข้างสูง,0.5052546703296703
egg yolk dried,27,2.3,0.7,0.054,0.002,1.3,0.0,92.3,0.071,0.0035499999999999,30.766666666666666,3.4999999999999996,3.5384615384615383,0.018,0.0,0.02,Low,0,โคเลสเตอรอลค่อนข้างสูง,0.5050834848901099
abiyuch,157,0.2,0.065,40.1,19.5,3.4,12.1,0.0,0.093,0.00465,0.0,0.325,0.3076923076923077,13.366666666666667,48.4,195.0,Medium,1,น้ำตาลถึงหรือเกิน 10 กรัมต่อมื้อ,0.5048717184065934
yellow beans raw,676,5.1,1.3,119.0,0.0,43.1,49.2,0.0,0.046,0.0023,0.0,6.5,7.846153846153846,39.666666666666664,196.8,0.0,Low,0,ยังไม่พบตัวชี้วัดที่เกินเกณฑ์เบื้องต้น,0.5048508818681319
beef top sirloin steak cooked,430,25.2,9.9,0.0,0.0,47.7,0.0,162.8,0.055,0.00275,54.26666666666667,49.5,38.76923076923077,0.0,0.0,0.0,Low,0,โคเลสเตอรอลค่อนข้างสูง | ไขมันอิ่มตัวค่อนข้างสูง,0.5042650892857143
summer squash cooked,49,1.0,0.2,9.9,6.4,2.7,2.9,0.0,0.036,0.0017999999999999,0.0,1.0,1.5384615384615383,3.3000000000000003,11.6,64.0,Low,0,ยังไม่พบตัวชี้วัดที่เกินเกณฑ์เบื้องต้น,0.5041980384615384
hoisin sauce,35,0.5,0.036,7.1,4.4,0.5,0.4,0.5,0.3,0.015,0.1666666666666666,0.18,0.7692307692307693,2.3666666666666667,1.6,44.00000000000001,Low,0,ยังไม่พบตัวชี้วัดที่เกินเกณฑ์เบื้องต้น,0.5039516025641025
cherimoya,176,1.6,0.5,41.6,30.2,3.7,7.1,0.0,0.061,0.0030499999999999,0.0,2.5,2.4615384615384617,13.866666666666664,28.4,302.0,Medium,1,น้ำตาลถึงหรือเกิน 10 กรัมต่อมื้อ,0.50333701510989
caramel custard flan,444,12.3,5.5,69.7,70.8,13.9,0.0,275.4,0.2,0.01,91.8,27.500000000000004,18.923076923076923,23.233333333333334,0.0,708.0,Medium,1,โคเลสเตอรอลค่อนข้างสูง | น้ำตาลถึงหรือเกิน 10 กรัมต่อมื้อ,0.5030376373626374
gatto di patate home made,202,9.4,4.6,4.0,3.6,0.0,0.0,0.0,0.0,0.0,0.0,23.0,14.461538461538462,1.3333333333333337,0.0,36.0,Low,0,ยังไม่พบตัวชี้วัดที่เกินเกณฑ์เบื้องต้น,0.5029670329670329
sweet potato chips,149,9.1,0.8,15.9,2.5,0.8,2.5,0.0,0.05,0.0025,0.0,4.0,13.999999999999998,5.3,10.0,25.0,Low,0,ยังไม่พบตัวชี้วัดที่เกินเกณฑ์เบื้องต้น,0.5026241071428571
naranjilla lulo pulp,30,0.3,0.0,7.1,4.5,0.5,1.3,0.0,0.044,0.0022,0.0,0.0,0.4615384615384615,2.3666666666666667,5.2,45.0,Low,0,ยังไม่พบตัวชี้วัดที่เกินเกณฑ์เบื้องต้น,0.5024148186813187
wild raspberries,81,0.4,0.0,18.0,7.2,1.5,9.8,0.0,0.09,0.0045,0.0,0.0,0.6153846153846154,6.0,39.2,72.0,Low,0,ยังไม่พบตัวชี้วัดที่เกินเกณฑ์เบื้องต้น,0.5023865796703296
pumpkin canned,83,0.7,0.4,19.8,8.1,2.7,7.1,0.0,0.6,0.03,0.0,2.0,1.0769230769230769,6.6000000000000005,28.4,81.0,Low,0,ยังไม่พบตัวชี้วัดที่เกินเกณฑ์เบื้องต้น,0.5013766483516483
veal shoulder cooked,435,19.4,7.2,0.0,0.0,61.2,0.0,240.7,0.2,0.01,80.23333333333333,36.0,29.846153846153843,0.0,0.0,0.0,Low,0,โคเลสเตอรอลค่อนข้างสูง | ไขมันอิ่มตัวค่อนข้างสูง,0.5013535714285715
fructose sweetener,15,0.0,0.0,4.2,3.9,0.0,0.0,0.0,0.013,0.00065,0.0,0.0,0.0,1.4,0.0,39.0,Low,0,ยังไม่พบตัวชี้วัดที่เกินเกณฑ์เบื้องต้น,0.5000665535714286
chicken sandwich,468,20.9,4.0,39.1,6.8,30.4,2.6,65.5,1.4,0.0699999999999999,21.833333333333332,20.0,32.153846153846146,13.033333333333331,10.4,68.0,Low,0,โคเลสเตอรอลค่อนข้างสูง,0.5000464285714286
cocoa powder,28,0.3,0.2,5.9,4.6,0.5,0.3,0.0,0.034,0.0017,0.0,1.0,0.4615384615384615,1.966666666666667,1.2,46.0,Low,0,ยังไม่พบตัวชี้วัดที่เกินเกณฑ์เบื้องต้น,0.4997757115384615
pork boston steaks cooked,438,28.1,10.1,0.0,0.0,43.2,0.0,160.6,0.1,0.005,53.53333333333333,50.5,43.23076923076923,0.0,0.0,0.0,Low,0,โคเลสเตอรอลค่อนข้างสูง | ไขมันอิ่มตัวค่อนข้างสูง,0.4996767857142857
sausage mcgriddles mcdonalds,421,24.0,7.3,42.2,15.2,11.4,1.4,32.4,1.0,0.05,10.8,36.5,36.92307692307693,14.066666666666668,5.6,152.0,Medium,1,น้ำตาลถึงหรือเกิน 10 กรัมต่อมื้อ | ไขมันอิ่มตัวค่อนข้างสูง,0.4995535714285715
coconut meat dried,187,18.3,16.2,6.7,2.1,1.9,4.6,0.0,0.058,0.0029,0.0,81.0,28.153846153846157,2.2333333333333334,18.4,21.000000000000004,Low,0,ไขมันอิ่มตัวค่อนข้างสูง,0.4990853928571428
carrot juice,80,0.3,0.055,18.6,7.8,1.9,1.6,0.0,0.1,0.005,0.0,0.2749999999999999,0.4615384615384615,6.200000000000001,6.4,78.0,Low,0,ยังไม่พบตัวชี้วัดที่เกินเกณฑ์เบื้องต้น,0.4989652472527472
prune juice,182,0.006,0.033,44.7,42.1,1.6,2.6,0.0,0.1,0.005,0.0,0.165,0.0092307692307692,14.900000000000002,10.4,421.0,Medium,1,น้ำตาลถึงหรือเกิน 10 กรัมต่อมื้อ,0.49889326923076927
ranch dressing,65,6.7,1.0,0.9,0.7,0.2,0.0,3.9,0.1,0.005,1.3,5.0,10.307692307692308,0.3,0.0,6.999999999999999,Low,0,ยังไม่พบตัวชี้วัดที่เกินเกณฑ์เบื้องต้น,0.4985476648351648
tomato rice soup,240,5.5,1.0,44.1,15.2,4.2,3.4,2.6,1.6,0.08,0.8666666666666666,5.0,8.461538461538462,14.7,13.6,152.0,Medium,1,น้ำตาลถึงหรือเกิน 10 กรัมต่อมื้อ,0.498414652014652
rice wheat cereal bar,90,2.0,0.0,16.0,7.0,2.0,0.4,0.0,0.1,0.005,0.0,0.0,3.076923076923077,5.333333333333334,1.6,70.0,Low,0,ยังไม่พบตัวชี้วัดที่เกินเกณฑ์เบื้องต้น,0.49831414835164833
anejo cheese,492,39.6,25.1,6.1,6.1,28.3,0.0,138.6,1.5,0.075,46.2,125.5,60.92307692307693,2.033333333333333,0.0,61.0,Medium,1,โคเลสเตอรอลค่อนข้างสูง | ไขมันอิ่มตัวค่อนข้างสูง,0.4980446428571429
tilefish cooked,441,14.1,2.6,0.0,0.0,73.5,0.0,192.0,0.2,0.01,64.0,13.0,21.69230769230769,0.0,0.0,0.0,Low,0,โคเลสเตอรอลค่อนข้างสูง,0.497925
brown sugar,16,0.0,0.0,4.1,4.1,0.024,0.0,0.0,0.094,0.0046999999999999,0.0,0.0,0.0,1.3666666666666665,0.0,41.0,Low,0,ยังไม่พบตัวชี้วัดที่เกินเกณฑ์เบื้องต้น,0.4979076071428572
milk chocolate,37,2.1,1.3,4.2,3.6,0.5,0.2,1.6,0.045,0.00225,0.5333333333333334,6.5,3.230769230769231,1.4,0.8,36.0,Low,0,ยังไม่พบตัวชี้วัดที่เกินเกณฑ์เบื้องต้น,0.4978118795787546
blackberries raw,62,0.7,0.076,13.8,7.0,2.0,7.6,0.0,0.05,0.0025,0.0,0.38,1.0769230769230769,4.6,30.4,70.0,Low,0,ยังไม่พบตัวชี้วัดที่เกินเกณฑ์เบื้องต้น,0.4973328983516483
tomatillos,42,1.3,0.2,7.7,5.2,1.3,2.5,0.0,0.019,0.00095,0.0,1.0,2.0,2.566666666666667,10.0,52.0,Low,0,ยังไม่พบตัวชี้วัดที่เกินเกณฑ์เบื้องต้น,0.497242875
coconut water,46,0.5,0.4,8.9,6.3,1.7,2.6,0.0,0.3,0.015,0.0,2.0,0.7692307692307693,2.966666666666667,10.4,63.0,Low,0,ยังไม่พบตัวชี้วัดที่เกินเกณฑ์เบื้องต้น,0.49715398351648343
tomato juice,41,0.7,0.043,8.6,6.3,2.1,1.0,0.0,0.063,0.00315,0.0,0.215,1.0769230769230769,2.8666666666666667,4.0,63.0,Low,0,ยังไม่พบตัวชี้วัดที่เกินเกณฑ์เบื้องต้น,0.4970780233516483
nut cereal,245,5.9,1.0,46.2,17.2,4.0,3.6,0.0,0.3,0.015,0.0,5.0,9.076923076923077,15.4,14.400000000000002,172.0,Medium,1,น้ำตาลถึงหรือเกิน 10 กรัมต่อมื้อ,0.4968105769230769
cabbage raw,70,0.3,0.054,16.2,9.0,3.6,7.0,0.0,0.006,0.0003,0.0,0.27,0.4615384615384615,5.4,28.000000000000004,90.0,Low,0,ยังไม่พบตัวชี้วัดที่เกินเกณฑ์เบื้องต้น,0.4965362115384615
goat meat raw,494,10.5,3.2,0.0,0.0,93.4,0.0,258.6,0.4,0.02,86.20000000000002,16.0,16.153846153846153,0.0,0.0,0.0,Low,0,โคเลสเตอรอลค่อนข้างสูง,0.4964104395604395
veal rib cooked,444,22.2,8.8,0.0,0.0,57.4,0.0,246.0,0.2,0.01,82.0,44.00000000000001,34.15384615384615,0.0,0.0,0.0,Low,0,โคเลสเตอรอลค่อนข้างสูง | ไขมันอิ่มตัวค่อนข้างสูง,0.4962107142857142
granulated sugar,16,0.0,0.0,4.2,4.2,0.0,0.0,0.0,0.019,0.00095,0.0,0.0,0.0,1.4,0.0,42.00000000000001,Low,0,ยังไม่พบตัวชี้วัดที่เกินเกณฑ์เบื้องต้น,0.4961357321428571
vegetable oil spread,75,8.4,1.7,0.1,0.0,0.007,0.0,0.1,0.081,0.00405,0.0333333333333333,8.5,12.923076923076923,0.0333333333333333,0.0,0.0,Low,0,ยังไม่พบตัวชี้วัดที่เกินเกณฑ์เบื้องต้น,0.49590785760073264
pickle relish,20,0.061,0.093,5.3,4.4,0.097,0.2,0.0,0.1,0.005,0.0,0.4649999999999999,0.0938461538461538,1.7666666666666668,0.8,44.00000000000001,Low,0,ยังไม่พบตัวชี้วัดที่เกินเกณฑ์เบื้องต้น,0.49589972527472526
sweet red peppers raw,46,0.4,0.088,9.0,6.3,1.5,3.1,0.0,0.092,0.0046,0.0,0.4399999999999999,0.6153846153846154,3.0,12.4,63.0,Low,0,ยังไม่พบตัวชี้วัดที่เกินเกณฑ์เบื้องต้น,0.4958858296703297
butterscotch,21,0.2,0.1,4.8,4.3,0.079,0.0,0.5,0.039,0.00195,0.1666666666666666,0.5,0.3076923076923077,1.6,0.0,43.0,Low,0,ยังไม่พบตัวชี้วัดที่เกินเกณฑ์เบื้องต้น,0.495748516025641
requeijao cremoso light catupiry,49,3.6,2.3,0.9,3.4,0.8,0.1,0.0,0.0,0.0,0.0,11.5,5.538461538461538,0.3,0.4,34.0,Low,0,ยังไม่พบตัวชี้วัดที่เกินเกณฑ์เบื้องต้น,0.4954615384615384
green goddess dressing,64,6.5,0.9,1.1,1.0,0.3,0.094,6.0,0.1,0.005,2.0,4.5,10.0,0.3666666666666667,0.376,10.0,Low,0,ยังไม่พบตัวชี้วัดที่เกินเกณฑ์เบื้องต้น,0.49528392857142856
granola,293,14.6,2.4,32.3,11.9,8.2,5.3,0.0,0.01,0.0005,0.0,12.0,22.46153846153846,10.766666666666666,21.2,119.0,Medium,1,น้ำตาลถึงหรือเกิน 10 กรัมต่อมื้อ,0.4949248214285714
granola bar,99,4.2,0.5,13.5,6.0,2.1,1.1,0.0,0.084,0.0042,0.0,2.5,6.461538461538462,4.5,4.4,60.0,Low,0,ยังไม่พบตัวชี้วัดที่เกินเกณฑ์เบื้องต้น,0.49432839010989005
ground bison cooked,448,21.6,8.7,0.0,0.0,63.6,0.0,177.5,0.2,0.01,59.166666666666664,43.49999999999999,33.23076923076923,0.0,0.0,0.0,Low,0,โคเลสเตอรอลค่อนข้างสูง | ไขมันอิ่มตัวค่อนข้างสูง,0.493925
strawberry topping,53,0.096,0.071,13.9,5.7,0.014,0.1,0.0,0.099,0.00495,0.0,0.355,0.1476923076923077,4.633333333333334,0.4,57.00000000000001,Low,0,ยังไม่พบตัวชี้วัดที่เกินเกณฑ์เบื้องต้น,0.4938158969780219
lemon juice,54,0.6,0.06,16.6,6.1,0.9,0.7,0.0,0.046,0.0023,0.0,0.3,0.923076923076923,5.533333333333334,2.8,61.0,Low,0,ยังไม่พบตัวชี้วัดที่เกินเกณฑ์เบื้องต้น,0.49366681593406586
peanut butter sandwich cookies,67,3.0,0.7,9.2,5.0,1.2,0.3,0.0,0.098,0.0049,0.0,3.4999999999999996,4.615384615384616,3.0666666666666664,1.2,50.0,Low,0,ยังไม่พบตัวชี้วัดที่เกินเกณฑ์เบื้องต้น,0.4936335796703296
chocolate soda,207,0.0,0.0,52.6,52.6,0.0,0.0,0.0,0.031,0.00155,0.0,0.0,0.0,17.533333333333335,0.0,526.0,Medium,1,น้ำตาลถึงหรือเกิน 10 กรัมต่อมื้อ,0.4932740892857143
sugar wafers with creme filling,51,2.3,1.2,7.1,4.3,0.4,0.2,0.0,0.06,0.0029999999999999,0.0,6.0,3.5384615384615383,2.3666666666666667,0.8,43.0,Low,0,ยังไม่พบตัวชี้วัดที่เกินเกณฑ์เบื้องต้น,0.4930818956043955
vinegar oil dressing,72,8.0,1.5,0.4,0.4,0.0,0.0,0.0,0.076,0.0038,0.0,7.5,12.307692307692308,0.1333333333333333,0.0,4.0,Low,0,ยังไม่พบตัวชี้วัดที่เกินเกณฑ์เบื้องต้น,0.4928066648351648
blue cheese dressing,71,7.7,1.2,0.7,0.5,0.2,0.045,4.7,0.2,0.01,1.5666666666666669,6.0,11.846153846153848,0.2333333333333333,0.18,5.0,Low,0,ยังไม่พบตัวชี้วัดที่เกินเกณฑ์เบื้องต้น,0.49273360805860805
lamb lungs cooked,431,11.8,4.0,0.0,0.0,75.7,0.0,1082.0,0.3,0.015,360.66666666666663,20.0,18.153846153846153,0.0,0.0,0.0,Medium,1,โคเลสเตอรอลค่อนข้างสูง,0.49244793956043953
turnips raw,51,0.2,0.074,11.8,7.0,1.6,3.3,0.0,0.1,0.005,0.0,0.37,0.3076923076923077,3.933333333333334,13.2,70.0,Low,0,ยังไม่พบตัวชี้วัดที่เกินเกณฑ์เบื้องต้น,0.49179766483516485
pina colada,245,2.7,2.3,32.0,31.5,0.6,0.4,0.0,0.089,0.00445,0.0,11.5,4.153846153846154,10.666666666666668,1.6,315.0,Medium,1,น้ำตาลถึงหรือเกิน 10 กรัมต่อมื้อ,0.4913127788461538
turbinado sugar,18,0.0,0.0,4.6,4.6,0.0,0.0,0.0,0.008,0.0003999999999999,0.0,0.0,0.0,1.5333333333333332,0.0,46.0,Low,0,ยังไม่พบตัวชี้วัดที่เกินเกณฑ์เบื้องต้น,0.49128271428571424
peppercorn dressing,76,8.2,1.4,0.5,0.3,0.2,0.0,6.6,0.1,0.005,2.1999999999999997,6.999999999999999,12.615384615384617,0.1666666666666666,0.0,3.0,Low,0,ยังไม่พบตัวชี้วัดที่เกินเกณฑ์เบื้องต้น,0.49127568681318684
cream of celery soup,181,11.2,2.8,17.7,3.4,3.3,1.5,27.7,1.3,0.065,9.233333333333334,13.999999999999998,17.23076923076923,5.8999999999999995,6.0,34.0,Low,0,ยังไม่พบตัวชี้วัดที่เกินเกณฑ์เบื้องต้น,0.49087696886446885
agave syrup,21,0.081,0.0,5.3,4.7,0.025,0.01,0.0,0.09,0.0045,0.0,0.0,0.1246153846153846,1.7666666666666668,0.04,47.0,Low,0,ยังไม่พบตัวชี้วัดที่เกินเกณฑ์เบื้องต้น,0.49084413461538456
caesar dressing,80,8.5,1.3,0.5,0.4,0.3,0.036,5.7,0.2,0.01,1.9,6.5,13.076923076923078,0.1666666666666666,0.144,4.0,Low,0,ยังไม่พบตัวชี้วัดที่เกินเกณฑ์เบื้องต้น,0.4905623626373626
root beer,202,0.0,0.0,52.3,52.3,0.0,0.0,0.0,0.068,0.0034,0.0,0.0,0.0,17.43333333333333,0.0,523.0,Medium,1,น้ำตาลถึงหรือเกิน 10 กรัมต่อมื้อ,0.4904030714285715
pork backfat,3683,402.3,146.1,0.0,0.0,13.2,0.0,258.6,0.064,0.0031999999999999,86.20000000000002,730.5,618.9230769230769,0.0,0.0,0.0,Medium,1,โคเลสเตอรอลค่อนข้างสูง | ไขมันอิ่มตัวค่อนข้างสูง,0.48997599999999997
yogurt,92,4.9,3.1,7.0,7.0,5.2,0.0,19.5,0.005,0.00025,6.5,15.5,7.538461538461538,2.3333333333333335,0.0,70.0,Low,0,ยังไม่พบตัวชี้วัดที่เกินเกณฑ์เบื้องต้น,0.48978109203296705
oatmeal cookies,113,4.5,1.1,17.2,6.2,1.6,0.7,0.0,0.1,0.005,0.0,5.500000000000001,6.923076923076923,5.733333333333333,2.8,62.0,Low,0,ยังไม่พบตัวชี้วัดที่เกินเกณฑ์เบื้องต้น,0.4896108516483516
chicken pot pie,598,34.6,12.6,57.3,7.2,14.6,3.0,51.3,1.2,0.06,17.099999999999998,63.0,53.23076923076924,19.1,12.0,72.0,Low,0,ไขมันอิ่มตัวค่อนข้างสูง,0.48958571428571424
baked apple pie mcdonalds,91,4.4,1.1,12.3,4.9,0.9,0.6,0.0,0.076,0.0038,0.0,5.500000000000001,6.76923076923077,4.1000000000000005,2.4,49.00000000000001,Low,0,ยังไม่พบตัวชี้วัดที่เกินเกณฑ์เบื้องต้น,0.4889522692307692
plantain cooked,179,0.3,0.1,48.0,21.6,1.2,3.5,0.0,0.079,0.0039499999999999,0.0,0.5,0.4615384615384615,16.0,14.000000000000002,216.0,Medium,1,น้ำตาลถึงหรือเกิน 10 กรัมต่อมื้อ,0.48879455082417583
barbecue sauce kraft,28,0.053,0.013,6.5,5.2,0.1,0.032,0.0,0.2,0.01,0.0,0.065,0.0815384615384615,2.166666666666667,0.128,52.0,Low,0,ยังไม่พบตัวชี้วัดที่เกินเกณฑ์เบื้องต้น,0.48856346153846153
skittles wild berry mars,249,2.6,2.6,56.3,47.1,0.1,0.0,0.0,0.036,0.0017999999999999,0.0,13.0,4.0,18.766666666666666,0.0,471.0,Medium,1,น้ำตาลถึงหรือเกิน 10 กรัมต่อมื้อ,0.48852221428571435
skittles original mars,251,2.7,2.6,56.3,47.0,0.1,0.0,0.0,0.025,0.00125,0.0,13.0,4.153846153846154,18.766666666666666,0.0,470.0,Medium,1,น้ำตาลถึงหรือเกิน 10 กรัมต่อมื้อ,0.4885153502747253
skittles tropical mars,251,2.7,0.0,56.3,47.0,0.1,0.0,0.0,0.095,0.00475,0.0,0.0,4.153846153846154,18.766666666666666,0.0,470.0,Medium,1,น้ำตาลถึงหรือเกิน 10 กรัมต่อมื้อ,0.4884891002747253
chocolate soymilk,153,3.7,0.6,24.2,19.1,5.5,1.0,0.0,0.1,0.005,0.0,3.0,5.6923076923076925,8.066666666666666,4.0,191.0,Medium,1,น้ำตาลถึงหรือเกิน 10 กรัมต่อมื้อ,0.4884487637362638
margarine with yoghurt,88,9.8,1.9,0.073,0.0,0.058,0.0,0.0,0.018,0.0008999999999999,0.0,9.5,15.076923076923077,0.0243333333333333,0.0,0.0,Low,0,ยังไม่พบตัวชี้วัดที่เกินเกณฑ์เบื้องต้น,0.48792704120879116
yogurt parfait,125,1.5,0.8,23.6,17.4,5.0,1.6,4.5,0.048,0.0024,1.5,4.0,2.307692307692308,7.866666666666668,6.4,173.99999999999997,Medium,1,น้ำตาลถึงหรือเกิน 10 กรัมต่อมื้อ,0.48785287912087916
eggplant raw,115,0.8,0.2,26.9,16.2,4.5,13.7,0.0,0.028,0.0014,0.0,1.0,1.2307692307692308,8.966666666666665,54.79999999999999,162.0,Medium,1,น้ำตาลถึงหรือเกิน 10 กรัมต่อมื้อ,0.4877230164835165
pineapple orange juice,125,0.0,0.0,29.5,29.0,3.3,0.3,0.0,0.069,0.00345,0.0,0.0,0.0,9.833333333333332,1.2,290.0,Medium,1,น้ำตาลถึงหรือเกิน 10 กรัมต่อมื้อ,0.4876526964285714
green tomato,42,0.4,0.024,9.3,7.3,2.2,2.0,0.0,0.055,0.00275,0.0,0.12,0.6153846153846154,3.1000000000000005,8.0,73.0,Low,0,ยังไม่พบตัวชี้วัดที่เกินเกณฑ์เบื้องต้น,0.48736399038461536
white sugar,19,0.0,0.0,5.0,4.9,0.0,0.0,0.0,0.012,0.0006,0.0,0.0,0.0,1.6666666666666667,0.0,49.00000000000001,Low,0,ยังไม่พบตัวชี้วัดที่เกินเกณฑ์เบื้องต้น,0.48735264285714286
pheasant breast raw,484,11.8,4.0,0.0,0.0,88.7,0.0,211.1,0.1,0.005,70.36666666666666,20.0,18.153846153846153,0.0,0.0,0.0,Low,0,โคเลสเตอรอลค่อนข้างสูง,0.4872372252747253
fruit n yogurt parfait mcdonalds,156,1.9,0.044,30.9,19.1,4.1,1.5,7.5,0.065,0.00325,2.5,0.2199999999999999,2.923076923076923,10.3,6.0,191.0,Medium,1,น้ำตาลถึงหรือเกิน 10 กรัมต่อมื้อ,0.4871954052197803
ranch flavor tortilla chips,992,48.8,7.0,124.2,6.0,14.2,7.9,0.0,1.0,0.05,0.0,35.0,75.07692307692308,41.400000000000006,31.6,60.0,Low,0,ไขมันอิ่มตัวค่อนข้างสูง,0.487125
tomato soup canned,139,3.3,1.8,22.6,16.5,6.3,1.5,10.1,0.5,0.025,3.3666666666666663,9.0,5.076923076923077,7.533333333333333,6.0,165.0,Medium,1,น้ำตาลถึงหรือเกิน 10 กรัมต่อมื้อ,0.48649748168498164
kiwifruit green,42,0.4,0.095,10.1,6.2,0.8,2.1,0.0,0.096,0.0048,0.0,0.475,0.6153846153846154,3.3666666666666663,8.4,62.0,Low,0,ยังไม่พบตัวชี้วัดที่เกินเกณฑ์เบื้องต้น,0.4863486153846154
soy margarine,88,9.9,3.2,0.0,0.0,0.0,0.0,0.0,0.1,0.005,0.0,16.0,15.230769230769232,0.0,0.0,0.0,Low,0,ยังไม่พบตัวชี้วัดที่เกินเกณฑ์เบื้องต้น,0.48601744505494504
corn tamale,309,12.0,4.4,44.3,12.3,5.8,5.3,0.0,0.5,0.025,0.0,22.000000000000004,18.461538461538463,14.766666666666667,21.2,123.0,Medium,1,น้ำตาลถึงหรือเกิน 10 กรัมต่อมื้อ,0.48542239010989013
raisin bran crunch kelloggs,90,0.5,0.0,21.2,9.0,1.9,0.0,0.0,0.0,0.0,0.0,0.0,0.7692307692307693,7.066666666666667,0.0,90.0,Low,0,ยังไม่พบตัวชี้วัดที่เกินเกณฑ์เบื้องต้น,0.4844093406593406
caramel with nuts chocolate coated,66,2.9,0.7,8.5,5.8,1.3,0.6,0.0,0.041,0.00205,0.0,3.4999999999999996,4.461538461538462,2.833333333333333,2.4,57.99999999999999,Low,0,ยังไม่พบตัวชี้วัดที่เกินเกณฑ์เบื้องต้น,0.48348737225274724
chicory roots,65,0.2,0.052,15.8,7.9,1.3,1.4,0.0,0.055,0.00275,0.0,0.26,0.3076923076923077,5.266666666666667,5.6,79.0,Low,0,ยังไม่พบตัวชี้วัดที่เกินเกณฑ์เบื้องต้น,0.48256453983516484
barbecue sauce bulls eye,27,0.1,0.028,6.4,5.6,0.1,0.2,0.0,0.2,0.01,0.0,0.1399999999999999,0.1538461538461538,2.1333333333333337,0.8,55.99999999999999,Low,0,ยังไม่พบตัวชี้วัดที่เกินเกณฑ์เบื้องต้น,0.4814497252747253
tomato sauce,59,0.7,0.1,13.0,8.7,2.9,3.7,0.0,0.083,0.00415,0.0,0.5,1.0769230769230769,4.333333333333334,14.800000000000002,86.99999999999999,Low,0,ยังไม่พบตัวชี้วัดที่เกินเกณฑ์เบื้องต้น,0.48135623763736257
white beans raw,673,1.7,0.4,121.7,4.3,47.2,30.7,0.0,0.051,0.00255,0.0,2.0,2.6153846153846154,40.56666666666667,122.8,43.0,Low,0,ยังไม่พบตัวชี้วัดที่เกินเกณฑ์เบื้องต้น,0.4812940618131868
honey mustard dressing,70,6.1,0.8,3.5,2.4,0.1,0.057,4.4,0.019,0.00095,1.4666666666666668,4.0,9.384615384615383,1.1666666666666667,0.2279999999999999,24.0,Low,0,ยังไม่พบตัวชี้วัดที่เกินเกณฑ์เบื้องต้น,0.48119159294871794
barbecue sauce,29,0.1,0.009,6.9,5.7,0.1,0.2,0.0,0.2,0.01,0.0,0.045,0.1538461538461538,2.3,0.8,57.00000000000001,Low,0,ยังไม่พบตัวชี้วัดที่เกินเกณฑ์เบื้องต้น,0.48109258241758246
lentils raw,678,2.0,0.3,115.4,3.9,49.5,58.6,0.0,0.039,0.00195,0.0,1.5,3.076923076923077,38.46666666666667,234.4,39.0,Low,0,ยังไม่พบตัวชี้วัดที่เกินเกณฑ์เบื้องต้น,0.48097988049450546
soursop,149,0.7,0.1,37.9,30.5,2.3,7.4,0.0,0.024,0.0012,0.0,0.5,1.0769230769230769,12.633333333333333,29.600000000000005,305.0,Medium,1,น้ำตาลถึงหรือเกิน 10 กรัมต่อมื้อ,0.48080693406593406
chocolate coated donut,81,4.5,2.4,9.2,4.8,0.9,0.3,3.4,0.099,0.00495,1.1333333333333333,12.0,6.923076923076923,3.0666666666666664,1.2,48.0,Low,0,ยังไม่พบตัวชี้วัดที่เกินเกณฑ์เบื้องต้น,0.480742179029304
chocolate fudge syrup,67,1.7,0.8,12.0,6.6,0.9,0.5,0.2,0.084,0.0042,0.0666666666666666,4.0,2.6153846153846154,4.0,2.0,65.99999999999999,Low,0,ยังไม่พบตัวชี้วัดที่เกินเกณฑ์เบื้องต้น,0.480722163003663
chocolate chip cookie,63,2.8,1.4,9.3,5.3,0.5,0.3,0.0,0.047,0.0023499999999999,0.0,6.999999999999999,4.3076923076923075,3.1000000000000005,1.2,53.0,Low,0,ยังไม่พบตัวชี้วัดที่เกินเกณฑ์เบื้องต้น,0.48042468269230765
dessert wine dry,760,0.0,0.0,58.4,5.5,1.0,76.5,0.0,0.0,0.0,0.0,0.0,0.0,19.466666666666665,306.0,55.00000000000001,Low,0,ยังไม่พบตัวชี้วัดที่เกินเกณฑ์เบื้องต้น,0.48
red white currants,63,0.2,0.043,15.5,8.3,1.6,4.8,0.0,0.056,0.0028,0.0,0.215,0.3076923076923077,5.166666666666667,19.2,83.0,Low,0,ยังไม่พบตัวชี้วัดที่เกินเกณฑ์เบื้องต้น,0.4791713076923077
chum salmon cooked,474,14.9,3.3,0.0,0.0,79.5,0.0,292.6,0.2,0.01,97.53333333333332,16.499999999999996,22.923076923076923,0.0,0.0,0.0,Low,0,โคเลสเตอรอลค่อนข้างสูง,0.4790678571428571
ground chicken cooked,474,27.4,7.8,0.0,0.0,58.4,0.0,268.6,0.2,0.01,89.53333333333335,39.0,42.15384615384615,0.0,0.0,0.0,Low,0,โคเลสเตอรอลค่อนข้างสูง | ไขมันอิ่มตัวค่อนข้างสูง,0.4790678571428571
oriental radish raw,61,0.3,0.1,13.9,8.5,2.0,5.4,0.0,0.014,0.0007,0.0,0.5,0.4615384615384615,4.633333333333334,21.6,85.0,Low,0,ยังไม่พบตัวชี้วัดที่เกินเกณฑ์เบื้องต้น,0.47889035439560435
vegetable juice,53,0.2,0.071,11.1,7.9,1.5,1.9,0.0,0.1,0.005,0.0,0.355,0.3076923076923077,3.7,7.6,79.0,Low,0,ยังไม่พบตัวชี้วัดที่เกินเกณฑ์เบื้องต้น,0.4781905219780219
pinto beans raw,670,2.4,0.5,120.7,4.1,41.3,29.9,0.0,0.036,0.0017999999999999,0.0,2.5,3.692307692307692,40.233333333333334,119.6,41.0,Low,0,ยังไม่พบตัวชี้วัดที่เกินเกณฑ์เบื้องต้น,0.47793704945054943
black beans raw,662,2.8,0.7,121.0,4.1,41.9,30.1,0.0,0.065,0.00325,0.0,3.4999999999999996,4.3076923076923075,40.33333333333333,120.4,41.0,Low,0,ยังไม่พบตัวชี้วัดที่เกินเกณฑ์เบื้องต้น,0.4778822184065934
french dressing reduced fat,37,2.2,0.2,4.7,4.6,0.072,0.2,0.0,0.072,0.0035999999999999,0.0,1.0,3.384615384615385,1.5666666666666669,0.8,46.0,Low,0,ยังไม่พบตัวชี้วัดที่เกินเกณฑ์เบื้องต้น,0.4776312417582417
gourd cooked,100,0.6,0.035,25.5,9.2,1.2,5.2,0.0,0.065,0.00325,0.0,0.175,0.923076923076923,8.5,20.8,92.0,Low,0,ยังไม่พบตัวชี้วัดที่เกินเกณฑ์เบื้องต้น,0.4771954052197802
margarine with salt,100,11.3,2.1,0.017,0.0,0.031,0.0,0.0,0.1,0.005,0.0,10.500000000000002,17.384615384615383,0.0056666666666666,0.0,0.0,Low,0,ยังไม่พบตัวชี้วัดที่เกินเกณฑ์เบื้องต้น,0.47710824175824174
vanilla sandwich cookie,72,3.0,0.4,10.8,5.9,0.7,0.2,0.0,0.044,0.0022,0.0,2.0,4.615384615384616,3.6000000000000005,0.8,59.00000000000001,Low,0,ยังไม่พบตัวชี้วัดที่เกินเกณฑ์เบื้องต้น,0.47676097252747246
chihuahua cheese,494,39.2,24.9,7.3,7.3,28.5,0.0,138.6,0.8,0.04,46.2,124.5,60.30769230769231,2.433333333333333,0.0,73.0,Medium,1,โคเลสเตอรอลค่อนข้างสูง | ไขมันอิ่มตัวค่อนข้างสูง,0.4766642857142857
after eight mints nestle,36,1.0,0.7,6.7,5.6,0.1,0.2,0.0,0.025,0.00125,0.0,3.4999999999999996,1.5384615384615383,2.2333333333333334,0.8,55.99999999999999,Low,0,ยังไม่พบตัวชี้วัดที่เกินเกณฑ์เบื้องต้น,0.47627359203296704
passion fruit juice purple,148,0.4,0.064,35.7,35.2,1.7,0.5,0.0,0.084,0.0042,0.0,0.32,0.6153846153846154,11.9,2.0,352.00000000000006,Medium,1,น้ำตาลถึงหรือเกิน 10 กรัมต่อมื้อ,0.4761745439560439
prune puree,46,0.02,0.038,11.7,7.0,0.4,0.6,0.0,0.036,0.0017999999999999,0.0,0.19,0.0307692307692307,3.9,2.4,70.0,Low,0,ยังไม่พบตัวชี้วัดที่เกินเกณฑ์เบื้องต้น,0.476041445054945
margarine,102,11.5,2.2,0.018,0.0,0.037,0.0,0.0,0.091,0.00455,0.0,11.000000000000002,17.692307692307693,0.0059999999999999,0.0,0.0,Low,0,ยังไม่พบตัวชี้วัดที่เกินเกณฑ์เบื้องต้น,0.4760217815934066
eggnog,224,10.6,6.6,20.4,20.4,11.6,0.0,149.9,0.1,0.005,49.96666666666667,32.99999999999999,16.307692307692307,6.799999999999999,0.0,204.0,Medium,1,โคเลสเตอรอลค่อนข้างสูง | น้ำตาลถึงหรือเกิน 10 กรัมต่อมื้อ | ไขมันอิ่มตัวค่อนข้างสูง,0.4756548076923077
stewed tomatoes canned,66,0.5,0.078,15.8,9.0,2.3,2.6,0.0,0.6,0.03,0.0,0.3899999999999999,0.7692307692307693,5.266666666666667,10.4,90.0,Low,0,ยังไม่พบตัวชี้วัดที่เกินเกณฑ์เบื้องต้น,0.4754700549450549
veal brain cooked,461,32.6,7.4,0.0,0.0,38.9,0.0,10509.0,0.5,0.025,3503.0,37.0,50.15384615384616,0.0,0.0,0.0,Medium,1,โคเลสเตอรอลค่อนข้างสูง | ไขมันอิ่มตัวค่อนข้างสูง,0.47513392857142855
chocolate covered graham crackers,68,3.2,1.8,9.3,5.8,0.8,0.4,0.0,0.067,0.00335,0.0,9.0,4.923076923076923,3.1000000000000005,1.6,57.99999999999999,Low,0,ยังไม่พบตัวชี้วัดที่เกินเกณฑ์เบื้องต้น,0.47490894093406594
jerusalem artichokes,110,0.047,0.0,26.2,14.4,3.0,2.4,0.0,0.011,0.00055,0.0,0.0,0.0723076923076923,8.733333333333333,9.6,144.0,Medium,1,น้ำตาลถึงหรือเกิน 10 กรัมต่อมื้อ,0.47481071016483517
tomato puree canned,95,0.5,0.098,22.5,12.1,4.1,4.8,0.0,0.002,0.0001,0.0,0.49,0.7692307692307693,7.5,19.2,121.0,Medium,1,น้ำตาลถึงหรือเกิน 10 กรัมต่อมื้อ,0.4747657335164835
frozen yogurt,221,6.3,4.0,37.6,34.7,5.2,0.0,22.6,0.1,0.005,7.533333333333333,20.0,9.692307692307692,12.533333333333331,0.0,347.0,Medium,1,น้ำตาลถึงหรือเกิน 10 กรัมต่อมื้อ,0.4747225732600733
chocolate frozen yogurt,221,6.3,4.0,37.6,33.5,5.2,4.0,22.6,0.1,0.005,7.533333333333333,20.0,9.692307692307692,12.533333333333331,16.0,335.0,Medium,1,น้ำตาลถึงหรือเกิน 10 กรัมต่อมื้อ,0.4747225732600733
white cake with coconut frosting,399,11.5,4.4,70.8,64.3,4.9,1.1,1.1,0.3,0.015,0.3666666666666667,22.000000000000004,17.692307692307693,23.6,4.4,643.0,Medium,1,น้ำตาลถึงหรือเกิน 10 กรัมต่อมื้อ,0.47452852564102566
butter croissant,231,12.0,6.6,26.1,6.4,4.7,1.5,38.2,0.2,0.01,12.733333333333336,32.99999999999999,18.461538461538463,8.700000000000001,6.0,64.0,Low,0,ไขมันอิ่มตัวค่อนข้างสูง,0.47438012820512815
apple dippers mcdonalds,33,0.0,0.0,8.2,6.3,0.0,0.0,0.0,0.0,0.0,0.0,0.0,0.0,2.733333333333333,0.0,63.0,Low,0,ยังไม่พบตัวชี้วัดที่เกินเกณฑ์เบื้องต้น,0.4743571428571428
clementine,35,0.1,0.0,8.9,6.8,0.6,1.3,0.0,0.044,0.0022,0.0,0.0,0.1538461538461538,2.966666666666667,5.2,68.0,Low,0,ยังไม่พบตัวชี้วัดที่เกินเกณฑ์เบื้องต้น,0.47432965384615383
fruit nut squares,55,1.3,0.1,10.3,6.4,0.3,0.3,0.0,0.086,0.0042999999999999,0.0,0.5,2.0,3.4333333333333336,1.2,64.0,Low,0,ยังไม่พบตัวชี้วัดที่เกินเกณฑ์เบื้องต้น,0.47414632142857144
coleslaw dressing,62,5.3,0.8,3.8,3.2,0.1,0.024,4.2,0.1,0.005,1.4,4.0,8.153846153846153,1.2666666666666666,0.096,32.0,Low,0,ยังไม่พบตัวชี้วัดที่เกินเกณฑ์เบื้องต้น,0.47398722527472525
veal meat cooked,483,23.8,8.9,0.0,0.0,62.9,0.0,238.3,0.2,0.01,79.43333333333334,44.5,36.61538461538461,0.0,0.0,0.0,Low,0,โคเลสเตอรอลค่อนข้างสูง | ไขมันอิ่มตัวค่อนข้างสูง,0.473925
big mac mcdonalds,563,32.8,8.3,44.0,8.7,25.9,3.5,78.8,1.0,0.05,26.266666666666666,41.5,50.46153846153846,14.666666666666666,14.000000000000002,86.99999999999999,Low,0,โคเลสเตอรอลค่อนข้างสูง | ไขมันอิ่มตัวค่อนข้างสูง,0.4736607142857143
plum,30,0.2,0.062,7.5,6.5,0.5,0.9,0.0,0.0,0.0,0.0,0.31,0.3076923076923077,2.5,3.6000000000000005,65.0,Low,0,ยังไม่พบตัวชี้วัดที่เกินเกณฑ์เบื้องต้น,0.47358516483516483
jackfruit,33,0.2,0.071,8.1,6.7,0.6,0.5,0.0,0.094,0.0046999999999999,0.0,0.355,0.3076923076923077,2.7,2.0,67.0,Low,0,ยังไม่พบตัวชี้วัดที่เกินเกณฑ์เบื้องต้น,0.4735142005494506
mayonnaise dressing,103,11.7,1.6,0.066,0.093,0.0,0.0,0.0,0.081,0.00405,0.0,8.0,18.0,0.022,0.0,0.93,Low,0,ยังไม่พบตัวชี้วัดที่เกินเกณฑ์เบื้องต้น,0.4724317678571428
sugar cookies,72,3.2,0.8,10.2,5.7,0.8,0.1,7.7,0.007,0.00035,2.566666666666667,4.0,4.923076923076923,3.3999999999999995,0.4,57.00000000000001,Low,0,ยังไม่พบตัวชี้วัดที่เกินเกณฑ์เบื้องต้น,0.4723004885531135
fruit leather,52,0.4,0.025,12.0,6.9,0.029,0.0,0.0,0.0,0.0,0.0,0.125,0.6153846153846154,4.0,0.0,69.0,Low,0,ยังไม่พบตัวชี้วัดที่เกินเกณฑ์เบื้องต้น,0.47196140109890106
truffles,61,4.1,2.2,5.4,4.6,0.7,0.3,6.4,0.034,0.0017,2.1333333333333337,11.000000000000002,6.3076923076923075,1.8000000000000005,1.2,46.0,Low,0,ยังไม่พบตัวชี้วัดที่เกินเกณฑ์เบื้องต้น,0.4719533672161172
rutabaga cooked,72,0.4,0.007,16.4,9.5,2.2,4.3,0.0,0.049,0.00245,0.0,0.0349999999999999,0.6153846153846154,5.466666666666666,17.2,95.0,Low,0,ยังไม่พบตัวชี้วัดที่เกินเกณฑ์เบื้องต้น,0.4715090975274725
corn granola oil,124,14.0,1.1,0.0,0.0,0.0,0.0,0.0,0.0,0.0,0.0,5.500000000000001,21.53846153846154,0.0,0.0,0.0,Low,0,ยังไม่พบตัวชี้วัดที่เกินเกณฑ์เบื้องต้น,0.47085714285714286
mustard oil,124,14.0,1.6,0.0,0.0,0.0,0.0,0.0,0.0,0.0,0.0,8.0,21.53846153846154,0.0,0.0,0.0,Low,0,ยังไม่พบตัวชี้วัดที่เกินเกณฑ์เบื้องต้น,0.47085714285714286
canola oil,124,14.0,1.0,0.0,0.0,0.0,0.0,0.0,0.0,0.0,0.0,5.0,21.53846153846154,0.0,0.0,0.0,Low,0,ยังไม่พบตัวชี้วัดที่เกินเกณฑ์เบื้องต้น,0.47085714285714286
avocado oil,124,14.0,1.6,0.0,0.0,0.0,0.0,0.0,0.0,0.0,0.0,8.0,21.53846153846154,0.0,0.0,0.0,Low,0,ยังไม่พบตัวชี้วัดที่เกินเกณฑ์เบื้องต้น,0.47085714285714286
french dressing,73,7.2,0.9,2.5,2.6,0.1,0.0,0.0,0.1,0.005,0.0,4.5,11.076923076923077,0.8333333333333334,0.0,26.0,Low,0,ยังไม่พบตัวชี้วัดที่เกินเกณฑ์เบื้องต้น,0.4708498626373626
beef spleen cooked,447,12.9,4.3,0.0,0.0,77.3,0.0,1068.8,0.2,0.01,356.26666666666665,21.5,19.846153846153847,0.0,0.0,0.0,Medium,1,โคเลสเตอรอลค่อนข้างสูง,0.47065027472527476
beets raw,58,0.2,0.028,13.0,9.2,2.2,3.8,0.0,0.1,0.005,0.0,0.1399999999999999,0.3076923076923077,4.333333333333334,15.2,92.0,Low,0,ยังไม่พบตัวชี้วัดที่เกินเกณฑ์เบื้องต้น,0.47029766483516483
whiskey sour mix,26,0.072,0.069,6.3,6.3,0.051,0.0,0.0,0.073,0.00365,0.0,0.345,0.1107692307692307,2.0999999999999996,0.0,63.0,Low,0,ยังไม่พบตัวชี้วัดที่เกินเกณฑ์เบื้องต้น,0.47013649862637363
almond paste,1040,63.0,6.0,108.5,82.3,20.4,10.9,0.0,0.051,0.00255,0.0,30.0,96.92307692307692,36.16666666666667,43.6,823.0,Medium,1,น้ำตาลถึงหรือเกิน 10 กรัมต่อมื้อ | ไขมันอิ่มตัวค่อนข้างสูง,0.469980875
caramels,39,0.8,0.3,7.8,6.6,0.5,0.0,0.7,0.015,0.0007499999999999,0.2333333333333333,1.5,1.2307692307692308,2.6,0.0,65.99999999999999,Low,0,ยังไม่พบตัวชี้วัดที่เกินเกณฑ์เบื้องต้น,0.4697159867216117
flaxseed oil,120,13.6,1.2,0.0,0.0,0.086,0.0,0.0,0.0,0.0,0.0,6.0,20.923076923076923,0.0,0.0,0.0,Low,0,ยังไม่พบตัวชี้วัดที่เกินเกณฑ์เบื้องต้น,0.4696464285714286
grape juice,152,0.3,0.06,37.4,35.9,0.9,0.5,0.0,0.003,0.00015,0.0,0.3,0.4615384615384615,12.466666666666669,2.0,359.0,Medium,1,น้ำตาลถึงหรือเกิน 10 กรัมต่อมื้อ,0.46964447939560433
prune plums canned,27,0.075,0.006,7.0,6.5,0.2,0.4,0.0,0.055,0.00275,0.0,0.03,0.1153846153846153,2.3333333333333335,1.6,65.0,Low,0,ยังไม่พบตัวชี้วัดที่เกินเกณฑ์เบื้องต้น,0.46954256181318677
jeijoa,148,1.0,0.3,37.0,19.9,1.7,15.6,0.0,0.041,0.00205,0.0,1.5,1.5384615384615383,12.333333333333334,62.4,198.99999999999997,Medium,1,น้ำตาลถึงหรือเกิน 10 กรัมต่อมื้อ,0.46926759203296703
wheat germ oil,120,13.6,2.6,0.0,0.0,0.0,0.0,0.0,0.0,0.0,0.0,13.0,20.923076923076923,0.0,0.0,0.0,Low,0,ยังไม่พบตัวชี้วัดที่เกินเกณฑ์เบื้องต้น,0.4685714285714285
rice bran oil,120,13.6,2.7,0.0,0.0,0.0,0.0,0.0,0.0,0.0,0.0,13.5,20.923076923076923,0.0,0.0,0.0,Low,0,ยังไม่พบตัวชี้วัดที่เกินเกณฑ์เบื้องต้น,0.4685714285714285
ucuhuba butter oil,120,13.6,11.6,0.0,0.0,0.0,0.0,0.0,0.0,0.0,0.0,57.99999999999999,20.923076923076923,0.0,0.0,0.0,Low,0,ไขมันอิ่มตัวค่อนข้างสูง,0.4685714285714285
cottonseed oil,120,13.6,3.5,0.0,0.0,0.0,0.0,0.0,0.0,0.0,0.0,17.5,20.923076923076923,0.0,0.0,0.0,Low,0,ยังไม่พบตัวชี้วัดที่เกินเกณฑ์เบื้องต้น,0.4685714285714285
cocoa butter oil,120,13.6,8.1,0.0,0.0,0.0,0.0,0.0,0.0,0.0,0.0,40.5,20.923076923076923,0.0,0.0,0.0,Low,0,ไขมันอิ่มตัวค่อนข้างสูง,0.4685714285714285
almond oil,120,13.6,1.1,0.0,0.0,0.0,0.0,0.0,0.0,0.0,0.0,5.500000000000001,20.923076923076923,0.0,0.0,0.0,Low,0,ยังไม่พบตัวชี้วัดที่เกินเกณฑ์เบื้องต้น,0.4685714285714285
sunflower oil,120,13.6,1.2,0.0,0.0,0.0,0.0,0.0,0.0,0.0,0.0,6.0,20.923076923076923,0.0,0.0,0.0,Low,0,ยังไม่พบตัวชี้วัดที่เกินเกณฑ์เบื้องต้น,0.4685714285714285
hazelnut oil,120,13.6,1.0,0.0,0.0,0.0,0.0,0.0,0.0,0.0,0.0,5.0,20.923076923076923,0.0,0.0,0.0,Low,0,ยังไม่พบตัวชี้วัดที่เกินเกณฑ์เบื้องต้น,0.4685714285714285
soybean oil,120,13.6,2.1,0.0,0.0,0.0,0.0,0.0,0.0,0.0,0.0,10.500000000000002,20.923076923076923,0.0,0.0,0.0,Low,0,ยังไม่พบตัวชี้วัดที่เกินเกณฑ์เบื้องต้น,0.4685714285714285
poppyseed oil,120,13.6,1.8,0.0,0.0,0.0,0.0,0.0,0.0,0.0,0.0,9.0,20.923076923076923,0.0,0.0,0.0,Low,0,ยังไม่พบตัวชี้วัดที่เกินเกณฑ์เบื้องต้น,0.4685714285714285
cupu assu oil,120,13.6,7.2,0.0,0.0,0.0,0.0,0.0,0.0,0.0,0.0,36.0,20.923076923076923,0.0,0.0,0.0,Low,0,ไขมันอิ่มตัวค่อนข้างสูง,0.4685714285714285
teaseed oil,120,13.6,2.9,0.0,0.0,0.0,0.0,0.0,0.0,0.0,0.0,14.499999999999998,20.923076923076923,0.0,0.0,0.0,Low,0,ยังไม่พบตัวชี้วัดที่เกินเกณฑ์เบื้องต้น,0.4685714285714285
soy oil,120,13.6,3.4,0.0,0.0,0.0,0.0,0.0,0.0,0.0,0.0,17.0,20.923076923076923,0.0,0.0,0.0,Low,0,ยังไม่พบตัวชี้วัดที่เกินเกณฑ์เบื้องต้น,0.4685714285714285
safflower oil,120,13.6,1.0,0.0,0.0,0.0,0.0,0.0,0.0,0.0,0.0,5.0,20.923076923076923,0.0,0.0,0.0,Low,0,ยังไม่พบตัวชี้วัดที่เกินเกณฑ์เบื้องต้น,0.4685714285714285
vegetable oil,120,13.6,2.1,0.0,0.0,0.0,0.0,0.0,0.0,0.0,0.0,10.500000000000002,20.923076923076923,0.0,0.0,0.0,Low,0,ยังไม่พบตัวชี้วัดที่เกินเกณฑ์เบื้องต้น,0.4685714285714285
grapeseed oil,120,13.6,1.3,0.0,0.0,0.0,0.0,0.0,0.0,0.0,0.0,6.5,20.923076923076923,0.0,0.0,0.0,Low,0,ยังไม่พบตัวชี้วัดที่เกินเกณฑ์เบื้องต้น,0.4685714285714285
white cake,264,9.2,2.4,42.3,26.3,4.0,0.6,1.5,0.2,0.01,0.5,12.0,14.153846153846152,14.099999999999998,2.4,263.0,Medium,1,น้ำตาลถึงหรือเกิน 10 กรัมต่อมื้อ,0.4683782967032967
sockeye salmon cooked,493,17.3,3.0,0.0,0.0,82.1,0.0,189.1,0.3,0.015,63.03333333333333,15.0,26.61538461538462,0.0,0.0,0.0,Low,0,โคเลสเตอรอลค่อนข้างสูง,0.4681732142857143
peanut oil,119,13.5,2.3,0.0,0.0,0.0,0.0,0.0,0.0,0.0,0.0,11.5,20.76923076923077,0.0,0.0,0.0,Low,0,ยังไม่พบตัวชี้วัดที่เกินเกณฑ์เบื้องต้น,0.46799999999999997
olive oil,119,13.5,1.9,0.0,0.0,0.0,0.0,0.0,0.004,0.0001999999999999,0.0,9.5,20.76923076923077,0.0,0.0,0.0,Low,0,ยังไม่พบตัวชี้วัดที่เกินเกณฑ์เบื้องต้น,0.4679985
boston butt steak cooked,494,32.7,12.2,0.0,0.0,46.4,0.0,181.3,0.1,0.005,60.43333333333334,61.0,50.30769230769231,0.0,0.0,0.0,Low,0,โคเลสเตอรอลค่อนข้างสูง | ไขมันอิ่มตัวค่อนข้างสูง,0.46767678571428567
shortening,113,12.8,3.2,0.0,0.0,0.0,0.0,0.0,0.0,0.0,0.0,16.0,19.692307692307693,0.0,0.0,0.0,Low,0,ยังไม่พบตัวชี้วัดที่เกินเกณฑ์เบื้องต้น,0.46687912087912087
vegetable palm kernel oil,117,13.6,11.1,0.0,0.0,0.0,0.0,0.0,0.0,0.0,0.0,55.49999999999999,20.923076923076923,0.0,0.0,0.0,Low,0,ไขมันอิ่มตัวค่อนข้างสูง,0.46685714285714286
coconut oil,117,13.6,11.2,0.0,0.0,0.0,0.0,0.0,0.0,0.0,0.0,55.99999999999999,20.923076923076923,0.0,0.0,0.0,Low,0,ไขมันอิ่มตัวค่อนข้างสูง,0.46685714285714286
boysenberries frozen,66,0.3,0.049,16.1,9.1,1.5,7.0,0.0,0.064,0.0031999999999999,0.0,0.245,0.4615384615384615,5.366666666666667,28.000000000000004,91.0,Low,0,ยังไม่พบตัวชี้วัดที่เกินเกณฑ์เบื้องต้น,0.46647874725274724
poppyseed dressing,66,5.5,1.0,4.0,3.9,0.2,0.03,2.5,0.1,0.005,0.8333333333333334,5.0,8.461538461538462,1.3333333333333337,0.12,39.0,Low,0,ยังไม่พบตัวชี้วัดที่เกินเกณฑ์เบื้องต้น,0.4661319139194139
pineapples canned,28,0.05,0.079,7.4,6.8,0.2,0.4,0.0,0.06,0.0029999999999999,0.0,0.395,0.0769230769230769,2.466666666666667,1.6,68.0,Low,0,ยังไม่พบตัวชี้วัดที่เกินเกณฑ์เบื้องต้น,0.46590057692307685
banana,134,0.5,0.2,34.3,18.3,1.6,3.9,0.0,0.055,0.00275,0.0,1.0,0.7692307692307693,11.433333333333334,15.6,183.0,Medium,1,น้ำตาลถึงหรือเกิน 10 กรัมต่อมื้อ,0.46578157280219784
guava nectar,158,0.2,0.05,40.8,32.5,0.2,2.5,0.0,0.063,0.00315,0.0,0.25,0.3076923076923077,13.599999999999998,10.0,325.0,Medium,1,น้ำตาลถึงหรือเกิน 10 กรัมต่อมื้อ,0.465454396978022
tomato sauce with mushrooms,86,0.3,0.027,20.7,14.1,3.6,3.7,0.0,1.1,0.055,0.0,0.135,0.4615384615384615,6.8999999999999995,14.800000000000002,141.0,Medium,1,น้ำตาลถึงหรือเกิน 10 กรัมต่อมื้อ,0.4652688186813187
lemon lime soda,151,0.0,0.0,38.4,37.6,0.3,0.0,0.0,0.024,0.0012,0.0,0.0,0.0,12.8,0.0,376.0,Medium,1,น้ำตาลถึงหรือเกิน 10 กรัมต่อมื้อ,0.46502671428571435
sweet onion,106,0.3,0.0,25.0,16.6,2.6,3.0,0.0,0.063,0.00315,0.0,0.0,0.4615384615384615,8.333333333333332,12.0,166.0,Medium,1,น้ำตาลถึงหรือเกิน 10 กรัมต่อมื้อ,0.46458626510989015
apple crisp,454,9.7,1.9,87.0,55.5,4.9,3.9,0.0,1.0,0.05,0.0,9.5,14.923076923076922,28.999999999999996,15.6,555.0,Medium,1,น้ำตาลถึงหรือเกิน 10 กรัมต่อมื้อ,0.4645233516483517
pear canned,38,0.001,0.099,9.8,7.4,0.3,1.2,0.0,0.088,0.0044,0.0,0.495,0.0015384615384615,3.266666666666667,4.8,74.0,Low,0,ยังไม่พบตัวชี้วัดที่เกินเกณฑ์เบื้องต้น,0.46441974725274726
wild plum,147,0.3,0.0,35.3,17.1,0.7,9.7,0.0,0.047,0.0023499999999999,0.0,0.0,0.4615384615384615,11.766666666666666,38.8,171.00000000000003,Medium,1,น้ำตาลถึงหรือเกิน 10 กรัมต่อมื้อ,0.4642708365384615
apricot nectar,139,0.2,0.07,35.7,34.2,0.9,1.5,0.0,0.025,0.00125,0.0,0.35,0.3076923076923077,11.9,6.0,342.00000000000006,Medium,1,น้ำตาลถึงหรือเกิน 10 กรัมต่อมื้อ,0.4633615041208791
apple butter,35,0.063,0.038,8.5,7.1,0.045,0.3,0.0,0.003,0.00015,0.0,0.19,0.0969230769230769,2.833333333333333,1.2,71.0,Low,0,ยังไม่พบตัวชี้วัดที่เกินเกณฑ์เบื้องต้น,0.4633344519230769
apple dried,145,0.2,0.088,39.1,34.0,0.6,5.1,0.0,0.024,0.0012,0.0,0.4399999999999999,0.3076923076923077,13.033333333333331,20.4,340.0,Medium,1,น้ำตาลถึงหรือเกิน 10 กรัมต่อมื้อ,0.4630404505494506
lamp spleen cooked,460,14.1,4.7,0.0,0.0,78.1,0.0,1135.8,0.2,0.01,378.6,23.5,21.69230769230769,0.0,0.0,0.0,Medium,1,โคเลสเตอรอลค่อนข้างสูง,0.46206785714285714
lard vegetable oil,115,12.8,5.2,0.0,0.0,0.0,0.0,7.2,0.0,0.0,2.4,26.0,19.692307692307693,0.0,0.0,0.0,Low,0,ยังไม่พบตัวชี้วัดที่เกินเกณฑ์เบื้องต้น,0.462021978021978
warm cinnamon roll mcdonalds,113,5.1,1.3,15.0,7.0,2.0,0.5,16.4,0.1,0.005,5.466666666666666,6.5,7.846153846153846,5.0,2.0,70.0,Low,0,ยังไม่พบตัวชี้วัดที่เกินเกณฑ์เบื้องต้น,0.462021108058608
raisin cookies,60,2.0,0.5,10.2,7.1,0.6,0.2,0.3,0.077,0.00385,0.1,2.5,3.076923076923077,3.3999999999999995,0.8,71.0,Low,0,ยังไม่พบตัวชี้วัดที่เกินเกณฑ์เบื้องต้น,0.4619299162087912
grapefruit,53,0.2,0.092,13.3,8.6,1.0,2.0,0.0,0.0,0.0,0.0,0.4599999999999999,0.3076923076923077,4.433333333333334,8.0,86.0,Low,0,ยังไม่พบตัวชี้วัดที่เกินเกณฑ์เบื้องต้น,0.461478021978022
sweet pickles,146,0.7,0.1,33.8,29.2,0.9,1.6,0.0,0.7,0.0349999999999999,0.0,0.5,1.0769230769230769,11.266666666666666,6.4,292.0,Medium,1,น้ำตาลถึงหรือเกิน 10 กรัมต่อมื้อ,0.4613391483516483
cola without caffeine coca cola,151,0.0,0.0,38.9,38.9,0.0,0.0,0.0,0.04,0.002,0.0,0.0,0.0,12.966666666666663,0.0,388.99999999999994,Medium,1,น้ำตาลถึงหรือเกิน 10 กรัมต่อมื้อ,0.46127071428571426
cola coca cola,151,0.0,0.0,38.9,38.9,0.0,0.0,0.0,0.045,0.00225,0.0,0.0,0.0,12.966666666666663,0.0,388.99999999999994,Medium,1,น้ำตาลถึงหรือเกิน 10 กรัมต่อมื้อ,0.46126883928571427
tomatoes canned,77,0.7,0.062,17.6,10.6,4.0,4.6,0.0,0.3,0.015,0.0,0.31,1.0769230769230769,5.866666666666667,18.4,106.0,Medium,1,น้ำตาลถึงหรือเกิน 10 กรัมต่อมื้อ,0.46081057692307686
corn muffin,201,5.5,0.9,33.7,11.7,3.9,2.2,17.2,0.3,0.015,5.733333333333333,4.5,8.461538461538462,11.233333333333334,8.8,117.0,Medium,1,น้ำตาลถึงหรือเกิน 10 กรัมต่อมื้อ,0.46069977106227106
pecans raw,753,78.4,6.7,15.1,4.3,10.0,10.5,0.0,0.0,0.0,0.0,33.5,120.6153846153846,5.033333333333333,42.0,43.0,Low,0,ไขมันอิ่มตัวค่อนข้างสูง,0.4605
carrots canned,104,0.6,0.1,24.4,11.2,2.6,8.2,0.0,0.2,0.01,0.0,0.5,0.923076923076923,8.133333333333333,32.8,112.0,Medium,1,น้ำตาลถึงหรือเกิน 10 กรัมต่อมื้อ,0.45993049450549456
apricot juice,117,0.07,0.008,30.1,26.2,1.5,3.9,0.0,0.024,0.0012,0.0,0.04,0.1076923076923077,10.033333333333337,15.6,262.0,Medium,1,น้ำตาลถึงหรือเกิน 10 กรัมต่อมื้อ,0.45979045054945056
fruit toaster pastry,209,5.6,1.3,37.1,14.8,2.4,0.5,0.0,0.2,0.01,0.0,6.5,8.615384615384615,12.366666666666667,2.0,148.0,Medium,1,น้ำตาลถึงหรือเกิน 10 กรัมต่อมื้อ,0.45973818681318684
beef plate steak grilled,508,35.6,12.9,0.0,0.0,47.1,0.0,177.5,0.1,0.005,59.166666666666664,64.5,54.769230769230774,0.0,0.0,0.0,Low,0,โคเลสเตอรอลค่อนข้างสูง | ไขมันอิ่มตัวค่อนข้างสูง,0.4596767857142857
cranberry apple juice,154,0.3,0.066,38.8,35.5,0.0,0.0,0.0,0.061,0.0030499999999999,0.0,0.33,0.4615384615384615,12.933333333333334,0.0,355.0,Medium,1,น้ำตาลถึงหรือเกิน 10 กรัมต่อมื้อ,0.45951558653846153
soybean lecithin oil,104,13.6,2.0,0.0,0.0,0.0,0.0,0.0,0.0,0.0,0.0,10.0,20.923076923076923,0.0,0.0,0.0,Low,0,ยังไม่พบตัวชี้วัดที่เกินเกณฑ์เบื้องต้น,0.4594285714285714
creamy ranch sauce mcdonalds,132,14.7,2.2,1.0,1.0,0.3,0.0,5.9,0.2,0.01,1.966666666666667,11.000000000000002,22.615384615384613,0.3333333333333333,0.0,10.0,Low,0,ยังไม่พบตัวชี้วัดที่เกินเกณฑ์เบื้องต้น,0.45918690476190477
chicken fat,115,12.8,3.8,0.0,0.0,0.0,0.0,10.9,0.0,0.0,3.6333333333333337,19.0,19.692307692307693,0.0,0.0,0.0,Low,0,ยังไม่พบตัวชี้วัดที่เกินเกณฑ์เบื้องต้น,0.45893864468864465
fruit walnut salad mcdonalds,312,13.3,1.8,43.8,32.9,4.8,0.0,5.3,0.017,0.00085,1.7666666666666668,9.0,20.46153846153846,14.6,0.0,329.0,Medium,1,น้ำตาลถึงหรือเกิน 10 กรัมต่อมื้อ,0.4588626726190477
pineapple juice,133,0.3,0.071,32.2,25.0,0.9,0.5,0.0,0.075,0.00375,0.0,0.355,0.4615384615384615,10.733333333333334,2.0,250.0,Medium,1,น้ำตาลถึงหรือเกิน 10 กรัมต่อมื้อ,0.45876033653846154
guanabana nectar,148,0.4,0.096,37.5,32.8,0.3,0.3,0.0,0.061,0.0030499999999999,0.0,0.48,0.6153846153846154,12.5,1.2,328.0,Medium,1,น้ำตาลถึงหรือเกิน 10 กรัมต่อมื้อ,0.45868316895604394
tomato vegetable juice,53,0.2,0.014,11.1,9.2,1.5,1.9,0.0,0.2,0.01,0.0,0.0699999999999999,0.3076923076923077,3.7,7.6,92.0,Low,0,ยังไม่พบตัวชี้วัดที่เกินเกณฑ์เบื้องต้น,0.45865302197802194
ladyfingers,103,2.6,0.9,16.9,7.2,3.0,0.3,62.5,0.016,0.0007999999999999,20.833333333333336,4.5,4.0,5.633333333333333,1.2,72.0,Low,0,โคเลสเตอรอลค่อนข้างสูง,0.4583511428571428
passion fruit juice yellow,126,0.1,0.008,33.6,33.1,1.0,0.5,0.0,0.003,0.00015,0.0,0.04,0.1538461538461538,11.2,2.0,331.0,Medium,1,น้ำตาลถึงหรือเกิน 10 กรัมต่อมื้อ,0.45834502884615386
sour cherries,52,0.3,0.069,12.5,8.7,1.0,1.6,0.0,0.071,0.0035499999999999,0.0,0.345,0.4615384615384615,4.166666666666666,6.4,86.99999999999999,Low,0,ยังไม่พบตัวชี้วัดที่เกินเกณฑ์เบื้องต้น,0.4582261222527473
chocolate pudding fat free,105,0.3,0.0,23.6,17.8,2.2,0.3,1.1,0.1,0.005,0.3666666666666667,0.0,0.4615384615384615,7.866666666666668,1.2,178.0,Medium,1,น้ำตาลถึงหรือเกิน 10 กรัมต่อมื้อ,0.4580842948717949
tangerine,40,0.2,0.07,10.1,8.0,0.6,1.4,0.0,0.056,0.0028,0.0,0.35,0.3076923076923077,3.3666666666666663,5.6,80.0,Low,0,ยังไม่พบตัวชี้วัดที่เกินเกณฑ์เบื้องต้น,0.4580284505494505
lard,115,12.8,5.0,0.0,0.0,0.0,0.0,12.2,0.0,0.0,4.066666666666666,25.0,19.692307692307693,0.0,0.0,0.0,Low,0,ยังไม่พบตัวชี้วัดที่เกินเกณฑ์เบื้องต้น,0.4578553113553113
kit kat nestle,62,3.3,2.2,7.6,6.5,0.7,0.2,1.1,0.022,0.0011,0.3666666666666667,11.000000000000002,5.076923076923077,2.533333333333333,0.8,65.0,Low,0,ยังไม่พบตัวชี้วัดที่เกินเกณฑ์เบื้องต้น,0.45767673168498163
peanut granola bar,116,5.7,0.8,15.0,8.2,2.4,0.7,0.0,0.006,0.0003,0.0,4.0,8.76923076923077,5.0,2.8,82.0,Low,0,ยังไม่พบตัวชี้วัดที่เกินเกณฑ์เบื้องต้น,0.45751423351648346
papaya nectar,143,0.4,0.1,36.3,34.8,0.4,1.5,0.0,0.082,0.0041,0.0,0.5,0.6153846153846154,12.1,6.0,347.99999999999994,Medium,1,น้ำตาลถึงหรือเกิน 10 กรัมต่อมื้อ,0.4570681510989011
peach canned,110,0.094,0.03,28.9,25.7,1.6,3.3,0.0,0.006,0.0003,0.0,0.15,0.1446153846153846,9.633333333333333,13.2,257.0,Medium,1,น้ำตาลถึงหรือเกิน 10 กรัมต่อมื้อ,0.45677027747252746
beef tallow,115,12.8,6.4,0.0,0.0,0.0,0.0,14.0,0.0,0.0,4.666666666666667,32.0,19.692307692307693,0.0,0.0,0.0,Low,0,ไขมันอิ่มตัวค่อนข้างสูง,0.4563553113553113
tamarind nectar,143,0.3,0.0,37.0,31.9,0.2,1.3,0.0,0.046,0.0023,0.0,0.0,0.4615384615384615,12.333333333333334,5.2,319.0,Medium,1,น้ำตาลถึงหรือเกิน 10 กรัมต่อมื้อ,0.45573549725274726
squab meat raw,585,47.4,16.8,0.0,0.0,36.8,0.0,189.1,0.1,0.005,63.03333333333333,84.00000000000001,72.92307692307692,0.0,0.0,0.0,Low,0,โคเลสเตอรอลค่อนข้างสูง | ไขมันอิ่มตัวค่อนข้างสูง,0.45567678571428577
bagel chips,789,26.5,12.0,116.1,10.5,21.6,7.2,0.0,0.4,0.02,0.0,60.0,40.76923076923077,38.7,28.800000000000004,105.0,Medium,1,น้ำตาลถึงหรือเกิน 10 กรัมต่อมื้อ | ไขมันอิ่มตัวค่อนข้างสูง,0.45485
pink beans raw,720,2.4,0.6,134.8,4.5,44.0,26.7,0.0,0.057,0.00285,0.0,3.0,3.692307692307692,44.93333333333334,106.8,45.0,Low,0,ยังไม่พบตัวชี้วัดที่เกินเกณฑ์เบื้องต้น,0.45478631730769226
orange apricot juice,128,0.3,0.001,31.8,30.2,0.8,0.3,0.0,0.096,0.0048,0.0,0.005,0.4615384615384615,10.6,1.2,302.0,Medium,1,น้ำตาลถึงหรือเกิน 10 กรัมต่อมื้อ,0.4546453186813187
chocolate pudding,213,6.9,1.9,34.5,25.8,3.1,0.0,1.5,0.2,0.01,0.5,9.5,10.615384615384617,11.5,0.0,258.0,Medium,1,น้ำตาลถึงหรือเกิน 10 กรัมต่อมื้อ,0.4545239010989011
veal sirloin cooked,517,26.9,10.6,0.0,0.0,64.1,0.0,221.4,0.2,0.01,73.8,53.0,41.38461538461538,0.0,0.0,0.0,Low,0,โคเลสเตอรอลค่อนข้างสูง | ไขมันอิ่มตัวค่อนข้างสูง,0.4544964285714285
asian pear,51,0.3,0.009,13.0,8.6,0.6,4.4,0.0,0.0,0.0,0.0,0.045,0.4615384615384615,4.333333333333334,17.6,86.0,Low,0,ยังไม่พบตัวชี้วัดที่เกินเกณฑ์เบื้องต้น,0.4541813186813186
pancake syrup,53,0.075,0.025,13.9,8.4,0.0,0.0,0.0,0.064,0.0031999999999999,0.0,0.125,0.1153846153846153,4.633333333333334,0.0,84.00000000000001,Low,0,ยังไม่พบตัวชี้วัดที่เกินเกณฑ์เบื้องต้น,0.45339632967032967
energy drink red bull,111,0.0,0.0,26.4,26.4,1.2,0.0,0.0,0.1,0.005,0.0,0.0,0.0,8.799999999999999,0.0,263.99999999999994,Medium,1,น้ำตาลถึงหรือเกิน 10 กรัมต่อมื้อ,0.45339107142857143
pomegranate,117,1.6,0.2,26.4,19.3,2.4,5.6,0.0,0.042,0.0021,0.0,1.0,2.4615384615384617,8.799999999999999,22.4,193.00000000000003,Medium,1,น้ำตาลถึงหรือเกิน 10 กรัมต่อมื้อ,0.45337985439560435
casaba melon,48,0.2,0.012,11.2,9.7,1.9,1.5,0.0,0.057,0.00285,0.0,0.06,0.3076923076923077,3.733333333333333,6.0,97.0,Low,0,ยังไม่พบตัวชี้วัดที่เกินเกณฑ์เบื้องต้น,0.4533495041208791
pistachio nuts raw,691,55.8,6.8,33.8,9.4,24.9,12.7,0.0,0.037,0.0018499999999999,0.0,34.0,85.84615384615384,11.266666666666666,50.8,94.0,Low,0,ไขมันอิ่มตัวค่อนข้างสูง,0.45287898214285716
chum salmon canned,520,20.3,5.5,0.0,0.0,79.1,0.0,143.9,0.3,0.015,47.96666666666667,27.500000000000004,31.230769230769234,0.0,0.0,0.0,Low,0,โคเลสเตอรอลค่อนข้างสูง,0.45274464285714283
figs,37,0.2,0.068,9.6,8.1,0.4,1.5,0.0,0.049,0.00245,0.0,0.34,0.3076923076923077,3.2,6.0,81.0,Low,0,ยังไม่พบตัวชี้วัดที่เกินเกณฑ์เบื้องต้น,0.45231678983516477
salmon canned,520,20.3,5.5,0.0,0.0,79.1,0.0,143.9,1.8,0.09,47.96666666666667,27.500000000000004,31.230769230769234,0.0,0.0,0.0,Low,0,โคเลสเตอรอลค่อนข้างสูง,0.4521821428571428
orange grapefruit juice,106,0.2,0.009,25.4,25.1,1.5,0.2,0.0,0.082,0.0041,0.0,0.045,0.3076923076923077,8.466666666666667,0.8,251.00000000000003,Medium,1,น้ำตาลถึงหรือเกิน 10 กรัมต่อมื้อ,0.4519829862637363
japanese persimmon,118,0.3,0.089,31.2,21.1,1.0,6.0,0.0,0.067,0.00335,0.0,0.445,0.4615384615384615,10.4,24.0,211.00000000000003,Medium,1,น้ำตาลถึงหรือเกิน 10 กรัมต่อมื้อ,0.451441907967033
nance,82,1.3,0.0,19.0,9.3,0.7,8.4,0.0,0.039,0.00195,0.0,0.0,2.0,6.333333333333334,33.6,93.0,Low,0,ยังไม่พบตัวชี้วัดที่เกินเกณฑ์เบื้องต้น,0.4510925178571428
raisins chocolate coated,390,14.8,10.3,68.4,62.2,4.1,3.1,3.0,0.021,0.00105,1.0,51.5,22.76923076923077,22.8,12.4,622.0000000000001,Medium,1,น้ำตาลถึงหรือเกิน 10 กรัมต่อมื้อ | ไขมันอิ่มตัวค่อนข้างสูง,0.45088498214285716
donut with cream filling,307,20.8,4.6,25.5,12.4,5.4,0.7,20.4,0.3,0.015,6.799999999999999,23.0,32.0,8.5,2.8,124.0,Medium,1,น้ำตาลถึงหรือเกิน 10 กรัมต่อมื้อ,0.4508160714285715
rice pudding,122,2.4,1.4,20.8,13.1,3.6,0.3,13.6,0.1,0.005,4.533333333333333,6.999999999999999,3.692307692307692,6.933333333333333,1.2,131.0,Medium,1,น้ำตาลถึงหรือเกิน 10 กรัมต่อมื้อ,0.4506511446886447
fruit cocktail canned,109,0.053,0.03,28.1,25.7,1.1,2.4,0.0,0.059,0.00295,0.0,0.15,0.0815384615384615,9.366666666666667,9.6,257.0,Medium,1,น้ำตาลถึงหรือเกิน 10 กรัมต่อมื้อ,0.45040205082417584
tomato soup,98,0.7,0.2,22.5,12.2,2.2,1.6,0.0,0.6,0.03,0.0,1.0,1.0769230769230769,7.5,6.4,122.0,Medium,1,น้ำตาลถึงหรือเกิน 10 กรัมต่อมื้อ,0.4501980769230769
vanilla cream pie,350,18.1,5.1,41.1,16.0,6.0,0.8,78.1,0.3,0.015,26.03333333333333,25.5,27.846153846153847,13.7,3.2,160.0,Medium,1,โคเลสเตอรอลค่อนข้างสูง | น้ำตาลถึงหรือเกิน 10 กรัมต่อมื้อ,0.4498875
mango nectar,128,0.2,0.04,32.9,31.2,0.3,0.8,0.0,0.061,0.0030499999999999,0.0,0.2,0.3076923076923077,10.966666666666669,3.2,312.0,Medium,1,น้ำตาลถึงหรือเกิน 10 กรัมต่อมื้อ,0.4495622898351649
citrus fruit juice,114,0.057,0.088,28.3,20.2,0.8,0.2,0.0,0.051,0.00255,0.0,0.4399999999999999,0.0876923076923077,9.433333333333334,0.8,202.0,Medium,1,น้ำตาลถึงหรือเกิน 10 กรัมต่อมื้อ,0.44946603983516487
tapioca pudding fat free,105,0.4,0.1,23.9,15.9,1.6,0.0,1.1,0.2,0.01,0.3666666666666667,0.5,0.6153846153846154,7.966666666666667,0.0,159.0,Medium,1,น้ำตาลถึงหรือเกิน 10 กรัมต่อมื้อ,0.44939294871794877
sweet tea lipton,130,0.0,0.0,35.0,35.0,0.0,0.0,0.0,0.0,0.0,0.0,0.0,0.0,11.666666666666666,0.0,350.0,Medium,1,น้ำตาลถึงหรือเกิน 10 กรัมต่อมื้อ,0.4492857142857143
veal pancreas cooked,614,35.0,12.0,0.0,0.0,69.8,0.0,0.0,0.2,0.01,0.0,60.0,53.84615384615385,0.0,0.0,0.0,Low,0,ไขมันอิ่มตัวค่อนข้างสูง,0.44906785714285713
pulled pork in barbecue sauce,418,11.0,3.5,46.7,37.8,32.8,3.0,87.2,1.7,0.0849999999999999,29.06666666666667,17.5,16.923076923076923,15.566666666666668,12.0,378.0,Medium,1,โคเลสเตอรอลค่อนข้างสูง | น้ำตาลถึงหรือเกิน 10 กรัมต่อมื้อ,0.44858228021978025
pomegranate juice,134,0.7,0.2,32.7,31.5,0.4,0.2,0.0,0.089,0.00445,0.0,1.0,1.0769230769230769,10.900000000000002,0.8,315.0,Medium,1,น้ำตาลถึงหรือเกิน 10 กรัมต่อมื้อ,0.4484611304945055
vanilla wafers low fat,353,12.2,3.1,58.9,30.0,4.0,1.5,40.8,0.3,0.015,13.599999999999998,15.5,18.76923076923077,19.633333333333333,6.0,300.0,Medium,1,น้ำตาลถึงหรือเกิน 10 กรัมต่อมื้อ,0.4484039835164835
limeade,128,0.0,0.0,34.1,32.8,0.0,0.0,0.0,0.071,0.0035499999999999,0.0,0.0,0.0,11.366666666666667,0.0,328.0,Medium,1,น้ำตาลถึงหรือเกิน 10 กรัมต่อมื้อ,0.4481162321428572
apricot jam,48,0.01,0.042,12.9,8.7,0.1,0.044,0.0,0.004,0.0001999999999999,0.0,0.21,0.0153846153846153,4.300000000000001,0.176,86.99999999999999,Low,0,ยังไม่พบตัวชี้วัดที่เกินเกณฑ์เบื้องต้น,0.4480616868131868
duck sauce,80,0.063,0.033,19.7,9.9,0.1,0.2,0.0,0.1,0.005,0.0,0.165,0.0969230769230769,6.566666666666666,0.8,99.0,Low,0,ยังไม่พบตัวชี้วัดที่เกินเกณฑ์เบื้องต้น,0.4476998626373626
pineapple,45,0.1,0.074,11.8,8.9,0.5,1.3,0.0,0.099,0.00495,0.0,0.37,0.1538461538461538,3.933333333333334,5.2,89.0,Low,0,ยังไม่พบตัวชี้วัดที่เกินเกณฑ์เบื้องต้น,0.44727331456043956
quarter pounder with cheese mcdonalds,513,28.3,11.2,39.7,9.8,29.0,2.8,93.5,1.2,0.06,31.166666666666664,55.99999999999999,43.53846153846154,13.233333333333333,11.2,98.0,Low,0,โคเลสเตอรอลค่อนข้างสูง | ไขมันอิ่มตัวค่อนข้างสูง,0.44690714285714284
vanilla pudding,195,5.7,1.5,33.9,25.5,2.2,0.0,1.5,0.3,0.015,0.5,7.5,8.76923076923077,11.3,0.0,254.99999999999997,Medium,1,น้ำตาลถึงหรือเกิน 10 กรัมต่อมื้อ,0.4467968406593407
pink salmon canned,530,20.4,3.5,0.0,0.0,80.9,0.0,226.1,1.7,0.0849999999999999,75.36666666666666,17.5,31.384615384615383,0.0,0.0,0.0,Low,0,โคเลสเตอรอลค่อนข้างสูง,0.44650535714285716
blackberries frozen,97,0.6,0.017,23.7,16.1,1.8,7.6,0.0,0.007,0.00035,0.0,0.085,0.923076923076923,7.9,30.4,161.0,Medium,1,น้ำตาลถึงหรือเกิน 10 กรัมต่อมื้อ,0.44600286950549456
chocolate mousse,338,24.0,13.7,24.1,22.2,6.2,0.9,210.0,0.081,0.00405,70.0,68.5,36.92307692307693,8.033333333333333,3.6000000000000005,221.99999999999997,Medium,1,โคเลสเตอรอลค่อนข้างสูง | น้ำตาลถึงหรือเกิน 10 กรัมต่อมื้อ | ไขมันอิ่มตัวค่อนข้างสูง,0.4456124821428572
pineapple grapefruit juice,118,0.3,0.077,29.0,28.8,0.5,0.3,0.0,0.054,0.0026999999999999,0.0,0.385,0.4615384615384615,9.666666666666666,1.2,288.0,Medium,1,น้ำตาลถึงหรือเกิน 10 กรัมต่อมื้อ,0.44519678296703297
tangerines canned,92,0.1,0.087,23.8,22.1,1.5,1.7,0.0,0.022,0.0011,0.0,0.4349999999999999,0.1538461538461538,7.933333333333334,6.800000000000001,221.0,Medium,1,น้ำตาลถึงหรือเกิน 10 กรัมต่อมื้อ,0.4451593324175824
marinara pasta sauce,129,3.9,0.4,19.9,14.5,3.7,4.8,5.3,1.1,0.055,1.7666666666666668,2.0,6.0,6.633333333333333,19.2,145.0,Medium,1,น้ำตาลถึงหรือเกิน 10 กรัมต่อมื้อ,0.44513511904761904
tangerine juice,106,0.5,0.082,24.9,24.5,1.2,0.5,0.0,0.022,0.0011,0.0,0.41,0.7692307692307693,8.299999999999999,2.0,245.00000000000003,Medium,1,น้ำตาลถึงหรือเกิน 10 กรัมต่อมื้อ,0.4447939478021978
bartlett pear,112,0.3,0.0,26.6,17.2,0.7,5.5,0.0,0.047,0.0023499999999999,0.0,0.0,0.4615384615384615,8.866666666666667,22.0,172.0,Medium,1,น้ำตาลถึงหรือเกิน 10 กรัมต่อมื้อ,0.4442708365384615
orange,86,0.2,0.008,21.6,17.2,1.7,4.4,0.0,0.0,0.0,0.0,0.04,0.3076923076923077,7.200000000000001,17.6,172.0,Medium,1,น้ำตาลถึงหรือเกิน 10 กรัมต่อมื้อ,0.44308516483516486
full throttle coca cola,110,0.2,0.0,29.0,29.0,0.6,0.0,0.0,0.071,0.0035499999999999,0.0,0.0,0.3076923076923077,9.666666666666666,0.0,290.0,Medium,1,น้ำตาลถึงหรือเกิน 10 กรัมต่อมื้อ,0.44302282554945055
amp energy pepsi,110,0.2,0.0,29.0,29.0,0.6,0.0,0.0,0.093,0.00465,0.0,0.0,0.3076923076923077,9.666666666666666,0.0,290.0,Medium,1,น้ำตาลถึงหรือเกิน 10 กรัมต่อมื้อ,0.4430145755494506
loganberries,81,0.5,0.053,19.1,11.3,2.2,7.8,0.0,0.06,0.0029999999999999,0.0,0.265,0.7692307692307693,6.366666666666668,31.2,113.0,Medium,1,น้ำตาลถึงหรือเกิน 10 กรัมต่อมื้อ,0.4429939835164835
sesame flour,658,46.4,6.5,33.3,0.0,38.5,0.0,0.0,0.041,0.00205,0.0,32.5,71.38461538461539,11.099999999999998,0.0,0.0,Low,0,ไขมันอิ่มตัวค่อนข้างสูง,0.44273462499999994
chocolate syrup,109,0.4,0.2,25.4,19.4,0.8,1.0,0.0,0.061,0.0030499999999999,0.0,1.0,0.6153846153846154,8.466666666666667,4.0,194.0,Medium,1,น้ำตาลถึงหรือเกิน 10 กรัมต่อมื้อ,0.4426474546703297
white grapefruit juice,96,0.2,0.083,22.7,22.5,1.2,0.2,0.0,0.018,0.0008999999999999,0.0,0.415,0.3076923076923077,7.566666666666666,0.8,225.0,Medium,1,น้ำตาลถึงหรือเกิน 10 กรัมต่อมื้อ,0.44254270054945055
grapes canned,98,0.3,0.034,25.2,23.8,1.2,1.5,0.0,0.022,0.0011,0.0,0.17,0.4615384615384615,8.399999999999999,6.0,238.0,Medium,1,น้ำตาลถึงหรือเกิน 10 กรัมต่อมื้อ,0.4425302115384615
valencia peanuts raw,832,69.5,10.7,30.5,0.0,36.6,12.7,0.0,0.094,0.0046999999999999,0.0,53.49999999999999,106.92307692307692,10.166666666666666,50.8,0.0,Low,0,ไขมันอิ่มตัวค่อนข้างสูง,0.44246474999999996
premium grilled chicken ranch blt sandwich mcdonalds,412,10.9,3.0,44.3,10.5,33.7,2.8,76.8,1.0,0.05,25.6,15.0,16.76923076923077,14.766666666666667,11.2,105.0,Medium,1,โคเลสเตอรอลค่อนข้างสูง | น้ำตาลถึงหรือเกิน 10 กรัมต่อมื้อ,0.44217719780219783
instant cappuccino powder,53,0.7,0.4,11.2,9.0,0.4,0.2,0.3,0.074,0.0036999999999999,0.1,2.0,1.0769230769230769,3.733333333333333,0.8,90.0,Low,0,ยังไม่พบตัวชี้วัดที่เกินเกณฑ์เบื้องต้น,0.4419310412087912
fruit fried pie,404,20.6,3.1,54.5,27.4,3.8,3.3,0.0,0.4,0.02,0.0,15.5,31.692307692307693,18.166666666666668,13.2,274.0,Medium,1,น้ำตาลถึงหรือเกิน 10 กรัมต่อมื้อ,0.4414928571428572
grenadine,54,0.0,0.0,13.4,9.3,0.0,0.0,0.0,0.038,0.0019,0.0,0.0,0.0,4.466666666666667,0.0,93.0,Low,0,ยังไม่พบตัวชี้วัดที่เกินเกณฑ์เบื้องต้น,0.4413428928571428
watermelon,86,0.4,0.026,21.6,17.7,1.7,1.1,0.0,0.043,0.0021499999999999,0.0,0.13,0.6153846153846154,7.200000000000001,4.4,177.0,Medium,1,น้ำตาลถึงหรือเกิน 10 กรัมต่อมื้อ,0.4407613475274725
grapefruit canned,88,0.2,0.09,22.3,21.4,1.4,1.0,0.0,0.091,0.00455,0.0,0.4499999999999999,0.3076923076923077,7.433333333333334,4.0,213.99999999999997,Medium,1,น้ำตาลถึงหรือเกิน 10 กรัมต่อมื้อ,0.440443896978022
tonic water,114,0.0,0.0,29.6,29.6,0.0,0.0,0.0,0.049,0.00245,0.0,0.0,0.0,9.866666666666667,0.0,296.0,Medium,1,น้ำตาลถึงหรือเกิน 10 กรัมต่อมื้อ,0.4401244821428571
coleslaw dressing reduced fat,56,3.4,0.5,6.8,6.6,0.0,0.045,4.3,0.3,0.015,1.4333333333333331,2.5,5.230769230769231,2.2666666666666666,0.18,65.99999999999999,Low,0,ยังไม่พบตัวชี้วัดที่เกินเกณฑ์เบื้องต้น,0.4400733974358974
big n tasty with cheese mcdonalds,573,36.0,10.8,39.7,9.5,27.2,3.2,91.4,1.0,0.05,30.46666666666667,54.0,55.38461538461539,13.233333333333333,12.8,95.0,Low,0,โคเลสเตอรอลค่อนข้างสูง | ไขมันอิ่มตัวค่อนข้างสูง,0.4396964285714286
lima beans raw,602,1.2,0.3,112.8,15.1,38.2,33.8,0.0,0.078,0.0039,0.0,1.5,1.846153846153846,37.6,135.2,151.0,Medium,1,น้ำตาลถึงหรือเกิน 10 กรัมต่อมื้อ,0.43962459615384614
orange juice,90,0.4,0.079,20.8,16.8,1.4,0.4,0.0,0.067,0.00335,0.0,0.395,0.6153846153846154,6.933333333333333,1.6,168.00000000000003,Medium,1,น้ำตาลถึงหรือเกิน 10 กรัมต่อมื้อ,0.43928806181318686
fruit juice,108,0.1,0.059,26.3,24.2,0.3,0.2,0.0,0.1,0.005,0.0,0.295,0.1538461538461538,8.766666666666667,0.8,242.0,Medium,1,น้ำตาลถึงหรือเกิน 10 กรัมต่อมื้อ,0.4392729395604396
apple juice,114,0.3,0.064,28.0,23.9,0.2,0.5,0.0,0.038,0.0019,0.0,0.32,0.4615384615384615,9.333333333333334,2.0,238.99999999999997,Medium,1,น้ำตาลถึงหรือเกิน 10 กรัมต่อมื้อ,0.43916706868131866
raisins,90,0.056,0.005,23.8,19.6,1.0,1.4,0.0,0.025,0.00125,0.0,0.025,0.0861538461538461,7.933333333333334,5.6,196.00000000000003,Medium,1,น้ำตาลถึงหรือเกิน 10 กรัมต่อมื้อ,0.43827304258241756
chocolate wafers,485,15.9,4.7,81.1,33.2,7.4,3.8,2.2,0.8,0.04,0.7333333333333334,23.5,24.461538461538463,27.03333333333333,15.2,332.0,Medium,1,น้ำตาลถึงหรือเกิน 10 กรัมต่อมื้อ,0.43822380952380957
yellowtail cooked,546,19.6,0.0,0.0,0.0,86.6,0.0,207.3,0.1,0.005,69.10000000000001,0.0,30.153846153846153,0.0,0.0,0.0,Low,0,โคเลสเตอรอลค่อนข้างสูง,0.4379625
yellowtail raw,546,19.6,4.8,0.0,0.0,86.5,0.0,205.7,0.1,0.005,68.56666666666666,24.0,30.153846153846153,0.0,0.0,0.0,Low,0,โคเลสเตอรอลค่อนข้างสูง,0.4379625
pear,101,0.2,0.019,27.1,17.4,0.6,5.5,0.0,0.07,0.0035,0.0,0.095,0.3076923076923077,9.033333333333331,22.0,173.99999999999997,Medium,1,น้ำตาลถึงหรือเกิน 10 กรัมต่อมื้อ,0.43788034340659343
peach nectar,125,1.3,0.6,29.7,27.8,0.5,0.2,0.0,0.077,0.00385,0.0,3.0,2.0,9.9,0.8,278.0,Medium,1,น้ำตาลถึงหรือเกิน 10 กรัมต่อมื้อ,0.43764969642857143
lamb brain cooked,503,35.3,9.0,0.0,0.0,43.5,0.0,7089.2,0.5,0.025,2363.0666666666666,45.0,54.3076923076923,0.0,0.0,0.0,Medium,1,โคเลสเตอรอลค่อนข้างสูง | ไขมันอิ่มตัวค่อนข้างสูง,0.4373839285714286
dulce de leche,60,1.4,0.9,10.5,9.5,1.3,0.0,5.5,0.036,0.0017999999999999,1.8333333333333333,4.5,2.1538461538461537,3.5000000000000004,0.0,95.0,Low,0,ยังไม่พบตัวชี้วัดที่เกินเกณฑ์เบื้องต้น,0.4372850347985348
white grapefruit,78,0.2,0.072,19.8,17.3,1.6,2.6,0.0,0.0,0.0,0.0,0.36,0.3076923076923077,6.6000000000000005,10.4,173.0,Medium,1,น้ำตาลถึงหรือเกิน 10 กรัมต่อมื้อ,0.4372637362637363
beets canned,69,0.2,0.017,16.2,13.2,2.0,3.0,0.0,0.02,0.001,0.0,0.085,0.3076923076923077,5.4,12.0,131.99999999999997,Medium,1,น้ำตาลถึงหรือเกิน 10 กรัมต่อมื้อ,0.43711337912087916
fruit granola bar,82,0.2,0.034,18.6,13.3,1.4,1.8,0.0,0.028,0.0014,0.0,0.17,0.3076923076923077,6.200000000000001,7.200000000000001,133.0,Medium,1,น้ำตาลถึงหรือเกิน 10 กรัมต่อมื้อ,0.4370389505494506
applesauce,102,0.2,0.028,27.5,22.9,0.4,2.7,0.0,0.031,0.00155,0.0,0.1399999999999999,0.3076923076923077,9.166666666666666,10.8,229.0,Medium,1,น้ำตาลถึงหรือเกิน 10 กรัมต่อมื้อ,0.43596639697802203
pound cake bread,215,9.6,1.7,28.2,10.0,3.9,0.9,0.0,0.2,0.01,0.0,8.5,14.769230769230768,9.4,3.6000000000000005,100.0,Medium,1,น้ำตาลถึงหรือเกิน 10 กรัมต่อมื้อ,0.4357629120879121
dutch apple pie,397,15.8,3.2,61.0,30.2,3.0,2.2,0.0,0.3,0.015,0.0,16.0,24.307692307692307,20.333333333333332,8.8,302.0,Medium,1,น้ำตาลถึงหรือเกิน 10 กรัมต่อมื้อ,0.43553035714285715
fondant,106,0.009,0.0,26.4,25.2,0.0,0.0,0.0,0.022,0.0011,0.0,0.0,0.0138461538461538,8.799999999999999,0.0,252.0,Medium,1,น้ำตาลถึงหรือเกิน 10 กรัมต่อมื้อ,0.4354593324175824
fruit jam,56,0.095,0.021,13.8,9.7,0.0,0.2,0.0,0.052,0.0026,0.0,0.105,0.1461538461538461,4.6,0.8,97.0,Low,0,ยังไม่พบตัวชี้วัดที่เกินเกณฑ์เบื้องต้น,0.43538434615384614
pear dried,94,0.2,0.003,25.1,22.4,0.7,2.7,0.0,0.074,0.0036999999999999,0.0,0.015,0.3076923076923077,8.366666666666667,10.8,223.99999999999997,Medium,1,น้ำตาลถึงหรือเกิน 10 กรัมต่อมื้อ,0.4351288434065934
milky way mars,264,10.0,7.0,41.3,34.6,2.3,0.6,5.2,0.021,0.00105,1.7333333333333332,35.0,15.384615384615383,13.766666666666666,2.4,346.0,Medium,1,น้ำตาลถึงหรือเกิน 10 กรัมต่อมื้อ | ไขมันอิ่มตัวค่อนข้างสูง,0.4348813191391942
carob,135,7.8,7.3,14.1,8.5,2.0,1.0,0.3,0.015,0.0007499999999999,0.1,36.5,12.0,4.7,4.0,85.0,Low,0,ไขมันอิ่มตัวค่อนข้างสูง,0.4343872321428571
donut with jelly filling,289,15.9,4.1,33.2,17.9,5.0,0.8,22.1,0.4,0.02,7.366666666666667,20.5,24.461538461538463,11.066666666666668,3.2,178.99999999999997,Medium,1,น้ำตาลถึงหรือเกิน 10 กรัมต่อมื้อ,0.4340761904761905
cranberry juice,92,0.3,0.061,24.4,24.2,0.8,0.2,0.0,0.093,0.00465,0.0,0.305,0.4615384615384615,8.133333333333333,0.8,242.0,Medium,1,น้ำตาลถึงหรือเกิน 10 กรัมต่อมื้อ,0.43407501510989016
barbecue sauce mcdonalds,46,0.3,0.09,10.3,9.6,0.4,0.4,0.0,0.3,0.015,0.0,0.4499999999999999,0.4615384615384615,3.4333333333333336,1.6,96.0,Low,0,ยังไม่พบตัวชี้วัดที่เกินเกณฑ์เบื้องต้น,0.4337116758241758
cream of onion soup,268,12.8,3.6,31.7,11.1,6.7,1.2,36.6,1.9,0.095,12.2,18.0,19.692307692307693,10.566666666666666,4.8,111.0,Medium,1,น้ำตาลถึงหรือเกิน 10 กรัมต่อมื้อ,0.4329880494505494
cheese soup,203,9.7,6.1,28.0,9.3,2.0,5.5,7.4,1.7,0.0849999999999999,2.466666666666667,30.5,14.923076923076922,9.333333333333334,22.0,93.0,Low,0,ไขมันอิ่มตัวค่อนข้างสูง,0.4327727564102564
snickers mars,280,13.6,5.2,35.1,28.8,4.3,1.3,7.4,0.1,0.005,2.466666666666667,26.0,20.923076923076923,11.7,5.2,288.0,Medium,1,น้ำตาลถึงหรือเกิน 10 กรัมต่อมื้อ,0.4325458333333334
m ms peanut chocolate mars,93,4.7,1.8,10.9,9.1,1.7,0.7,1.4,0.017,0.00085,0.4666666666666666,9.0,7.230769230769231,3.6333333333333337,2.8,91.0,Low,0,ยังไม่พบตัวชี้วัดที่เกินเกณฑ์เบื้องต้น,0.43248904624542117
tapioca pudding,143,4.3,1.1,23.9,16.4,2.1,0.0,1.1,0.2,0.01,0.3666666666666667,5.500000000000001,6.615384615384615,7.966666666666667,0.0,164.0,Medium,1,น้ำตาลถึงหรือเกิน 10 กรัมต่อมื้อ,0.4323572344322345
apple,95,0.3,0.043,25.1,18.9,0.5,4.4,0.0,0.062,0.0031,0.0,0.215,0.4615384615384615,8.366666666666667,17.6,189.0,Medium,1,น้ำตาลถึงหรือเกิน 10 กรัมต่อมื้อ,0.43205092582417587
chocolate powder for milk,88,0.5,0.5,19.9,18.0,1.0,1.0,0.0,0.012,0.0006,0.0,2.5,0.7692307692307693,6.633333333333333,4.0,180.0,Medium,1,น้ำตาลถึงหรือเกิน 10 กรัมต่อมื้อ,0.43201198351648357
grape apple salad with walnuts,191,8.2,1.1,25.6,20.3,3.5,3.6,1.6,0.087,0.00435,0.5333333333333334,5.500000000000001,12.615384615384617,8.533333333333335,14.400000000000002,203.00000000000003,Medium,1,น้ำตาลถึงหรือเกิน 10 กรัมต่อมื้อ,0.43191151419413926
veal shank raw,513,15.8,4.8,0.0,0.0,86.9,0.0,340.2,0.4,0.02,113.4,24.0,24.307692307692307,0.0,0.0,0.0,Medium,1,โคเลสเตอรอลค่อนข้างสูง,0.43170714285714284
ground veal cooked,514,22.6,9.1,0.0,0.0,72.9,0.0,308.0,0.2,0.01,102.66666666666666,45.49999999999999,34.76923076923077,0.0,0.0,0.0,Medium,1,โคเลสเตอรอลค่อนข้างสูง | ไขมันอิ่มตัวค่อนข้างสูง,0.43121071428571434
blueberries,84,0.5,0.047,21.4,14.7,1.1,3.6,0.0,0.015,0.0007499999999999,0.0,0.235,0.7692307692307693,7.133333333333333,14.400000000000002,147.0,Medium,1,น้ำตาลถึงหรือเกิน 10 กรัมต่อมื้อ,0.43097514423076927
guava sauce cooked,86,0.3,0.014,22.6,14.0,0.8,8.6,0.0,0.017,0.00085,0.0,0.0699999999999999,0.4615384615384615,7.533333333333333,34.4,140.0,Medium,1,น้ำตาลถึงหรือเกิน 10 กรัมต่อมื้อ,0.4306749436813187
veal tongue cooked,515,25.8,11.1,0.0,0.0,65.9,0.0,606.9,0.2,0.01,202.3,55.49999999999999,39.69230769230769,0.0,0.0,0.0,Medium,1,โคเลสเตอรอลค่อนข้างสูง | ไขมันอิ่มตัวค่อนข้างสูง,0.4306392857142858
yellow plantain fried,399,12.7,3.1,68.9,36.8,2.4,5.4,0.0,0.079,0.0039499999999999,0.0,15.5,19.538461538461537,22.96666666666667,21.6,368.0,Medium,1,น้ำตาลถึงหรือเกิน 10 กรัมต่อมื้อ,0.4304319134615385
coffee liqueur,96,0.038,0.096,13.8,13.7,0.041,0.0,0.0,0.093,0.00465,0.0,0.48,0.0584615384615384,4.6,0.0,137.0,Medium,1,น้ำตาลถึงหรือเกิน 10 กรัมต่อมื้อ,0.4298963063186813
malt syrup,67,0.0,0.0,15.0,15.0,1.3,0.0,0.0,0.05,0.0025,0.0,0.0,0.0,5.0,0.0,150.0,Medium,1,น้ำตาลถึงหรือเกิน 10 กรัมต่อมื้อ,0.4295169642857143
sockeye salmon raw,562,22.2,4.7,0.0,0.0,84.4,0.0,209.9,0.4,0.02,69.96666666666667,23.5,34.15384615384615,0.0,0.0,0.0,Low,0,โคเลสเตอรอลค่อนข้างสูง,0.4287071428571428
brownie,243,9.8,2.5,38.3,22.0,2.9,1.3,10.2,0.2,0.01,3.3999999999999995,12.5,15.076923076923077,12.766666666666666,5.2,220.00000000000003,Medium,1,น้ำตาลถึงหรือเกิน 10 กรัมต่อมื้อ,0.4284552197802197
malt beverage,88,0.3,0.005,19.1,19.1,0.5,0.0,0.0,0.02,0.001,0.0,0.025,0.4615384615384615,6.366666666666668,0.0,191.0,Medium,1,น้ำตาลถึงหรือเกิน 10 กรัมต่อมื้อ,0.42806667582417585
premium crispy chicken classic sandwich mcdonalds,524,20.0,3.2,58.6,12.4,27.8,3.2,59.8,1.0,0.05,19.933333333333337,16.0,30.76923076923077,19.53333333333333,12.8,124.0,Medium,1,น้ำตาลถึงหรือเกิน 10 กรัมต่อมื้อ,0.4278630952380953
sockeye salmon canned,563,24.9,4.9,0.0,0.0,79.5,0.0,266.2,1.4,0.0699999999999999,88.73333333333333,24.500000000000004,38.30769230769231,0.0,0.0,0.0,Low,0,โคเลสเตอรอลค่อนข้างสูง,0.42776071428571427
nectarine,66,0.5,0.066,15.8,11.8,1.6,2.6,0.0,0.0,0.0,0.0,0.33,0.7692307692307693,5.266666666666667,10.4,118.0,Medium,1,น้ำตาลถึงหรือเกิน 10 กรัมต่อมื้อ,0.42694505494505497
potato salad with egg,393,23.5,3.6,40.5,12.4,4.9,3.3,42.5,0.8,0.04,14.166666666666666,18.0,36.15384615384615,13.5,13.2,124.0,Medium,1,น้ำตาลถึงหรือเกิน 10 กรัมต่อมื้อ,0.4259619047619048
instant lemon tea sweetened,91,0.2,0.018,22.3,21.6,0.071,0.3,0.0,0.089,0.00445,0.0,0.09,0.3076923076923077,7.433333333333334,1.2,216.0,Medium,1,น้ำตาลถึงหรือเกิน 10 กรัมต่อมื้อ,0.4255464326923077
ice tea lemon flavor nestle,88,0.0,0.0,22.3,22.3,0.0,0.0,0.0,0.063,0.00315,0.0,0.0,0.0,7.433333333333334,0.0,223.0,Medium,1,น้ำตาลถึงหรือเกิน 10 กรัมต่อมื้อ,0.4252620892857143
cantaloupe melon,60,0.3,0.071,14.4,13.9,1.5,1.6,0.0,0.087,0.00435,0.0,0.355,0.4615384615384615,4.8,6.4,139.0,Medium,1,น้ำตาลถึงหรือเกิน 10 กรัมต่อมื้อ,0.42454155082417583
pork brain cooked,527,36.3,8.2,0.0,0.0,46.4,0.0,9748.6,0.3,0.015,3249.5333333333333,41.0,55.84615384615385,0.0,0.0,0.0,Medium,1,โคเลสเตอรอลค่อนข้างสูง | ไขมันอิ่มตัวค่อนข้างสูง,0.42374464285714286
fruit juice bar,67,0.089,0.0,15.6,13.5,0.9,0.8,0.0,0.011,0.00055,0.0,0.0,0.1369230769230769,5.2,3.2,135.0,Medium,1,น้ำตาลถึงหรือเกิน 10 กรัมต่อมื้อ,0.4235046662087912
emu fillet cooked,607,9.1,2.3,0.0,0.0,123.2,0.0,323.1,0.2,0.01,107.70000000000002,11.5,13.999999999999998,0.0,0.0,0.0,Medium,1,โคเลสเตอรอลค่อนข้างสูง,0.42306785714285716
fruitcake,139,3.9,0.5,26.5,11.8,1.2,1.6,2.2,0.013,0.00065,0.7333333333333334,2.5,6.0,8.833333333333334,6.4,118.0,Medium,1,น้ำตาลถึงหรือเกิน 10 กรัมต่อมื้อ,0.4225903630952381
spanish peanuts,832,72.4,11.2,23.1,0.0,38.2,13.9,0.0,0.036,0.0017999999999999,0.0,55.99999999999999,111.3846153846154,7.7,55.60000000000001,0.0,Low,0,ไขมันอิ่มตัวค่อนข้างสูง,0.42248649999999993
blackberry juice,95,1.5,0.095,19.5,19.3,0.8,0.3,0.0,0.072,0.0035999999999999,0.0,0.475,2.307692307692308,6.5,1.2,193.00000000000003,Medium,1,น้ำตาลถึงหรือเกิน 10 กรัมต่อมื้อ,0.421951021978022
pink lemonade,86,0.3,0.079,21.6,20.6,0.1,0.2,0.0,0.01,0.0005,0.0,0.395,0.4615384615384615,7.200000000000001,0.8,206.0,Medium,1,น้ำตาลถึงหรือเกิน 10 กรัมต่อมื้อ,0.4219275686813187
white lemonade,80,0.003,0.093,20.8,20.0,0.1,0.0,0.0,0.02,0.001,0.0,0.4649999999999999,0.0046153846153846,6.933333333333333,0.0,200.0,Medium,1,น้ำตาลถึงหรือเกิน 10 กรัมต่อมื้อ,0.42192217032967033
peanut bar,209,13.5,1.9,19.0,16.9,6.2,1.6,0.0,0.059,0.00295,0.0,9.5,20.76923076923077,6.333333333333334,6.4,169.0,Medium,1,น้ำตาลถึงหรือเกิน 10 กรัมต่อมื้อ,0.42190644642857145
rice drink,113,2.3,0.0,22.0,12.7,0.7,0.7,0.0,0.058,0.0029,0.0,0.0,3.5384615384615383,7.333333333333333,2.8,127.0,Medium,1,น้ำตาลถึงหรือเกิน 10 กรัมต่อมื้อ,0.42176121703296704
honeydew melon,64,0.2,0.055,16.1,14.4,1.0,1.4,0.0,0.062,0.0031,0.0,0.2749999999999999,0.3076923076923077,5.366666666666667,5.6,144.0,Medium,1,น้ำตาลถึงหรือเกิน 10 กรัมต่อมื้อ,0.4217404862637363
peach,59,0.4,0.034,14.3,12.6,1.4,2.3,0.0,0.0,0.0,0.0,0.17,0.6153846153846154,4.766666666666667,9.2,126.0,Medium,1,น้ำตาลถึงหรือเกิน 10 กรัมต่อมื้อ,0.42159890109890114
veal leg round raw,531,14.0,5.4,0.0,0.0,95.2,0.0,353.8,0.3,0.015,117.93333333333334,27.0,21.53846153846154,0.0,0.0,0.0,Medium,1,โคเลสเตอรอลค่อนข้างสูง,0.4214589285714286
milk cereal bar,103,2.7,2.3,18.0,11.5,1.6,0.1,1.5,0.087,0.00435,0.5,11.5,4.153846153846154,6.0,0.4,115.0,Medium,1,น้ำตาลถึงหรือเกิน 10 กรัมต่อมื้อ,0.4214206717032967
sprite coca cola,80,0.063,0.0,20.3,18.0,0.1,0.0,0.0,0.021,0.00105,0.0,0.0,0.0969230769230769,6.766666666666667,0.0,180.0,Medium,1,น้ำตาลถึงหรือเกิน 10 กรัมต่อมื้อ,0.4212294876373627
cod liver fish oil,123,13.6,3.1,0.0,0.0,0.0,0.0,77.5,0.0,0.0,25.833333333333336,15.5,20.923076923076923,0.0,0.0,0.0,Low,0,โคเลสเตอรอลค่อนข้างสูง,0.42028571428571426
salmon fish oil,123,13.6,2.7,0.0,0.0,0.0,0.0,66.0,0.0,0.0,22.0,13.5,20.923076923076923,0.0,0.0,0.0,Low,0,โคเลสเตอรอลค่อนข้างสูง,0.42028571428571426
herring fish oil,123,13.6,2.9,0.0,0.0,0.0,0.0,104.2,0.0,0.0,34.733333333333334,14.499999999999998,20.923076923076923,0.0,0.0,0.0,Low,0,โคเลสเตอรอลค่อนข้างสูง,0.42028571428571426
sardine oil,123,13.6,4.1,0.0,0.0,0.0,0.0,96.6,0.0,0.0,32.2,20.5,20.923076923076923,0.0,0.0,0.0,Low,0,โคเลสเตอรอลค่อนข้างสูง,0.42028571428571426
toffee,67,3.9,2.5,7.8,7.6,0.1,0.0,12.5,0.044,0.0022,4.166666666666666,12.5,6.0,2.6,0.0,76.0,Low,0,ยังไม่พบตัวชี้วัดที่เกินเกณฑ์เบื้องต้น,0.4201025476190476
vanilla fudge,108,1.5,1.0,23.2,22.6,0.3,0.0,4.2,0.04,0.002,1.4,5.0,2.307692307692308,7.733333333333333,0.0,226.00000000000003,Medium,1,น้ำตาลถึงหรือเกิน 10 กรัมต่อมื้อ,0.41964159340659346
sweet cinnamon rolls,309,13.6,2.6,42.2,26.3,5.1,2.0,54.8,0.3,0.015,18.266666666666666,13.0,20.923076923076923,14.066666666666668,8.0,263.0,Medium,1,น้ำตาลถึงหรือเกิน 10 กรัมต่อมื้อ,0.41954226190476196
chocolate snack cake,200,8.0,2.4,30.2,18.9,1.8,1.6,0.0,0.2,0.01,0.0,12.0,12.307692307692308,10.066666666666666,6.4,189.0,Medium,1,น้ำตาลถึงหรือเกิน 10 กรัมต่อมื้อ,0.419403021978022
apple strudel,195,8.0,1.5,29.2,18.3,2.3,1.6,4.3,0.02,0.001,1.4333333333333331,7.5,12.307692307692308,9.733333333333333,6.4,183.0,Medium,1,น้ำตาลถึงหรือเกิน 10 กรัมต่อมื้อ,0.4192800457875458
canadian maple syrup,76,0.0,0.0,19.1,17.0,0.0,0.0,0.0,0.086,0.0042999999999999,0.0,0.0,0.0,6.366666666666668,0.0,170.0,Medium,1,น้ำตาลถึงหรือเกิน 10 กรัมต่อมื้อ,0.41839632142857147
papaya canned,80,0.2,0.1,21.8,20.4,0.001,0.6,0.0,0.075,0.00375,0.0,0.5,0.3076923076923077,7.2666666666666675,2.4,204.0,Medium,1,น้ำตาลถึงหรือเกิน 10 กรัมต่อมื้อ,0.41839096840659346
lupins raw,668,17.5,2.1,72.7,0.0,65.1,34.0,0.0,0.009,0.0004499999999999,0.0,10.500000000000002,26.923076923076923,24.233333333333334,136.0,0.0,Low,0,ยังไม่พบตัวชี้วัดที่เกินเกณฑ์เบื้องต้น,0.41828233928571423
pork pancreas cooked,537,26.5,9.1,0.0,0.0,69.8,0.0,771.8,0.1,0.005,257.26666666666665,45.49999999999999,40.76923076923077,0.0,0.0,0.0,Medium,1,โคเลสเตอรอลค่อนข้างสูง | ไขมันอิ่มตัวค่อนข้างสูง,0.4181053571428572
cola,74,0.07,0.0,19.1,17.9,0.1,0.0,0.0,0.072,0.0035999999999999,0.0,0.0,0.1076923076923077,6.366666666666668,0.0,178.99999999999997,Medium,1,น้ำตาลถึงหรือเกิน 10 กรัมต่อมื้อ,0.417701021978022
danish pastry with nuts,280,16.4,3.8,29.7,16.8,4.6,1.3,29.9,0.2,0.01,9.966666666666669,19.0,25.23076923076923,9.9,5.2,168.00000000000003,Medium,1,น้ำตาลถึงหรือเกิน 10 กรัมต่อมื้อ,0.41750833333333337
peach pie,262,11.7,1.8,38.5,19.0,2.2,0.9,0.0,0.3,0.015,0.0,9.0,18.0,12.833333333333332,3.6000000000000005,190.0,Medium,1,น้ำตาลถึงหรือเกิน 10 กรัมต่อมื้อ,0.41710178571428574
marshmallow,64,0.033,0.045,16.3,11.5,0.4,0.013,0.0,0.039,0.00195,0.0,0.2249999999999999,0.0507692307692307,5.433333333333334,0.052,115.0,Medium,1,น้ำตาลถึงหรือเกิน 10 กรัมต่อมื้อ,0.41617603434065936
lamb pancreas cooked,541,34.9,15.8,0.0,0.0,52.7,0.0,924.0,0.1,0.005,308.0,79.0,53.69230769230769,0.0,0.0,0.0,Medium,1,โคเลสเตอรอลค่อนข้างสูง | ไขมันอิ่มตัวค่อนข้างสูง,0.4158196428571429
caramel popcorn,122,3.6,1.0,22.4,15.1,1.1,1.5,1.4,0.069,0.00345,0.4666666666666666,5.0,5.538461538461538,7.466666666666666,6.0,151.0,Medium,1,น้ำตาลถึงหรือเกิน 10 กรัมต่อมื้อ,0.41573328250915753
peanut brittle,138,5.4,1.2,20.2,14.5,2.1,0.7,3.4,0.1,0.005,1.1333333333333333,6.0,8.307692307692308,6.7333333333333325,2.8,145.0,Medium,1,น้ำตาลถึงหรือเกิน 10 กรัมต่อมื้อ,0.4149286172161173
papaya,62,0.4,0.1,15.7,11.3,0.7,2.5,0.0,0.004,0.0001999999999999,0.0,0.5,0.6153846153846154,5.2333333333333325,10.0,113.0,Medium,1,น้ำตาลถึงหรือเกิน 10 กรัมต่อมื้อ,0.4145616868131868
chocolate chip cookies mcdonalds,136,6.4,3.2,18.7,9.6,1.6,0.6,18.4,0.058,0.0029,6.133333333333333,16.0,9.846153846153848,6.233333333333333,2.4,96.0,Low,0,ยังไม่พบตัวชี้วัดที่เกินเกณฑ์เบื้องต้น,0.41451304853479853
potato chips barbecue,970,64.2,15.9,104.5,14.0,15.2,8.7,0.0,1.3,0.065,0.0,79.5,98.76923076923076,34.833333333333336,34.8,140.0,Medium,1,น้ำตาลถึงหรือเกิน 10 กรัมต่อมื้อ | ไขมันอิ่มตัวค่อนข้างสูง,0.4145125
ginger ale,68,0.0,0.0,17.5,17.4,0.0,0.0,0.0,0.043,0.0021499999999999,0.0,0.0,0.0,5.833333333333333,0.0,173.99999999999997,Medium,1,น้ำตาลถึงหรือเกิน 10 กรัมต่อมื้อ,0.41384101785714283
sponge snack cake,157,4.8,1.7,26.9,15.7,1.5,0.4,17.2,0.2,0.01,5.733333333333333,8.5,7.384615384615384,8.966666666666665,1.6,156.99999999999997,Medium,1,น้ำตาลถึงหรือเกิน 10 กรัมต่อมื้อ,0.413671336996337
hibiscus tea,74,1.3,0.5,14.8,12.0,0.9,0.6,0.0,0.091,0.00455,0.0,2.5,2.0,4.933333333333334,2.4,120.0,Medium,1,น้ำตาลถึงหรือเกิน 10 กรัมต่อมื้อ,0.4135015892857143
beef brisket cooked,589,43.6,16.8,0.0,0.0,46.0,0.0,165.5,0.1,0.005,55.166666666666664,84.00000000000001,67.07692307692308,0.0,0.0,0.0,Low,0,โคเลสเตอรอลค่อนข้างสูง | ไขมันอิ่มตัวค่อนข้างสูง,0.4133910714285714
honey,64,0.0,0.0,17.3,17.2,0.08,0.025,0.0,0.011,0.00055,0.0,0.0,0.0,5.7666666666666675,0.1,172.0,Medium,1,น้ำตาลถึงหรือเกิน 10 กรัมต่อมื้อ,0.4125673035714285
golden delicious apple,62,0.2,0.0,14.8,10.9,0.3,2.6,0.0,0.034,0.0017,0.0,0.0,0.3076923076923077,4.933333333333334,10.4,109.0,Medium,1,น้ำตาลถึงหรือเกิน 10 กรัมต่อมื้อ,0.4118581291208791
kiwifruit gold,51,0.2,0.008,12.8,10.0,0.8,1.1,0.0,0.046,0.0023,0.0,0.04,0.3076923076923077,4.2666666666666675,4.4,100.0,Medium,1,น้ำตาลถึงหรือเกิน 10 กรัมต่อมื้อ,0.4118179148351649
acerola cherry juice,56,0.7,0.2,11.6,10.9,1.0,0.7,0.0,0.082,0.0041,0.0,1.0,1.0769230769230769,3.8666666666666663,2.8,109.0,Medium,1,น้ำตาลถึงหรือเกิน 10 กรัมต่อมื้อ,0.4113923269230769
cheese spread,708,68.6,43.2,8.4,8.4,17.0,0.0,216.0,1.2,0.06,72.0,216.0,105.53846153846152,2.8000000000000003,0.0,84.00000000000001,Medium,1,โคเลสเตอรอลค่อนข้างสูง | ไขมันอิ่มตัวค่อนข้างสูง,0.41105
nougat with almonds,56,0.2,0.2,12.9,11.7,0.5,0.5,0.0,0.061,0.0030499999999999,0.0,1.0,0.3076923076923077,4.300000000000001,2.0,117.0,Medium,1,น้ำตาลถึงหรือเกิน 10 กรัมต่อมื้อ,0.41091943269230774
sorghum syrup,61,0.0,0.0,15.7,15.7,0.0,0.0,0.0,0.096,0.0048,0.0,0.0,0.0,5.2333333333333325,0.0,156.99999999999997,Medium,1,น้ำตาลถึงหรือเกิน 10 กรัมต่อมื้อ,0.40982114285714283
corn syrup light,62,0.09,0.0,16.9,16.9,0.0,0.0,0.0,0.065,0.00325,0.0,0.0,0.1384615384615384,5.633333333333333,0.0,169.0,Medium,1,น้ำตาลถึงหรือเกิน 10 กรัมต่อมื้อ,0.4093657348901099
blueberry muffin,214,9.2,1.6,30.2,17.9,2.6,0.6,17.1,0.2,0.01,5.7,8.0,14.153846153846152,10.066666666666666,2.4,178.99999999999997,Medium,1,น้ำตาลถึงหรือเกิน 10 กรัมต่อมื้อ,0.4093068681318682
m ms milk chocolate mars,207,8.9,5.5,29.9,26.7,1.8,1.2,5.9,0.018,0.0008999999999999,1.966666666666667,27.500000000000004,13.692307692307692,9.966666666666669,4.8,267.0,Medium,1,น้ำตาลถึงหรือเกิน 10 กรัมต่อมื้อ,0.4081699899267399
coleslaw,292,18.9,3.1,28.4,23.3,1.8,3.6,7.6,0.4,0.02,2.533333333333333,15.5,29.076923076923073,9.466666666666669,14.400000000000002,233.0,Medium,1,น้ำตาลถึงหรือเกิน 10 กรัมต่อมื้อ,0.4078738095238096
corn syrup dark,57,0.0,0.0,15.5,15.5,0.0,0.0,0.0,0.047,0.0023499999999999,0.0,0.0,0.0,5.166666666666667,0.0,155.0,Medium,1,น้ำตาลถึงหรือเกิน 10 กรัมต่อมื้อ,0.40755380357142856
molasses,58,0.068,0.052,14.9,14.9,0.0,0.0,0.0,0.007,0.00035,0.0,0.26,0.1046153846153846,4.966666666666667,0.0,149.0,Medium,1,น้ำตาลถึงหรือเกิน 10 กรัมต่อมื้อ,0.4073556167582418
vanilla fudge with nuts,123,3.9,1.1,21.1,20.1,0.8,0.3,3.7,0.075,0.00375,1.2333333333333334,5.500000000000001,6.0,7.033333333333334,1.2,201.00000000000003,Medium,1,น้ำตาลถึงหรือเกิน 10 กรัมต่อมื้อ,0.40717425595238094
emu drums cooked,649,8.4,2.7,0.0,0.0,134.7,0.0,378.6,0.5,0.025,126.2,13.5,12.923076923076923,0.0,0.0,0.0,Medium,1,โคเลสเตอรอลค่อนข้างสูง,0.4070322802197802
jellies,56,0.069,0.033,14.7,10.8,0.005,0.2,0.0,0.016,0.0007999999999999,0.0,0.165,0.1061538461538461,4.8999999999999995,0.8,108.0,Medium,1,น้ำตาลถึงหรือเกิน 10 กรัมต่อมื้อ,0.40626034615384615
mince pie,477,17.8,4.4,79.2,46.7,4.3,4.3,0.0,0.4,0.02,0.0,22.000000000000004,27.384615384615387,26.4,17.2,467.0,Medium,1,น้ำตาลถึงหรือเกิน 10 กรัมต่อมื้อ,0.40602857142857146
danone low fat alsafi,88,1.7,1.0,0.089,255.0,0.0,0.0,0.0,0.0,0.0,0.0,5.0,2.6153846153846154,0.0296666666666666,0.0,2550.0,Medium,1,น้ำตาลถึงหรือเกิน 10 กรัมต่อมื้อ,0.4056703296703297
maple syrup,52,0.047,0.036,13.4,13.6,0.09,0.0,0.0,0.059,0.00295,0.0,0.18,0.0723076923076923,4.466666666666667,0.0,136.0,Medium,1,น้ำตาลถึงหรือเกิน 10 กรัมต่อมื้อ,0.405274853021978
peanut butter fudge,62,1.1,0.3,12.4,11.7,0.6,0.1,0.5,0.085,0.00425,0.1666666666666666,1.5,1.6923076923076923,4.133333333333333,0.4,117.0,Medium,1,น้ำตาลถึงหรือเกิน 10 กรัมต่อมื้อ,0.4047877220695971
fruit flavored water,52,0.0,0.0,13.0,13.0,0.0,0.0,0.0,0.0,0.0,0.0,0.0,0.0,4.333333333333334,0.0,130.0,Medium,1,น้ำตาลถึงหรือเกิน 10 กรัมต่อมื้อ,0.40471428571428575
lamb shank roasted,605,33.5,13.7,0.0,0.0,71.0,0.0,242.1,0.2,0.01,80.69999999999999,68.5,51.53846153846153,0.0,0.0,0.0,Low,0,โคเลสเตอรอลค่อนข้างสูง | ไขมันอิ่มตัวค่อนข้างสูง,0.40421071428571426
coconut granola bar,150,9.1,6.4,15.6,9.7,1.5,1.8,0.0,0.006,0.0003,0.0,32.0,13.999999999999998,5.2,7.200000000000001,97.0,Low,0,ไขมันอิ่มตัวค่อนข้างสูง,0.4039620357142857
taffy,60,0.5,0.3,13.7,10.3,0.087,0.0,1.4,0.028,0.0014,0.4666666666666666,1.5,0.7692307692307693,4.566666666666666,0.0,103.0,Medium,1,น้ำตาลถึงหรือเกิน 10 กรัมต่อมื้อ,0.40342681684981685
orange marmalade,49,0.0,0.0,13.3,12.0,0.014,0.1,0.0,0.016,0.0007999999999999,0.0,0.0,0.0,4.433333333333334,0.4,120.0,Medium,1,น้ำตาลถึงหรือเกิน 10 กรัมต่อมื้อ,0.40316899999999994
taco salad taco bell,906,48.9,15.9,80.5,0.0,35.7,16.0,101.3,1.9,0.095,33.766666666666666,79.5,75.23076923076923,26.833333333333332,64.0,0.0,Low,0,โคเลสเตอรอลค่อนข้างสูง | ไขมันอิ่มตัวค่อนข้างสูง,0.40303749999999994
chocolate coated marshmallow,118,4.7,1.3,19.0,12.5,1.1,0.6,0.0,0.002,0.0001,0.0,6.5,7.230769230769231,6.333333333333334,2.4,125.0,Medium,1,น้ำตาลถึงหรือเกิน 10 กรัมต่อมื้อ,0.4019470521978022
studentenfutter alnatura,139,7.8,0.9,13.2,11.7,3.1,0.031,1.7,0.0,0.0,0.5666666666666667,4.5,12.0,4.3999999999999995,0.124,117.0,Medium,1,น้ำตาลถึงหรือเกิน 10 กรัมต่อมื้อ,0.40176190476190476
sweetn sour sauce mcdonalds,48,0.3,0.075,11.0,10.0,0.2,0.0,0.0,0.2,0.01,0.0,0.375,0.4615384615384615,3.6666666666666665,0.0,100.0,Medium,1,น้ำตาลถึงหรือเกิน 10 กรัมต่อมื้อ,0.401392032967033
keikitos,196,10.6,0.0,22.3,10.8,2.9,0.5,0.0,0.2,0.01,0.0,0.0,16.307692307692307,7.433333333333334,2.0,108.0,Medium,1,น้ำตาลถึงหรือเกิน 10 กรัมต่อมื้อ,0.40086730769230766
cottonseed kernels roasted,754,54.1,14.5,32.6,0.0,48.6,8.2,0.0,0.073,0.00365,0.0,72.5,83.23076923076923,10.866666666666667,32.8,0.0,Low,0,ไขมันอิ่มตัวค่อนข้างสูง,0.39997262499999997
winged beans raw,744,29.7,4.2,75.9,0.0,54.0,47.1,0.0,0.09,0.0045,0.0,21.000000000000004,45.69230769230769,25.3,188.4,0.0,Low,0,ยังไม่พบตัวชี้วัดที่เกินเกณฑ์เบื้องต้น,0.39996624999999997
spanish peanuts roasted,851,72.1,11.1,25.7,0.0,41.2,13.1,0.0,0.6,0.03,0.0,55.49999999999999,110.92307692307692,8.566666666666666,52.400000000000006,0.0,Low,0,ไขมันอิ่มตัวค่อนข้างสูง,0.399775
maple sugar,42,0.061,0.076,10.9,10.2,0.036,0.0,0.0,0.031,0.00155,0.0,0.38,0.0938461538461538,3.6333333333333337,0.0,102.0,Medium,1,น้ำตาลถึงหรือเกิน 10 กรัมต่อมื้อ,0.39873452884615385
french cruller donut,169,7.5,1.9,24.4,14.4,1.3,0.5,4.5,0.1,0.005,1.5,9.5,11.538461538461538,8.133333333333333,2.0,144.0,Medium,1,น้ำตาลถึงหรือเกิน 10 กรัมต่อมื้อ,0.3974954670329671
beef plate steak raw,617,46.8,19.0,0.9,0.0,47.8,0.0,188.9,0.2,0.01,62.96666666666667,95.0,72.0,0.3,0.0,0.0,Low,0,โคเลสเตอรอลค่อนข้างสูง | ไขมันอิ่มตัวค่อนข้างสูง,0.3973535714285714
chocolate fudge,70,1.8,1.1,13.0,12.4,0.4,0.3,2.4,0.032,0.0015999999999999,0.8,5.500000000000001,2.769230769230769,4.333333333333334,1.2,124.0,Medium,1,น้ำตาลถึงหรือเกิน 10 กรัมต่อมื้อ,0.3972187692307692
veal leg round cooked,574,17.2,6.9,0.0,0.0,98.4,0.0,364.5,0.2,0.01,121.5,34.5,26.46153846153846,0.0,0.0,0.0,Medium,1,โคเลสเตอรอลค่อนข้างสูง | ไขมันอิ่มตัวค่อนข้างสูง,0.396925
premium grilled chicken club sandwich mcdonalds,493,18.0,6.4,44.3,6.4,38.3,2.7,102.6,1.0,0.05,34.199999999999996,32.0,27.692307692307693,14.766666666666667,10.8,64.0,Low,0,โคเลสเตอรอลค่อนข้างสูง | ไขมันอิ่มตัวค่อนข้างสูง,0.3931607142857143
navy beans raw,701,3.1,0.4,126.4,8.1,46.4,50.8,0.0,0.059,0.00295,0.0,2.0,4.769230769230769,42.13333333333333,203.2,81.0,Low,0,ยังไม่พบตัวชี้วัดที่เกินเกณฑ์เบื้องต้น,0.39270864423076923
weetabix weetabix,2078,11.5,396.1,0.0,0.0,0.0,0.0,0.0,0.0,0.0,0.0,1980.5,17.692307692307693,0.0,0.0,0.0,Medium,1,ไขมันอิ่มตัวค่อนข้างสูง,0.3923076923076923
pork liver cooked,584,15.6,5.0,13.3,0.0,92.1,0.0,1256.7,0.2,0.01,418.9,25.0,24.0,4.433333333333334,0.0,0.0,Medium,1,โคเลสเตอรอลค่อนข้างสูง,0.3912107142857143
twix mars,146,7.2,5.5,18.8,14.0,1.4,0.3,2.0,0.064,0.0031999999999999,0.6666666666666667,27.500000000000004,11.076923076923077,6.266666666666667,1.2,140.0,Medium,1,น้ำตาลถึงหรือเกิน 10 กรัมต่อมื้อ,0.3911609816849817
cheesecake,257,18.0,7.9,20.4,17.4,4.4,0.3,44.0,0.4,0.02,14.666666666666666,39.5,27.692307692307693,6.799999999999999,1.2,173.99999999999997,Medium,1,น้ำตาลถึงหรือเกิน 10 กรัมต่อมื้อ | ไขมันอิ่มตัวค่อนข้างสูง,0.3900404761904762
coconut meat,1405,133.0,117.9,60.5,24.7,13.2,35.7,0.0,0.022,0.0011,0.0,589.5,204.61538461538456,20.166666666666664,142.8,246.99999999999997,Medium,1,น้ำตาลถึงหรือเกิน 10 กรัมต่อมื้อ | ไขมันอิ่มตัวค่อนข้างสูง,0.38999174999999997
milk chocolate with almonds,216,14.1,7.3,21.9,18.0,3.7,2.5,7.8,0.051,0.00255,2.6,36.5,21.69230769230769,7.3,10.0,180.0,Medium,1,น้ำตาลถึงหรือเกิน 10 กรัมต่อมื้อ | ไขมันอิ่มตัวค่อนข้างสูง,0.3881594464285715
chocolate donut,250,11.9,3.1,34.4,19.2,2.7,1.3,34.2,0.1,0.005,11.4,15.5,18.307692307692307,11.466666666666669,5.2,192.0,Medium,1,น้ำตาลถึงหรือเกิน 10 กรัมต่อมื้อ,0.38576195054945056
pumpkin squash seeds dried,721,63.3,11.2,13.8,1.8,39.0,7.7,0.0,0.013,0.00065,0.0,55.99999999999999,97.3846153846154,4.6,30.8,18.0,Low,0,ไขมันอิ่มตัวค่อนข้างสูง,0.385495125
praline,189,10.1,0.9,23.2,21.8,1.3,1.4,0.0,0.016,0.0007999999999999,0.0,4.5,15.538461538461537,7.733333333333333,5.6,218.00000000000003,Medium,1,น้ำตาลถึงหรือเกิน 10 กรัมต่อมื้อ,0.3827055384615385
chocolate frosting,81,3.6,1.1,13.0,11.8,0.2,0.2,0.0,0.025,0.00125,0.0,5.500000000000001,5.538461538461538,4.333333333333334,0.8,118.0,Medium,1,น้ำตาลถึงหรือเกิน 10 กรัมต่อมื้อ,0.38223787774725276
chocolate hazelnut spread,100,5.5,5.3,11.5,10.0,1.0,1.0,0.0,0.099,0.00495,0.0,26.5,8.461538461538462,3.833333333333333,4.0,100.0,Medium,1,น้ำตาลถึงหรือเกิน 10 กรัมต่อมื้อ,0.3811441936813187
beef pancreas cooked,602,38.2,13.1,0.0,0.0,60.2,0.0,581.6,0.1,0.005,193.86666666666667,65.5,58.769230769230774,0.0,0.0,0.0,Medium,1,โคเลสเตอรอลค่อนข้างสูง | ไขมันอิ่มตัวค่อนข้างสูง,0.38096250000000004
pork tenderloin raw,606,17.8,6.0,0.0,0.0,104.3,0.0,328.3,0.3,0.015,109.43333333333334,30.0,27.384615384615387,0.0,0.0,0.0,Medium,1,โคเลสเตอรอลค่อนข้างสูง | ไขมันอิ่มตัวค่อนข้างสูง,0.3786017857142857
hotcakes with syrup mcdonalds,601,17.8,1.8,101.8,45.5,9.0,2.0,19.9,0.6,0.03,6.633333333333333,9.0,27.384615384615387,33.93333333333333,8.0,455.0,Medium,1,น้ำตาลถึงหรือเกิน 10 กรัมต่อมื้อ,0.3772630952380952
chocolate coffee beans,155,9.4,5.1,15.6,14.4,2.1,1.6,5.7,0.006,0.0003,1.9,25.5,14.461538461538462,5.2,6.4,144.0,Medium,1,น้ำตาลถึงหรือเกิน 10 กรัมต่อมื้อ,0.3766076401098902
hotcakes sausage mcdonalds,776,34.9,7.3,102.4,45.7,15.5,2.1,50.2,0.9,0.045,16.733333333333334,36.5,53.69230769230769,34.13333333333334,8.4,457.0,Medium,1,น้ำตาลถึงหรือเกิน 10 กรัมต่อมื้อ | ไขมันอิ่มตัวค่อนข้างสูง,0.3765791666666667
pineapple topping,860,0.3,0.066,225.8,71.4,0.3,1.4,0.0,0.1,0.005,0.0,0.33,0.4615384615384615,75.26666666666667,5.6,714.0,Medium,1,น้ำตาลถึงหรือเกิน 10 กรัมต่อมื้อ,0.37525096153846155
coconut whole coconut,3336,71.5,672.0,0.0,0.0,0.0,0.0,0.0,0.0,0.0,0.0,3360.0,110.0,0.0,0.0,0.0,Medium,1,ไขมันอิ่มตัวค่อนข้างสูง,0.375
tomatoseed oil,1927,218.0,42.9,0.0,0.0,0.0,0.0,0.0,0.0,0.0,0.0,214.5,335.3846153846154,0.0,0.0,0.0,Medium,1,ไขมันอิ่มตัวค่อนข้างสูง,0.375
babassu oil,1927,218.0,177.0,0.0,0.0,0.0,0.0,0.0,0.0,0.0,0.0,885.0,335.3846153846154,0.0,0.0,0.0,Medium,1,ไขมันอิ่มตัวค่อนข้างสูง,0.375
sheanut oil,1927,218.0,101.6,0.0,0.0,0.0,0.0,0.0,0.0,0.0,0.0,508.0,335.3846153846154,0.0,0.0,0.0,Medium,1,ไขมันอิ่มตัวค่อนข้างสูง,0.375
nutmeg butter oil,1927,218.0,196.2,0.0,0.0,0.0,0.0,0.0,0.0,0.0,0.0,981.0,335.3846153846154,0.0,0.0,0.0,Medium,1,ไขมันอิ่มตัวค่อนข้างสูง,0.375
dark chocolate,165,9.7,5.7,18.0,13.8,1.5,2.2,2.1,0.013,0.00065,0.7000000000000001,28.500000000000004,14.923076923076922,6.0,8.8,138.0,Medium,1,น้ำตาลถึงหรือเกิน 10 กรัมต่อมื้อ,0.3743577623626374
white chocolate,162,9.6,5.8,17.8,17.7,1.8,0.081,6.3,0.009,0.0004499999999999,2.0999999999999996,28.999999999999996,14.769230769230768,5.933333333333334,0.324,177.0,Medium,1,น้ำตาลถึงหรือเกิน 10 กรัมต่อมื้อ,0.37404882280219787
pork blade steak raw,664,43.7,15.4,0.6,0.0,67.6,0.0,243.7,0.6,0.03,81.23333333333332,77.0,67.23076923076924,0.2,0.0,0.0,Low,0,โคเลสเตอรอลค่อนข้างสูง | ไขมันอิ่มตัวค่อนข้างสูง,0.3703464285714286
pork tongue cooked,626,43.0,14.9,0.0,0.0,55.7,0.0,337.3,0.3,0.015,112.43333333333334,74.5,66.15384615384615,0.0,0.0,0.0,Medium,1,โคเลสเตอรอลค่อนข้างสูง | ไขมันอิ่มตัวค่อนข้างสูง,0.36717321428571426
adobo fresco,780,60.2,8.4,53.6,5.8,5.8,3.7,0.0,49.4,2.47,0.0,42.00000000000001,92.61538461538464,17.866666666666667,14.800000000000002,57.99999999999999,Low,0,ไขมันอิ่มตัวค่อนข้างสูง,0.366975
split peas raw,672,2.3,0.3,118.9,15.8,48.4,50.2,0.0,0.075,0.00375,0.0,1.5,3.5384615384615383,39.63333333333334,200.8,158.0,Medium,1,น้ำตาลถึงหรือเกิน 10 กรัมต่อมื้อ,0.36443341346153846
chocolate,208,14.0,8.2,24.8,21.1,1.6,2.3,0.0,0.001,5e-05,0.0,41.0,21.53846153846154,8.266666666666666,9.2,211.00000000000003,Medium,1,น้ำตาลถึงหรือเกิน 10 กรัมต่อมื้อ | ไขมันอิ่มตัวค่อนข้างสูง,0.3638567678571429
chocolate pie crust,881,40.8,8.6,117.4,47.9,11.1,4.9,0.0,0.9,0.045,0.0,43.0,62.76923076923077,39.13333333333334,19.6,479.0,Medium,1,น้ำตาลถึงหรือเกิน 10 กรัมต่อมื้อ | ไขมันอิ่มตัวค่อนข้างสูง,0.36341249999999997
lamb meat cooked,678,45.0,18.6,0.0,0.0,63.8,0.0,240.0,0.2,0.01,80.0,93.0,69.23076923076923,0.0,0.0,0.0,Low,0,โคเลสเตอรอลค่อนข้างสูง | ไขมันอิ่มตัวค่อนข้างสูง,0.36249642857142855
pork feet pickled,635,45.5,13.4,0.029,0.0,52.8,0.0,376.5,4.3,0.215,125.5,67.0,70.0,0.0096666666666666,0.0,0.0,Medium,1,โคเลสเตอรอลค่อนข้างสูง | ไขมันอิ่มตัวค่อนข้างสูง,0.36053035714285714
lamb leg cooked,684,43.7,18.3,0.0,0.0,67.7,0.0,246.5,0.2,0.01,82.16666666666667,91.5,67.23076923076924,0.0,0.0,0.0,Low,0,โคเลสเตอรอลค่อนข้างสูง | ไขมันอิ่มตัวค่อนข้างสูง,0.3590678571428571
banana chips,147,9.5,8.2,16.5,10.0,0.7,2.2,0.0,0.099,0.00495,0.0,41.0,14.615384615384617,5.5,8.8,100.0,Medium,1,น้ำตาลถึงหรือเกิน 10 กรัมต่อมื้อ | ไขมันอิ่มตัวค่อนข้างสูง,0.3580974903846154
pork blade steak braised,694,44.7,16.6,0.087,0.0,68.2,0.0,256.1,0.4,0.02,85.36666666666667,83.0,68.76923076923077,0.029,0.0,0.0,Low,0,โคเลสเตอรอลค่อนข้างสูง | ไขมันอิ่มตัวค่อนข้างสูง,0.3532785714285714
virginia peanuts raw,822,71.2,9.3,24.1,5.8,36.8,12.4,0.0,0.008,0.0003999999999999,0.0,46.5,109.53846153846156,8.033333333333333,49.6,57.99999999999999,Low,0,ไขมันอิ่มตัวค่อนข้างสูง,0.352997
chocolate cake with chocolate frosting,537,27.7,8.2,72.9,55.1,4.8,3.0,30.4,0.5,0.025,10.133333333333333,41.0,42.61538461538461,24.3,12.0,551.0,Medium,1,น้ำตาลถึงหรือเกิน 10 กรัมต่อมื้อ | ไขมันอิ่มตัวค่อนข้างสูง,0.35262202380952384
veal meat raw,653,30.7,12.7,0.0,0.0,87.8,0.0,372.0,0.4,0.02,124.0,63.5,47.23076923076923,0.0,0.0,0.0,Medium,1,โคเลสเตอรอลค่อนข้างสูง | ไขมันอิ่มตัวค่อนข้างสูง,0.3517071428571429
yellow cake with chocolate frosting,546,25.6,8.3,79.7,56.5,4.6,2.2,23.0,0.4,0.02,7.666666666666666,41.5,39.38461538461539,26.566666666666663,8.8,565.0,Medium,1,น้ำตาลถึงหรือเกิน 10 กรัมต่อมื้อ | ไขมันอิ่มตัวค่อนข้างสูง,0.35118333333333335
pork boston roast cooked,705,49.4,18.3,0.0,0.0,60.5,0.0,225.3,0.2,0.01,75.1,91.5,76.0,0.0,0.0,0.0,Low,0,โคเลสเตอรอลค่อนข้างสูง | ไขมันอิ่มตัวค่อนข้างสูง,0.349925
pork spareribs cooked,703,53.6,19.7,0.0,0.0,51.4,0.0,214.2,0.2,0.01,71.39999999999999,98.5,82.46153846153847,0.0,0.0,0.0,Low,0,โคเลสเตอรอลค่อนข้างสูง | ไขมันอิ่มตัวค่อนข้างสูง,0.349925
sablefish raw,753,59.1,12.4,0.0,0.0,51.8,0.0,189.1,0.2,0.01,63.03333333333333,62.0,90.92307692307692,0.0,0.0,0.0,Low,0,โคเลสเตอรอลค่อนข้างสูง | ไขมันอิ่มตัวค่อนข้างสูง,0.349925
chinook salmon cooked,711,41.2,9.9,0.0,0.0,79.2,0.0,261.8,0.2,0.01,87.26666666666667,49.5,63.38461538461539,0.0,0.0,0.0,Low,0,โคเลสเตอรอลค่อนข้างสูง | ไขมันอิ่มตัวค่อนข้างสูง,0.349925
salmon raw,824,53.1,12.1,0.0,0.0,80.9,0.0,217.8,0.2,0.01,72.60000000000001,60.5,81.6923076923077,0.0,0.0,0.0,Low,0,โคเลสเตอรอลค่อนข้างสูง | ไขมันอิ่มตัวค่อนข้างสูง,0.349925
salmon cooked,733,44.0,8.5,0.0,0.0,78.7,0.0,224.3,0.2,0.01,74.76666666666667,42.5,67.6923076923077,0.0,0.0,0.0,Low,0,โคเลสเตอรอลค่อนข้างสูง | ไขมันอิ่มตัวค่อนข้างสูง,0.349925
chinook salmon raw,709,41.3,12.3,0.0,0.0,78.9,0.0,198.0,0.2,0.01,66.0,61.5,63.53846153846153,0.0,0.0,0.0,Low,0,โคเลสเตอรอลค่อนข้างสูง | ไขมันอิ่มตัวค่อนข้างสูง,0.349925
sablefish cooked,755,59.3,12.4,0.0,0.0,51.9,0.0,190.3,0.2,0.01,63.433333333333344,62.0,91.23076923076924,0.0,0.0,0.0,Low,0,โคเลสเตอรอลค่อนข้างสูง | ไขมันอิ่มตัวค่อนข้างสูง,0.349925
greenland halibut raw,759,56.5,9.9,0.0,0.0,58.6,0.0,187.7,0.3,0.015,62.56666666666666,49.5,86.92307692307692,0.0,0.0,0.0,Low,0,โคเลสเตอรอลค่อนข้างสูง | ไขมันอิ่มตัวค่อนข้างสูง,0.34988749999999996
boston butt steak raw,844,56.1,19.7,0.0,0.0,79.0,0.0,281.2,0.3,0.015,93.73333333333332,98.5,86.3076923076923,0.0,0.0,0.0,Low,0,โคเลสเตอรอลค่อนข้างสูง | ไขมันอิ่มตัวค่อนข้างสูง,0.34988749999999996
greenland halibut cooked,760,56.4,9.9,0.0,0.0,58.6,0.0,187.6,0.3,0.015,62.53333333333333,49.5,86.76923076923076,0.0,0.0,0.0,Low,0,โคเลสเตอรอลค่อนข้างสูง | ไขมันอิ่มตัวค่อนข้างสูง,0.34988749999999996
mung beans raw,718,2.4,0.7,129.6,13.7,49.4,33.7,0.0,0.085,0.00425,0.0,3.4999999999999996,3.692307692307692,43.2,134.8,137.0,Medium,1,น้ำตาลถึงหรือเกิน 10 กรัมต่อมื้อ,0.3472758173076923
peanuts raw,828,71.9,10.0,23.5,5.8,37.7,12.4,0.0,0.038,0.0019,0.0,50.0,110.61538461538464,7.833333333333334,49.6,57.99999999999999,Low,0,ไขมันอิ่มตัวค่อนข้างสูง,0.34173574999999995
graham cracker pie crust,917,45.4,9.1,117.7,33.2,9.3,3.5,0.0,0.9,0.045,0.0,45.49999999999999,69.84615384615384,39.233333333333334,14.000000000000002,332.0,Medium,1,น้ำตาลถึงหรือเกิน 10 กรัมต่อมื้อ | ไขมันอิ่มตัวค่อนข้างสูง,0.3409125
rib eye steak grilled,680,47.7,21.2,0.0,0.0,62.4,0.0,195.8,0.1,0.005,65.26666666666668,106.0,73.38461538461539,0.0,0.0,0.0,Medium,1,โคเลสเตอรอลค่อนข้างสูง | ไขมันอิ่มตัวค่อนข้างสูง,0.33639107142857144
beef brain cooked,688,55.6,13.1,0.0,0.0,44.1,0.0,7002.5,0.6,0.03,2334.1666666666665,65.5,85.53846153846155,0.0,0.0,0.0,Medium,1,โคเลสเตอรอลค่อนข้างสูง | ไขมันอิ่มตัวค่อนข้างสูง,0.3316321428571428
veal sirloin raw,689,35.4,15.2,0.0,0.0,86.5,0.0,353.8,0.3,0.015,117.93333333333334,76.0,54.46153846153846,0.0,0.0,0.0,Medium,1,โคเลสเตอรอลค่อนข้างสูง | ไขมันอิ่มตัวค่อนข้างสูง,0.3311732142857143
menhaden fish oil,1966,218.0,66.3,0.0,0.0,0.0,0.0,1135.8,0.0,0.0,378.6,331.5,335.3846153846154,0.0,0.0,0.0,Medium,1,โคเลสเตอรอลค่อนข้างสูง | ไขมันอิ่มตัวค่อนข้างสูง,0.325
pork tail cooked,1089,98.5,34.2,0.0,0.0,46.8,0.0,354.8,0.093,0.00465,118.26666666666668,171.00000000000003,151.53846153846155,0.0,0.0,0.0,Medium,1,โคเลสเตอรอลค่อนข้างสูง | ไขมันอิ่มตัวค่อนข้างสูง,0.324965125
pork belly raw,2350,240.5,87.7,0.0,0.0,42.4,0.0,326.6,0.1,0.005,108.86666666666667,438.5,370.0,0.0,0.0,0.0,Medium,1,โคเลสเตอรอลค่อนข้างสูง | ไขมันอิ่มตัวค่อนข้างสูง,0.32496250000000004
chuck blade roast cooked,842,62.0,24.7,0.0,0.0,66.1,0.0,256.9,0.2,0.01,85.63333333333333,123.5,95.3846153846154,0.0,0.0,0.0,Medium,1,โคเลสเตอรอลค่อนข้างสูง | ไขมันอิ่มตัวค่อนข้างสูง,0.324925
t bone steak cooked,1049,74.1,30.3,0.0,0.0,89.3,0.0,301.3,0.2,0.01,100.43333333333334,151.5,114.0,0.0,0.0,0.0,Medium,1,โคเลสเตอรอลค่อนข้างสูง | ไขมันอิ่มตัวค่อนข้างสูง,0.324925
quail meat cooked,1028,63.9,17.9,0.0,0.0,113.7,0.0,389.6,0.2,0.01,129.86666666666667,89.49999999999999,98.3076923076923,0.0,0.0,0.0,Medium,1,โคเลสเตอรอลค่อนข้างสูง | ไขมันอิ่มตัวค่อนข้างสูง,0.324925
pork carcass raw,1706,159.1,56.4,0.0,0.0,63.1,0.0,335.7,0.2,0.01,111.9,282.0,244.76923076923077,0.0,0.0,0.0,Medium,1,โคเลสเตอรอลค่อนข้างสูง | ไขมันอิ่มตัวค่อนข้างสูง,0.324925
ground pork cooked,930,65.0,24.2,0.0,0.0,80.4,0.0,294.2,0.2,0.01,98.06666666666666,121.0,100.0,0.0,0.0,0.0,Medium,1,โคเลสเตอรอลค่อนข้างสูง | ไขมันอิ่มตัวค่อนข้างสูง,0.324925
lamb liver cooked,739,29.6,11.5,8.5,0.0,102.7,0.0,1683.4,0.2,0.01,561.1333333333333,57.49999999999999,45.53846153846154,2.833333333333333,0.0,0.0,Medium,1,โคเลสเตอรอลค่อนข้างสูง | ไขมันอิ่มตัวค่อนข้างสูง,0.324925
lamb tongue cooked,701,51.7,20.0,0.0,0.0,55.0,0.0,482.0,0.2,0.01,160.66666666666666,100.0,79.53846153846155,0.0,0.0,0.0,Medium,1,โคเลสเตอรอลค่อนข้างสูง | ไขมันอิ่มตัวค่อนข้างสูง,0.324925
beef rib raw,1433,123.8,51.2,0.0,0.0,73.8,0.0,322.1,0.2,0.01,107.36666666666667,256.0,190.46153846153845,0.0,0.0,0.0,Medium,1,โคเลสเตอรอลค่อนข้างสูง | ไขมันอิ่มตัวค่อนข้างสูง,0.324925
chuck eye steak grilled,853,60.5,26.7,0.0,0.0,76.9,0.0,268.0,0.2,0.01,89.33333333333333,133.5,93.07692307692308,0.0,0.0,0.0,Medium,1,โคเลสเตอรอลค่อนข้างสูง | ไขมันอิ่มตัวค่อนข้างสูง,0.324925
rib eye steak raw,743,54.5,24.0,0.4,0.0,62.8,0.0,221.7,0.2,0.01,73.9,120.0,83.84615384615385,0.1333333333333333,0.0,0.0,Medium,1,โคเลสเตอรอลค่อนข้างสูง | ไขมันอิ่มตัวค่อนข้างสูง,0.324925
beef bottom round steak cooked,980,35.1,12.1,0.0,0.0,155.8,0.0,426.4,0.2,0.01,142.13333333333333,60.5,54.0,0.0,0.0,0.0,Medium,1,โคเลสเตอรอลค่อนข้างสูง | ไขมันอิ่มตัวค่อนข้างสูง,0.324925
t bone steak raw,1052,76.3,30.4,0.0,0.0,85.7,0.0,281.2,0.2,0.01,93.73333333333332,152.0,117.38461538461536,0.0,0.0,0.0,Medium,1,โคเลสเตอรอลค่อนข้างสูง | ไขมันอิ่มตัวค่อนข้างสูง,0.324925
porterhouse steak raw,1170,91.1,36.4,0.0,0.0,81.6,0.0,308.4,0.2,0.01,102.8,181.99999999999997,140.15384615384613,0.0,0.0,0.0,Medium,1,โคเลสเตอรอลค่อนข้างสูง | ไขมันอิ่มตัวค่อนข้างสูง,0.324925
veal breast cooked,753,47.5,18.5,0.0,0.0,76.3,0.0,319.8,0.2,0.01,106.6,92.5,73.07692307692307,0.0,0.0,0.0,Medium,1,โคเลสเตอรอลค่อนข้างสูง | ไขมันอิ่มตัวค่อนข้างสูง,0.324925
lamb shoulder cooked,750,53.5,22.5,0.0,0.0,62.5,0.0,252.9,0.2,0.01,84.3,112.5,82.3076923076923,0.0,0.0,0.0,Medium,1,โคเลสเตอรอลค่อนข้างสูง | ไขมันอิ่มตัวค่อนข้างสูง,0.324925
lamb rib cooked,915,76.0,32.6,0.0,0.0,53.9,0.0,247.4,0.2,0.01,82.46666666666667,163.0,116.92307692307692,0.0,0.0,0.0,Medium,1,โคเลสเตอรอลค่อนข้างสูง | ไขมันอิ่มตัวค่อนข้างสูง,0.324925
lamb sirloin cooked,765,54.2,22.9,0.0,0.0,64.5,0.0,254.1,0.2,0.01,84.7,114.5,83.38461538461539,0.0,0.0,0.0,Medium,1,โคเลสเตอรอลค่อนข้างสูง | ไขมันอิ่มตัวค่อนข้างสูง,0.324925
veal breast raw,943,66.9,26.7,0.0,0.0,79.2,0.0,322.1,0.3,0.015,107.36666666666667,133.5,102.92307692307692,0.0,0.0,0.0,Medium,1,โคเลสเตอรอลค่อนข้างสูง | ไขมันอิ่มตัวค่อนข้างสูง,0.3248875
beef under blade steak raw,1235,80.8,32.6,0.0,0.0,126.8,0.0,431.0,0.3,0.015,143.66666666666669,163.0,124.30769230769228,0.0,0.0,0.0,Medium,1,โคเลสเตอรอลค่อนข้างสูง | ไขมันอิ่มตัวค่อนข้างสูง,0.3248875
lamb rib raw,1687,156.0,68.8,0.0,0.0,65.9,0.0,344.7,0.3,0.015,114.9,344.0,240.0,0.0,0.0,0.0,Medium,1,โคเลสเตอรอลค่อนข้างสูง | ไขมันอิ่มตัวค่อนข้างสูง,0.3248875
lamb sirloin raw,1234,100.3,44.1,0.0,0.0,76.8,0.0,326.6,0.3,0.015,108.86666666666667,220.5,154.3076923076923,0.0,0.0,0.0,Medium,1,โคเลสเตอรอลค่อนข้างสูง | ไขมันอิ่มตัวค่อนข้างสูง,0.3248875
beef brisket raw,1139,86.5,34.2,0.0,0.0,83.6,0.0,308.4,0.3,0.015,102.8,171.00000000000003,133.07692307692307,0.0,0.0,0.0,Medium,1,โคเลสเตอรอลค่อนข้างสูง | ไขมันอิ่มตัวค่อนข้างสูง,0.3248875
chicken feet cooked,975,66.2,17.8,0.9,0.0,88.0,0.0,381.0,0.3,0.015,127.0,89.0,101.84615384615384,0.3,0.0,0.0,Medium,1,โคเลสเตอรอลค่อนข้างสูง | ไขมันอิ่มตัวค่อนข้างสูง,0.3248875
lamb leg raw,1043,77.4,33.7,0.0,0.0,81.2,0.0,313.0,0.3,0.015,104.33333333333331,168.5,119.07692307692308,0.0,0.0,0.0,Medium,1,โคเลสเตอรอลค่อนข้างสูง | ไขมันอิ่มตัวค่อนข้างสูง,0.3248875
chuck eye steak raw,856,62.8,26.7,0.0,0.0,72.4,0.0,261.1,0.3,0.015,87.03333333333335,133.5,96.6153846153846,0.0,0.0,0.0,Medium,1,โคเลสเตอรอลค่อนข้างสูง | ไขมันอิ่มตัวค่อนข้างสูง,0.3248875
ground lamb cooked,886,61.5,25.4,0.0,0.0,77.5,0.0,303.6,0.3,0.015,101.2,127.0,94.6153846153846,0.0,0.0,0.0,Medium,1,โคเลสเตอรอลค่อนข้างสูง | ไขมันอิ่มตัวค่อนข้างสูง,0.3248875
lamb shank raw,912,61.2,26.3,0.0,0.0,84.3,0.0,303.9,0.3,0.015,101.29999999999998,131.5,94.15384615384616,0.0,0.0,0.0,Medium,1,โคเลสเตอรอลค่อนข้างสูง | ไขมันอิ่มตัวค่อนข้างสูง,0.3248875
pork shoulder raw,1070,81.6,28.3,0.0,0.0,77.9,0.0,322.1,0.3,0.015,107.36666666666667,141.5,125.53846153846152,0.0,0.0,0.0,Medium,1,โคเลสเตอรอลค่อนข้างสูง | ไขมันอิ่มตัวค่อนข้างสูง,0.3248875
lamb foreshank raw,912,60.7,26.4,0.0,0.0,85.8,0.0,326.6,0.3,0.015,108.86666666666667,131.99999999999997,93.3846153846154,0.0,0.0,0.0,Medium,1,โคเลสเตอรอลค่อนข้างสูง | ไขมันอิ่มตัวค่อนข้างสูง,0.3248875
chicken leg raw,736,54.9,15.0,0.6,0.0,56.3,0.0,319.9,0.3,0.015,106.63333333333334,75.0,84.46153846153845,0.2,0.0,0.0,Medium,1,โคเลสเตอรอลค่อนข้างสูง | ไขมันอิ่มตัวค่อนข้างสูง,0.3248875
lamb shoulder raw,1198,97.3,42.1,0.0,0.0,75.2,0.0,326.6,0.3,0.015,108.86666666666667,210.5,149.69230769230768,0.0,0.0,0.0,Medium,1,โคเลสเตอรอลค่อนข้างสูง | ไขมันอิ่มตัวค่อนข้างสูง,0.3248875
pheasant meat raw,1448,74.3,21.6,0.0,0.0,181.6,0.0,568.0,0.3,0.015,189.33333333333337,108.0,114.3076923076923,0.0,0.0,0.0,Medium,1,โคเลสเตอรอลค่อนข้างสูง | ไขมันอิ่มตัวค่อนข้างสูง,0.3248875
beef under blade steak cooked,983,46.7,17.9,0.0,0.0,140.8,0.0,480.4,0.3,0.015,160.13333333333333,89.49999999999999,71.84615384615385,0.0,0.0,0.0,Medium,1,โคเลสเตอรอลค่อนข้างสูง | ไขมันอิ่มตัวค่อนข้างสูง,0.3248875
ground beef raw,1506,136.1,51.2,0.0,0.0,65.1,0.0,353.8,0.3,0.015,117.93333333333334,256.0,209.38461538461536,0.0,0.0,0.0,Medium,1,โคเลสเตอรอลค่อนข้างสูง | ไขมันอิ่มตัวค่อนข้างสูง,0.3248875
beef round steak raw,753,36.0,14.2,0.0,0.0,100.1,0.0,313.0,0.3,0.015,104.33333333333331,71.0,55.38461538461539,0.0,0.0,0.0,Medium,1,โคเลสเตอรอลค่อนข้างสูง | ไขมันอิ่มตัวค่อนข้างสูง,0.3248875
chuck blade roast raw,1125,88.0,35.5,0.0,0.0,77.8,0.0,322.1,0.3,0.015,107.36666666666667,177.5,135.3846153846154,0.0,0.0,0.0,Medium,1,โคเลสเตอรอลค่อนข้างสูง | ไขมันอิ่มตัวค่อนข้างสูง,0.3248875
lamb meat raw,1102,84.6,36.6,0.0,0.0,79.6,0.0,317.5,0.3,0.015,105.83333333333331,183.0,130.15384615384616,0.0,0.0,0.0,Medium,1,โคเลสเตอรอลค่อนข้างสูง | ไขมันอิ่มตัวค่อนข้างสูง,0.3248875
beef top sirloin steak raw,1222,77.3,31.2,0.0,0.0,123.4,0.0,456.0,0.3,0.015,152.0,156.0,118.9230769230769,0.0,0.0,0.0,Medium,1,โคเลสเตอรอลค่อนข้างสูง | ไขมันอิ่มตัวค่อนข้างสูง,0.3248875
beef thymus cooked,1215,95.2,32.8,0.0,0.0,83.2,0.0,1120.1,0.4,0.02,373.3666666666666,164.0,146.46153846153845,0.0,0.0,0.0,Medium,1,โคเลสเตอรอลค่อนข้างสูง | ไขมันอิ่มตัวค่อนข้างสูง,0.32484999999999997
veal rib raw,735,40.9,16.8,0.0,0.0,85.5,0.0,372.0,0.4,0.02,124.0,84.00000000000001,62.92307692307693,0.0,0.0,0.0,Medium,1,โคเลสเตอรอลค่อนข้างสูง | ไขมันอิ่มตัวค่อนข้างสูง,0.32484999999999997
pork top loin roasts roasted,1628,74.8,24.1,0.0,0.0,224.3,0.0,678.4,0.4,0.02,226.13333333333335,120.5,115.07692307692308,0.0,0.0,0.0,Medium,1,โคเลสเตอรอลค่อนข้างสูง | ไขมันอิ่มตัวค่อนข้างสูง,0.32484999999999997
chicken meat raw,1978,138.6,39.7,0.0,0.0,171.1,0.0,690.0,0.6,0.03,229.99999999999997,198.5,213.2307692307692,0.0,0.0,0.0,Medium,1,โคเลสเตอรอลค่อนข้างสูง | ไขมันอิ่มตัวค่อนข้างสูง,0.32477500000000004
pork sirloin chops raw,1090,23.3,8.2,0.0,0.0,205.5,0.0,567.6,0.6,0.03,189.2,41.0,35.84615384615385,0.0,0.0,0.0,Medium,1,โคเลสเตอรอลค่อนข้างสูง | ไขมันอิ่มตัวค่อนข้างสูง,0.32477500000000004
pork centre rib roasts roasted,1942,114.9,42.6,0.0,0.0,211.3,0.0,610.7,0.7,0.0349999999999999,203.56666666666663,213.0,176.76923076923077,0.0,0.0,0.0,Medium,1,โคเลสเตอรอลค่อนข้างสูง | ไขมันอิ่มตัวค่อนข้างสูง,0.3247375
pork backribs roasted,2564,188.9,68.5,0.0,0.0,202.0,0.0,737.5,0.8,0.04,245.83333333333337,342.5,290.61538461538464,0.0,0.0,0.0,Medium,1,โคเลสเตอรอลค่อนข้างสูง | ไขมันอิ่มตัวค่อนข้างสูง,0.3247
duck meat raw,5123,498.8,167.6,0.0,0.0,145.7,0.0,963.7,0.8,0.04,321.23333333333335,837.9999999999999,767.3846153846154,0.0,0.0,0.0,Medium,1,โคเลสเตอรอลค่อนข้างสูง | ไขมันอิ่มตัวค่อนข้างสูง,0.3247
pork backribs raw,2399,174.9,61.9,0.0,0.0,204.2,0.0,739.0,0.9,0.045,246.33333333333337,309.5,269.0769230769231,0.0,0.0,0.0,Medium,1,โคเลสเตอรอลค่อนข้างสูง | ไขมันอิ่มตัวค่อนข้างสูง,0.3246625
pork top loin roasts raw,3644,182.8,35.1,0.0,0.0,468.4,0.0,1404.8,1.0,0.05,468.2666666666666,175.5,281.2307692307693,0.0,0.0,0.0,Medium,1,โคเลสเตอรอลค่อนข้างสูง | ไขมันอิ่มตัวค่อนข้างสูง,0.32462500000000005
turkey breast roasted,3266,128.0,36.3,0.0,0.0,496.1,0.0,1278.7,1.1,0.055,426.23333333333335,181.5,196.92307692307693,0.0,0.0,0.0,Medium,1,โคเลสเตอรอลค่อนข้างสูง | ไขมันอิ่มตัวค่อนข้างสูง,0.32458750000000003
pork spareribs raw,3593,303.5,97.7,0.0,0.0,200.6,0.0,1037.6,1.1,0.055,345.8666666666666,488.5,466.92307692307696,0.0,0.0,0.0,Medium,1,โคเลสเตอรอลค่อนข้างสูง | ไขมันอิ่มตัวค่อนข้างสูง,0.32458750000000003
goose meat raw,6077,550.7,160.2,0.0,0.0,259.8,0.0,1310.4,1.2,0.06,436.8,801.0,847.2307692307693,0.0,0.0,0.0,Medium,1,โคเลสเตอรอลค่อนข้างสูง | ไขมันอิ่มตัวค่อนข้างสูง,0.32455
turkey breast raw,3554,158.9,43.2,0.0,0.0,495.6,0.0,1471.6,1.3,0.065,490.5333333333333,216.0,244.46153846153845,0.0,0.0,0.0,Medium,1,โคเลสเตอรอลค่อนข้างสูง | ไขมันอิ่มตัวค่อนข้างสูง,0.3245125
pork arm picnic cooked,5292,322.7,109.3,0.0,0.0,560.3,0.0,1936.7,2.2,0.11,645.5666666666667,546.5,496.4615384615384,0.0,0.0,0.0,Medium,1,โคเลสเตอรอลค่อนข้างสูง | ไขมันอิ่มตัวค่อนข้างสูง,0.324175
pork arm picnic raw,5298,343.4,113.6,0.0,0.0,513.6,0.0,1729.4,2.3,0.1149999999999999,576.4666666666667,568.0,528.3076923076923,0.0,0.0,0.0,Medium,1,โคเลสเตอรอลค่อนข้างสูง | ไขมันอิ่มตัวค่อนข้างสูง,0.32413749999999997
pork blade roll roasted,1079,88.3,31.5,1.4,0.0,65.0,0.0,251.9,3.7,0.185,83.96666666666667,157.5,135.84615384615384,0.4666666666666666,0.0,0.0,Medium,1,โคเลสเตอรอลค่อนข้างสูง | ไขมันอิ่มตัวค่อนข้างสูง,0.3236125
corned beef raw,898,67.6,21.5,0.6,0.0,66.6,0.0,244.9,5.5,0.2749999999999999,81.63333333333334,107.5,104.0,0.2,0.0,0.0,Medium,1,โคเลสเตอรอลค่อนข้างสูง | ไขมันอิ่มตัวค่อนข้างสูง,0.3229375
chocolate semisweet,806,50.4,29.8,107.4,91.6,7.1,9.9,0.0,0.042,0.0021,0.0,149.0,77.53846153846153,35.800000000000004,39.6,916.0,Medium,1,น้ำตาลถึงหรือเกิน 10 กรัมต่อมื้อ | ไขมันอิ่มตัวค่อนข้างสูง,0.31373425
premium crispy chicken ranch blt sandwich mcdonalds,586,22.9,4.7,59.8,13.3,35.3,3.4,72.0,1.2,0.06,24.0,23.5,35.230769230769226,19.933333333333337,13.6,133.0,Medium,1,โคเลสเตอรอลค่อนข้างสูง | น้ำตาลถึงหรือเกิน 10 กรัมต่อมื้อ,0.2984428571428572
chicken chow mein,513,16.9,3.0,50.1,10.5,40.8,6.0,96.6,1.9,0.095,32.2,15.0,25.999999999999996,16.7,24.0,105.0,Medium,1,โคเลสเตอรอลค่อนข้างสูง | น้ำตาลถึงหรือเกิน 10 กรัมต่อมื้อ,0.28114464285714286
double cheeseburger,643,36.9,15.9,41.0,9.5,37.0,2.1,114.0,0.9,0.045,38.0,79.5,56.769230769230774,13.666666666666666,8.4,95.0,Low,0,โคเลสเตอรอลค่อนข้างสูง | ไขมันอิ่มตัวค่อนข้างสูง,0.2772339285714286
vanilla wafer pie crust,935,63.7,13.1,88.4,12.9,6.5,0.2,68.6,0.9,0.045,22.866666666666667,65.5,98.0,29.46666666666667,0.8,129.0,Medium,1,โคเลสเตอรอลค่อนข้างสูง | น้ำตาลถึงหรือเกิน 10 กรัมต่อมื้อ | ไขมันอิ่มตัวค่อนข้างสูง,0.2559125
chickpeas raw,728,12.1,1.3,121.3,21.4,38.6,34.8,0.0,0.005,0.00025,0.0,6.5,18.615384615384613,40.43333333333333,139.2,213.99999999999997,Medium,1,น้ำตาลถึงหรือเกิน 10 กรัมต่อมื้อ,0.2528827403846154
whopper burger king,790,48.4,18.3,52.8,13.0,35.4,3.2,113.8,1.4,0.0699999999999999,37.93333333333333,91.5,74.46153846153845,17.599999999999998,12.8,130.0,Medium,1,โคเลสเตอรอลค่อนข้างสูง | น้ำตาลถึงหรือเกิน 10 กรัมต่อมื้อ | ไขมันอิ่มตัวค่อนข้างสูง,0.23197500000000001
glucerna abbott,1010,35.6,2.8,120.9,49.8,0.0,12.8,0.0,0.0,0.0,0.0,13.999999999999998,54.769230769230774,40.3,51.2,497.99999999999994,Medium,1,น้ำตาลถึงหรือเกิน 10 กรัมต่อมื้อ,0.225
soybean raw,830,37.1,5.4,56.1,13.6,67.9,17.3,0.0,0.023,0.00115,0.0,27.0,57.07692307692308,18.7,69.2,136.0,Medium,1,น้ำตาลถึงหรือเกิน 10 กรัมต่อมื้อ,0.22499137499999997
vanilla frosting,1931,75.0,13.7,313.7,291.5,0.0,0.0,0.0,0.9,0.045,0.0,68.5,115.38461538461536,104.56666666666663,0.0,2915.0,Medium,1,น้ำตาลถึงหรือเกิน 10 กรัมต่อมื้อ | ไขมันอิ่มตัวค่อนข้างสูง,0.22466250000000001
premium crispy chicken club sandwich mcdonalds,635,29.9,8.5,57.4,12.7,39.1,3.0,96.5,1.2,0.06,32.166666666666664,42.5,46.0,19.133333333333333,12.0,127.0,Medium,1,โคเลสเตอรอลค่อนข้างสูง | น้ำตาลถึงหรือเกิน 10 กรัมต่อมื้อ | ไขมันอิ่มตัวค่อนข้างสูง,0.2229428571428571
double hamburger,942,58.6,21.6,51.4,13.2,52.1,5.2,172.0,1.1,0.055,57.333333333333336,108.0,90.15384615384616,17.133333333333333,20.8,131.99999999999997,Medium,1,โคเลสเตอรอลค่อนข้างสูง | น้ำตาลถึงหรือเกิน 10 กรัมต่อมื้อ | ไขมันอิ่มตัวค่อนข้างสูง,0.17458749999999998
double whopper burger king,942,58.6,21.6,51.4,13.2,52.1,5.2,172.0,1.1,0.055,57.333333333333336,108.0,90.15384615384616,17.133333333333333,20.8,131.99999999999997,Medium,1,โคเลสเตอรอลค่อนข้างสูง | น้ำตาลถึงหรือเกิน 10 กรัมต่อมื้อ | ไขมันอิ่มตัวค่อนข้างสูง,0.17458749999999998
lemon chicken,1440,74.9,12.2,122.0,55.2,68.6,7.0,203.8,1.5,0.075,67.93333333333334,61.0,115.23076923076924,40.666666666666664,28.000000000000004,552.0,Medium,1,โคเลสเตอรอลค่อนข้างสูง | น้ำตาลถึงหรือเกิน 10 กรัมต่อมื้อ | ไขมันอิ่มตัวค่อนข้างสูง,0.1744375
double whopper with cheese burger king,1061,68.1,27.9,53.9,14.4,57.7,6.4,187.5,1.5,0.075,62.5,139.5,104.76923076923076,17.96666666666667,25.6,144.0,Medium,1,โคเลสเตอรอลค่อนข้างสูง | น้ำตาลถึงหรือเกิน 10 กรัมต่อมื้อ | ไขมันอิ่มตัวค่อนข้างสูง,0.1744375
sandwich with cold cuts,833,39.3,13.9,79.9,12.4,41.1,4.7,105.6,2.2,0.11,35.199999999999996,69.5,60.46153846153845,26.633333333333336,18.8,124.0,Medium,1,โคเลสเตอรอลค่อนข้างสูง | น้ำตาลถึงหรือเกิน 10 กรัมต่อมื้อ | ไขมันอิ่มตัวค่อนข้างสูง,0.174175
general tsos chicken,1578,87.5,14.8,128.3,62.1,69.0,4.8,283.6,2.3,0.1149999999999999,94.53333333333332,74.0,134.6153846153846,42.76666666666667,19.2,621.0,Medium,1,โคเลสเตอรอลค่อนข้างสูง | น้ำตาลถึงหรือเกิน 10 กรัมต่อมื้อ | ไขมันอิ่มตัวค่อนข้างสูง,0.17413749999999997
kung pao chicken,779,42.2,8.2,41.5,18.3,59.0,9.1,157.0,2.4,0.12,52.33333333333333,41.0,64.92307692307693,13.833333333333334,36.4,183.0,Medium,1,โคเลสเตอรอลค่อนข้างสูง | น้ำตาลถึงหรือเกิน 10 กรัมต่อมื้อ | ไขมันอิ่มตัวค่อนข้างสูง,0.17409999999999998
banana cream pie,3190,161.3,44.6,390.2,143.0,52.2,8.3,604.9,2.8,0.1399999999999999,201.63333333333333,223.0,248.15384615384616,130.06666666666666,33.2,1430.0,High,2,โคเลสเตอรอลค่อนข้างสูง | น้ำตาลถึงหรือเกิน 10 กรัมต่อมื้อ | ไขมันอิ่มตัวค่อนข้างสูง,0.14895
