food_name,calories,fat,sat_fat,carbs,sugar,protein,fiber,cholesterol,sodium,sodium_pct_daily,cholesterol_pct_daily,sat_fat_pct_daily,fat_pct_daily,carbs_pct_daily,fiber_pct_daily,sugar_pct_meal_limit,risk_level,risk_label,chatbot_summary
baking soda,0,0.0,0.0,0.0,0.0,0.0,0.0,0.0,1.3,0.065,0.0,0.0,0.0,0.0,0.0,0.0,Low,0,ยังไม่พบตัวชี้วัดที่เกินเกณฑ์เบื้องต้น
milk chocolate with rice cereal,0,0.0,0.0,0.0,0.0,0.0,0.0,0.0,0.0,0.0,0.0,0.0,0.0,0.0,0.0,0.0,Low,0,ยังไม่พบตัวชี้วัดที่เกินเกณฑ์เบื้องต้น
salt,0,0.0,0.0,0.0,0.0,0.0,0.0,0.0,7.0,0.35000000000000003,0.0,0.0,0.0,0.0,0.0,0.0,Low,0,ยังไม่พบตัวชี้วัดที่เกินเกณฑ์เบื้องต้น
veal shoulder raw,0,0.0,0.0,0.0,0.0,0.0,0.0,0.0,0.0,0.0,0.0,0.0,0.0,0.0,0.0,0.0,Low,0,ยังไม่พบตัวชี้วัดที่เกินเกณฑ์เบื้องต้น
coffee decaffeinated,0,0.0,0.087,0.0,0.0,0.2,0.0,0.0,0.058,0.0029,0.0,0.43499999999999994,0.0,0.0,0.0,0.0,Low,0,ยังไม่พบตัวชี้วัดที่เกินเกณฑ์เบื้องต้น
powerade zero ion4 coca cola,0,0.0,0.0,0.0,0.0,0.0,0.0,0.0,0.03,0.0014999999999999998,0.0,0.0,0.0,0.0,0.0,0.0,Low,0,ยังไม่พบตัวชี้วัดที่เกินเกณฑ์เบื้องต้น
water dannon,0,0.0,0.0,0.0,0.0,0.0,0.0,0.0,0.0,0.0,0.0,0.0,0.0,0.0,0.0,0.0,Low,0,ยังไม่พบตัวชี้วัดที่เกินเกณฑ์เบื้องต้น
tap water,0,0.0,0.0,0.0,0.0,0.0,0.0,0.0,0.018,0.0008999999999999999,0.0,0.0,0.0,0.0,0.0,0.0,Low,0,ยังไม่พบตัวชี้วัดที่เกินเกณฑ์เบื้องต้น
table water,0,0.0,0.0,0.0,0.0,0.0,0.0,0.0,0.044,0.0022,0.0,0.0,0.0,0.0,0.0,0.0,Low,0,ยังไม่พบตัวชี้วัดที่เกินเกณฑ์เบื้องต้น
water,0,0.0,0.0,0.0,0.0,0.0,0.0,0.0,0.024,0.0012000000000000001,0.0,0.0,0.0,0.0,0.0,0.0,Low,0,ยังไม่พบตัวชี้วัดที่เกินเกณฑ์เบื้องต้น
cola light coca cola,0,0.0,0.0,0.0,0.0,0.0,0.0,0.0,0.087,0.00435,0.0,0.0,0.0,0.0,0.0,0.0,Low,0,ยังไม่พบตัวชี้วัดที่เกินเกณฑ์เบื้องต้น
club soda,0,0.0,0.0,0.0,0.0,0.0,0.0,0.0,0.046,0.0023,0.0,0.0,0.0,0.0,0.0,0.0,Low,0,ยังไม่พบตัวชี้วัดที่เกินเกณฑ์เบื้องต้น
maitake mushrooms,0,0.017,0.011,0.072,0.043,0.016,0.041,0.0,0.059,0.00295,0.0,0.05499999999999999,0.026153846153846156,0.023999999999999997,0.164,0.43,Low,0,ยังไม่พบตัวชี้วัดที่เกินเกณฑ์เบื้องต้น
epazote,0,0.06,0.0,0.094,0.0,0.059,0.051,0.0,0.021,0.0010500000000000002,0.0,0.0,0.0923076923076923,0.03133333333333333,0.20399999999999996,0.0,Low,0,ยังไม่พบตัวชี้วัดที่เกินเกณฑ์เบื้องต้น
lambs quarters raw,0,0.067,0.0,0.069,0.0,0.08,0.046,0.0,0.033,0.0016500000000000002,0.0,0.0,0.1030769230769231,0.023,0.184,0.0,Low,0,ยังไม่พบตัวชี้วัดที่เกินเกณฑ์เบื้องต้น
lemon peel,1,0.002,0.057,0.3,0.054,0.032,0.2,0.0,0.028,0.0014,0.0,0.28500000000000003,0.003076923076923077,0.1,0.8,0.54,Low,0,ยังไม่พบตัวชี้วัดที่เกินเกณฑ์เบื้องต้น
tabasco sauce,1,0.002,0.051,0.006,0.067,0.045,0.013,0.0,0.075,0.00375,0.0,0.25499999999999995,0.003076923076923077,0.002,0.052,0.67,Low,0,ยังไม่พบตัวชี้วัดที่เกินเกณฑ์เบื้องต้น
peppermint,1,0.004,0.016,0.2,0.0,0.038,0.1,0.0,0.007,0.00035,0.0,0.08,0.006153846153846154,0.06666666666666668,0.4,0.0,Low,0,ยังไม่พบตัวชี้วัดที่เกินเกณฑ์เบื้องต้น
laver seaweed,1,0.012,0.066,0.1,0.071,0.2,0.09,0.0,0.075,0.00375,0.0,0.33,0.018461538461538463,0.03333333333333334,0.36,0.71,Low,0,ยังไม่พบตัวชี้วัดที่เกินเกณฑ์เบื้องต้น
spearmint dried,1,0.018,0.09,0.3,0.0,0.094,0.1,0.0,0.012,0.0006000000000000001,0.0,0.44999999999999996,0.02769230769230769,0.1,0.4,0.0,Low,0,ยังไม่พบตัวชี้วัดที่เกินเกณฑ์เบื้องต้น
pepper hot sauce,1,0.018,0.057,0.031,0.065,0.024,0.071,0.0,0.1,0.005,0.0,0.28500000000000003,0.02769230769230769,0.010333333333333333,0.284,0.65,Low,0,ยังไม่พบตัวชี้วัดที่เกินเกณฑ์เบื้องต้น
crimini mushrooms,1,0.018,0.054,0.3,0.1,0.2,0.064,0.0,0.086,0.004299999999999999,0.0,0.27,0.02769230769230769,0.1,0.256,1.0,Low,0,ยังไม่พบตัวชี้วัดที่เกินเกณฑ์เบื้องต้น
radish raw,1,0.026,0.084,0.2,0.066,0.042,0.002,0.0,0.033,0.0016500000000000002,0.0,0.42000000000000004,0.039999999999999994,0.06666666666666668,0.008,0.66,Low,0,ยังไม่พบตัวชี้วัดที่เกินเกณฑ์เบื้องต้น
chives dried,1,0.055,0.051,0.1,0.0,0.013,0.041,0.0,0.04,0.002,0.0,0.25499999999999995,0.08461538461538462,0.03333333333333334,0.164,0.0,Low,0,ยังไม่พบตัวชี้วัดที่เกินเกณฑ์เบื้องต้น
agar,1,0.058,0.087,0.3,0.005,0.053,0.027,0.0,0.049,0.0024500000000000004,0.0,0.43499999999999994,0.08923076923076924,0.1,0.108,0.05,Low,0,ยังไม่พบตัวชี้วัดที่เกินเกณฑ์เบื้องต้น
thyme fresh,1,0.068,0.07,0.2,0.0,0.091,0.1,0.0,0.017,0.00085,0.0,0.35000000000000003,0.10461538461538462,0.06666666666666668,0.4,0.0,Low,0,ยังไม่พบตัวชี้วัดที่เกินเกณฑ์เบื้องต้น
pinyon pine nuts dried,1,0.073,0.022,0.01,0.0,0.083,0.005,0.0,0.07,0.0035000000000000005,0.0,0.10999999999999999,0.1123076923076923,0.0033333333333333335,0.02,0.0,Low,0,ยังไม่พบตัวชี้วัดที่เกินเกณฑ์เบื้องต้น
alfalfa seeds,1,0.075,0.029,0.002,0.058,0.1,0.015,0.0,0.048,0.0024000000000000002,0.0,0.14500000000000002,0.11538461538461538,0.0006666666666666666,0.06,0.5800000000000001,Low,0,ยังไม่พบตัวชี้วัดที่เกินเกณฑ์เบื้องต้น
parsley fresh,1,0.078,0.016,0.2,0.001,0.1,0.1,0.0,0.056,0.0028,0.0,0.08,0.12,0.06666666666666668,0.4,0.01,Low,0,ยังไม่พบตัวชี้วัดที่เกินเกณฑ์เบื้องต้น
celtuce,1,0.088,0.0,0.3,0.0,0.071,0.1,0.0,0.094,0.004699999999999999,0.0,0.0,0.13538461538461538,0.1,0.4,0.0,Low,0,ยังไม่พบตัวชี้วัดที่เกินเกณฑ์เบื้องต้น
chives raw,1,0.088,0.083,0.1,0.02,0.03,0.044,0.0,0.099,0.00495,0.0,0.415,0.13538461538461538,0.03333333333333334,0.176,0.2,Low,0,ยังไม่พบตัวชี้วัดที่เกินเกณฑ์เบื้องต้น
cayenne pepper,1,0.094,0.043,0.2,0.089,0.039,0.052,0.0,0.059,0.00295,0.0,0.215,0.14461538461538462,0.06666666666666668,0.208,0.89,Low,0,ยังไม่พบตัวชี้วัดที่เกินเกณฑ์เบื้องต้น
sesbania flower raw,1,0.095,0.0,0.2,0.0,0.012,0.0,0.0,0.007,0.00035,0.0,0.0,0.14615384615384616,0.06666666666666668,0.0,0.0,Low,0,ยังไม่พบตัวชี้วัดที่เกินเกณฑ์เบื้องต้น
parsley dried,1,0.096,0.064,0.3,0.073,0.1,0.1,0.0,0.058,0.0029,0.0,0.32,0.1476923076923077,0.1,0.4,0.7299999999999999,Low,0,ยังไม่พบตัวชี้วัดที่เกินเกณฑ์เบื้องต้น
enoki mushrooms,1,0.099,0.027,0.2,0.034,0.062,0.089,0.0,0.084,0.004200000000000001,0.0,0.135,0.1523076923076923,0.06666666666666668,0.356,0.34,Low,0,ยังไม่พบตัวชี้วัดที่เกินเกณฑ์เบื้องต้น
rosemary fresh,1,0.1,0.016,0.1,0.0,0.005,0.012,0.0,0.039,0.00195,0.0,0.08,0.15384615384615385,0.03333333333333334,0.048,0.0,Low,0,ยังไม่พบตัวชี้วัดที่เกินเกณฑ์เบื้องต้น
baking powder,2,0.0,0.0,1.3,0.0,0.0,0.03,0.0,0.5,0.025,0.0,0.0,0.0,0.4333333333333333,0.12,0.0,Low,0,ยังไม่พบตัวชี้วัดที่เกินเกณฑ์เบื้องต้น
chamomile tea,2,0.0,0.028,0.4,0.0,0.0,0.0,0.0,0.003,0.00015000000000000001,0.0,0.13999999999999999,0.0,0.13333333333333336,0.0,0.0,Low,0,ยังไม่พบตัวชี้วัดที่เกินเกณฑ์เบื้องต้น
black tea,2,0.0,0.072,0.7,0.0,0.0,0.0,0.0,0.091,0.00455,0.0,0.36,0.0,0.2333333333333333,0.0,0.0,Low,0,ยังไม่พบตัวชี้วัดที่เกินเกณฑ์เบื้องต้น
herb tea,2,0.0,0.014,0.4,0.0,0.0,0.0,0.0,0.064,0.0031999999999999997,0.0,0.06999999999999999,0.0,0.13333333333333336,0.0,0.0,Low,0,ยังไม่พบตัวชี้วัดที่เกินเกณฑ์เบื้องต้น
instant lemon tea,2,0.0,0.0,0.3,0.047,0.1,0.0,0.0,0.046,0.0023,0.0,0.0,0.0,0.1,0.0,0.47000000000000003,Low,0,ยังไม่พบตัวชี้วัดที่เกินเกณฑ์เบื้องต้น
cooking wine,2,0.0,0.0,0.3,0.09,0.028,0.0,0.0,0.002,9.999999999999999e-05,0.0,0.0,0.0,0.1,0.0,0.8999999999999999,Low,0,ยังไม่พบตัวชี้วัดที่เกินเกณฑ์เบื้องต้น
non alcoholic wine,2,0.0,0.0,0.3,0.3,0.1,0.0,0.0,0.095,0.00475,0.0,0.0,0.0,0.1,0.0,3.0,Low,0,ยังไม่พบตัวชี้วัดที่เกินเกณฑ์เบื้องต้น
sweet sour dressing,2,0.0,0.0,0.6,0.6,0.082,0.0,0.0,0.065,0.0032500000000000003,0.0,0.0,0.0,0.2,0.0,6.0,Low,0,ยังไม่พบตัวชี้วัดที่เกินเกณฑ์เบื้องต้น
basil dried,2,0.027,0.02,0.3,0.054,0.2,0.3,0.0,0.089,0.00445,0.0,0.1,0.04153846153846154,0.1,1.2,0.54,Low,0,ยังไม่พบตัวชี้วัดที่เกินเกณฑ์เบื้องต้น
ginger root,2,0.028,0.048,0.4,0.019,0.068,0.058,0.0,0.0,0.0,0.0,0.24000000000000002,0.043076923076923075,0.13333333333333336,0.232,0.19,Low,0,ยังไม่พบตัวชี้วัดที่เกินเกณฑ์เบื้องต้น
java plum,2,0.029,0.0,0.5,0.0,0.034,0.0,0.0,0.063,0.00315,0.0,0.0,0.04461538461538462,0.16666666666666669,0.0,0.0,Low,0,ยังไม่พบตัวชี้วัดที่เกินเกณฑ์เบื้องต้น
asparagus raw,2,0.037,0.012,0.5,0.2,0.3,0.3,0.0,0.047,0.0023499999999999997,0.0,0.060000000000000005,0.05692307692307692,0.16666666666666669,1.2,2.0,Low,0,ยังไม่พบตัวชี้วัดที่เกินเกณฑ์เบื้องต้น
bay leaf,2,0.042,0.08,0.4,0.0,0.086,0.2,0.0,0.084,0.004200000000000001,0.0,0.4,0.06461538461538462,0.13333333333333336,0.8,0.0,Low,0,ยังไม่พบตัวชี้วัดที่เกินเกณฑ์เบื้องต้น
sage ground,2,0.046,0.07,0.4,0.052,0.058,0.3,0.0,0.083,0.00415,0.0,0.35000000000000003,0.07076923076923078,0.13333333333333336,1.2,0.52,Low,0,ยังไม่พบตัวชี้วัดที่เกินเกณฑ์เบื้องต้น
tarragon dried,2,0.047,0.01,0.3,0.0,0.1,0.038,0.0,0.012,0.0006000000000000001,0.0,0.05,0.07230769230769231,0.1,0.152,0.0,Low,0,ยังไม่พบตัวชี้วัดที่เกินเกณฑ์เบื้องต้น
irishmoss,2,0.049,0.06,0.6,0.098,0.037,0.082,0.0,0.084,0.004200000000000001,0.0,0.3,0.07538461538461538,0.2,0.328,0.98,Low,0,ยังไม่พบตัวชี้วัดที่เกินเกณฑ์เบื้องต้น
acerola cherry,2,0.052,0.074,0.4,0.0,0.079,0.077,0.0,0.088,0.0044,0.0,0.37,0.07999999999999999,0.13333333333333336,0.308,0.0,Low,0,ยังไม่พบตัวชี้วัดที่เกินเกณฑ์เบื้องต้น
gatorade g2 pepsi,2,0.052,0.0,0.6,0.4,0.069,0.0,0.0,0.011,0.00055,0.0,0.0,0.07999999999999999,0.2,0.0,4.0,Low,0,ยังไม่พบตัวชี้วัดที่เกินเกณฑ์เบื้องต้น
hot chile pepper dried,2,0.054,0.001,0.3,0.2,0.054,0.1,0.0,0.041,0.00205,0.0,0.005,0.08307692307692308,0.1,0.4,2.0,Low,0,ยังไม่พบตัวชี้วัดที่เกินเกณฑ์เบื้องต้น
surinam cherry pitanga,2,0.059,0.0,0.5,0.0,0.045,0.0,0.0,0.1,0.005,0.0,0.0,0.09076923076923075,0.16666666666666669,0.0,0.0,Low,0,ยังไม่พบตัวชี้วัดที่เกินเกณฑ์เบื้องต้น
chanterelle mushrooms,2,0.063,0.0,0.4,0.076,0.033,0.2,0.0,0.028,0.0014,0.0,0.0,0.09692307692307692,0.13333333333333336,0.8,0.76,Low,0,ยังไม่พบตัวชี้วัดที่เกินเกณฑ์เบื้องต้น
kelp,2,0.067,0.037,0.5,0.069,0.07,0.018,0.0,0.019,0.0009500000000000001,0.0,0.185,0.1030769230769231,0.16666666666666669,0.072,0.6900000000000001,Low,0,ยังไม่พบตัวชี้วัดที่เกินเกณฑ์เบื้องต้น
coffee,2,0.069,0.011,0.0,0.0,0.3,0.0,0.0,0.075,0.00375,0.0,0.05499999999999999,0.10615384615384617,0.0,0.0,0.0,Low,0,ยังไม่พบตัวชี้วัดที่เกินเกณฑ์เบื้องต้น
serrano pepper,2,0.075,0.072,0.4,0.2,0.1,0.2,0.0,0.067,0.00335,0.0,0.36,0.11538461538461538,0.13333333333333336,0.8,2.0,Low,0,ยังไม่พบตัวชี้วัดที่เกินเกณฑ์เบื้องต้น
longan,2,0.076,0.0,0.5,0.0,0.009,0.071,0.0,0.0,0.0,0.0,0.0,0.11692307692307692,0.16666666666666669,0.284,0.0,Low,0,ยังไม่พบตัวชี้วัดที่เกินเกณฑ์เบื้องต้น
horseradish,2,0.085,0.007,0.6,0.4,0.003,0.2,0.0,0.039,0.00195,0.0,0.034999999999999996,0.13076923076923078,0.2,0.8,4.0,Low,0,ยังไม่พบตัวชี้วัดที่เกินเกณฑ์เบื้องต้น
american grapes,2,0.087,0.029,0.4,0.4,0.035,0.09,0.0,0.056,0.0028,0.0,0.14500000000000002,0.13384615384615384,0.13333333333333336,0.36,4.0,Low,0,ยังไม่พบตัวชี้วัดที่เกินเกณฑ์เบื้องต้น
baby zucchini,2,0.089,0.02,0.3,0.0,0.3,0.1,0.0,0.041,0.00205,0.0,0.1,0.1369230769230769,0.1,0.4,0.0,Low,0,ยังไม่พบตัวชี้วัดที่เกินเกณฑ์เบื้องต้น
capers canned,2,0.089,0.021,0.4,0.011,0.2,0.3,0.0,0.2,0.01,0.0,0.10500000000000001,0.1369230769230769,0.13333333333333336,1.2,0.10999999999999999,Low,0,ยังไม่พบตัวชี้วัดที่เกินเกณฑ์เบื้องต้น
basil fresh,2,0.089,0.069,0.2,0.064,0.2,0.1,0.0,0.058,0.0029,0.0,0.34500000000000003,0.1369230769230769,0.06666666666666668,0.4,0.64,Low,0,ยังไม่พบตัวชี้วัดที่เกินเกณฑ์เบื้องต้น
straw mushrooms canned,2,0.09,0.1,0.3,0.0,0.2,0.1,0.0,0.049,0.0024500000000000004,0.0,0.5,0.13846153846153844,0.1,0.4,0.0,Low,0,ยังไม่พบตัวชี้วัดที่เกินเกณฑ์เบื้องต้น
saffron,2,0.092,0.047,0.5,0.0,0.071,0.002,0.0,0.063,0.00315,0.0,0.23500000000000001,0.14153846153846156,0.16666666666666669,0.008,0.0,Low,0,ยังไม่พบตัวชี้วัดที่เกินเกณฑ์เบื้องต้น
coriander leaves dried,2,0.098,0.099,0.3,0.045,0.1,0.095,0.0,0.018,0.0008999999999999999,0.0,0.49500000000000005,0.15076923076923077,0.1,0.38,0.44999999999999996,Low,0,ยังไม่พบตัวชี้วัดที่เกินเกณฑ์เบื้องต้น
red wine vinegar,3,0.0,0.0,0.011,0.0,0.055,0.0,0.0,0.092,0.0046,0.0,0.0,0.0,0.0036666666666666666,0.0,0.0,Low,0,ยังไม่พบตัวชี้วัดที่เกินเกณฑ์เบื้องต้น
cider vinegar,3,0.0,0.0,0.1,0.018,0.0,0.0,0.0,0.011,0.00055,0.0,0.0,0.0,0.03333333333333334,0.0,0.18,Low,0,ยังไม่พบตัวชี้วัดที่เกินเกณฑ์เบื้องต้น
vinegar,3,0.0,0.0,0.089,0.063,0.0,0.0,0.0,0.024,0.0012000000000000001,0.0,0.0,0.0,0.029666666666666664,0.0,0.63,Low,0,ยังไม่พบตัวชี้วัดที่เกินเกณฑ์เบื้องต้น
espresso decaffeinated,3,0.011,0.037,0.5,0.0,0.065,0.0,0.0,0.011,0.00055,0.0,0.185,0.016923076923076923,0.16666666666666669,0.0,0.0,Low,0,ยังไม่พบตัวชี้วัดที่เกินเกณฑ์เบื้องต้น
shallots dried,3,0.013,0.063,0.7,0.3,0.1,0.1,0.0,0.059,0.00295,0.0,0.315,0.019999999999999997,0.2333333333333333,0.4,3.0,Low,0,ยังไม่พบตัวชี้วัดที่เกินเกณฑ์เบื้องต้น
chili pepper sauce green,3,0.032,0.048,0.8,0.4,0.1,0.3,0.0,0.03,0.0014999999999999998,0.0,0.24000000000000002,0.04923076923076923,0.2666666666666667,1.2,4.0,Low,0,ยังไม่พบตัวชี้วัดที่เกินเกณฑ์เบื้องต้น
grapes,3,0.044,0.041,0.9,0.8,0.045,0.087,0.0,0.009,0.00044999999999999993,0.0,0.20500000000000002,0.06769230769230769,0.3,0.348,8.0,Low,0,ยังไม่พบตัวชี้วัดที่เกินเกณฑ์เบื้องต้น
crayfish raw,3,0.048,0.01,0.0,0.0,0.6,0.0,4.3,0.024,0.0012000000000000001,1.4333333333333333,0.05,0.07384615384615385,0.0,0.0,0.0,Low,0,ยังไม่พบตัวชี้วัดที่เกินเกณฑ์เบื้องต้น
muscadine grapes,3,0.056,0.0,0.8,0.0,0.014,0.2,0.0,0.024,0.0012000000000000001,0.0,0.0,0.08615384615384615,0.2666666666666667,0.8,0.0,Low,0,ยังไม่พบตัวชี้วัดที่เกินเกณฑ์เบื้องต้น
garden cress raw,3,0.062,0.052,0.5,0.4,0.2,0.063,0.0,0.079,0.0039499999999999995,0.0,0.26,0.09538461538461539,0.16666666666666669,0.252,4.0,Low,0,ยังไม่พบตัวชี้วัดที่เกินเกณฑ์เบื้องต้น
asparagus cooked,3,0.074,0.004,0.6,0.2,0.4,0.3,0.0,0.0,0.0,0.0,0.02,0.11384615384615385,0.2,1.2,2.0,Low,0,ยังไม่พบตัวชี้วัดที่เกินเกณฑ์เบื้องต้น
cauliflower raw,3,0.081,0.094,0.6,0.2,0.2,0.3,0.0,0.042,0.0021000000000000003,0.0,0.47000000000000003,0.12461538461538463,0.2,1.2,2.0,Low,0,ยังไม่พบตัวชี้วัดที่เกินเกณฑ์เบื้องต้น
espresso,3,0.086,0.068,0.5,0.0,0.021,0.0,0.0,0.083,0.00415,0.0,0.34,0.1323076923076923,0.16666666666666669,0.0,0.0,Low,0,ยังไม่พบตัวชี้วัดที่เกินเกณฑ์เบื้องต้น
spearmint fresh,3,0.089,0.049,0.5,0.0,0.2,0.4,0.0,0.092,0.0046,0.0,0.245,0.1369230769230769,0.16666666666666669,1.6,0.0,Low,0,ยังไม่พบตัวชี้วัดที่เกินเกณฑ์เบื้องต้น
chili pepper sauce red,3,0.089,0.073,0.6,0.4,0.1,0.1,0.0,0.003,0.00015000000000000001,0.0,0.36499999999999994,0.1369230769230769,0.2,0.4,4.0,Low,0,ยังไม่พบตัวชี้วัดที่เกินเกณฑ์เบื้องต้น
chum salmon raw,3,0.1,0.08,0.0,0.0,0.6,0.0,2.1,0.029,0.00145,0.7000000000000001,0.4,0.15384615384615385,0.0,0.0,0.0,Low,0,ยังไม่พบตัวชี้วัดที่เกินเกณฑ์เบื้องต้น
mustard,3,0.2,0.021,0.3,0.048,0.2,0.2,0.0,0.015,0.0007499999999999999,0.0,0.10500000000000001,0.3076923076923077,0.1,0.8,0.48000000000000004,Low,0,ยังไม่พบตัวชี้วัดที่เกินเกณฑ์เบื้องต้น
instant coffee with water decaffeinated,4,0.0,0.024,0.8,0.0,0.2,0.0,0.0,0.093,0.00465,0.0,0.12000000000000001,0.0,0.2666666666666667,0.0,0.0,Low,0,ยังไม่พบตัวชี้วัดที่เกินเกณฑ์เบื้องต้น
instant coffee with water,4,0.0,0.051,0.6,0.0,0.2,0.0,0.0,0.015,0.0007499999999999999,0.0,0.25499999999999995,0.0,0.2,0.0,0.0,Low,0,ยังไม่พบตัวชี้วัดที่เกินเกณฑ์เบื้องต้น
nance syrup,4,0.002,0.0,0.8,0.6,0.028,0.3,0.0,0.035,0.0017500000000000003,0.0,0.0,0.003076923076923077,0.2666666666666667,1.2,6.0,Low,0,ยังไม่พบตัวชี้วัดที่เกินเกณฑ์เบื้องต้น
jalapeno pepper,4,0.002,0.06,0.9,0.6,0.1,0.4,0.0,0.028,0.0014,0.0,0.3,0.003076923076923077,0.3,1.6,6.0,Low,0,ยังไม่พบตัวชี้วัดที่เกินเกณฑ์เบื้องต้น
multigrain cheerios general mills,4,0.005,0.0,1.0,0.2,0.038,0.1,0.072,0.0,0.0,0.023999999999999997,0.0,0.007692307692307693,0.33333333333333337,0.4,2.0,Low,0,ยังไม่พบตัวชี้วัดที่เกินเกณฑ์เบื้องต้น
watercress,4,0.006,0.071,0.4,0.099,0.8,0.2,0.0,0.038,0.0019000000000000002,0.0,0.355,0.009230769230769232,0.13333333333333336,0.8,0.9900000000000001,Low,0,ยังไม่พบตัวชี้วัดที่เกินเกณฑ์เบื้องต้น
strawberry guava,4,0.008,0.039,1.0,0.0,0.01,0.3,0.0,0.059,0.00295,0.0,0.19499999999999998,0.012307692307692308,0.33333333333333337,1.2,0.0,Low,0,ยังไม่พบตัวชี้วัดที่เกินเกณฑ์เบื้องต้น
cured beef dried,4,0.019,0.086,0.06,0.006,0.9,0.0,2.2,0.049,0.0024500000000000004,0.7333333333333334,0.43,0.02923076923076923,0.019999999999999997,0.0,0.060000000000000005,Low,0,ยังไม่พบตัวชี้วัดที่เกินเกณฑ์เบื้องต้น
shrimp raw,4,0.023,0.061,0.041,0.0,0.7,0.0,6.3,0.083,0.00415,2.0999999999999996,0.305,0.03538461538461539,0.013666666666666667,0.0,0.0,Low,0,ยังไม่พบตัวชี้วัดที่เกินเกณฑ์เบื้องต้น
garlic,4,0.026,0.033,0.9,0.043,0.2,0.064,0.0,0.018,0.0008999999999999999,0.0,0.165,0.039999999999999994,0.3,0.256,0.43,Low,0,ยังไม่พบตัวชี้วัดที่เกินเกณฑ์เบื้องต้น
savory ground,4,0.029,0.085,1.0,0.0,0.074,0.6,0.0,0.055,0.0027500000000000003,0.0,0.42500000000000004,0.04461538461538462,0.33333333333333337,2.4,0.0,Low,0,ยังไม่พบตัวชี้วัดที่เกินเกณฑ์เบื้องต้น
jellybeans,4,0.043,0.0,1.0,0.8,0.0,0.083,0.0,0.076,0.0038000000000000004,0.0,0.0,0.06615384615384615,0.33333333333333337,0.332,8.0,Low,0,ยังไม่พบตัวชี้วัดที่เกินเกณฑ์เบื้องต้น
dill weed fresh,4,0.063,0.064,0.6,0.0,0.3,0.2,0.0,0.017,0.00085,0.0,0.32,0.09692307692307692,0.2,0.8,0.0,Low,0,ยังไม่พบตัวชี้วัดที่เกินเกณฑ์เบื้องต้น
strawberries,4,0.069,0.057,0.9,0.6,0.01,0.2,0.0,0.068,0.0034,0.0,0.28500000000000003,0.10615384615384617,0.3,0.8,6.0,Low,0,ยังไม่พบตัวชี้วัดที่เกินเกณฑ์เบื้องต้น
morel mushrooms,4,0.07,0.056,0.7,0.096,0.4,0.4,0.0,0.08,0.004,0.0,0.27999999999999997,0.10769230769230771,0.2333333333333333,1.6,0.9600000000000001,Low,0,ยังไม่พบตัวชี้วัดที่เกินเกณฑ์เบื้องต้น
red lettuce,4,0.08,0.036,0.6,0.1,0.4,0.3,0.0,0.057,0.00285,0.0,0.18,0.12307692307692308,0.2,1.2,1.0,Low,0,ยังไม่พบตัวชี้วัดที่เกินเกณฑ์เบื้องต้น
okra,4,0.082,0.001,0.9,0.2,0.2,0.4,0.0,0.098,0.004900000000000001,0.0,0.005,0.12615384615384614,0.3,1.6,2.0,Low,0,ยังไม่พบตัวชี้วัดที่เกินเกณฑ์เบื้องต้น
coriander leaves raw,4,0.086,0.044,0.6,0.1,0.3,0.4,0.0,0.005,0.00025,0.0,0.21999999999999997,0.1323076923076923,0.2,1.6,1.0,Low,0,ยังไม่พบตัวชี้วัดที่เกินเกณฑ์เบื้องต้น
shoestring french fries,4,0.1,0.059,0.7,0.062,0.099,0.099,0.0,0.055,0.0027500000000000003,0.0,0.295,0.15384615384615385,0.2333333333333333,0.396,0.62,Low,0,ยังไม่พบตัวชี้วัดที่เกินเกณฑ์เบื้องต้น
butterbur,4,0.2,0.0,0.5,0.0,0.1,0.0,0.0,0.053,0.00265,0.0,0.0,0.3076923076923077,0.16666666666666669,0.0,0.0,Low,0,ยังไม่พบตัวชี้วัดที่เกินเกณฑ์เบื้องต้น
rosemary dried,4,0.2,0.083,0.8,0.0,0.081,0.5,0.0,0.048,0.0024000000000000002,0.0,0.415,0.3076923076923077,0.2666666666666667,2.0,0.0,Low,0,ยังไม่พบตัวชี้วัดที่เกินเกณฑ์เบื้องต้น
tea blueberry muffin tekanne,4,0.2,0.2,0.4,0.007,0.0,0.0,0.0,0.0,0.0,0.0,1.0,0.3076923076923077,0.13333333333333336,0.0,0.06999999999999999,Low,0,ยังไม่พบตัวชี้วัดที่เกินเกณฑ์เบื้องต้น
green olives pickled,4,0.4,0.064,0.1,0.051,0.073,0.057,0.0,0.1,0.005,0.0,0.32,0.6153846153846154,0.03333333333333334,0.22799999999999998,0.5099999999999999,Low,0,ยังไม่พบตัวชี้วัดที่เกินเกณฑ์เบื้องต้น
amp energy sugar free pepsi,5,0.0,0.0,2.5,0.0,0.0,0.0,0.0,0.093,0.00465,0.0,0.0,0.0,0.8333333333333334,0.0,0.0,Low,0,ยังไม่พบตัวชี้วัดที่เกินเกณฑ์เบื้องต้น
cattail,5,0.0,0.0,1.0,0.074,0.2,0.9,0.0,0.031,0.0015500000000000002,0.0,0.0,0.0,0.33333333333333337,3.6000000000000005,0.74,Low,0,ยังไม่พบตัวชี้วัดที่เกินเกณฑ์เบื้องต้น
chervil dried,5,0.002,0.066,0.9,0.0,0.4,0.2,0.0,0.076,0.0038000000000000004,0.0,0.33,0.003076923076923077,0.3,0.8,0.0,Low,0,ยังไม่พบตัวชี้วัดที่เกินเกณฑ์เบื้องต้น
chewing gum sugarless,5,0.013,0.09,1.9,0.0,0.0,0.078,0.0,0.001,4.9999999999999996e-05,0.0,0.44999999999999996,0.019999999999999997,0.6333333333333333,0.312,0.0,Low,0,ยังไม่พบตัวชี้วัดที่เกินเกณฑ์เบื้องต้น
tamarinds,5,0.013,0.023,1.3,0.8,0.057,0.1,0.0,0.007,0.00035,0.0,0.11499999999999999,0.019999999999999997,0.4333333333333333,0.4,8.0,Low,0,ยังไม่พบตัวชี้วัดที่เกินเกณฑ์เบื้องต้น
raspberries,5,0.034,0.005,1.2,0.4,0.1,0.7,0.0,0.054,0.0026999999999999997,0.0,0.025,0.05230769230769231,0.4,2.8,4.0,Low,0,ยังไม่พบตัวชี้วัดที่เกินเกณฑ์เบื้องต้น
oyster mushroom,5,0.035,0.016,0.9,0.2,0.5,0.3,0.0,0.098,0.004900000000000001,0.0,0.08,0.053846153846153856,0.3,1.2,2.0,Low,0,ยังไม่พบตัวชี้วัดที่เกินเกณฑ์เบื้องต้น
salsa sauce,5,0.039,0.07,1.2,0.7,0.3,0.3,0.0,0.1,0.005,0.0,0.35000000000000003,0.06,0.4,1.2,6.999999999999999,Low,0,ยังไม่พบตัวชี้วัดที่เกินเกณฑ์เบื้องต้น
baby carrots,5,0.053,0.015,1.2,0.7,0.031,0.4,0.0,0.097,0.00485,0.0,0.075,0.08153846153846153,0.4,1.6,6.999999999999999,Low,0,ยังไม่พบตัวชี้วัดที่เกินเกณฑ์เบื้องต้น
dried tomatoes,5,0.053,0.032,1.1,0.8,0.3,0.2,0.0,0.069,0.0034500000000000004,0.0,0.16,0.08153846153846153,0.3666666666666667,0.8,8.0,Low,0,ยังไม่พบตัวชี้วัดที่เกินเกณฑ์เบื้องต้น
cherries,5,0.056,0.053,1.3,1.0,0.068,0.2,0.0,0.0,0.0,0.0,0.265,0.08615384615384615,0.4333333333333333,0.8,10.0,Low,0,ยังไม่พบตัวชี้วัดที่เกินเกณฑ์เบื้องต้น
lemongrass citronella,5,0.076,0.067,1.2,0.0,0.038,0.0,0.0,0.024,0.0012000000000000001,0.0,0.335,0.11692307692307692,0.4,0.0,0.0,Low,0,ยังไม่พบตัวชี้วัดที่เกินเกณฑ์เบื้องต้น
pumpkin flowers raw,5,0.084,0.049,1.1,0.0,0.3,0.0,0.0,0.066,0.0033000000000000004,0.0,0.245,0.12923076923076923,0.3666666666666667,0.0,0.0,Low,0,ยังไม่พบตัวชี้วัดที่เกินเกณฑ์เบื้องต้น
longans dried,5,0.091,0.0,1.3,0.0,0.027,0.0,0.0,0.018,0.0008999999999999999,0.0,0.0,0.13999999999999999,0.4333333333333333,0.0,0.0,Low,0,ยังไม่พบตัวชี้วัดที่เกินเกณฑ์เบื้องต้น
marjoram dried,5,0.1,0.056,1.0,0.077,0.2,0.7,0.0,0.004,0.00019999999999999998,0.0,0.27999999999999997,0.15384615384615385,0.33333333333333337,2.8,0.77,Low,0,ยังไม่พบตัวชี้วัดที่เกินเกณฑ์เบื้องต้น
arugula,5,0.1,0.029,0.7,0.4,0.5,0.3,0.0,0.018,0.0008999999999999999,0.0,0.14500000000000002,0.15384615384615385,0.2333333333333333,1.2,4.0,Low,0,ยังไม่พบตัวชี้วัดที่เกินเกณฑ์เบื้องต้น
allspice ground,5,0.2,0.034,1.4,0.0,0.1,0.4,0.0,0.001,4.9999999999999996e-05,0.0,0.17,0.3076923076923077,0.4666666666666666,1.6,0.0,Low,0,ยังไม่พบตัวชี้วัดที่เกินเกณฑ์เบื้องต้น
coriander seeds,5,0.3,0.049,1.0,0.0,0.2,0.8,0.0,0.095,0.00475,0.0,0.245,0.4615384615384615,0.33333333333333337,3.2,0.0,Low,0,ยังไม่พบตัวชี้วัดที่เกินเกณฑ์เบื้องต้น
black pepper,6,0.006,0.034,1.5,0.08,0.2,0.6,0.0,0.036,0.0017999999999999997,0.0,0.17,0.009230769230769232,0.5,2.4,0.8,Low,0,ยังไม่พบตัวชี้วัดที่เกินเกณฑ์เบื้องต้น
fish sauce,6,0.013,0.08,0.7,0.7,0.9,0.0,0.0,1.4,0.06999999999999999,0.0,0.4,0.019999999999999997,0.2333333333333333,0.0,6.999999999999999,Low,0,ยังไม่พบตัวชี้วัดที่เกินเกณฑ์เบื้องต้น
lychee,6,0.016,0.06,1.6,1.5,0.024,0.1,0.0,0.029,0.00145,0.0,0.3,0.024615384615384615,0.5333333333333334,0.4,15.0,Low,0,ยังไม่พบตัวชี้วัดที่เกินเกณฑ์เบื้องต้น
orange peel,6,0.017,0.046,1.5,0.0,0.093,0.6,0.0,0.023,0.00115,0.0,0.22999999999999998,0.026153846153846156,0.5,2.4,0.0,Low,0,ยังไม่พบตัวชี้วัดที่เกินเกณฑ์เบื้องต้น
shiitake mushrooms raw,6,0.039,0.0,1.3,0.5,0.4,0.5,0.0,0.096,0.0048000000000000004,0.0,0.0,0.06,0.4333333333333333,2.0,5.0,Low,0,ยังไม่พบตัวชี้วัดที่เกินเกณฑ์เบื้องต้น
ginger ground,6,0.043,0.088,1.3,0.067,0.2,0.3,0.0,0.038,0.0019000000000000002,0.0,0.43999999999999995,0.06615384615384615,0.4333333333333333,1.2,0.67,Low,0,ยังไม่พบตัวชี้วัดที่เกินเกณฑ์เบื้องต้น
cinnamon ground,6,0.044,0.074,2.1,0.066,0.1,1.4,0.0,0.022,0.0011,0.0,0.37,0.06769230769230769,0.7000000000000001,5.6,0.66,Low,0,ยังไม่พบตัวชี้วัดที่เกินเกณฑ์เบื้องต้น
mung bean sprouts raw,6,0.044,0.036,1.2,0.8,0.6,0.4,0.0,0.08,0.004,0.0,0.18,0.06769230769230769,0.4,1.6,8.0,Low,0,ยังไม่พบตัวชี้วัดที่เกินเกณฑ์เบื้องต้น
celery raw,6,0.045,0.005,1.2,0.5,0.3,0.6,0.0,0.019,0.0009500000000000001,0.0,0.025,0.06923076923076922,0.4,2.4,5.0,Low,0,ยังไม่พบตัวชี้วัดที่เกินเกณฑ์เบื้องต้น
mulberries,6,0.049,0.004,1.5,1.2,0.2,0.3,0.0,0.021,0.0010500000000000002,0.0,0.02,0.07538461538461538,0.5,1.2,12.0,Low,0,ยังไม่พบตัวชี้วัดที่เกินเกณฑ์เบื้องต้น
lotus root cooked,6,0.056,0.029,1.4,0.0,0.1,0.3,0.0,0.0,0.0,0.0,0.14500000000000002,0.08615384615384615,0.4666666666666666,1.2,0.0,Low,0,ยังไม่พบตัวชี้วัดที่เกินเกณฑ์เบื้องต้น
instant coffee powder decaffeinated,6,0.069,0.015,1.4,0.0,0.2,0.0,0.0,0.09,0.0045,0.0,0.075,0.10615384615384617,0.4666666666666666,0.0,0.0,Low,0,ยังไม่พบตัวชี้วัดที่เกินเกณฑ์เบื้องต้น
amaranth leaves,6,0.075,0.072,1.1,0.0,0.7,0.0,0.0,0.071,0.0035499999999999993,0.0,0.36,0.11538461538461538,0.3666666666666667,0.0,0.0,Low,0,ยังไม่พบตัวชี้วัดที่เกินเกณฑ์เบื้องต้น
spring onion scallions,6,0.077,0.029,1.5,0.5,0.4,0.5,0.0,0.048,0.0024000000000000002,0.0,0.14500000000000002,0.11846153846153847,0.5,2.0,5.0,Low,0,ยังไม่พบตัวชี้วัดที่เกินเกณฑ์เบื้องต้น
tomato chili sauce,6,0.095,0.076,1.2,0.6,0.2,0.4,0.0,0.083,0.00415,0.0,0.38,0.14615384615384616,0.4,1.6,6.0,Low,0,ยังไม่พบตัวชี้วัดที่เกินเกณฑ์เบื้องต้น
cardamom,6,0.1,0.065,1.4,0.0,0.2,0.6,0.0,0.013,0.00065,0.0,0.325,0.15384615384615385,0.4666666666666666,2.4,0.0,Low,0,ยังไม่พบตัวชี้วัดที่เกินเกณฑ์เบื้องต้น
salsa verde,6,0.1,0.0,1.0,0.5,0.2,0.3,0.0,0.034,0.0017,0.0,0.0,0.15384615384615385,0.33333333333333337,1.2,5.0,Low,0,ยังไม่พบตัวชี้วัดที่เกินเกณฑ์เบื้องต้น
cloves ground,6,0.3,0.017,1.4,0.028,0.1,0.7,0.0,0.0,0.0,0.0,0.085,0.4615384615384615,0.4666666666666666,2.8,0.27999999999999997,Low,0,ยังไม่พบตัวชี้วัดที่เกินเกณฑ์เบื้องต้น
dried tomatoes canned in oil,6,0.4,0.072,0.7,0.0,0.2,0.2,0.0,0.056,0.0028,0.0,0.36,0.6153846153846154,0.2333333333333333,0.8,0.0,Low,0,ยังไม่พบตัวชี้วัดที่เกินเกณฑ์เบื้องต้น
vegetable oil spread fat free,6,0.5,0.015,0.4,0.0,0.2,0.0,0.2,0.1,0.005,0.06666666666666668,0.075,0.7692307692307693,0.13333333333333336,0.0,0.0,Low,0,ยังไม่พบตัวชี้วัดที่เกินเกณฑ์เบื้องต้น
white pepper,7,0.0,0.002,1.6,0.0,0.2,0.6,0.0,0.075,0.00375,0.0,0.01,0.0,0.5333333333333334,2.4,0.0,Low,0,ยังไม่พบตัวชี้วัดที่เกินเกณฑ์เบื้องต้น
lemonade low calorie,7,0.0,0.0,1.6,0.0,0.092,0.0,0.0,0.013,0.00065,0.0,0.0,0.0,0.5333333333333334,0.0,0.0,Low,0,ยังไม่พบตัวชี้วัดที่เกินเกณฑ์เบื้องต้น
lychee dried,7,0.003,0.076,1.8,1.7,0.01,0.1,0.0,0.049,0.0024500000000000004,0.0,0.38,0.004615384615384616,0.6,0.4,17.0,Low,0,ยังไม่พบตัวชี้วัดที่เกินเกณฑ์เบื้องต้น
onion cooked,7,0.034,0.095,1.5,0.7,0.2,0.2,0.0,0.04,0.002,0.0,0.475,0.05230769230769231,0.5,0.8,6.999999999999999,Low,0,ยังไม่พบตัวชี้วัดที่เกินเกณฑ์เบื้องต้น
swiss chard raw,7,0.042,0.065,1.3,0.4,0.6,0.6,0.0,0.089,0.00445,0.0,0.325,0.06461538461538462,0.4333333333333333,2.4,4.0,Low,0,ยังไม่พบตัวชี้วัดที่เกินเกณฑ์เบื้องต้น
prickly pear cooked,7,0.043,0.0,1.6,0.0,0.091,0.0,0.0,0.0,0.0,0.0,0.0,0.06615384615384615,0.5333333333333334,0.0,0.0,Low,0,ยังไม่พบตัวชี้วัดที่เกินเกณฑ์เบื้องต้น
shrimp cooked,7,0.092,0.023,0.013,0.0,1.3,0.0,11.6,0.012,0.0006000000000000001,3.8666666666666667,0.11499999999999999,0.14153846153846156,0.004333333333333333,0.0,0.0,Low,0,ยังไม่พบตัวชี้วัดที่เกินเกณฑ์เบื้องต้น
chicory greens,7,0.096,0.078,1.4,0.2,0.5,1.2,0.0,0.017,0.00085,0.0,0.38999999999999996,0.1476923076923077,0.4666666666666666,4.8,2.0,Low,0,ยังไม่พบตัวชี้วัดที่เกินเกณฑ์เบื้องต้น
celery cooked,7,0.098,0.064,1.5,0.9,0.3,0.6,0.0,0.093,0.00465,0.0,0.32,0.15076923076923077,0.5,2.4,9.0,Low,0,ยังไม่พบตัวชี้วัดที่เกินเกณฑ์เบื้องต้น
spinach raw,7,0.1,0.024,1.1,0.1,0.9,0.7,0.0,0.036,0.0017999999999999997,0.0,0.12000000000000001,0.15384615384615385,0.3666666666666667,2.8,1.0,Low,0,ยังไม่พบตัวชี้วัดที่เกินเกณฑ์เบื้องต้น
italian dressing fat free,7,0.1,0.099,1.2,1.2,0.1,0.077,0.3,0.2,0.01,0.1,0.49500000000000005,0.15384615384615385,0.4,0.308,12.0,Low,0,ยังไม่พบตัวชี้วัดที่เกินเกณฑ์เบื้องต้น
pumpkin leaves raw,7,0.2,0.053,0.9,0.0,1.2,0.0,0.0,0.057,0.00285,0.0,0.265,0.3076923076923077,0.3,0.0,0.0,Low,0,ยังไม่พบตัวชี้วัดที่เกินเกณฑ์เบื้องต้น
anise seeds,7,0.3,0.06,1.1,0.0,0.4,0.3,0.0,0.1,0.005,0.0,0.3,0.4615384615384615,0.3666666666666667,1.2,0.0,Low,0,ยังไม่พบตัวชี้วัดที่เกินเกณฑ์เบื้องต้น
fennel seeds,7,0.3,0.008,1.0,0.0,0.3,0.8,0.0,0.097,0.00485,0.0,0.04,0.4615384615384615,0.33333333333333337,3.2,0.0,Low,0,ยังไม่พบตัวชี้วัดที่เกินเกณฑ์เบื้องต้น
kale raw,7,0.3,0.057,0.9,0.2,0.6,0.9,0.0,0.045,0.00225,0.0,0.28500000000000003,0.4615384615384615,0.3,3.6000000000000005,2.0,Low,0,ยังไม่พบตัวชี้วัดที่เกินเกณฑ์เบื้องต้น
cream of tartar,8,0.0,0.0,1.8,0.0,0.0,0.01,0.0,0.009,0.00044999999999999993,0.0,0.0,0.0,0.6,0.04,0.0,Low,0,ยังไม่พบตัวชี้วัดที่เกินเกณฑ์เบื้องต้น
string beans wellsley farms,8,0.0,0.0,1.7,0.3,0.3,0.087,1.0,0.0,0.0,0.33333333333333337,0.0,0.0,0.5666666666666667,0.348,3.0,Low,0,ยังไม่พบตัวชี้วัดที่เกินเกณฑ์เบื้องต้น
onion powder,8,0.024,0.068,1.9,0.2,0.2,0.4,0.0,0.048,0.0024000000000000002,0.0,0.34,0.036923076923076927,0.6333333333333333,1.6,2.0,Low,0,ยังไม่พบตัวชี้วัดที่เกินเกณฑ์เบื้องต้น
iceberg lettuce,8,0.045,0.089,1.7,1.1,0.5,0.7,0.0,0.022,0.0011,0.0,0.445,0.06923076923076922,0.5666666666666667,2.8,11.000000000000002,Low,0,ยังไม่พบตัวชี้วัดที่เกินเกณฑ์เบื้องต้น
soy sauce,8,0.054,0.025,0.8,0.097,1.3,0.1,0.0,0.9,0.045,0.0,0.125,0.08307692307692308,0.2666666666666667,0.4,0.97,Low,0,ยังไม่พบตัวชี้วัดที่เกินเกณฑ์เบื้องต้น
prickly pear raw,8,0.072,0.0,1.9,0.2,0.001,1.0,0.0,0.065,0.0032500000000000003,0.0,0.0,0.11076923076923076,0.6333333333333333,4.0,2.0,Low,0,ยังไม่พบตัวชี้วัดที่เกินเกณฑ์เบื้องต้น
brussels sprouts raw,8,0.077,0.072,1.7,0.4,0.6,0.7,0.0,0.049,0.0024500000000000004,0.0,0.36,0.11846153846153847,0.5666666666666667,2.8,4.0,Low,0,ยังไม่พบตัวชี้วัดที่เกินเกณฑ์เบื้องต้น
beet greens raw,8,0.078,0.026,1.6,0.2,0.8,1.4,0.0,0.013,0.00065,0.0,0.13,0.12,0.5333333333333334,5.6,2.0,Low,0,ยังไม่พบตัวชี้วัดที่เกินเกณฑ์เบื้องต้น
maraschino cherries,8,0.083,0.06,2.1,1.9,0.06,0.2,0.0,0.072,0.0035999999999999995,0.0,0.3,0.1276923076923077,0.7000000000000001,0.8,19.0,Low,0,ยังไม่พบตัวชี้วัดที่เกินเกณฑ์เบื้องต้น
new zealand spinach raw,8,0.1,0.077,1.4,0.2,0.8,0.8,0.0,0.017,0.00085,0.0,0.385,0.15384615384615385,0.4666666666666666,3.2,2.0,Low,0,ยังไม่พบตัวชี้วัดที่เกินเกณฑ์เบื้องต้น
brussels sprouts cooked,8,0.1,0.099,1.5,0.4,0.5,0.5,0.0,0.051,0.00255,0.0,0.49500000000000005,0.15384615384615385,0.5,2.0,4.0,Low,0,ยังไม่พบตัวชี้วัดที่เกินเกณฑ์เบื้องต้น
romaine lettuce,8,0.1,0.049,1.5,0.6,0.6,1.0,0.0,0.083,0.00415,0.0,0.245,0.15384615384615385,0.5,4.0,6.0,Low,0,ยังไม่พบตัวชี้วัดที่เกินเกณฑ์เบื้องต้น
hungarian pepper,8,0.1,0.082,1.8,1.0,0.2,0.3,0.0,0.028,0.0014,0.0,0.41000000000000003,0.15384615384615385,0.6,1.2,10.0,Low,0,ยังไม่พบตัวชี้วัดที่เกินเกณฑ์เบื้องต้น
eastern oyster cooked,8,0.2,0.073,0.7,0.0,0.7,0.0,3.7,0.038,0.0019000000000000002,1.2333333333333334,0.36499999999999994,0.3076923076923077,0.2333333333333333,0.0,0.0,Low,0,ยังไม่พบตัวชี้วัดที่เกินเกณฑ์เบื้องต้น
eastern oyster raw,8,0.2,0.0,0.8,0.0,0.7,0.0,3.5,0.021,0.0010500000000000002,1.1666666666666667,0.0,0.3076923076923077,0.2666666666666667,0.0,0.0,Low,0,ยังไม่พบตัวชี้วัดที่เกินเกณฑ์เบื้องต้น
turmeric ground,8,0.2,0.093,1.4,0.062,0.2,0.5,0.0,0.064,0.0031999999999999997,0.0,0.46499999999999997,0.3076923076923077,0.4666666666666666,2.0,0.62,Low,0,ยังไม่พบตัวชี้วัดที่เกินเกณฑ์เบื้องต้น
beef broth powder,8,0.3,0.2,0.6,0.6,0.6,0.0,0.4,0.9,0.045,0.13333333333333336,1.0,0.4615384615384615,0.2,0.0,6.0,Low,0,ยังไม่พบตัวชี้วัดที่เกินเกณฑ์เบื้องต้น
anchovy canned in oil,8,0.4,0.001,0.0,0.0,1.2,0.0,3.4,0.1,0.005,1.1333333333333333,0.005,0.6153846153846154,0.0,0.0,0.0,Low,0,ยังไม่พบตัวชี้วัดที่เกินเกณฑ์เบื้องต้น
chili powder,8,0.4,0.061,1.3,0.2,0.4,0.9,0.0,0.014,0.0007,0.0,0.305,0.6153846153846154,0.4333333333333333,3.6000000000000005,2.0,Low,0,ยังไม่พบตัวชี้วัดที่เกินเกณฑ์เบื้องต้น
cumin seeds,8,0.5,0.096,0.9,0.063,0.4,0.2,0.0,0.073,0.00365,0.0,0.48000000000000004,0.7692307692307693,0.3,0.8,0.63,Low,0,ยังไม่พบตัวชี้วัดที่เกินเกณฑ์เบื้องต้น
beer light budweiser,9,0.0,0.0,0.4,0.0,0.066,0.0,0.0,0.016,0.0007999999999999999,0.0,0.0,0.0,0.13333333333333336,0.0,0.0,Low,0,ยังไม่พบตัวชี้วัดที่เกินเกณฑ์เบื้องต้น
powerade coca cola,9,0.009,0.076,2.3,1.8,0.0,0.0,0.0,0.005,0.00025,0.0,0.38,0.013846153846153845,0.7666666666666666,0.0,18.0,Low,0,ยังไม่พบตัวชี้วัดที่เกินเกณฑ์เบื้องต้น
vegetable fruit juice,9,0.017,0.0,2.2,0.6,0.071,0.0,0.0,0.043,0.0021499999999999996,0.0,0.0,0.026153846153846156,0.7333333333333334,0.0,6.0,Low,0,ยังไม่พบตัวชี้วัดที่เกินเกณฑ์เบื้องต้น
witloof chicory,9,0.031,0.076,2.1,0.0,0.5,1.6,0.0,0.022,0.0011,0.0,0.38,0.047692307692307694,0.7000000000000001,6.4,0.0,Low,0,ยังไม่พบตัวชี้วัดที่เกินเกณฑ์เบื้องต้น
oyster sauce,9,0.066,0.016,2.0,0.0,0.2,0.024,0.0,0.5,0.025,0.0,0.08,0.10153846153846155,0.6666666666666667,0.096,0.0,Low,0,ยังไม่พบตัวชี้วัดที่เกินเกณฑ์เบื้องต้น
taro shoots raw,9,0.069,0.016,2.0,0.0,0.8,0.0,0.0,0.056,0.0028,0.0,0.08,0.10615384615384617,0.6666666666666667,0.0,0.0,Low,0,ยังไม่พบตัวชี้วัดที่เกินเกณฑ์เบื้องต้น
loquats,9,0.071,0.085,2.4,0.0,0.09,0.3,0.0,0.053,0.00265,0.0,0.42500000000000004,0.10923076923076921,0.8,1.2,0.0,Low,0,ยังไม่พบตัวชี้วัดที่เกินเกณฑ์เบื้องต้น
pastrami beef fat free,9,0.1,0.0,0.1,0.0,1.9,0.0,4.5,0.005,0.00025,1.5,0.0,0.15384615384615385,0.03333333333333334,0.0,0.0,Low,0,ยังไม่พบตัวชี้วัดที่เกินเกณฑ์เบื้องต้น
endive,9,0.1,0.022,1.7,0.1,0.6,1.6,0.0,0.08,0.004,0.0,0.10999999999999999,0.15384615384615385,0.5666666666666667,6.4,1.0,Low,0,ยังไม่พบตัวชี้วัดที่เกินเกณฑ์เบื้องต้น
banana pepper,9,0.1,0.018,1.8,0.6,0.5,1.1,0.0,0.039,0.00195,0.0,0.09,0.15384615384615385,0.6,4.4,6.0,Low,0,ยังไม่พบตัวชี้วัดที่เกินเกณฑ์เบื้องต้น
chinese cabbage pak choi raw,9,0.1,0.013,1.5,0.8,1.1,0.7,0.0,0.087,0.00435,0.0,0.065,0.15384615384615385,0.5,2.8,8.0,Low,0,ยังไม่พบตัวชี้วัดที่เกินเกณฑ์เบื้องต้น
purslane raw,9,0.2,0.0,1.5,0.0,0.9,0.0,0.0,0.066,0.0033000000000000004,0.0,0.0,0.3076923076923077,0.5,0.0,0.0,Low,0,ยังไม่พบตัวชี้วัดที่เกินเกณฑ์เบื้องต้น
hearts of palm,9,0.2,0.056,1.5,0.0,0.8,0.8,0.0,0.1,0.005,0.0,0.27999999999999997,0.3076923076923077,0.5,3.2,0.0,Low,0,ยังไม่พบตัวชี้วัดที่เกินเกณฑ์เบื้องต้น
broccoli raab raw,9,0.2,0.047,1.1,0.2,1.3,1.1,0.0,0.04,0.002,0.0,0.23500000000000001,0.3076923076923077,0.3666666666666667,4.4,2.0,Low,0,ยังไม่พบตัวชี้วัดที่เกินเกณฑ์เบื้องต้น
yuca cassava chips,9,0.4,0.1,1.2,0.006,0.054,0.002,0.0,0.041,0.00205,0.0,0.5,0.6153846153846154,0.4,0.008,0.060000000000000005,Low,0,ยังไม่พบตัวชี้วัดที่เกินเกณฑ์เบื้องต้น
turkey salami cooked,9,0.5,0.1,0.081,0.063,1.0,0.054,3.8,0.023,0.00115,1.2666666666666666,0.5,0.7692307692307693,0.027,0.216,0.63,Low,0,ยังไม่พบตัวชี้วัดที่เกินเกณฑ์เบื้องต้น
sesame crunch,9,0.6,0.096,0.9,0.6,0.2,0.1,0.0,0.027,0.0013499999999999999,0.0,0.48000000000000004,0.923076923076923,0.3,0.4,6.0,Low,0,ยังไม่พบตัวชี้วัดที่เกินเกณฑ์เบื้องต้น
almonds raw,9,0.7,0.04,0.3,0.026,0.3,0.2,0.0,0.043,0.0021499999999999996,0.0,0.2,1.0769230769230769,0.1,0.8,0.26,Low,0,ยังไม่พบตัวชี้วัดที่เกินเกณฑ์เบื้องต้น
shiitake mushrooms cooked,10,0.007,0.061,2.6,0.7,0.3,0.4,0.0,0.048,0.0024000000000000002,0.0,0.305,0.010769230769230769,0.8666666666666666,1.6,6.999999999999999,Low,0,ยังไม่พบตัวชี้วัดที่เกินเกณฑ์เบื้องต้น
leeks dried,10,0.026,0.08,2.4,0.0,0.5,0.3,0.0,0.077,0.00385,0.0,0.4,0.039999999999999994,0.8,1.2,0.0,Low,0,ยังไม่พบตัวชี้วัดที่เกินเกณฑ์เบื้องต้น
garlic powder,10,0.029,0.003,2.3,0.068,0.5,0.3,0.0,0.082,0.0041,0.0,0.015000000000000001,0.04461538461538462,0.7666666666666666,1.2,0.68,Low,0,ยังไม่พบตัวชี้วัดที่เกินเกณฑ์เบื้องต้น
jute raw,10,0.046,0.0,1.6,0.0,1.3,0.0,0.0,0.042,0.0021000000000000003,0.0,0.0,0.07076923076923078,0.5333333333333334,0.0,0.0,Low,0,ยังไม่พบตัวชี้วัดที่เกินเกณฑ์เบื้องต้น
scallop raw,10,0.091,0.089,0.5,0.0,1.8,0.0,3.6,0.057,0.00285,1.2,0.445,0.13999999999999999,0.16666666666666669,0.0,0.0,Low,0,ยังไม่พบตัวชี้วัดที่เกินเกณฑ์เบื้องต้น
chicken broth dry,10,0.2,0.055,1.1,0.0,0.7,0.0,0.6,1.2,0.06,0.2,0.27499999999999997,0.3076923076923077,0.3666666666666667,0.0,0.0,Low,0,ยังไม่พบตัวชี้วัดที่เกินเกณฑ์เบื้องต้น
luncheon meat beef,10,0.3,0.1,0.0,0.0,1.8,0.0,3.2,0.1,0.005,1.0666666666666669,0.5,0.4615384615384615,0.0,0.0,0.0,Low,0,ยังไม่พบตัวชี้วัดที่เกินเกณฑ์เบื้องต้น
mustard seeds ground,10,0.7,0.012,0.6,0.1,0.5,0.2,0.0,0.017,0.00085,0.0,0.060000000000000005,1.0769230769230769,0.2,0.8,1.0,Low,0,ยังไม่พบตัวชี้วัดที่เกินเกณฑ์เบื้องต้น
pepperoni beef,10,0.9,0.3,0.0,0.0,0.5,0.0,2.1,0.09,0.0045,0.7000000000000001,1.5,1.3846153846153846,0.0,0.0,0.0,Low,0,ยังไม่พบตัวชี้วัดที่เกินเกณฑ์เบื้องต้น
olives,10,0.9,0.2,0.5,0.0,0.09,0.1,0.0,0.001,4.9999999999999996e-05,0.0,1.0,1.3846153846153846,0.16666666666666669,0.4,0.0,Low,0,ยังไม่พบตัวชี้วัดที่เกินเกณฑ์เบื้องต้น
chewing gum,11,0.032,0.058,2.9,2.0,0.0,0.012,0.0,0.083,0.00415,0.0,0.29000000000000004,0.04923076923076923,0.9666666666666667,0.048,20.0,Low,0,ยังไม่พบตัวชี้วัดที่เกินเกณฑ์เบื้องต้น
scallops cooked,11,0.058,0.092,0.5,0.0,2.1,0.0,4.1,0.06,0.0029999999999999996,1.3666666666666665,0.45999999999999996,0.08923076923076924,0.16666666666666669,0.0,0.0,Low,0,ยังไม่พบตัวชี้วัดที่เกินเกณฑ์เบื้องต้น
shiitake mushrooms dried,11,0.061,0.014,2.7,0.046,0.3,0.4,0.0,0.086,0.004299999999999999,0.0,0.06999999999999999,0.09384615384615384,0.9000000000000001,1.6,0.45999999999999996,Low,0,ยังไม่พบตัวชี้วัดที่เกินเกณฑ์เบื้องต้น
skunk cabbage,11,0.1,0.0,1.8,0.0,1.5,1.2,0.0,0.016,0.0007999999999999999,0.0,0.0,0.15384615384615385,0.6,4.8,0.0,Low,0,ยังไม่พบตัวชี้วัดที่เกินเกณฑ์เบื้องต้น
rhubarb raw,11,0.1,0.043,2.3,0.6,0.5,0.9,0.0,0.058,0.0029,0.0,0.215,0.15384615384615385,0.7666666666666666,3.6000000000000005,6.0,Low,0,ยังไม่พบตัวชี้วัดที่เกินเกณฑ์เบื้องต้น
cottage fries,11,0.4,0.084,1.9,0.019,0.2,0.2,0.0,0.058,0.0029,0.0,0.42000000000000004,0.6153846153846154,0.6333333333333333,0.8,0.19,Low,0,ยังไม่พบตัวชี้วัดที่เกินเกณฑ์เบื้องต้น
taro chips,11,0.6,0.1,1.6,0.04,0.049,0.2,0.0,0.022,0.0011,0.0,0.5,0.923076923076923,0.5333333333333334,0.8,0.4,Low,0,ยังไม่พบตัวชี้วัดที่เกินเกณฑ์เบื้องต้น
chicken bouillon dry,11,0.6,0.1,0.7,0.7,0.7,0.0,0.5,1.0,0.05,0.16666666666666669,0.5,0.923076923076923,0.2333333333333333,0.0,6.999999999999999,Low,0,ยังไม่พบตัวชี้วัดที่เกินเกณฑ์เบื้องต้น
beer budweiser,12,0.0,0.0,0.9,0.0,0.1,0.0,0.0,0.095,0.00475,0.0,0.0,0.0,0.3,0.0,0.0,Low,0,ยังไม่พบตัวชี้วัดที่เกินเกณฑ์เบื้องต้น
vanilla extract,12,0.069,0.003,0.5,0.5,0.0,0.0,0.0,0.061,0.0030499999999999998,0.0,0.015000000000000001,0.10615384615384617,0.16666666666666669,0.0,5.0,Low,0,ยังไม่พบตัวชี้วัดที่เกินเกณฑ์เบื้องต้น
arrowhead,12,0.084,0.0,2.4,0.0,0.6,0.0,0.0,0.082,0.0041,0.0,0.0,0.12923076923076923,0.8,0.0,0.0,Low,0,ยังไม่พบตัวชี้วัดที่เกินเกณฑ์เบื้องต้น
onions canned,12,0.084,0.045,2.5,1.4,0.5,0.8,0.0,0.2,0.01,0.0,0.22499999999999998,0.12923076923076923,0.8333333333333334,3.2,13.999999999999998,Low,0,ยังไม่พบตัวชี้วัดที่เกินเกณฑ์เบื้องต้น
cornsalad,12,0.2,0.0,2.0,0.0,1.1,0.0,0.0,0.067,0.00335,0.0,0.0,0.3076923076923077,0.6666666666666667,0.0,0.0,Low,0,ยังไม่พบตัวชี้วัดที่เกินเกณฑ์เบื้องต้น
collard raw,12,0.2,0.026,2.0,0.2,1.1,1.4,0.0,0.014,0.0007,0.0,0.13,0.3076923076923077,0.6666666666666667,5.6,2.0,Low,0,ยังไม่พบตัวชี้วัดที่เกินเกณฑ์เบื้องต้น
taro leaves raw,12,0.2,0.013,1.9,0.8,1.4,1.0,0.0,0.083,0.00415,0.0,0.065,0.3076923076923077,0.6333333333333333,4.0,8.0,Low,0,ยังไม่พบตัวชี้วัดที่เกินเกณฑ์เบื้องต้น
chinese cabbage pe tsai raw,12,0.2,0.033,2.5,1.1,0.9,0.9,0.0,0.049,0.0024500000000000004,0.0,0.165,0.3076923076923077,0.8333333333333334,3.6000000000000005,11.000000000000002,Low,0,ยังไม่พบตัวชี้วัดที่เกินเกณฑ์เบื้องต้น
chrysanthemum raw,12,0.3,0.0,1.5,0.0,1.7,1.5,0.0,0.012,0.0006000000000000001,0.0,0.0,0.4615384615384615,0.5,6.0,0.0,Low,0,ยังไม่พบตัวชี้วัดที่เกินเกณฑ์เบื้องต้น
chicken broth,12,0.5,0.008,1.0,0.0,1.0,0.0,0.0,0.9,0.045,0.0,0.04,0.7692307692307693,0.33333333333333337,0.0,0.0,Low,0,ยังไม่พบตัวชี้วัดที่เกินเกณฑ์เบื้องต้น
cocoa powder unsweetened,12,0.7,0.4,3.1,0.087,1.1,1.8,0.0,0.062,0.0031000000000000003,0.0,2.0,1.0769230769230769,1.0333333333333332,7.200000000000001,0.8699999999999999,Low,0,ยังไม่พบตัวชี้วัดที่เกินเกณฑ์เบื้องต้น
nutmeg ground,12,0.8,0.6,1.1,0.6,0.1,0.5,0.0,0.095,0.00475,0.0,3.0,1.2307692307692308,0.3666666666666667,2.0,6.0,Low,0,ยังไม่พบตัวชี้วัดที่เกินเกณฑ์เบื้องต้น
worcestershire sauce,13,0.0,0.0,3.3,1.7,0.0,0.0,0.0,0.2,0.01,0.0,0.0,0.0,1.0999999999999999,0.0,17.0,Low,0,ยังไม่พบตัวชี้วัดที่เกินเกณฑ์เบื้องต้น
sunflower seed flour,13,0.013,0.036,1.4,0.0,1.9,0.2,0.0,0.073,0.00365,0.0,0.18,0.019999999999999997,0.4666666666666666,0.8,0.0,Low,0,ยังไม่พบตัวชี้วัดที่เกินเกณฑ์เบื้องต้น
carob flour,13,0.061,0.041,5.3,2.9,0.3,2.4,0.0,0.033,0.0016500000000000002,0.0,0.20500000000000002,0.09384615384615384,1.7666666666666668,9.6,28.999999999999996,Low,0,ยังไม่พบตัวชี้วัดที่เกินเกณฑ์เบื้องต้น
energy drink sugar free red bull,13,0.2,0.0,1.8,0.0,0.6,0.0,0.0,0.008,0.00039999999999999996,0.0,0.0,0.3076923076923077,0.6,0.0,0.0,Low,0,ยังไม่พบตัวชี้วัดที่เกินเกณฑ์เบื้องต้น
napa cabbage cooked,13,0.2,0.0,2.4,0.0,1.2,0.0,0.0,0.012,0.0006000000000000001,0.0,0.0,0.3076923076923077,0.8,0.0,0.0,Low,0,ยังไม่พบตัวชี้วัดที่เกินเกณฑ์เบื้องต้น
kumquat,13,0.2,0.063,3.0,1.8,0.4,1.2,0.0,0.018,0.0008999999999999999,0.0,0.315,0.3076923076923077,1.0,4.8,18.0,Low,0,ยังไม่พบตัวชี้วัดที่เกินเกณฑ์เบื้องต้น
bakers yeast dry,13,0.3,0.078,1.6,0.0,1.6,1.1,0.0,0.081,0.00405,0.0,0.38999999999999996,0.4615384615384615,0.5333333333333334,4.4,0.0,Low,0,ยังไม่พบตัวชี้วัดที่เกินเกณฑ์เบื้องต้น
drumstick leaves raw,13,0.3,0.0,1.7,0.0,2.0,0.4,0.0,0.071,0.0035499999999999993,0.0,0.0,0.4615384615384615,0.5666666666666667,1.6,0.0,Low,0,ยังไม่พบตัวชี้วัดที่เกินเกณฑ์เบื้องต้น
saltine crackers,13,0.3,0.097,2.2,0.063,0.3,0.022,0.0,0.067,0.00335,0.0,0.485,0.4615384615384615,0.7333333333333334,0.088,0.63,Low,0,ยังไม่พบตัวชี้วัดที่เกินเกณฑ์เบื้องต้น
grape leaves,13,0.3,0.085,2.4,0.9,0.8,1.5,0.0,0.005,0.00025,0.0,0.42500000000000004,0.4615384615384615,0.8,6.0,9.0,Low,0,ยังไม่พบตัวชี้วัดที่เกินเกณฑ์เบื้องต้น
vodka smirnoff,13,0.4,0.013,2.0,0.082,0.0,0.0,0.0,0.0,0.0,0.0,0.065,0.6153846153846154,0.6666666666666667,0.0,0.8200000000000001,Low,0,ยังไม่พบตัวชี้วัดที่เกินเกณฑ์เบื้องต้น
french fries,13,0.4,0.01,2.2,0.088,0.2,0.2,0.0,0.056,0.0028,0.0,0.05,0.6153846153846154,0.7333333333333334,0.8,0.8799999999999999,Low,0,ยังไม่พบตัวชี้วัดที่เกินเกณฑ์เบื้องต้น
mayonnaise imitation fat free,13,0.4,0.005,2.5,1.6,0.043,0.3,1.4,0.1,0.005,0.4666666666666666,0.025,0.6153846153846154,0.8333333333333334,1.2,16.0,Low,0,ยังไม่พบตัวชี้วัดที่เกินเกณฑ์เบื้องต้น
chicken fajita strips,13,0.5,0.2,0.2,0.0,1.7,0.0,8.3,0.044,0.0022,2.766666666666667,1.0,0.7692307692307693,0.06666666666666668,0.0,0.0,Low,0,ยังไม่พบตัวชี้วัดที่เกินเกณฑ์เบื้องต้น
spray dressing,13,0.9,0.1,1.3,1.1,0.07,0.075,0.0,0.012,0.0006000000000000001,0.0,0.5,1.3846153846153846,0.4333333333333333,0.3,11.000000000000002,Low,0,ยังไม่พบตัวชี้วัดที่เกินเกณฑ์เบื้องต้น
balsamic vinegar,14,0.0,0.0,2.7,2.4,0.041,0.0,0.0,0.071,0.0035499999999999993,0.0,0.0,0.0,0.9000000000000001,0.0,24.0,Low,0,ยังไม่พบตัวชี้วัดที่เกินเกณฑ์เบื้องต้น
figs canned,14,0.039,0.066,3.8,3.2,0.1,0.6,0.0,0.049,0.0024500000000000004,0.0,0.33,0.06,1.2666666666666666,2.4,32.0,Low,0,ยังไม่พบตัวชี้วัดที่เกินเกณฑ์เบื้องต้น
nopales raw,14,0.063,0.018,2.9,1.0,1.1,1.9,0.0,0.076,0.0038000000000000004,0.0,0.09,0.09692307692307692,0.9666666666666667,7.6,10.0,Low,0,ยังไม่พบตัวชี้วัดที่เกินเกณฑ์เบื้องต้น
orange juice sainsburys,14,0.088,2.5,0.0,0.0,0.0,0.0,0.0,0.0,0.0,0.0,12.5,0.13538461538461538,0.0,0.0,0.0,Low,0,ยังไม่พบตัวชี้วัดที่เกินเกณฑ์เบื้องต้น
white icicle radish,14,0.1,0.076,2.6,0.0,1.1,1.4,0.0,0.049,0.0024500000000000004,0.0,0.38,0.15384615384615385,0.8666666666666666,5.6,0.0,Low,0,ยังไม่พบตัวชี้วัดที่เกินเกณฑ์เบื้องต้น
bamboo shoots cooked,14,0.3,0.007,2.3,0.0,1.8,1.2,0.0,0.04,0.002,0.0,0.034999999999999996,0.4615384615384615,0.7666666666666666,4.8,0.0,Low,0,ยังไม่พบตัวชี้วัดที่เกินเกณฑ์เบื้องต้น
poultry seasoning,14,0.3,0.1,2.9,0.1,0.4,0.5,0.0,0.063,0.00315,0.0,0.5,0.4615384615384615,0.9666666666666667,2.0,1.0,Low,0,ยังไม่พบตัวชี้วัดที่เกินเกณฑ์เบื้องต้น
blue cheese dressing light,14,0.4,0.1,2.1,0.6,0.3,0.0,1.6,0.2,0.01,0.5333333333333334,0.5,0.6153846153846154,0.7000000000000001,0.0,6.0,Low,0,ยังไม่พบตัวชี้วัดที่เกินเกณฑ์เบื้องต้น
quail egg,14,1.0,0.3,0.08,0.048,1.2,0.0,76.0,0.042,0.0021000000000000003,25.333333333333336,1.5,1.5384615384615385,0.02666666666666667,0.0,0.48000000000000004,Low,0,โคเลสเตอรอลค่อนข้างสูง
tomato ketchup mp,15,0.0,4.0,0.2,0.0,0.0,0.0,0.0,0.0,0.0,0.0,20.0,0.0,0.06666666666666668,0.0,0.0,Low,0,ยังไม่พบตัวชี้วัดที่เกินเกณฑ์เบื้องต้น
fructose sweetener,15,0.0,0.0,4.2,3.9,0.0,0.0,0.0,0.013,0.00065,0.0,0.0,0.0,1.4000000000000001,0.0,39.0,Low,0,ยังไม่พบตัวชี้วัดที่เกินเกณฑ์เบื้องต้น
red peppers canned,15,0.058,0.03,3.7,2.4,0.7,0.9,0.0,0.9,0.045,0.0,0.15,0.08923076923076924,1.2333333333333334,3.6000000000000005,24.0,Low,0,ยังไม่พบตัวชี้วัดที่เกินเกณฑ์เบื้องต้น
green peppers canned,15,0.074,0.096,3.7,2.3,0.7,0.9,0.0,0.9,0.045,0.0,0.48000000000000004,0.11384615384615385,1.2333333333333334,3.6000000000000005,23.0,Low,0,ยังไม่พบตัวชี้วัดที่เกินเกณฑ์เบื้องต้น
orange pineapple juice,15,0.08,0.056,3.6,3.1,0.1,0.032,0.0,0.044,0.0022,0.0,0.27999999999999997,0.12307692307692308,1.2,0.128,31.0,Low,0,ยังไม่พบตัวชี้วัดที่เกินเกณฑ์เบื้องต้น
sweet potato leaves raw,15,0.2,0.088,3.1,0.0,0.9,1.9,0.0,0.073,0.00365,0.0,0.43999999999999995,0.3076923076923077,1.0333333333333332,7.6,0.0,Low,0,ยังไม่พบตัวชี้วัดที่เกินเกณฑ์เบื้องต้น
radicchio,15,0.2,0.031,2.9,0.4,0.9,0.6,0.0,0.033,0.0016500000000000002,0.0,0.155,0.3076923076923077,0.9666666666666667,2.4,4.0,Low,0,ยังไม่พบตัวชี้วัดที่เกินเกณฑ์เบื้องต้น
pumpkin leaves cooked,15,0.2,0.092,2.4,0.5,1.9,1.9,0.0,0.2,0.01,0.0,0.45999999999999996,0.3076923076923077,0.8,7.6,5.0,Low,0,ยังไม่พบตัวชี้วัดที่เกินเกณฑ์เบื้องต้น
mustard greens raw,15,0.2,0.072,2.6,0.7,1.6,1.8,0.0,0.004,0.00019999999999999998,0.0,0.36,0.3076923076923077,0.8666666666666666,7.200000000000001,6.999999999999999,Low,0,ยังไม่พบตัวชี้วัดที่เกินเกณฑ์เบื้องต้น
mushrooms raw,15,0.2,0.052,2.3,1.4,2.2,0.7,0.0,0.053,0.00265,0.0,0.26,0.3076923076923077,0.7666666666666666,2.8,13.999999999999998,Low,0,ยังไม่พบตัวชี้วัดที่เกินเกณฑ์เบื้องต้น
horchata,15,0.2,0.0,3.3,2.6,0.1,0.0,0.0,0.013,0.00065,0.0,0.0,0.3076923076923077,1.0999999999999999,0.0,26.0,Low,0,ยังไม่พบตัวชี้วัดที่เกินเกณฑ์เบื้องต้น
tea with milk and sugar yorkshire,15,0.5,0.3,0.4,0.0,0.0,0.0,0.0,0.0,0.0,0.0,1.5,0.7692307692307693,0.13333333333333336,0.0,0.0,Low,0,ยังไม่พบตัวชี้วัดที่เกินเกณฑ์เบื้องต้น
roquefort cheese dressing,15,1.1,0.4,0.4,0.4,0.8,0.0,0.2,0.1,0.005,0.06666666666666668,2.0,1.6923076923076925,0.13333333333333336,0.0,4.0,Low,0,ยังไม่พบตัวชี้วัดที่เกินเกณฑ์เบื้องต้น
mayonnaise hellmanns,15,1.7,0.9,0.087,0.2,0.0,0.0,0.0,0.0,0.0,0.0,4.5,2.6153846153846154,0.029,0.0,2.0,Low,0,ยังไม่พบตัวชี้วัดที่เกินเกณฑ์เบื้องต้น
brown sugar,16,0.0,0.0,4.1,4.1,0.024,0.0,0.0,0.094,0.004699999999999999,0.0,0.0,0.0,1.3666666666666665,0.0,41.0,Low,0,ยังไม่พบตัวชี้วัดที่เกินเกณฑ์เบื้องต้น
granulated sugar,16,0.0,0.0,4.2,4.2,0.0,0.0,0.0,0.019,0.0009500000000000001,0.0,0.0,0.0,1.4000000000000001,0.0,42.00000000000001,Low,0,ยังไม่พบตัวชี้วัดที่เกินเกณฑ์เบื้องต้น
steak sauce,16,0.004,0.0,3.7,1.7,0.2,0.3,0.0,0.3,0.015,0.0,0.0,0.006153846153846154,1.2333333333333334,1.2,17.0,Low,0,ยังไม่พบตัวชี้วัดที่เกินเกณฑ์เบื้องต้น
teriyaki sauce,16,0.015,0.0,2.8,2.5,1.1,0.016,0.0,0.7,0.034999999999999996,0.0,0.0,0.023076923076923075,0.9333333333333332,0.064,25.0,Low,0,ยังไม่พบตัวชี้วัดที่เกินเกณฑ์เบื้องต้น
onion raw,16,0.048,0.077,3.7,1.7,0.4,0.7,0.0,0.065,0.0032500000000000003,0.0,0.385,0.07384615384615385,1.2333333333333334,2.8,17.0,Low,0,ยังไม่พบตัวชี้วัดที่เกินเกณฑ์เบื้องต้น
carrots cooked,16,0.092,0.096,3.8,1.6,0.3,1.4,0.0,0.025,0.00125,0.0,0.48000000000000004,0.14153846153846156,1.2666666666666666,5.6,16.0,Low,0,ยังไม่พบตัวชี้วัดที่เกินเกณฑ์เบื้องต้น
cucumber peeled,16,0.2,0.1,2.9,1.8,0.8,0.9,0.0,0.098,0.004900000000000001,0.0,0.5,0.3076923076923077,0.9666666666666667,3.6000000000000005,18.0,Low,0,ยังไม่พบตัวชี้วัดที่เกินเกณฑ์เบื้องต้น
plantain fried,16,0.6,0.2,2.6,0.2,0.023,0.2,0.0,0.065,0.0032500000000000003,0.0,1.0,0.923076923076923,0.8666666666666666,0.8,2.0,Low,0,ยังไม่พบตัวชี้วัดที่เกินเกณฑ์เบื้องต้น
radish seeds sprouted,16,1.0,0.3,1.4,0.0,1.4,0.0,0.0,0.067,0.00335,0.0,1.5,1.5384615384615385,0.4666666666666666,0.0,0.0,Low,0,ยังไม่พบตัวชี้วัดที่เกินเกณฑ์เบื้องต้น
apricot dried,17,0.015,0.02,4.4,3.7,0.2,0.5,0.0,0.066,0.0033000000000000004,0.0,0.1,0.023076923076923075,1.4666666666666668,2.0,37.0,Low,0,ยังไม่พบตัวชี้วัดที่เกินเกณฑ์เบื้องต้น
egg white raw,17,0.063,0.0,0.2,0.2,3.6,0.0,0.0,0.038,0.0019000000000000002,0.0,0.0,0.09692307692307692,0.06666666666666668,0.0,2.0,Low,0,ยังไม่พบตัวชี้วัดที่เกินเกณฑ์เบื้องต้น
gelatin powder,17,0.086,0.09,0.0,0.0,4.3,0.0,0.0,0.029,0.00145,0.0,0.44999999999999996,0.1323076923076923,0.0,0.0,0.0,Low,0,ยังไม่พบตัวชี้วัดที่เกินเกณฑ์เบื้องต้น
passion fruit,17,0.1,0.098,4.2,2.0,0.4,1.9,0.0,0.072,0.0035999999999999995,0.0,0.49,0.15384615384615385,1.4000000000000001,7.6,20.0,Low,0,ยังไม่พบตัวชี้วัดที่เกินเกณฑ์เบื้องต้น
apricot,17,0.1,0.03,3.9,3.2,0.5,0.7,0.0,0.02,0.001,0.0,0.15,0.15384615384615385,1.3,2.8,32.0,Low,0,ยังไม่พบตัวชี้วัดที่เกินเกณฑ์เบื้องต้น
heidelbeeren jutro,17,0.2,0.039,0.4,0.0,0.0,0.0,0.0,0.0,0.0,0.0,0.19499999999999998,0.3076923076923077,0.13333333333333336,0.0,0.0,Low,0,ยังไม่พบตัวชี้วัดที่เกินเกณฑ์เบื้องต้น
chinese cabbage pe tsai cooked,17,0.2,0.011,2.9,0.0,1.8,2.0,0.0,0.3,0.015,0.0,0.05499999999999999,0.3076923076923077,0.9666666666666667,8.0,0.0,Low,0,ยังไม่พบตัวชี้วัดที่เกินเกณฑ์เบื้องต้น
consomme dry,17,0.2,0.0,1.9,1.1,2.2,0.0,0.0,0.8,0.04,0.0,0.0,0.3076923076923077,0.6333333333333333,0.0,11.000000000000002,Low,0,ยังไม่พบตัวชี้วัดที่เกินเกณฑ์เบื้องต้น
lemons,17,0.2,0.063,5.4,1.5,0.6,1.6,0.0,0.045,0.00225,0.0,0.315,0.3076923076923077,1.8000000000000003,6.4,15.0,Low,0,ยังไม่พบตัวชี้วัดที่เกินเกณฑ์เบื้องต้น
dill pickled cucumber,17,0.2,0.08,3.7,1.9,0.9,1.6,0.0,1.3,0.065,0.0,0.4,0.3076923076923077,1.2333333333333334,6.4,19.0,Low,0,ยังไม่พบตัวชี้วัดที่เกินเกณฑ์เบื้องต้น
side salad mcdonalds,17,0.2,0.014,3.7,1.9,0.9,1.4,0.0,0.037,0.0018499999999999999,0.0,0.06999999999999999,0.3076923076923077,1.2333333333333334,5.6,19.0,Low,0,ยังไม่พบตัวชี้วัดที่เกินเกณฑ์เบื้องต้น
waxgourd raw,17,0.3,0.036,4.0,0.0,0.5,3.8,0.0,0.1,0.005,0.0,0.18,0.4615384615384615,1.3333333333333335,15.2,0.0,Low,0,ยังไม่พบตัวชี้วัดที่เกินเกณฑ์เบื้องต้น
ranch dressing fat free,17,0.3,0.007,3.7,0.7,0.039,0.088,1.0,0.1,0.005,0.33333333333333337,0.034999999999999996,0.4615384615384615,1.2333333333333334,0.352,6.999999999999999,Low,0,ยังไม่พบตัวชี้วัดที่เกินเกณฑ์เบื้องต้น
sour pickles,17,0.3,0.079,3.5,1.6,0.5,1.9,0.0,1.9,0.095,0.0,0.395,0.4615384615384615,1.1666666666666667,7.6,16.0,Low,0,ยังไม่พบตัวชี้วัดที่เกินเกณฑ์เบื้องต้น
beef broth soup,17,0.5,0.3,0.01,0.0,2.7,0.0,0.0,0.9,0.045,0.0,1.5,0.7692307692307693,0.0033333333333333335,0.0,0.0,Low,0,ยังไม่พบตัวชี้วัดที่เกินเกณฑ์เบื้องต้น
sliced turkey breast,17,0.6,0.1,0.4,0.1,2.4,0.0,7.8,0.1,0.005,2.6,0.5,0.923076923076923,0.13333333333333336,0.0,1.0,Low,0,ยังไม่พบตัวชี้วัดที่เกินเกณฑ์เบื้องต้น
sugar coated almonds,17,0.6,0.016,2.4,2.2,0.4,0.013,0.0,0.021,0.0010500000000000002,0.0,0.08,0.923076923076923,0.8,0.052,22.000000000000004,Low,0,ยังไม่พบตัวชี้วัดที่เกินเกณฑ์เบื้องต้น
caesar dressing low calorie,17,0.7,0.1,2.8,2.4,0.028,0.053,0.3,0.2,0.01,0.1,0.5,1.0769230769230769,0.9333333333333332,0.212,24.0,Low,0,ยังไม่พบตัวชี้วัดที่เกินเกณฑ์เบื้องต้น
turbinado sugar,18,0.0,0.0,4.6,4.6,0.0,0.0,0.0,0.008,0.00039999999999999996,0.0,0.0,0.0,1.5333333333333332,0.0,46.0,Low,0,ยังไม่พบตัวชี้วัดที่เกินเกณฑ์เบื้องต้น
gum drops,18,0.042,0.05,4.4,3.5,0.0,0.0,0.0,0.008,0.00039999999999999996,0.0,0.25,0.06461538461538462,1.4666666666666668,0.0,35.0,Low,0,ยังไม่พบตัวชี้วัดที่เกินเกณฑ์เบื้องต้น
shallots raw,18,0.061,0.041,4.2,2.0,0.6,0.8,0.0,0.044,0.0022,0.0,0.20500000000000002,0.09384615384615384,1.4000000000000001,3.2,20.0,Low,0,ยังไม่พบตัวชี้วัดที่เกินเกณฑ์เบื้องต้น
prairie turnips boiled,18,0.086,0.0,4.2,0.7,0.2,1.0,0.0,0.012,0.0006000000000000001,0.0,0.0,0.1323076923076923,1.4000000000000001,4.0,6.999999999999999,Low,0,ยังไม่พบตัวชี้วัดที่เกินเกณฑ์เบื้องต้น
green chili pepper,18,0.097,0.067,4.3,2.3,0.9,0.7,0.0,0.023,0.00115,0.0,0.335,0.14923076923076922,1.4333333333333333,2.8,23.0,Low,0,ยังไม่พบตัวชี้วัดที่เกินเกณฑ์เบื้องต้น
pink lady apple,18,0.1,0.0,3.9,0.0,0.1,0.0,0.0,0.0,0.0,0.0,0.0,0.15384615384615385,1.3,0.0,0.0,Low,0,ยังไม่พบตัวชี้วัดที่เกินเกณฑ์เบื้องต้น
blue crab raw,18,0.2,0.067,0.018,0.0,3.8,0.0,16.4,0.079,0.0039499999999999995,5.466666666666666,0.335,0.3076923076923077,0.005999999999999999,0.0,0.0,Low,0,ยังไม่พบตัวชี้วัดที่เกินเกณฑ์เบื้องต้น
orange tomato,18,0.2,0.097,3.5,0.0,1.3,1.0,0.0,0.001,4.9999999999999996e-05,0.0,0.485,0.3076923076923077,1.1666666666666667,4.0,0.0,Low,0,ยังไม่พบตัวชี้วัดที่เกินเกณฑ์เบื้องต้น
turnip greens raw,18,0.2,0.009,3.9,0.4,0.8,1.8,0.0,0.012,0.0006000000000000001,0.0,0.045,0.3076923076923077,1.3,7.200000000000001,4.0,Low,0,ยังไม่พบตัวชี้วัดที่เกินเกณฑ์เบื้องต้น
red chili peppers,18,0.2,0.088,4.0,2.4,0.8,0.7,0.0,0.03,0.0014999999999999998,0.0,0.43999999999999995,0.3076923076923077,1.3333333333333335,2.8,24.0,Low,0,ยังไม่พบตัวชี้วัดที่เกินเกณฑ์เบื้องต้น
bakers yeast,18,0.3,0.089,3.1,0.0,1.4,1.4,0.0,0.066,0.0033000000000000004,0.0,0.445,0.4615384615384615,1.0333333333333332,5.6,0.0,Low,0,ยังไม่พบตัวชี้วัดที่เกินเกณฑ์เบื้องต้น
white sugar,19,0.0,0.0,5.0,4.9,0.0,0.0,0.0,0.012,0.0006000000000000001,0.0,0.0,0.0,1.6666666666666667,0.0,49.00000000000001,Low,0,ยังไม่พบตัวชี้วัดที่เกินเกณฑ์เบื้องต้น
savoy cabbage raw,19,0.017,0.091,4.3,1.6,1.4,2.2,0.0,0.007,0.00035,0.0,0.455,0.026153846153846156,1.4333333333333333,8.8,16.0,Low,0,ยังไม่พบตัวชี้วัดที่เกินเกณฑ์เบื้องต้น
catsup,19,0.066,0.026,4.5,3.7,0.2,0.053,0.0,0.2,0.01,0.0,0.13,0.10153846153846155,1.5,0.212,37.0,Low,0,ยังไม่พบตัวชี้วัดที่เกินเกณฑ์เบื้องต้น
sweet green peppers cooked,19,0.1,0.037,4.5,2.3,0.7,0.9,0.0,0.2,0.01,0.0,0.185,0.15384615384615385,1.5,3.6000000000000005,23.0,Low,0,ยังไม่พบตัวชี้วัดที่เกินเกณฑ์เบื้องต้น
sweet red peppers cooked,19,0.1,0.012,4.5,3.2,0.7,0.9,0.0,0.2,0.01,0.0,0.060000000000000005,0.15384615384615385,1.5,3.6000000000000005,32.0,Low,0,ยังไม่พบตัวชี้วัดที่เกินเกณฑ์เบื้องต้น
filinchen gutena,19,0.2,0.056,0.5,0.028,0.4,0.0,0.0,0.0,0.0,0.0,0.27999999999999997,0.3076923076923077,0.16666666666666669,0.0,0.27999999999999997,Low,0,ยังไม่พบตัวชี้วัดที่เกินเกณฑ์เบื้องต้น
pom potes materne,19,0.2,0.2,0.2,0.068,0.0,0.0,0.0,0.0,0.0,0.0,1.0,0.3076923076923077,0.06666666666666668,0.0,0.68,Low,0,ยังไม่พบตัวชี้วัดที่เกินเกณฑ์เบื้องต้น
cream cheese fat free,19,0.2,0.1,1.4,1.0,2.8,0.0,2.2,0.1,0.005,0.7333333333333334,0.5,0.3076923076923077,0.4666666666666666,0.0,10.0,Low,0,ยังไม่พบตัวชี้วัดที่เกินเกณฑ์เบื้องต้น
cocktail sauce,19,0.2,0.0,4.2,1.8,0.2,0.3,0.0,0.2,0.01,0.0,0.0,0.3076923076923077,1.4000000000000001,1.2,18.0,Low,0,ยังไม่พบตัวชี้วัดที่เกินเกณฑ์เบื้องต้น
gourd raw,19,0.2,0.07,4.1,1.9,1.1,1.0,0.0,0.03,0.0014999999999999998,0.0,0.35000000000000003,0.3076923076923077,1.3666666666666665,4.0,19.0,Low,0,ยังไม่พบตัวชี้วัดที่เกินเกณฑ์เบื้องต้น
portabella mushrooms raw,19,0.3,0.036,3.3,2.2,1.8,1.1,0.0,0.014,0.0007,0.0,0.18,0.4615384615384615,1.0999999999999999,4.4,22.000000000000004,Low,0,ยังไม่พบตัวชี้วัดที่เกินเกณฑ์เบื้องต้น
waxgourd cooked,19,0.4,0.026,4.3,2.1,0.7,1.8,0.0,0.6,0.03,0.0,0.13,0.6153846153846154,1.4333333333333333,7.200000000000001,21.000000000000004,Low,0,ยังไม่พบตัวชี้วัดที่เกินเกณฑ์เบื้องต้น
borage,19,0.6,0.2,2.7,0.0,1.6,0.0,0.0,0.023,0.00115,0.0,1.0,0.923076923076923,0.9000000000000001,0.0,0.0,Low,0,ยังไม่พบตัวชี้วัดที่เกินเกณฑ์เบื้องต้น
paprika,19,0.9,0.1,3.7,0.7,1.0,2.4,0.0,0.061,0.0030499999999999998,0.0,0.5,1.3846153846153846,1.2333333333333334,9.6,6.999999999999999,Low,0,ยังไม่พบตัวชี้วัดที่เกินเกณฑ์เบื้องต้น
clams fried,19,1.0,0.3,1.0,0.0,1.3,0.0,5.7,0.068,0.0034,1.9,1.5,1.5384615384615385,0.33333333333333337,0.0,0.0,Low,0,ยังไม่พบตัวชี้วัดที่เกินเกณฑ์เบื้องต้น
romano cheese,19,1.3,0.9,0.2,0.088,1.6,0.0,5.2,0.008,0.00039999999999999996,1.7333333333333332,4.5,2.0,0.06666666666666668,0.0,0.8799999999999999,Low,0,ยังไม่พบตัวชี้วัดที่เกินเกณฑ์เบื้องต้น
prairie turnips raw,20,0.029,0.0,4.5,0.1,0.3,1.0,0.0,0.059,0.00295,0.0,0.0,0.04461538461538462,1.5,4.0,1.0,Low,0,ยังไม่พบตัวชี้วัดที่เกินเกณฑ์เบื้องต้น
chrysanthemum cooked,20,0.036,0.0,4.3,2.0,1.6,2.3,0.0,0.042,0.0021000000000000003,0.0,0.0,0.05538461538461538,1.4333333333333333,9.2,20.0,Low,0,ยังไม่พบตัวชี้วัดที่เกินเกณฑ์เบื้องต้น
pickle relish,20,0.061,0.093,5.3,4.4,0.097,0.2,0.0,0.1,0.005,0.0,0.46499999999999997,0.09384615384615384,1.7666666666666668,0.8,44.00000000000001,Low,0,ยังไม่พบตัวชี้วัดที่เกินเกณฑ์เบื้องต้น
taro shoots cooked,20,0.1,0.068,4.5,0.0,1.0,0.0,0.0,0.3,0.015,0.0,0.34,0.15384615384615385,1.5,0.0,0.0,Low,0,ยังไม่พบตัวชี้วัดที่เกินเกณฑ์เบื้องต้น
lime,20,0.1,0.087,7.1,1.1,0.5,1.9,0.0,0.082,0.0041,0.0,0.43499999999999994,0.15384615384615385,2.3666666666666667,7.6,11.000000000000002,Low,0,ยังไม่พบตัวชี้วัดที่เกินเกณฑ์เบื้องต้น
pumpkin flowers cooked,20,0.1,0.057,4.4,3.2,1.5,1.2,0.0,0.082,0.0041,0.0,0.28500000000000003,0.15384615384615385,1.4666666666666668,4.8,32.0,Low,0,ยังไม่พบตัวชี้วัดที่เกินเกณฑ์เบื้องต้น
swamp cabbage,20,0.2,0.0,3.6,0.0,2.0,1.9,0.0,0.4,0.02,0.0,0.0,0.3076923076923077,1.2,7.6,0.0,Low,0,ยังไม่พบตัวชี้วัดที่เกินเกณฑ์เบื้องต้น
romanesco raw,20,0.2,0.038,3.9,1.9,1.9,2.0,0.0,0.025,0.00125,0.0,0.19,0.3076923076923077,1.3,8.0,19.0,Low,0,ยังไม่พบตัวชี้วัดที่เกินเกณฑ์เบื้องต้น
chinese cabbage pak choi cooked,20,0.3,0.014,3.0,1.4,2.7,1.7,0.0,0.5,0.025,0.0,0.06999999999999999,0.4615384615384615,1.0,6.800000000000001,13.999999999999998,Low,0,ยังไม่พบตัวชี้วัดที่เกินเกณฑ์เบื้องต้น
spirulina dried,20,0.5,0.2,1.7,0.2,4.0,0.3,0.0,0.031,0.0015500000000000002,0.0,1.0,0.7692307692307693,0.5666666666666667,1.2,2.0,Low,0,ยังไม่พบตัวชี้วัดที่เกินเกณฑ์เบื้องต้น
grape leaves canned,20,0.6,0.065,3.3,0.0,1.2,2.8,0.0,0.8,0.04,0.0,0.325,0.923076923076923,1.0999999999999999,11.2,0.0,Low,0,ยังไม่พบตัวชี้วัดที่เกินเกณฑ์เบื้องต้น
roe raw,20,0.9,0.2,0.2,0.0,3.1,0.0,52.4,0.052,0.0026,17.466666666666665,1.0,1.3846153846153846,0.06666666666666668,0.0,0.0,Low,0,ยังไม่พบตัวชี้วัดที่เกินเกณฑ์เบื้องต้น
curry powder,20,0.9,0.1,3.7,0.2,0.8,2.1,0.0,0.004,0.00019999999999999998,0.0,0.5,1.3846153846153846,1.2333333333333334,8.4,2.0,Low,0,ยังไม่พบตัวชี้วัดที่เกินเกณฑ์เบื้องต้น
cottage cheese creamed,20,0.9,0.3,0.7,0.5,2.2,0.0,3.4,0.095,0.00475,1.1333333333333333,1.5,1.3846153846153846,0.2333333333333333,0.0,5.0,Low,0,ยังไม่พบตัวชี้วัดที่เกินเกณฑ์เบื้องต้น
dill seeds,20,1.0,0.018,3.6,0.0,1.1,1.4,0.0,0.037,0.0018499999999999999,0.0,0.09,1.5384615384615385,1.2,5.6,0.0,Low,0,ยังไม่พบตัวชี้วัดที่เกินเกณฑ์เบื้องต้น
figs dried,21,0.008,0.014,5.4,4.0,0.3,0.8,0.0,0.091,0.00455,0.0,0.06999999999999999,0.012307692307692308,1.8000000000000003,3.2,40.0,Low,0,ยังไม่พบตัวชี้วัดที่เกินเกณฑ์เบื้องต้น
cranberries,21,0.014,0.089,5.4,1.9,0.2,1.6,0.0,0.03,0.0014999999999999998,0.0,0.445,0.021538461538461538,1.8000000000000003,6.4,19.0,Low,0,ยังไม่พบตัวชี้วัดที่เกินเกณฑ์เบื้องต้น
french dressing fat free,21,0.024,0.067,5.1,2.6,0.01,0.4,0.0,0.1,0.005,0.0,0.335,0.036923076923076927,1.6999999999999997,1.6,26.0,Low,0,ยังไม่พบตัวชี้วัดที่เกินเกณฑ์เบื้องต้น
agave syrup,21,0.081,0.0,5.3,4.7,0.025,0.01,0.0,0.09,0.0045,0.0,0.0,0.12461538461538463,1.7666666666666668,0.04,47.0,Low,0,ยังไม่พบตัวชี้วัดที่เกินเกณฑ์เบื้องต้น
purslane cooked,21,0.2,0.0,4.1,0.0,1.7,0.0,0.0,0.3,0.015,0.0,0.0,0.3076923076923077,1.3666666666666665,0.0,0.0,Low,0,ยังไม่พบตัวชี้วัดที่เกินเกณฑ์เบื้องต้น
butterscotch,21,0.2,0.1,4.8,4.3,0.079,0.0,0.5,0.039,0.00195,0.16666666666666669,0.5,0.3076923076923077,1.6,0.0,43.0,Low,0,ยังไม่พบตัวชี้วัดที่เกินเกณฑ์เบื้องต้น
broccoli raab cooked,21,0.4,0.086,2.7,0.5,3.3,2.4,0.0,0.077,0.00385,0.0,0.43,0.6153846153846154,0.9000000000000001,9.6,5.0,Low,0,ยังไม่พบตัวชี้วัดที่เกินเกณฑ์เบื้องต้น
soya vanille joghurt alpro,21,0.6,0.1,1.0,0.09,0.3,0.0,0.0,0.0,0.0,0.0,0.5,0.923076923076923,0.33333333333333337,0.0,0.8999999999999999,Low,0,ยังไม่พบตัวชี้วัดที่เกินเกณฑ์เบื้องต้น
jellyfish dried,21,0.8,0.2,0.0,0.0,3.2,0.0,2.9,5.6,0.27999999999999997,0.9666666666666667,1.0,1.2307692307692308,0.0,0.0,0.0,Low,0,ยังไม่พบตัวชี้วัดที่เกินเกณฑ์เบื้องต้น
peanuts chocolate coated,21,1.3,0.6,2.0,1.5,0.5,0.2,0.4,0.063,0.00315,0.13333333333333336,3.0,2.0,0.6666666666666667,0.8,15.0,Low,0,ยังไม่พบตัวชี้วัดที่เกินเกณฑ์เบื้องต้น
parmesan cheese grated,21,1.4,0.8,0.7,0.075,1.4,0.0,4.3,0.043,0.0021499999999999996,1.4333333333333333,4.0,2.1538461538461537,0.2333333333333333,0.0,0.75,Low,0,ยังไม่พบตัวชี้วัดที่เกินเกณฑ์เบื้องต้น
sour dressing,21,2.0,1.6,0.6,0.6,0.4,0.0,0.6,0.094,0.004699999999999999,0.2,8.0,3.076923076923077,0.2,0.0,6.0,Low,0,ยังไม่พบตัวชี้วัดที่เกินเกณฑ์เบื้องต้น
nopales cooked,22,0.003,0.064,4.9,1.7,2.0,3.0,0.0,0.087,0.00435,0.0,0.32,0.004615384615384616,1.6333333333333335,12.0,17.0,Low,0,ยังไม่พบตัวชี้วัดที่เกินเกณฑ์เบื้องต้น
sesbania flower cooked,22,0.007,0.0,5.3,0.0,1.2,0.0,0.0,0.3,0.015,0.0,0.0,0.010769230769230769,1.7666666666666668,0.0,0.0,Low,0,ยังไม่พบตัวชี้วัดที่เกินเกณฑ์เบื้องต้น
vegetable salad,22,0.054,0.053,4.4,0.0,1.7,0.0,0.0,0.025,0.00125,0.0,0.265,0.08307692307692308,1.4666666666666668,0.0,0.0,Low,0,ยังไม่พบตัวชี้วัดที่เกินเกณฑ์เบื้องต้น
beets cooked,22,0.085,0.026,5.0,4.0,0.8,1.0,0.0,0.035,0.0017500000000000003,0.0,0.13,0.13076923076923078,1.6666666666666667,4.0,40.0,Low,0,ยังไม่พบตัวชี้วัดที่เกินเกณฑ์เบื้องต้น
potato skin raw,22,0.099,0.093,4.7,0.0,1.0,1.0,0.0,0.053,0.00265,0.0,0.46499999999999997,0.1523076923076923,1.5666666666666667,4.0,0.0,Low,0,ยังไม่พบตัวชี้วัดที่เกินเกณฑ์เบื้องต้น
tomato cooked,22,0.1,0.086,4.9,3.1,1.2,0.9,0.0,0.029,0.00145,0.0,0.43,0.15384615384615385,1.6333333333333335,3.6000000000000005,31.0,Low,0,ยังไม่พบตัวชี้วัดที่เกินเกณฑ์เบื้องต้น
orange roughy raw,22,0.2,0.057,0.0,0.0,4.6,0.0,17.0,0.063,0.00315,5.666666666666666,0.28500000000000003,0.3076923076923077,0.0,0.0,0.0,Low,0,ยังไม่พบตัวชี้วัดที่เกินเกณฑ์เบื้องต้น
cuttlefish raw,22,0.2,0.002,0.2,0.0,4.6,0.0,31.7,0.1,0.005,10.566666666666666,0.01,0.3076923076923077,0.06666666666666668,0.0,0.0,Low,0,ยังไม่พบตัวชี้วัดที่เกินเกณฑ์เบื้องต้น
sweet potato leaves cooked,22,0.2,0.099,4.7,3.5,1.4,1.2,0.0,0.2,0.01,0.0,0.49500000000000005,0.3076923076923077,1.5666666666666667,4.8,35.0,Low,0,ยังไม่พบตัวชี้วัดที่เกินเกณฑ์เบื้องต้น
new zealand spinach cooked,22,0.3,0.027,3.8,0.5,2.3,2.5,0.0,0.6,0.03,0.0,0.135,0.4615384615384615,1.2666666666666666,10.0,5.0,Low,0,ยังไม่พบตัวชี้วัดที่เกินเกณฑ์เบื้องต้น
monkfish raw,22,0.4,0.079,0.0,0.0,4.1,0.0,7.1,0.059,0.00295,2.3666666666666667,0.395,0.6153846153846154,0.0,0.0,0.0,Low,0,ยังไม่พบตัวชี้วัดที่เกินเกณฑ์เบื้องต้น
brown gravy dry,22,0.6,0.2,3.6,0.0,0.6,0.1,0.2,0.3,0.015,0.06666666666666668,1.0,0.923076923076923,1.2,0.4,0.0,Low,0,ยังไม่พบตัวชี้วัดที่เกินเกณฑ์เบื้องต้น
caraway seeds,22,1.0,0.03,3.3,0.038,1.3,2.5,0.0,0.014,0.0007,0.0,0.15,1.5384615384615385,1.0999999999999999,10.0,0.38,Low,0,ยังไม่พบตัวชี้วัดที่เกินเกณฑ์เบื้องต้น
eisbonbons mac iver,23,0.0,0.0,0.0,0.0,0.0,0.0,0.0,0.0,0.0,0.0,0.0,0.0,0.0,0.0,0.0,Low,0,ยังไม่พบตัวชี้วัดที่เกินเกณฑ์เบื้องต้น
vivaldi potatoes sainsburys,23,0.1,5.0,0.0,0.0,0.0,0.0,0.0,0.0,0.0,0.0,25.0,0.15384615384615385,0.0,0.0,0.0,Low,0,ยังไม่พบตัวชี้วัดที่เกินเกณฑ์เบื้องต้น
green lettuce,23,0.2,0.027,4.3,1.2,2.0,2.0,0.0,0.05,0.0025,0.0,0.135,0.3076923076923077,1.4333333333333333,8.0,12.0,Low,0,ยังไม่พบตัวชี้วัดที่เกินเกณฑ์เบื้องต้น
cucumber,23,0.2,0.068,5.4,2.5,1.0,0.8,0.0,0.061,0.0030499999999999998,0.0,0.34,0.3076923076923077,1.8000000000000003,3.2,25.0,Low,0,ยังไม่พบตัวชี้วัดที่เกินเกณฑ์เบื้องต้น
octopus raw,23,0.3,0.002,0.6,0.0,4.2,0.0,13.6,0.064,0.0031999999999999997,4.533333333333333,0.01,0.4615384615384615,0.2,0.0,0.0,Low,0,ยังไม่พบตัวชี้วัดที่เกินเกณฑ์เบื้องต้น
scallop squash raw,23,0.3,0.097,5.0,3.1,1.6,1.6,0.0,0.075,0.00375,0.0,0.485,0.4615384615384615,1.6666666666666667,6.4,31.0,Low,0,ยังไม่พบตัวชี้วัดที่เกินเกณฑ์เบื้องต้น
oat bran raw,23,0.5,0.077,4.9,0.1,1.3,1.2,0.0,0.036,0.0017999999999999997,0.0,0.385,0.7692307692307693,1.6333333333333335,4.8,1.0,Low,0,ยังไม่พบตัวชี้วัดที่เกินเกณฑ์เบื้องต้น
granola bites,23,0.9,0.5,3.3,1.5,0.4,0.3,0.0,0.067,0.00335,0.0,2.5,1.3846153846153846,1.0999999999999999,1.2,15.0,Low,0,ยังไม่พบตัวชี้วัดที่เกินเกณฑ์เบื้องต้น
soy flour,23,1.1,0.2,1.8,0.4,1.8,0.5,0.0,0.023,0.00115,0.0,1.0,1.6923076923076925,0.6,2.0,4.0,Low,0,ยังไม่พบตัวชี้วัดที่เกินเกณฑ์เบื้องต้น
hard candy,24,0.067,0.0,5.9,3.8,0.0,0.0,0.0,0.021,0.0010500000000000002,0.0,0.0,0.1030769230769231,1.966666666666667,0.0,38.0,Low,0,ยังไม่พบตัวชี้วัดที่เกินเกณฑ์เบื้องต้น
mung bean sprouts cooked,24,0.1,0.05,4.5,3.5,2.5,1.0,0.0,0.3,0.015,0.0,0.25,0.15384615384615385,1.5,4.0,35.0,Low,0,ยังไม่พบตัวชี้วัดที่เกินเกณฑ์เบื้องต้น
crookneck squash raw,24,0.3,0.1,4.9,4.5,1.3,1.3,0.0,0.047,0.0023499999999999997,0.0,0.5,0.4615384615384615,1.6333333333333335,5.2,45.0,Low,0,ยังไม่พบตัวชี้วัดที่เกินเกณฑ์เบื้องต้น
fireweed leaves,24,0.6,0.0,4.4,0.0,1.1,2.4,0.0,0.035,0.0017500000000000003,0.0,0.0,0.923076923076923,1.4666666666666668,9.6,0.0,Low,0,ยังไม่พบตัวชี้วัดที่เกินเกณฑ์เบื้องต้น
rolo nestle,24,1.0,0.6,0.2,0.078,0.009,0.0,0.0,0.0,0.0,0.0,3.0,1.5384615384615385,0.06666666666666668,0.0,0.7799999999999999,Low,0,ยังไม่พบตัวชี้วัดที่เกินเกณฑ์เบื้องต้น
pasilla peppers dried,24,1.1,0.0,3.6,0.0,0.9,1.9,0.0,0.063,0.00315,0.0,0.0,1.6923076923076925,1.2,7.6,0.0,Low,0,ยังไม่พบตัวชี้วัดที่เกินเกณฑ์เบื้องต้น
jews ear,25,0.095,0.0,6.7,0.0,0.5,0.0,0.0,0.027,0.0013499999999999999,0.0,0.0,0.14615384615384616,2.2333333333333334,0.0,0.0,Low,0,ยังไม่พบตัวชี้วัดที่เกินเกณฑ์เบื้องต้น
green turtle raw,25,0.1,0.015,0.0,0.0,5.6,0.0,14.2,0.099,0.00495,4.733333333333333,0.075,0.15384615384615385,0.0,0.0,0.0,Low,0,ยังไม่พบตัวชี้วัดที่เกินเกณฑ์เบื้องต้น
lotus seeds raw,25,0.1,0.097,4.9,0.0,1.2,0.0,0.0,0.02,0.001,0.0,0.485,0.15384615384615385,1.6333333333333335,0.0,0.0,Low,0,ยังไม่พบตัวชี้วัดที่เกินเกณฑ์เบื้องต้น
carrots raw,25,0.1,0.046,5.8,2.9,0.6,1.7,0.0,0.024,0.0012000000000000001,0.0,0.22999999999999998,0.15384615384615385,1.9333333333333333,6.800000000000001,28.999999999999996,Low,0,ยังไม่พบตัวชี้วัดที่เกินเกณฑ์เบื้องต้น
chayote raw,25,0.2,0.027,6.0,2.2,1.1,2.2,0.0,0.094,0.004699999999999999,0.0,0.135,0.3076923076923077,2.0,8.8,22.000000000000004,Low,0,ยังไม่พบตัวชี้วัดที่เกินเกณฑ์เบื้องต้น
honey mustard dressing fat free,25,0.2,0.031,5.8,2.7,0.2,0.2,0.2,0.2,0.01,0.06666666666666668,0.155,0.3076923076923077,1.9333333333333333,0.8,27.0,Low,0,ยังไม่พบตัวชี้วัดที่เกินเกณฑ์เบื้องต้น
queen crab raw,25,0.3,0.096,0.0,0.0,5.2,0.0,15.6,0.2,0.01,5.2,0.48000000000000004,0.4615384615384615,0.0,0.0,0.0,Low,0,ยังไม่พบตัวชี้วัดที่เกินเกณฑ์เบื้องต้น
crayfish cooked,25,0.4,0.089,0.0,0.0,5.0,0.0,38.8,0.058,0.0029,12.933333333333334,0.445,0.6153846153846154,0.0,0.0,0.0,Low,0,ยังไม่พบตัวชี้วัดที่เกินเกณฑ์เบื้องต้น
sweet red peppers canned,25,0.4,0.013,5.5,0.0,1.1,1.7,0.0,1.9,0.095,0.0,0.065,0.6153846153846154,1.8333333333333333,6.800000000000001,0.0,Low,0,ยังไม่พบตัวชี้วัดที่เกินเกณฑ์เบื้องต้น
sweet green peppers canned,25,0.4,0.037,5.5,0.0,1.1,1.7,0.0,1.9,0.095,0.0,0.185,0.6153846153846154,1.8333333333333333,6.800000000000001,0.0,Low,0,ยังไม่พบตัวชี้วัดที่เกินเกณฑ์เบื้องต้น
dandelion greens raw,25,0.4,0.012,5.1,0.4,1.5,1.9,0.0,0.043,0.0021499999999999996,0.0,0.060000000000000005,0.6153846153846154,1.6999999999999997,7.6,4.0,Low,0,ยังไม่พบตัวชี้วัดที่เกินเกณฑ์เบื้องต้น
drumstick leaves cooked,25,0.4,0.0,4.7,0.4,2.2,0.8,0.0,0.1,0.005,0.0,0.0,0.6153846153846154,1.5666666666666667,3.2,4.0,Low,0,ยังไม่พบตัวชี้วัดที่เกินเกณฑ์เบื้องต้น
oriental radish cooked,25,0.4,0.1,5.0,2.7,1.0,2.4,0.0,0.4,0.02,0.0,0.5,0.6153846153846154,1.6666666666666667,9.6,27.0,Low,0,ยังไม่พบตัวชี้วัดที่เกินเกณฑ์เบื้องต้น
beef gravy instant,25,0.6,0.3,4.1,1.6,0.7,0.3,0.7,0.3,0.015,0.2333333333333333,1.5,0.923076923076923,1.3666666666666665,1.2,16.0,Low,0,ยังไม่พบตัวชี้วัดที่เกินเกณฑ์เบื้องต้น
pork gravy powder,25,0.6,0.3,4.3,1.7,0.6,0.2,0.7,0.4,0.02,0.2333333333333333,1.5,0.923076923076923,1.4333333333333333,0.8,17.0,Low,0,ยังไม่พบตัวชี้วัดที่เกินเกณฑ์เบื้องต้น
brown gravy instant,25,0.8,0.4,4.0,0.6,0.6,0.2,0.8,0.3,0.015,0.2666666666666667,2.0,1.2307692307692308,1.3333333333333335,0.8,6.0,Low,0,ยังไม่พบตัวชี้วัดที่เกินเกณฑ์เบื้องต้น
celery seeds,25,1.6,0.1,2.7,0.078,1.2,0.8,0.0,0.068,0.0034,0.0,0.5,2.4615384615384617,0.9000000000000001,3.2,0.7799999999999999,Low,0,ยังไม่พบตัวชี้วัดที่เกินเกณฑ์เบื้องต้น
mace ground,25,1.7,0.5,2.7,0.0,0.4,1.1,0.0,0.097,0.00485,0.0,2.5,2.6153846153846154,0.9000000000000001,4.4,0.0,Low,0,ยังไม่พบตัวชี้วัดที่เกินเกณฑ์เบื้องต้น
sports drink,26,0.0,0.0,7.2,0.0,0.0,0.0,0.0,0.073,0.00365,0.0,0.0,0.0,2.4,0.0,0.0,Low,0,ยังไม่พบตัวชี้วัดที่เกินเกณฑ์เบื้องต้น
whiskey sour mix,26,0.072,0.069,6.3,6.3,0.051,0.0,0.0,0.073,0.00365,0.0,0.34500000000000003,0.11076923076923076,2.0999999999999996,0.0,63.0,Low,0,ยังไม่พบตัวชี้วัดที่เกินเกณฑ์เบื้องต้น
sweet sour sauce,26,0.084,0.0,6.7,3.3,0.02,0.065,0.0,0.024,0.0012000000000000001,0.0,0.0,0.12923076923076923,2.2333333333333334,0.26,32.99999999999999,Low,0,ยังไม่พบตัวชี้วัดที่เกินเกณฑ์เบื้องต้น
egg white dried,26,0.087,0.0,0.3,0.0,5.8,0.0,0.0,0.052,0.0026,0.0,0.0,0.13384615384615384,0.1,0.0,0.0,Low,0,ยังไม่พบตัวชี้วัดที่เกินเกณฑ์เบื้องต้น
cardoon cooked,26,0.1,0.014,6.4,0.0,0.9,2.0,0.0,0.2,0.01,0.0,0.06999999999999999,0.15384615384615385,2.1333333333333337,8.0,0.0,Low,0,ยังไม่พบตัวชี้วัดที่เกินเกณฑ์เบื้องต้น
chow mein stir fry master foods,26,0.2,5.5,0.0,0.0,0.0,0.0,0.0,0.0,0.0,0.0,27.500000000000004,0.3076923076923077,0.0,0.0,0.0,Low,0,ยังไม่พบตัวชี้วัดที่เกินเกณฑ์เบื้องต้น
carambola starfruit,26,0.3,0.077,5.7,3.4,0.9,2.4,0.0,0.047,0.0023499999999999997,0.0,0.385,0.4615384615384615,1.9,9.6,34.0,Low,0,ยังไม่พบตัวชี้วัดที่เกินเกณฑ์เบื้องต้น
squid raw,26,0.4,0.1,0.9,0.0,4.4,0.0,65.9,0.09,0.0045,21.96666666666667,0.5,0.6153846153846154,0.3,0.0,0.0,Low,0,โคเลสเตอรอลค่อนข้างสูง
turkey gravy dry,26,0.5,0.1,4.6,0.0,0.7,0.0,1.0,0.3,0.015,0.33333333333333337,0.5,0.7692307692307693,1.5333333333333332,0.0,0.0,Low,0,ยังไม่พบตัวชี้วัดที่เกินเกณฑ์เบื้องต้น
poultry salad,26,1.8,0.4,1.0,0.0,1.5,0.0,3.9,0.079,0.0039499999999999995,1.3,2.0,2.769230769230769,0.33333333333333337,0.0,0.0,Low,0,ยังไม่พบตัวชี้วัดที่เกินเกณฑ์เบื้องต้น
prune plums canned,27,0.075,0.006,7.0,6.5,0.2,0.4,0.0,0.055,0.0027500000000000003,0.0,0.030000000000000002,0.11538461538461538,2.3333333333333335,1.6,65.0,Low,0,ยังไม่พบตัวชี้วัดที่เกินเกณฑ์เบื้องต้น
crookneck squash canned,27,0.1,0.088,6.2,2.5,1.3,2.9,0.0,0.006,0.00030000000000000003,0.0,0.43999999999999995,0.15384615384615385,2.0666666666666664,11.6,25.0,Low,0,ยังไม่พบตัวชี้วัดที่เกินเกณฑ์เบื้องต้น
barbecue sauce bulls eye,27,0.1,0.028,6.4,5.6,0.1,0.2,0.0,0.2,0.01,0.0,0.13999999999999999,0.15384615384615385,2.1333333333333337,0.8,55.99999999999999,Low,0,ยังไม่พบตัวชี้วัดที่เกินเกณฑ์เบื้องต้น
sauerkraut canned,27,0.2,0.023,6.1,2.5,1.3,4.1,0.0,0.9,0.045,0.0,0.11499999999999999,0.3076923076923077,2.033333333333333,16.4,25.0,Low,0,ยังไม่พบตัวชี้วัดที่เกินเกณฑ์เบื้องต้น
turnip greens canned,27,0.4,0.1,4.0,0.6,2.0,1.9,0.0,0.082,0.0041,0.0,0.5,0.6153846153846154,1.3333333333333335,7.6,6.0,Low,0,ยังไม่พบตัวชี้วัดที่เกินเกณฑ์เบื้องต้น
monkfish cooked,27,0.6,0.0,0.0,0.0,5.3,0.0,9.1,0.004,0.00019999999999999998,3.033333333333333,0.0,0.923076923076923,0.0,0.0,0.0,Low,0,ยังไม่พบตัวชี้วัดที่เกินเกณฑ์เบื้องต้น
zucchini cooked,27,0.6,0.1,4.8,3.1,2.1,1.8,0.0,0.077,0.00385,0.0,0.5,0.923076923076923,1.6,7.200000000000001,31.0,Low,0,ยังไม่พบตัวชี้วัดที่เกินเกณฑ์เบื้องต้น
rainbow smelt raw,27,0.7,0.1,0.0,0.0,5.0,0.0,19.8,0.019,0.0009500000000000001,6.6000000000000005,0.5,1.0769230769230769,0.0,0.0,0.0,Low,0,ยังไม่พบตัวชี้วัดที่เกินเกณฑ์เบื้องต้น
chicken and rice casserole homade,27,1.0,0.0,2.4,0.0,2.0,0.3,0.0,0.0,0.0,0.0,0.0,1.5384615384615385,0.8,1.2,0.0,Low,0,ยังไม่พบตัวชี้วัดที่เกินเกณฑ์เบื้องต้น
turkey gravy instant,27,1.0,0.3,3.9,0.5,0.8,0.3,1.6,0.3,0.015,0.5333333333333334,1.5,1.5384615384615385,1.3,1.2,5.0,Low,0,ยังไม่พบตัวชี้วัดที่เกินเกณฑ์เบื้องต้น
onion rings fried,27,1.6,0.3,2.8,0.4,0.3,0.2,0.0,0.015,0.0007499999999999999,0.0,1.5,2.4615384615384617,0.9333333333333332,0.8,4.0,Low,0,ยังไม่พบตัวชี้วัดที่เกินเกณฑ์เบื้องต้น
pineapples canned,28,0.05,0.079,7.4,6.8,0.2,0.4,0.0,0.06,0.0029999999999999996,0.0,0.395,0.07692307692307693,2.466666666666667,1.6,68.0,Low,0,ยังไม่พบตัวชี้วัดที่เกินเกณฑ์เบื้องต้น
barbecue sauce kraft,28,0.053,0.013,6.5,5.2,0.1,0.032,0.0,0.2,0.01,0.0,0.065,0.08153846153846153,2.166666666666667,0.128,52.0,Low,0,ยังไม่พบตัวชี้วัดที่เกินเกณฑ์เบื้องต้น
scallop imitation,28,0.1,0.065,3.0,0.0,3.6,0.0,6.2,0.2,0.01,2.0666666666666664,0.325,0.15384615384615385,1.0,0.0,0.0,Low,0,ยังไม่พบตัวชี้วัดที่เกินเกณฑ์เบื้องต้น
surimi,28,0.3,0.059,1.9,0.0,4.3,0.0,8.5,0.042,0.0021000000000000003,2.833333333333333,0.295,0.4615384615384615,0.6333333333333333,0.0,0.0,Low,0,ยังไม่พบตัวชี้วัดที่เกินเกณฑ์เบื้องต้น
cocoa powder,28,0.3,0.2,5.9,4.6,0.5,0.3,0.0,0.034,0.0017,0.0,1.0,0.4615384615384615,1.966666666666667,1.2,46.0,Low,0,ยังไม่พบตัวชี้วัดที่เกินเกณฑ์เบื้องต้น
scots kale raw,28,0.4,0.072,5.6,0.0,1.9,1.1,0.0,0.059,0.00295,0.0,0.36,0.6153846153846154,1.8666666666666665,4.4,0.0,Low,0,ยังไม่พบตัวชี้วัดที่เกินเกณฑ์เบื้องต้น
roselle,28,0.4,0.0,6.4,0.0,0.5,0.0,0.0,0.079,0.0039499999999999995,0.0,0.0,0.6153846153846154,2.1333333333333337,0.0,0.0,Low,0,ยังไม่พบตัวชี้วัดที่เกินเกณฑ์เบื้องต้น
vanilla wafers,28,1.2,0.3,4.3,0.0,0.3,0.1,0.0,0.045,0.00225,0.0,1.5,1.846153846153846,1.4333333333333333,0.4,0.0,Low,0,ยังไม่พบตัวชี้วัดที่เกินเกณฑ์เบื้องต้น
barbecue sauce,29,0.1,0.009,6.9,5.7,0.1,0.2,0.0,0.2,0.01,0.0,0.045,0.15384615384615385,2.3,0.8,57.00000000000001,Low,0,ยังไม่พบตัวชี้วัดที่เกินเกณฑ์เบื้องต้น
turnip greens cooked,29,0.3,0.091,6.3,0.8,1.6,5.0,0.0,0.4,0.02,0.0,0.455,0.4615384615384615,2.0999999999999996,20.0,8.0,Low,0,ยังไม่พบตัวชี้วัดที่เกินเกณฑ์เบื้องต้น
scallop squash cooked,29,0.3,0.034,5.9,2.7,1.9,3.4,0.0,0.4,0.02,0.0,0.17,0.4615384615384615,1.966666666666667,13.600000000000001,27.0,Low,0,ยังไม่พบตัวชี้วัดที่เกินเกณฑ์เบื้องต้น
shrimp imitation,29,0.4,0.019,2.6,0.0,3.5,0.0,10.2,0.2,0.01,3.3999999999999995,0.095,0.6153846153846154,0.8666666666666666,0.0,0.0,Low,0,ยังไม่พบตัวชี้วัดที่เกินเกณฑ์เบื้องต้น
mustard spinach cooked,29,0.4,0.0,5.0,0.0,3.1,3.6,0.0,0.5,0.025,0.0,0.0,0.6153846153846154,1.6666666666666667,14.400000000000002,0.0,Low,0,ยังไม่พบตัวชี้วัดที่เกินเกณฑ์เบื้องต้น
chili peppers canned,29,0.4,0.013,6.4,0.0,1.0,2.4,0.0,0.6,0.03,0.0,0.065,0.6153846153846154,2.1333333333333337,9.6,0.0,Low,0,ยังไม่พบตัวชี้วัดที่เกินเกณฑ์เบื้องต้น
cauliflower cooked,29,0.6,0.055,5.1,2.6,2.3,2.9,0.0,0.094,0.004699999999999999,0.0,0.27499999999999997,0.923076923076923,1.6999999999999997,11.6,26.0,Low,0,ยังไม่พบตัวชี้วัดที่เกินเกณฑ์เบื้องต้น
gingersnap cookies,29,0.7,0.2,5.4,1.4,0.4,0.2,0.0,0.012,0.0006000000000000001,0.0,1.0,1.0769230769230769,1.8000000000000003,0.8,13.999999999999998,Low,0,ยังไม่พบตัวชี้วัดที่เกินเกณฑ์เบื้องต้น
dock,29,0.9,0.0,4.3,0.0,2.7,3.9,0.0,0.025,0.00125,0.0,0.0,1.3846153846153846,1.4333333333333333,15.6,0.0,Low,0,ยังไม่พบตัวชี้วัดที่เกินเกณฑ์เบื้องต้น
eastern oyster fried,29,1.8,0.5,1.7,0.0,1.3,0.0,10.4,0.015,0.0007499999999999999,3.4666666666666663,2.5,2.769230769230769,0.5666666666666667,0.0,0.0,Low,0,ยังไม่พบตัวชี้วัดที่เกินเกณฑ์เบื้องต้น
ranch dressing reduced fat,29,1.9,0.2,3.2,0.6,0.2,0.2,2.4,0.2,0.01,0.8,1.0,2.923076923076923,1.0666666666666669,0.8,6.0,Low,0,ยังไม่พบตัวชี้วัดที่เกินเกณฑ์เบื้องต้น
pesca,30,0.1,6.1,0.0,0.0,0.0,0.0,0.0,0.0,0.0,0.0,30.5,0.15384615384615385,0.0,0.0,0.0,Low,0,ไขมันอิ่มตัวค่อนข้างสูง
pumpkin raw,30,0.1,0.065,7.5,3.2,1.2,0.6,0.0,0.062,0.0031000000000000003,0.0,0.325,0.15384615384615385,2.5,2.4,32.0,Low,0,ยังไม่พบตัวชี้วัดที่เกินเกณฑ์เบื้องต้น
cardoon raw,30,0.2,0.072,7.2,0.0,1.2,2.8,0.0,0.3,0.015,0.0,0.36,0.3076923076923077,2.4,11.2,0.0,Low,0,ยังไม่พบตัวชี้วัดที่เกินเกณฑ์เบื้องต้น
plum,30,0.2,0.062,7.5,6.5,0.5,0.9,0.0,0.0,0.0,0.0,0.31,0.3076923076923077,2.5,3.6000000000000005,65.0,Low,0,ยังไม่พบตัวชี้วัดที่เกินเกณฑ์เบื้องต้น
orange roughy cooked,30,0.3,0.046,0.0,0.0,6.4,0.0,22.6,0.079,0.0039499999999999995,7.533333333333333,0.22999999999999998,0.4615384615384615,0.0,0.0,0.0,Low,0,ยังไม่พบตัวชี้วัดที่เกินเกณฑ์เบื้องต้น
sweet green peppers raw,30,0.3,0.053,6.9,3.6,1.3,2.5,0.0,0.023,0.00115,0.0,0.265,0.4615384615384615,2.3,10.0,36.0,Low,0,ยังไม่พบตัวชี้วัดที่เกินเกณฑ์เบื้องต้น
naranjilla lulo pulp,30,0.3,0.0,7.1,4.5,0.5,1.3,0.0,0.044,0.0022,0.0,0.0,0.4615384615384615,2.3666666666666667,5.2,45.0,Low,0,ยังไม่พบตัวชี้วัดที่เกินเกณฑ์เบื้องต้น
zwieback,30,0.7,0.2,5.2,0.9,0.7,0.2,0.6,0.05,0.0025,0.2,1.0,1.0769230769230769,1.7333333333333332,0.8,9.0,Low,0,ยังไม่พบตัวชี้วัดที่เกินเกณฑ์เบื้องต้น
sturgeon raw,30,1.1,0.3,0.0,0.0,4.6,0.0,17.0,0.007,0.00035,5.666666666666666,1.5,1.6923076923076925,0.0,0.0,0.0,Low,0,ยังไม่พบตัวชี้วัดที่เกินเกณฑ์เบื้องต้น
classique yogurt plain 2 liberte,30,1.2,0.7,1.7,1.7,3.3,0.0,0.017,0.0,0.0,0.005666666666666667,3.4999999999999996,1.846153846153846,0.5666666666666667,0.0,17.0,Low,0,ยังไม่พบตัวชี้วัดที่เกินเกณฑ์เบื้องต้น
buttermilk dressing light,30,1.9,0.2,3.2,0.6,0.2,0.2,2.4,0.2,0.01,0.8,1.0,2.923076923076923,1.0666666666666669,0.8,6.0,Low,0,ยังไม่พบตัวชี้วัดที่เกินเกณฑ์เบื้องต้น
ricotta cheese,30,2.0,1.3,1.5,0.091,1.5,0.0,9.8,0.017,0.00085,3.266666666666667,6.5,3.076923076923077,0.5,0.0,0.91,Low,0,ยังไม่พบตัวชี้วัดที่เกินเกณฑ์เบื้องต้น
yellowfin tuna raw,31,0.1,0.073,0.0,0.0,6.9,0.0,11.0,0.049,0.0024500000000000004,3.6666666666666665,0.36499999999999994,0.15384615384615385,0.0,0.0,0.0,Low,0,ยังไม่พบตัวชี้วัดที่เกินเกณฑ์เบื้องต้น
yellow snap beans raw,31,0.1,0.097,7.1,0.0,1.8,3.4,0.0,0.085,0.00425,0.0,0.485,0.15384615384615385,2.3666666666666667,13.600000000000001,0.0,Low,0,ยังไม่พบตัวชี้วัดที่เกินเกณฑ์เบื้องต้น
beef stock,31,0.2,0.003,2.9,1.3,4.7,0.0,0.0,0.5,0.025,0.0,0.015000000000000001,0.3076923076923077,0.9666666666666667,0.0,13.0,Low,0,ยังไม่พบตัวชี้วัดที่เกินเกณฑ์เบื้องต้น
snap beans raw,31,0.2,0.051,7.0,3.3,1.8,2.7,0.0,0.025,0.00125,0.0,0.25499999999999995,0.3076923076923077,2.3333333333333335,10.8,32.99999999999999,Low,0,ยังไม่พบตัวชี้วัดที่เกินเกณฑ์เบื้องต้น
broccoli raw,31,0.3,0.053,6.0,1.5,2.6,2.4,0.0,0.049,0.0024500000000000004,0.0,0.265,0.4615384615384615,2.0,9.6,15.0,Low,0,ยังไม่พบตัวชี้วัดที่เกินเกณฑ์เบื้องต้น
popcorn air popped,31,0.4,0.011,6.2,0.086,1.0,1.2,0.0,0.016,0.0007999999999999999,0.0,0.05499999999999999,0.6153846153846154,2.0666666666666664,4.8,0.86,Low,0,ยังไม่พบตัวชี้วัดที่เกินเกณฑ์เบื้องต้น
spaghetti squash raw,31,0.6,0.1,7.0,2.8,0.6,1.5,0.0,0.081,0.00405,0.0,0.5,0.923076923076923,2.3333333333333335,6.0,27.999999999999996,Low,0,ยังไม่พบตัวชี้วัดที่เกินเกณฑ์เบื้องต้น
garden cress cooked,31,0.8,0.001,5.1,4.2,2.6,0.9,0.0,0.3,0.015,0.0,0.005,1.2307692307692308,1.6999999999999997,3.6000000000000005,42.00000000000001,Low,0,ยังไม่พบตัวชี้วัดที่เกินเกณฑ์เบื้องต้น
beef luncheon meat jellied,31,0.9,0.4,0.0,0.0,5.3,0.0,9.5,0.4,0.02,3.166666666666667,2.0,1.3846153846153846,0.0,0.0,0.0,Low,0,ยังไม่พบตัวชี้วัดที่เกินเกณฑ์เบื้องต้น
persimmon,32,0.1,0.0,8.4,0.0,0.2,0.0,0.0,0.024,0.0012000000000000001,0.0,0.0,0.15384615384615385,2.8000000000000003,0.0,0.0,Low,0,ยังไม่พบตัวชี้วัดที่เกินเกณฑ์เบื้องต้น
jute cooked,32,0.2,0.004,6.3,0.9,3.2,1.7,0.0,0.043,0.0021499999999999996,0.0,0.02,0.3076923076923077,2.0999999999999996,6.800000000000001,9.0,Low,0,ยังไม่พบตัวชี้วัดที่เกินเกณฑ์เบื้องต้น
yellow tomato,32,0.6,0.03,6.3,0.0,2.1,1.5,0.0,0.088,0.0044,0.0,0.15,0.923076923076923,2.0999999999999996,6.0,0.0,Low,0,ยังไม่พบตัวชี้วัดที่เกินเกณฑ์เบื้องต้น
apple dippers mcdonalds,33,0.0,0.0,8.2,6.3,0.0,0.0,0.0,0.0,0.0,0.0,0.0,0.0,2.733333333333333,0.0,63.0,Low,0,ยังไม่พบตัวชี้วัดที่เกินเกณฑ์เบื้องต้น
eggplant cooked,33,0.2,0.049,8.1,3.2,0.8,2.5,0.0,0.2,0.01,0.0,0.245,0.3076923076923077,2.7,10.0,32.0,Low,0,ยังไม่พบตัวชี้วัดที่เกินเกณฑ์เบื้องต้น
jackfruit,33,0.2,0.071,8.1,6.7,0.6,0.5,0.0,0.094,0.004699999999999999,0.0,0.355,0.3076923076923077,2.7,2.0,67.0,Low,0,ยังไม่พบตัวชี้วัดที่เกินเกณฑ์เบื้องต้น
haddock smoked,33,0.3,0.049,0.0,0.0,7.1,0.0,21.8,0.2,0.01,7.2666666666666675,0.245,0.4615384615384615,0.0,0.0,0.0,Low,0,ยังไม่พบตัวชี้วัดที่เกินเกณฑ์เบื้องต้น
croutons,33,0.5,0.1,5.9,0.0,1.0,0.4,0.0,0.035,0.0017500000000000003,0.0,0.5,0.7692307692307693,1.966666666666667,1.6,0.0,Low,0,ยังไม่พบตัวชี้วัดที่เกินเกณฑ์เบื้องต้น
mustard spinach raw,33,0.5,0.087,5.9,0.0,3.3,4.2,0.0,0.025,0.00125,0.0,0.43499999999999994,0.7692307692307693,1.966666666666667,16.8,0.0,Low,0,ยังไม่พบตัวชี้วัดที่เกินเกณฑ์เบื้องต้น
pokeberry shoots cooked,33,0.7,0.0,5.1,2.6,3.8,2.5,0.0,0.4,0.02,0.0,0.0,1.0769230769230769,1.6999999999999997,10.0,26.0,Low,0,ยังไม่พบตัวชี้วัดที่เกินเกณฑ์เบื้องต้น
turnips cooked,34,0.1,0.082,7.9,4.7,1.1,3.1,0.0,0.017,0.00085,0.0,0.41000000000000003,0.15384615384615385,2.6333333333333333,12.4,47.0,Low,0,ยังไม่พบตัวชี้วัดที่เกินเกณฑ์เบื้องต้น
crookneck squash cooked,34,0.7,0.1,6.8,4.5,1.9,2.0,0.0,0.4,0.02,0.0,0.5,1.0769230769230769,2.2666666666666666,8.0,45.0,Low,0,ยังไม่พบตัวชี้วัดที่เกินเกณฑ์เบื้องต้น
cheese crackers,34,1.6,0.4,4.2,0.3,0.8,0.2,0.2,0.065,0.0032500000000000003,0.06666666666666668,2.0,2.4615384615384617,1.4000000000000001,0.8,3.0,Low,0,ยังไม่พบตัวชี้วัดที่เกินเกณฑ์เบื้องต้น
cabbage cooked,35,0.019,0.0,8.3,4.2,1.9,2.9,0.0,0.011,0.00055,0.0,0.0,0.02923076923076923,2.766666666666667,11.6,42.00000000000001,Low,0,ยังไม่พบตัวชี้วัดที่เกินเกณฑ์เบื้องต้น
apple butter,35,0.063,0.038,8.5,7.1,0.045,0.3,0.0,0.003,0.00015000000000000001,0.0,0.19,0.09692307692307692,2.833333333333333,1.2,71.0,Low,0,ยังไม่พบตัวชี้วัดที่เกินเกณฑ์เบื้องต้น
swiss chard cooked,35,0.1,0.0,7.2,1.9,3.3,3.7,0.0,0.7,0.034999999999999996,0.0,0.0,0.15384615384615385,2.4,14.800000000000002,19.0,Low,0,ยังไม่พบตัวชี้วัดที่เกินเกณฑ์เบื้องต้น
clementine,35,0.1,0.0,8.9,6.8,0.6,1.3,0.0,0.044,0.0022,0.0,0.0,0.15384615384615385,2.966666666666667,5.2,68.0,Low,0,ยังไม่พบตัวชี้วัดที่เกินเกณฑ์เบื้องต้น
plum sauce,35,0.2,0.094,8.1,0.0,0.2,0.1,0.0,0.1,0.005,0.0,0.47000000000000003,0.3076923076923077,2.7,0.4,0.0,Low,0,ยังไม่พบตัวชี้วัดที่เกินเกณฑ์เบื้องต้น
corn cake,35,0.2,0.019,7.5,2.1,0.7,0.2,0.0,0.01,0.0005,0.0,0.095,0.3076923076923077,2.5,0.8,21.000000000000004,Low,0,ยังไม่พบตัวชี้วัดที่เกินเกณฑ์เบื้องต้น
brown rice cake,35,0.3,0.062,7.3,0.047,0.7,0.4,0.0,0.024,0.0012000000000000001,0.0,0.31,0.4615384615384615,2.433333333333333,1.6,0.47000000000000003,Low,0,ยังไม่พบตัวชี้วัดที่เกินเกณฑ์เบื้องต้น
okra cooked,35,0.3,0.032,7.2,3.8,3.0,4.0,0.0,0.4,0.02,0.0,0.16,0.4615384615384615,2.4,16.0,38.0,Low,0,ยังไม่พบตัวชี้วัดที่เกินเกณฑ์เบื้องต้น
hoisin sauce,35,0.5,0.036,7.1,4.4,0.5,0.4,0.5,0.3,0.015,0.16666666666666669,0.18,0.7692307692307693,2.3666666666666667,1.6,44.00000000000001,Low,0,ยังไม่พบตัวชี้วัดที่เกินเกณฑ์เบื้องต้น
taro leaves cooked,35,0.6,0.1,5.6,0.0,3.9,2.9,0.0,0.3,0.015,0.0,0.5,0.923076923076923,1.8666666666666665,11.6,0.0,Low,0,ยังไม่พบตัวชี้วัดที่เกินเกณฑ์เบื้องต้น
dandelion greens cooked,35,0.6,0.0,6.7,1.7,2.1,3.0,0.0,0.3,0.015,0.0,0.0,0.923076923076923,2.2333333333333334,12.0,17.0,Low,0,ยังไม่พบตัวชี้วัดที่เกินเกณฑ์เบื้องต้น
sweet gefilte fish,35,0.7,0.2,3.1,0.0,3.8,0.0,12.6,0.2,0.01,4.199999999999999,1.0,1.0769230769230769,1.0333333333333332,0.0,0.0,Low,0,ยังไม่พบตัวชี้วัดที่เกินเกณฑ์เบื้องต้น
portabella mushrooms grilled,35,0.7,0.023,5.4,2.7,4.0,2.7,0.0,0.047,0.0023499999999999997,0.0,0.11499999999999999,1.0769230769230769,1.8000000000000003,10.8,27.0,Low,0,ยังไม่พบตัวชี้วัดที่เกินเกณฑ์เบื้องต้น
chayote cooked,35,0.8,0.1,7.2,0.0,1.0,4.5,0.0,0.4,0.02,0.0,0.5,1.2307692307692308,2.4,18.0,0.0,Low,0,ยังไม่พบตัวชี้วัดที่เกินเกณฑ์เบื้องต้น
rainbow smelt cooked,35,0.9,0.2,0.0,0.0,6.4,0.0,25.5,0.047,0.0023499999999999997,8.5,1.0,1.3846153846153846,0.0,0.0,0.0,Low,0,ยังไม่พบตัวชี้วัดที่เกินเกณฑ์เบื้องต้น
veal thymus cooked,35,0.9,0.3,0.0,0.0,6.4,0.0,99.1,0.036,0.0017999999999999997,33.03333333333333,1.5,1.3846153846153846,0.0,0.0,0.0,Low,0,โคเลสเตอรอลค่อนข้างสูง
turkey heart cooked,35,1.5,0.4,0.0,0.0,5.0,0.0,71.8,0.046,0.0023,23.93333333333333,2.0,2.307692307692308,0.0,0.0,0.0,Low,0,โคเลสเตอรอลค่อนข้างสูง
yokan,36,0.022,0.064,8.5,0.0,0.5,0.0,0.0,0.05,0.0025,0.0,0.32,0.033846153846153845,2.833333333333333,0.0,0.0,Low,0,ยังไม่พบตัวชี้วัดที่เกินเกณฑ์เบื้องต้น
mustard cabbage,36,0.1,0.016,7.2,1.8,1.4,4.0,0.0,0.9,0.045,0.0,0.08,0.15384615384615385,2.4,16.0,18.0,Low,0,ยังไม่พบตัวชี้วัดที่เกินเกณฑ์เบื้องต้น
yellow snap beans canned,36,0.2,0.076,8.4,0.0,1.9,3.6,0.0,0.6,0.03,0.0,0.38,0.3076923076923077,2.8000000000000003,14.400000000000002,0.0,Low,0,ยังไม่พบตัวชี้วัดที่เกินเกณฑ์เบื้องต้น
corn grits dry,36,0.2,0.022,7.7,0.008,0.7,0.4,0.0,0.054,0.0026999999999999997,0.0,0.10999999999999999,0.3076923076923077,2.566666666666667,1.6,0.08,Low,0,ยังไม่พบตัวชี้วัดที่เกินเกณฑ์เบื้องต้น
rice bowl with chicken,36,0.4,0.01,6.4,1.2,1.6,0.2,4.5,0.064,0.0031999999999999997,1.5,0.05,0.6153846153846154,2.1333333333333337,0.8,12.0,Low,0,ยังไม่พบตัวชี้วัดที่เกินเกณฑ์เบื้องต้น
scots kale cooked,36,0.5,0.014,7.3,0.0,2.5,0.0,0.0,0.4,0.02,0.0,0.06999999999999999,0.7692307692307693,2.433333333333333,0.0,0.0,Low,0,ยังไม่พบตัวชี้วัดที่เกินเกณฑ์เบื้องต้น
wakame,36,0.5,0.1,7.3,0.5,2.4,0.4,0.0,0.7,0.034999999999999996,0.0,0.5,0.7692307692307693,2.433333333333333,1.6,5.0,Low,0,ยังไม่พบตัวชี้วัดที่เกินเกณฑ์เบื้องต้น
fenugreek seeds,36,0.7,0.2,6.5,0.0,2.6,2.7,0.0,0.09,0.0045,0.0,1.0,1.0769230769230769,2.166666666666667,10.8,0.0,Low,0,ยังไม่พบตัวชี้วัดที่เกินเกณฑ์เบื้องต้น
mustard greens cooked,36,0.7,0.053,6.3,2.0,3.6,2.8,0.0,0.4,0.02,0.0,0.265,1.0769230769230769,2.0999999999999996,11.2,20.0,Low,0,ยังไม่พบตัวชี้วัดที่เกินเกณฑ์เบื้องต้น
after eight mints nestle,36,1.0,0.7,6.7,5.6,0.1,0.2,0.0,0.025,0.00125,0.0,3.4999999999999996,1.5384615384615385,2.2333333333333334,0.8,55.99999999999999,Low,0,ยังไม่พบตัวชี้วัดที่เกินเกณฑ์เบื้องต้น
stinging nettles,37,0.007,0.0,6.7,0.2,2.4,6.1,0.0,0.09,0.0045,0.0,0.0,0.010769230769230769,2.2333333333333334,24.4,2.0,Low,0,ยังไม่พบตัวชี้วัดที่เกินเกณฑ์เบื้องต้น
yellowfin tuna cooked,37,0.2,0.054,0.0,0.0,8.2,0.0,13.3,0.011,0.00055,4.433333333333334,0.27,0.3076923076923077,0.0,0.0,0.0,Low,0,ยังไม่พบตัวชี้วัดที่เกินเกณฑ์เบื้องต้น
drumstick pods raw,37,0.2,0.025,8.5,0.0,2.1,3.2,0.0,0.077,0.00385,0.0,0.125,0.3076923076923077,2.833333333333333,12.8,0.0,Low,0,ยังไม่พบตัวชี้วัดที่เกินเกณฑ์เบื้องต้น
figs,37,0.2,0.068,9.6,8.1,0.4,1.5,0.0,0.049,0.0024500000000000004,0.0,0.34,0.3076923076923077,3.2,6.0,81.0,Low,0,ยังไม่พบตัวชี้วัดที่เกินเกณฑ์เบื้องต้น
spinach pasta cooked,37,0.3,0.078,7.1,0.0,1.4,0.0,9.3,0.004,0.00019999999999999998,3.1000000000000005,0.38999999999999996,0.4615384615384615,2.3666666666666667,0.0,0.0,Low,0,ยังไม่พบตัวชี้วัดที่เกินเกณฑ์เบื้องต้น
chestnuts roasted,37,0.3,0.009,7.9,1.6,0.5,0.8,0.0,0.043,0.0021499999999999996,0.0,0.045,0.4615384615384615,2.6333333333333333,3.2,16.0,Low,0,ยังไม่พบตัวชี้วัดที่เกินเกณฑ์เบื้องต้น
chestnuts cooked,37,0.4,0.016,7.9,0.0,0.6,0.0,0.0,0.046,0.0023,0.0,0.08,0.6153846153846154,2.6333333333333333,0.0,0.0,Low,0,ยังไม่พบตัวชี้วัดที่เกินเกณฑ์เบื้องต้น
guava,37,0.5,0.1,7.9,4.9,1.4,3.0,0.0,0.056,0.0028,0.0,0.5,0.7692307692307693,2.6333333333333333,12.0,49.00000000000001,Low,0,ยังไม่พบตัวชี้วัดที่เกินเกณฑ์เบื้องต้น
pokeberry shoots raw,37,0.6,0.0,5.9,0.0,4.2,2.7,0.0,0.05,0.0025,0.0,0.0,0.923076923076923,1.966666666666667,10.8,0.0,Low,0,ยังไม่พบตัวชี้วัดที่เกินเกณฑ์เบื้องต้น
amaranth raw,37,0.7,0.1,6.5,0.2,1.4,0.7,0.0,0.077,0.00385,0.0,0.5,1.0769230769230769,2.166666666666667,2.8,2.0,Low,0,ยังไม่พบตัวชี้วัดที่เกินเกณฑ์เบื้องต้น
shark raw,37,1.3,0.3,0.0,0.0,5.9,0.0,14.4,0.003,0.00015000000000000001,4.8,1.5,2.0,0.0,0.0,0.0,Low,0,ยังไม่พบตัวชี้วัดที่เกินเกณฑ์เบื้องต้น
jalapeno peppers canned,37,1.3,0.1,6.4,2.9,1.3,3.5,0.0,2.3,0.11499999999999999,0.0,0.5,2.0,2.1333333333333337,14.000000000000002,28.999999999999996,Low,0,ยังไม่พบตัวชี้วัดที่เกินเกณฑ์เบื้องต้น
anchovy raw,37,1.4,0.4,0.0,0.0,5.8,0.0,17.0,0.012,0.0006000000000000001,5.666666666666666,2.0,2.1538461538461537,0.0,0.0,0.0,Low,0,ยังไม่พบตัวชี้วัดที่เกินเกณฑ์เบื้องต้น
pear canned,38,0.001,0.099,9.8,7.4,0.3,1.2,0.0,0.088,0.0044,0.0,0.49500000000000005,0.0015384615384615385,3.266666666666667,4.8,74.0,Low,0,ยังไม่พบตัวชี้วัดที่เกินเกณฑ์เบื้องต้น
leeks cooked,38,0.2,0.086,9.4,2.6,1.0,1.2,0.0,0.067,0.00335,0.0,0.43,0.3076923076923077,3.1333333333333333,4.8,26.0,Low,0,ยังไม่พบตัวชี้วัดที่เกินเกณฑ์เบื้องต้น
popcorn cake,38,0.3,0.074,8.0,0.001,1.0,0.3,0.0,0.05,0.0025,0.0,0.37,0.4615384615384615,2.666666666666667,1.2,0.01,Low,0,ยังไม่พบตัวชี้วัดที่เกินเกณฑ์เบื้องต้น
indian squash cooked,38,0.4,0.0,7.6,4.7,0.7,3.5,0.0,0.0,0.0,0.0,0.0,0.6153846153846154,2.533333333333333,14.000000000000002,47.0,Low,0,ยังไม่พบตัวชี้วัดที่เกินเกณฑ์เบื้องต้น
au jus,38,0.5,0.2,5.9,0.0,2.8,0.0,0.0,1.1,0.055,0.0,1.0,0.7692307692307693,1.966666666666667,0.0,0.0,Low,0,ยังไม่พบตัวชี้วัดที่เกินเกณฑ์เบื้องต้น
turkey ham,38,1.6,0.1,0.3,0.1,5.5,0.0,18.8,0.3,0.015,6.266666666666667,0.5,2.4615384615384617,0.1,0.0,1.0,Low,0,ยังไม่พบตัวชี้วัดที่เกินเกณฑ์เบื้องต้น
turkey pastrami,38,1.8,0.5,0.5,1.0,4.6,0.062,19.4,0.3,0.015,6.466666666666667,2.5,2.769230769230769,0.16666666666666669,0.248,10.0,Low,0,ยังไม่พบตัวชี้วัดที่เกินเกณฑ์เบื้องต้น
whelk raw,39,0.1,0.096,2.2,0.0,6.7,0.0,18.4,0.073,0.00365,6.133333333333333,0.48000000000000004,0.15384615384615385,0.7333333333333334,0.0,0.0,Low,0,ยังไม่พบตัวชี้วัดที่เกินเกณฑ์เบื้องต้น
winter squash raw,39,0.2,0.019,10.0,2.6,1.1,1.7,0.0,0.027,0.0013499999999999999,0.0,0.095,0.3076923076923077,3.3333333333333335,6.800000000000001,26.0,Low,0,ยังไม่พบตัวชี้วัดที่เกินเกณฑ์เบื้องต้น
ohelo berries,39,0.3,0.0,9.6,0.0,0.5,0.0,0.0,0.068,0.0034,0.0,0.0,0.4615384615384615,3.2,0.0,0.0,Low,0,ยังไม่พบตัวชี้วัดที่เกินเกณฑ์เบื้องต้น
beet greens cooked,39,0.3,0.025,7.9,0.9,3.7,4.2,0.0,0.3,0.015,0.0,0.125,0.4615384615384615,2.6333333333333333,16.8,9.0,Low,0,ยังไม่พบตัวชี้วัดที่เกินเกณฑ์เบื้องต้น
romanesco cooked,39,0.4,0.028,7.7,0.0,3.7,4.0,0.0,0.3,0.015,0.0,0.13999999999999999,0.6153846153846154,2.566666666666667,16.0,0.0,Low,0,ยังไม่พบตัวชี้วัดที่เกินเกณฑ์เบื้องต้น
oats,39,0.7,0.1,6.6,0.0,1.7,1.1,0.0,0.074,0.0036999999999999997,0.0,0.5,1.0769230769230769,2.1999999999999997,4.4,0.0,Low,0,ยังไม่พบตัวชี้วัดที่เกินเกณฑ์เบื้องต้น
caramels,39,0.8,0.3,7.8,6.6,0.5,0.0,0.7,0.015,0.0007499999999999999,0.2333333333333333,1.5,1.2307692307692308,2.6,0.0,65.99999999999999,Low,0,ยังไม่พบตัวชี้วัดที่เกินเกณฑ์เบื้องต้น
luxury loaf,39,1.3,0.4,1.4,0.0,5.2,0.0,10.1,0.3,0.015,3.3666666666666663,2.0,2.0,0.4666666666666666,0.0,0.0,Low,0,ยังไม่พบตัวชี้วัดที่เกินเกณฑ์เบื้องต้น
fish broth,39,1.5,0.3,1.0,0.2,4.9,0.0,0.0,0.5,0.025,0.0,1.5,2.307692307692308,0.33333333333333337,0.0,2.0,Low,0,ยังไม่พบตัวชี้วัดที่เกินเกณฑ์เบื้องต้น
tangerine,40,0.2,0.07,10.1,8.0,0.6,1.4,0.0,0.056,0.0028,0.0,0.35000000000000003,0.3076923076923077,3.3666666666666663,5.6,80.0,Low,0,ยังไม่พบตัวชี้วัดที่เกินเกณฑ์เบื้องต้น
miso,40,1.2,0.2,5.1,1.2,2.6,1.1,0.0,0.7,0.034999999999999996,0.0,1.0,1.846153846153846,1.6999999999999997,4.4,12.0,Low,0,ยังไม่พบตัวชี้วัดที่เกินเกณฑ์เบื้องต้น
fish stock,40,1.9,0.5,0.0,0.0,5.3,0.0,2.3,0.4,0.02,0.7666666666666666,2.5,2.923076923076923,0.0,0.0,0.0,Low,0,ยังไม่พบตัวชี้วัดที่เกินเกณฑ์เบื้องต้น
turkey roll,40,1.9,0.6,0.6,0.0,4.9,0.0,14.9,0.1,0.005,4.966666666666667,3.0,2.923076923076923,0.2,0.0,0.0,Low,0,ยังไม่พบตัวชี้วัดที่เกินเกณฑ์เบื้องต้น
shortbread cookies,40,1.9,0.5,5.2,1.2,0.5,0.1,1.6,0.097,0.00485,0.5333333333333334,2.5,2.923076923076923,1.7333333333333332,0.4,12.0,Low,0,ยังไม่พบตัวชี้วัดที่เกินเกณฑ์เบื้องต้น
barbecue loaf,40,2.0,0.7,1.5,0.0,3.6,0.0,8.5,0.3,0.015,2.833333333333333,3.4999999999999996,3.076923076923077,0.5,0.0,0.0,Low,0,ยังไม่พบตัวชี้วัดที่เกินเกณฑ์เบื้องต้น
savoy cabbage cooked,41,0.2,0.076,9.2,0.0,3.1,4.8,0.0,0.05,0.0025,0.0,0.38,0.3076923076923077,3.0666666666666664,19.2,0.0,Low,0,ยังไม่พบตัวชี้วัดที่เกินเกณฑ์เบื้องต้น
cowpeas raw,41,0.3,0.082,8.9,4.7,3.1,3.1,0.0,0.026,0.0013,0.0,0.41000000000000003,0.4615384615384615,2.966666666666667,12.4,47.0,Low,0,ยังไม่พบตัวชี้วัดที่เกินเกณฑ์เบื้องต้น
tomatoes in tomato juice canned,41,0.3,0.08,9.6,5.7,1.9,2.4,0.0,0.3,0.015,0.0,0.4,0.4615384615384615,3.2,9.6,57.00000000000001,Low,0,ยังไม่พบตัวชี้วัดที่เกินเกณฑ์เบื้องต้น
buckwheat raw,41,0.4,0.007,8.6,0.0,1.6,1.2,0.0,0.054,0.0026999999999999997,0.0,0.034999999999999996,0.6153846153846154,2.8666666666666667,4.8,0.0,Low,0,ยังไม่พบตัวชี้วัดที่เกินเกณฑ์เบื้องต้น
spinach cooked,41,0.5,0.042,6.8,0.8,5.3,4.3,0.0,0.1,0.005,0.0,0.21000000000000002,0.7692307692307693,2.2666666666666666,17.2,8.0,Low,0,ยังไม่พบตัวชี้วัดที่เกินเกณฑ์เบื้องต้น
tomato juice,41,0.7,0.043,8.6,6.3,2.1,1.0,0.0,0.063,0.00315,0.0,0.215,1.0769230769230769,2.8666666666666667,4.0,63.0,Low,0,ยังไม่พบตัวชี้วัดที่เกินเกณฑ์เบื้องต้น
oyster raw,41,1.2,0.3,2.5,0.0,4.7,0.0,25.0,0.059,0.00295,8.333333333333332,1.5,1.846153846153846,0.8333333333333334,0.0,0.0,Low,0,ยังไม่พบตัวชี้วัดที่เกินเกณฑ์เบื้องต้น
oyster cooked,41,1.2,0.3,2.5,0.0,4.7,0.0,25.0,0.066,0.0033000000000000004,8.333333333333332,1.5,1.846153846153846,0.8333333333333334,0.0,0.0,Low,0,ยังไม่พบตัวชี้วัดที่เกินเกณฑ์เบื้องต้น
bluefin tuna raw,41,1.4,0.4,0.0,0.0,6.6,0.0,10.8,0.013,0.00065,3.6000000000000005,2.0,2.1538461538461537,0.0,0.0,0.0,Low,0,ยังไม่พบตัวชี้วัดที่เกินเกณฑ์เบื้องต้น
pasta marinara and ground beef sauce,41,1.6,0.5,4.1,1.0,2.5,0.5,0.2,0.0,0.0,0.06666666666666668,2.5,2.4615384615384617,1.3666666666666665,2.0,10.0,Low,0,ยังไม่พบตัวชี้วัดที่เกินเกณฑ์เบื้องต้น
ground veal raw,41,1.9,0.8,0.0,0.0,5.5,0.0,23.2,0.029,0.00145,7.733333333333333,4.0,2.923076923076923,0.0,0.0,0.0,Low,0,ยังไม่พบตัวชี้วัดที่เกินเกณฑ์เบื้องต้น
barley raw,42,0.1,0.041,9.3,0.094,1.2,1.9,0.0,0.016,0.0007999999999999999,0.0,0.20500000000000002,0.15384615384615385,3.1000000000000005,7.6,0.9400000000000001,Low,0,ยังไม่พบตัวชี้วัดที่เกินเกณฑ์เบื้องต้น
drumstick pods cooked,42,0.2,0.0,9.7,0.0,2.5,5.0,0.0,0.3,0.015,0.0,0.0,0.3076923076923077,3.2333333333333334,20.0,0.0,Low,0,ยังไม่พบตัวชี้วัดที่เกินเกณฑ์เบื้องต้น
pumpkin seed sunfish cooked,42,0.3,0.025,0.0,0.0,9.2,0.0,31.8,0.046,0.0023,10.6,0.125,0.4615384615384615,0.0,0.0,0.0,Low,0,ยังไม่พบตัวชี้วัดที่เกินเกณฑ์เบื้องต้น
celeriac cooked,42,0.3,0.0,9.1,0.0,1.5,0.0,0.0,0.084,0.004200000000000001,0.0,0.0,0.4615384615384615,3.033333333333333,0.0,0.0,Low,0,ยังไม่พบตัวชี้วัดที่เกินเกณฑ์เบื้องต้น
spaghetti squash cooked,42,0.4,0.091,10.0,3.9,1.0,2.2,0.0,0.4,0.02,0.0,0.455,0.6153846153846154,3.3333333333333335,8.8,39.0,Low,0,ยังไม่พบตัวชี้วัดที่เกินเกณฑ์เบื้องต้น
kiwifruit green,42,0.4,0.095,10.1,6.2,0.8,2.1,0.0,0.096,0.0048000000000000004,0.0,0.475,0.6153846153846154,3.3666666666666663,8.4,62.0,Low,0,ยังไม่พบตัวชี้วัดที่เกินเกณฑ์เบื้องต้น
green tomato,42,0.4,0.024,9.3,7.3,2.2,2.0,0.0,0.055,0.0027500000000000003,0.0,0.12000000000000001,0.6153846153846154,3.1000000000000005,8.0,73.0,Low,0,ยังไม่พบตัวชี้วัดที่เกินเกณฑ์เบื้องต้น
prickly pear,42,0.5,0.014,9.9,0.0,0.8,3.7,0.0,0.044,0.0022,0.0,0.06999999999999999,0.7692307692307693,3.3000000000000003,14.800000000000002,0.0,Low,0,ยังไม่พบตัวชี้วัดที่เกินเกณฑ์เบื้องต้น
radish pickled,42,0.5,0.1,7.8,3.0,1.7,3.3,0.0,1.2,0.06,0.0,0.5,0.7692307692307693,2.6,13.200000000000001,30.0,Low,0,ยังไม่พบตัวชี้วัดที่เกินเกณฑ์เบื้องต้น
summer squash raw,42,0.5,0.1,8.7,5.7,3.1,2.9,0.0,0.051,0.00255,0.0,0.5,0.7692307692307693,2.9,11.6,57.00000000000001,Low,0,ยังไม่พบตัวชี้วัดที่เกินเกณฑ์เบื้องต้น
tomatillos,42,1.3,0.2,7.7,5.2,1.3,2.5,0.0,0.019,0.0009500000000000001,0.0,1.0,2.0,2.566666666666667,10.0,52.0,Low,0,ยังไม่พบตัวชี้วัดที่เกินเกณฑ์เบื้องต้น
kale cooked,42,1.4,0.2,6.3,1.4,3.5,4.7,0.0,0.018,0.0008999999999999999,0.0,1.0,2.1538461538461537,2.0999999999999996,18.8,13.999999999999998,Low,0,ยังไม่พบตัวชี้วัดที่เกินเกณฑ์เบื้องต้น
peppered loaf,42,1.8,0.6,1.3,1.3,4.9,0.0,13.1,0.2,0.01,4.366666666666666,3.0,2.769230769230769,0.4333333333333333,0.0,13.0,Low,0,ยังไม่พบตัวชี้วัดที่เกินเกณฑ์เบื้องต้น
milkfish raw,42,1.9,0.5,0.0,0.0,5.8,0.0,14.7,0.098,0.004900000000000001,4.8999999999999995,2.5,2.923076923076923,0.0,0.0,0.0,Low,0,ยังไม่พบตัวชี้วัดที่เกินเกณฑ์เบื้องต้น
pumpkin seed sunfish raw,43,0.3,0.051,0.0,0.0,9.3,0.0,32.2,0.06,0.0029999999999999996,10.733333333333334,0.25499999999999995,0.4615384615384615,0.0,0.0,0.0,Low,0,ยังไม่พบตัวชี้วัดที่เกินเกณฑ์เบื้องต้น
canadian style bacon grilled,43,2.0,0.7,0.3,0.0,5.7,0.0,13.6,0.4,0.02,4.533333333333333,3.4999999999999996,3.076923076923077,0.1,0.0,0.0,Low,0,ยังไม่พบตัวชี้วัดที่เกินเกณฑ์เบื้องต้น
wheat puffed,44,0.1,0.025,9.6,0.0,1.8,0.5,0.0,0.03,0.0014999999999999998,0.0,0.125,0.15384615384615385,3.2,2.0,0.0,Low,0,ยังไม่พบตัวชี้วัดที่เกินเกณฑ์เบื้องต้น
snap beans cooked,44,0.4,0.005,9.9,1.9,2.4,4.0,0.0,0.086,0.004299999999999999,0.0,0.025,0.6153846153846154,3.3000000000000003,16.0,19.0,Low,0,ยังไม่พบตัวชี้วัดที่เกินเกณฑ์เบื้องต้น
yellow snap beans cooked,44,0.4,0.037,9.9,4.5,2.4,4.1,0.0,0.096,0.0048000000000000004,0.0,0.185,0.6153846153846154,3.3000000000000003,16.4,45.0,Low,0,ยังไม่พบตัวชี้วัดที่เกินเกณฑ์เบื้องต้น
pimento canned,44,0.6,0.004,9.8,5.2,2.1,3.6,0.0,0.006,0.00030000000000000003,0.0,0.02,0.923076923076923,3.266666666666667,14.400000000000002,52.0,Low,0,ยังไม่พบตัวชี้วัดที่เกินเกณฑ์เบื้องต้น
mushrooms cooked,44,0.7,0.05,8.3,3.7,3.4,3.4,0.0,0.011,0.00055,0.0,0.25,1.0769230769230769,2.766666666666667,13.600000000000001,37.0,Low,0,ยังไม่พบตัวชี้วัดที่เกินเกณฑ์เบื้องต้น
zucchini raw,44,0.8,0.2,8.1,6.5,3.1,2.6,0.0,0.023,0.00115,0.0,1.0,1.2307692307692308,2.7,10.4,65.0,Low,0,ยังไม่พบตัวชี้วัดที่เกินเกณฑ์เบื้องต้น
spinach canned,44,0.9,0.1,6.8,0.0,4.9,3.7,0.0,0.7,0.034999999999999996,0.0,0.5,1.3846153846153846,2.2666666666666666,14.800000000000002,0.0,Low,0,ยังไม่พบตัวชี้วัดที่เกินเกณฑ์เบื้องต้น
pineapple,45,0.1,0.074,11.8,8.9,0.5,1.3,0.0,0.099,0.00495,0.0,0.37,0.15384615384615385,3.933333333333334,5.2,89.0,Low,0,ยังไม่พบตัวชี้วัดที่เกินเกณฑ์เบื้องต้น
japanese cabbage,45,0.2,0.092,8.5,2.0,2.4,4.7,0.0,0.4,0.02,0.0,0.45999999999999996,0.3076923076923077,2.833333333333333,18.8,20.0,Low,0,ยังไม่พบตัวชี้วัดที่เกินเกณฑ์เบื้องต้น
cuttlefish cooked,45,0.4,0.08,0.5,0.0,9.2,0.0,63.4,0.2,0.01,21.133333333333333,0.4,0.6153846153846154,0.16666666666666669,0.0,0.0,Low,0,โคเลสเตอรอลค่อนข้างสูง
beef kidneys cooked,45,1.3,0.3,0.0,0.0,7.7,0.0,202.6,0.029,0.00145,67.53333333333333,1.5,2.0,0.0,0.0,0.0,Low,0,โคเลสเตอรอลค่อนข้างสูง
canadian style bacon raw,45,2.0,0.6,0.5,0.0,5.9,0.0,14.3,0.3,0.015,4.766666666666667,3.0,3.076923076923077,0.16666666666666669,0.0,0.0,Low,0,ยังไม่พบตัวชี้วัดที่เกินเกณฑ์เบื้องต้น
prune puree,46,0.02,0.038,11.7,7.0,0.4,0.6,0.0,0.036,0.0017999999999999997,0.0,0.19,0.03076923076923077,3.9,2.4,70.0,Low,0,ยังไม่พบตัวชี้วัดที่เกินเกณฑ์เบื้องต้น
barbecue sauce mcdonalds,46,0.3,0.09,10.3,9.6,0.4,0.4,0.0,0.3,0.015,0.0,0.44999999999999996,0.4615384615384615,3.4333333333333336,1.6,96.0,Low,0,ยังไม่พบตัวชี้วัดที่เกินเกณฑ์เบื้องต้น
protein bread toasted,46,0.4,0.059,8.2,0.2,2.2,0.6,0.0,0.049,0.0024500000000000004,0.0,0.295,0.6153846153846154,2.733333333333333,2.4,2.0,Low,0,ยังไม่พบตัวชี้วัดที่เกินเกณฑ์เบื้องต้น
sweet red peppers raw,46,0.4,0.088,9.0,6.3,1.5,3.1,0.0,0.092,0.0046,0.0,0.43999999999999995,0.6153846153846154,3.0,12.4,63.0,Low,0,ยังไม่พบตัวชี้วัดที่เกินเกณฑ์เบื้องต้น
coconut water,46,0.5,0.4,8.9,6.3,1.7,2.6,0.0,0.3,0.015,0.0,2.0,0.7692307692307693,2.966666666666667,10.4,63.0,Low,0,ยังไม่พบตัวชี้วัดที่เกินเกณฑ์เบื้องต้น
hubbard squash raw,46,0.6,0.1,10.1,4.6,2.3,4.5,0.0,0.094,0.004699999999999999,0.0,0.5,0.923076923076923,3.3666666666666663,18.0,46.0,Low,0,ยังไม่พบตัวชี้วัดที่เกินเกณฑ์เบื้องต้น
oat bran muffin,46,1.3,0.2,8.2,1.4,1.2,0.8,0.0,0.067,0.00335,0.0,1.0,2.0,2.733333333333333,3.2,13.999999999999998,Low,0,ยังไม่พบตัวชี้วัดที่เกินเกณฑ์เบื้องต้น
protein bread,47,0.4,0.009,8.3,0.3,2.3,0.6,0.0,0.008,0.00039999999999999996,0.0,0.045,0.6153846153846154,2.766666666666667,2.4,3.0,Low,0,ยังไม่พบตัวชี้วัดที่เกินเกณฑ์เบื้องต้น
beef heart cooked,47,1.3,0.4,0.057,0.0,8.1,0.0,60.0,0.024,0.0012000000000000001,20.0,2.0,2.0,0.019,0.0,0.0,Low,0,โคเลสเตอรอลค่อนข้างสูง
apricot jam,48,0.01,0.042,12.9,8.7,0.1,0.044,0.0,0.004,0.00019999999999999998,0.0,0.21000000000000002,0.015384615384615385,4.300000000000001,0.176,86.99999999999999,Low,0,ยังไม่พบตัวชี้วัดที่เกินเกณฑ์เบื้องต้น
pummelo,48,0.06,0.0,12.0,0.0,1.0,1.3,0.0,0.094,0.004699999999999999,0.0,0.0,0.0923076923076923,4.0,5.2,0.0,Low,0,ยังไม่พบตัวชี้วัดที่เกินเกณฑ์เบื้องต้น
kohlrabi cooked,48,0.2,0.041,11.0,4.6,3.0,1.8,0.0,0.035,0.0017500000000000003,0.0,0.20500000000000002,0.3076923076923077,3.6666666666666665,7.200000000000001,46.0,Low,0,ยังไม่พบตัวชี้วัดที่เกินเกณฑ์เบื้องต้น
casaba melon,48,0.2,0.012,11.2,9.7,1.9,1.5,0.0,0.057,0.00285,0.0,0.060000000000000005,0.3076923076923077,3.733333333333333,6.0,97.0,Low,0,ยังไม่พบตัวชี้วัดที่เกินเกณฑ์เบื้องต้น
beef diced asda,48,0.7,0.3,10.5,0.054,0.0,0.0,0.0,0.0,0.0,0.0,1.5,1.0769230769230769,3.5000000000000004,0.0,0.54,Low,0,ยังไม่พบตัวชี้วัดที่เกินเกณฑ์เบื้องต้น
ocean perch cooked,48,0.9,0.2,0.0,0.0,9.3,0.0,31.5,0.2,0.01,10.5,1.0,1.3846153846153846,0.0,0.0,0.0,Low,0,ยังไม่พบตัวชี้วัดที่เกินเกณฑ์เบื้องต้น
ancho pepper dried,48,1.4,0.1,8.7,0.0,2.0,3.7,0.0,0.068,0.0034,0.0,0.5,2.1538461538461537,2.9,14.800000000000002,0.0,Low,0,ยังไม่พบตัวชี้วัดที่เกินเกณฑ์เบื้องต้น
rum,49,0.0,0.0,0.0,0.0,0.0,0.0,0.0,0.053,0.00265,0.0,0.0,0.0,0.0,0.0,0.0,Low,0,ยังไม่พบตัวชี้วัดที่เกินเกณฑ์เบื้องต้น
yam bean jicama,49,0.1,0.061,11.5,2.3,0.9,6.4,0.0,0.047,0.0023499999999999997,0.0,0.305,0.15384615384615385,3.833333333333333,25.6,23.0,Low,0,ยังไม่พบตัวชี้วัดที่เกินเกณฑ์เบื้องต้น
pumpkin cooked,49,0.2,0.019,12.0,5.1,1.8,2.7,0.0,0.006,0.00030000000000000003,0.0,0.095,0.3076923076923077,4.0,10.8,51.0,Low,0,ยังไม่พบตัวชี้วัดที่เกินเกณฑ์เบื้องต้น
red cabbage cooked,49,0.2,0.058,11.8,5.6,2.6,4.4,0.0,0.047,0.0023499999999999997,0.0,0.29000000000000004,0.3076923076923077,3.933333333333334,17.6,55.99999999999999,Low,0,ยังไม่พบตัวชี้วัดที่เกินเกณฑ์เบื้องต้น
bamboo shoots raw,49,0.5,0.1,9.4,5.4,4.7,4.0,0.0,0.067,0.00335,0.0,0.5,0.7692307692307693,3.1333333333333333,16.0,54.0,Low,0,ยังไม่พบตัวชี้วัดที่เกินเกณฑ์เบื้องต้น
corn canned,49,0.6,0.032,11.1,3.3,1.6,1.4,0.0,0.2,0.01,0.0,0.16,0.923076923076923,3.6999999999999997,5.6,32.99999999999999,Low,0,ยังไม่พบตัวชี้วัดที่เกินเกณฑ์เบื้องต้น
summer squash cooked,49,1.0,0.2,9.9,6.4,2.7,2.9,0.0,0.036,0.0017999999999999997,0.0,1.0,1.5384615384615385,3.3000000000000003,11.6,64.0,Low,0,ยังไม่พบตัวชี้วัดที่เกินเกณฑ์เบื้องต้น
sturgeon smoked,49,1.2,0.3,0.0,0.0,8.8,0.0,22.6,0.2,0.01,7.533333333333333,1.5,1.846153846153846,0.0,0.0,0.0,Low,0,ยังไม่พบตัวชี้วัดที่เกินเกณฑ์เบื้องต้น
vanilla bluberry bar kind,49,1.4,8.4,0.9,0.096,0.0,0.0,0.0,0.0,0.0,0.0,42.00000000000001,2.1538461538461537,0.3,0.0,0.9600000000000001,Low,0,ไขมันอิ่มตัวค่อนข้างสูง
sweet yellow peppers,50,0.4,0.012,11.8,0.0,1.9,1.7,0.0,0.017,0.00085,0.0,0.060000000000000005,0.6153846153846154,3.933333333333334,6.800000000000001,0.0,Low,0,ยังไม่พบตัวชี้วัดที่เกินเกณฑ์เบื้องต้น
whole wheat bread natures own,50,1.0,11.0,0.0,0.0,0.0,0.0,0.0,0.0,0.0,0.0,55.00000000000001,1.5384615384615385,0.0,0.0,0.0,Low,0,ไขมันอิ่มตัวค่อนข้างสูง
milk crackers,50,1.7,0.3,7.7,1.8,0.8,0.2,1.2,0.095,0.00475,0.4,1.5,2.6153846153846154,2.566666666666667,0.8,18.0,Low,0,ยังไม่พบตัวชี้วัดที่เกินเกณฑ์เบื้องต้น
chocolate pretzels,50,1.8,0.8,7.8,0.0,0.8,0.0,0.0,0.037,0.0018499999999999999,0.0,4.0,2.769230769230769,2.6,0.0,0.0,Low,0,ยังไม่พบตัวชี้วัดที่เกินเกณฑ์เบื้องต้น
turnips raw,51,0.2,0.074,11.8,7.0,1.6,3.3,0.0,0.1,0.005,0.0,0.37,0.3076923076923077,3.933333333333334,13.200000000000001,70.0,Low,0,ยังไม่พบตัวชี้วัดที่เกินเกณฑ์เบื้องต้น
asian pear,51,0.3,0.009,13.0,8.6,0.6,4.4,0.0,0.0,0.0,0.0,0.045,0.4615384615384615,4.333333333333334,17.6,86.0,Low,0,ยังไม่พบตัวชี้วัดที่เกินเกณฑ์เบื้องต้น
ocean perch raw,51,1.0,0.2,0.0,0.0,9.8,0.0,33.3,0.2,0.01,11.099999999999998,1.0,1.5384615384615385,0.0,0.0,0.0,Low,0,ยังไม่พบตัวชี้วัดที่เกินเกณฑ์เบื้องต้น
durian,51,1.9,0.0,9.5,0.0,0.5,1.3,0.0,0.079,0.0039499999999999995,0.0,0.0,2.923076923076923,3.166666666666667,5.2,0.0,Low,0,ยังไม่พบตัวชี้วัดที่เกินเกณฑ์เบื้องต้น
potato cooked,52,0.006,0.003,12.1,0.5,1.1,1.2,0.0,0.035,0.0017500000000000003,0.0,0.015000000000000001,0.009230769230769232,4.033333333333333,4.8,5.0,Low,0,ยังไม่พบตัวชี้วัดที่เกินเกณฑ์เบื้องต้น
quince,52,0.012,0.049,14.1,0.0,0.4,1.7,0.0,0.081,0.00405,0.0,0.245,0.018461538461538463,4.7,6.800000000000001,0.0,Low,0,ยังไม่พบตัวชี้วัดที่เกินเกณฑ์เบื้องต้น
seaweed dry,52,0.3,0.006,9.2,0.0,3.1,7.3,6.6,0.9,0.045,2.1999999999999997,0.030000000000000002,0.4615384615384615,3.0666666666666664,29.2,0.0,Low,0,ยังไม่พบตัวชี้วัดที่เกินเกณฑ์เบื้องต้น
sour cherries,52,0.3,0.069,12.5,8.7,1.0,1.6,0.0,0.071,0.0035499999999999993,0.0,0.34500000000000003,0.4615384615384615,4.166666666666666,6.4,86.99999999999999,Low,0,ยังไม่พบตัวชี้วัดที่เกินเกณฑ์เบื้องต้น
fruit leather,52,0.4,0.025,12.0,6.9,0.029,0.0,0.0,0.0,0.0,0.0,0.125,0.6153846153846154,4.0,0.0,69.0,Low,0,ยังไม่พบตัวชี้วัดที่เกินเกณฑ์เบื้องต้น
ginkgo nuts raw,52,0.5,0.029,10.6,0.0,1.2,0.0,0.0,0.067,0.00335,0.0,0.14500000000000002,0.7692307692307693,3.5333333333333337,0.0,0.0,Low,0,ยังไม่พบตัวชี้วัดที่เกินเกณฑ์เบื้องต้น
corn tortilla,52,0.7,0.1,10.7,0.2,1.4,1.5,0.0,0.075,0.00375,0.0,0.5,1.0769230769230769,3.5666666666666664,6.0,2.0,Low,0,ยังไม่พบตัวชี้วัดที่เกินเกณฑ์เบื้องต้น
gin,53,0.0,0.0,0.0,0.0,0.0,0.0,0.0,0.029,0.00145,0.0,0.0,0.0,0.0,0.0,0.0,Low,0,ยังไม่พบตัวชี้วัดที่เกินเกณฑ์เบื้องต้น
pancake syrup,53,0.075,0.025,13.9,8.4,0.0,0.0,0.0,0.064,0.0031999999999999997,0.0,0.125,0.11538461538461538,4.633333333333334,0.0,84.00000000000001,Low,0,ยังไม่พบตัวชี้วัดที่เกินเกณฑ์เบื้องต้น
strawberry topping,53,0.096,0.071,13.9,5.7,0.014,0.1,0.0,0.099,0.00495,0.0,0.355,0.1476923076923077,4.633333333333334,0.4,57.00000000000001,Low,0,ยังไม่พบตัวชี้วัดที่เกินเกณฑ์เบื้องต้น
vegetable juice,53,0.2,0.071,11.1,7.9,1.5,1.9,0.0,0.1,0.005,0.0,0.355,0.3076923076923077,3.6999999999999997,7.6,79.0,Low,0,ยังไม่พบตัวชี้วัดที่เกินเกณฑ์เบื้องต้น
grapefruit,53,0.2,0.092,13.3,8.6,1.0,2.0,0.0,0.0,0.0,0.0,0.45999999999999996,0.3076923076923077,4.433333333333334,8.0,86.0,Low,0,ยังไม่พบตัวชี้วัดที่เกินเกณฑ์เบื้องต้น
tomato vegetable juice,53,0.2,0.014,11.1,9.2,1.5,1.9,0.0,0.2,0.01,0.0,0.06999999999999999,0.3076923076923077,3.6999999999999997,7.6,92.0,Low,0,ยังไม่พบตัวชี้วัดที่เกินเกณฑ์เบื้องต้น
red cabbage raw,53,0.3,0.002,12.5,6.5,2.4,3.6,0.0,0.079,0.0039499999999999995,0.0,0.01,0.4615384615384615,4.166666666666666,14.400000000000002,65.0,Low,0,ยังไม่พบตัวชี้วัดที่เกินเกณฑ์เบื้องต้น
instant cappuccino powder,53,0.7,0.4,11.2,9.0,0.4,0.2,0.3,0.074,0.0036999999999999997,0.1,2.0,1.0769230769230769,3.733333333333333,0.8,90.0,Low,0,ยังไม่พบตัวชี้วัดที่เกินเกณฑ์เบื้องต้น
grenadine,54,0.0,0.0,13.4,9.3,0.0,0.0,0.0,0.038,0.0019000000000000002,0.0,0.0,0.0,4.466666666666667,0.0,93.0,Low,0,ยังไม่พบตัวชี้วัดที่เกินเกณฑ์เบื้องต้น
leeks raw,54,0.3,0.049,12.6,3.5,1.3,1.6,0.0,0.003,0.00015000000000000001,0.0,0.245,0.4615384615384615,4.199999999999999,6.4,35.0,Low,0,ยังไม่พบตัวชี้วัดที่เกินเกณฑ์เบื้องต้น
perch cooked,54,0.5,0.1,0.0,0.0,11.4,0.0,52.9,0.043,0.0021499999999999996,17.633333333333333,0.5,0.7692307692307693,0.0,0.0,0.0,Low,0,ยังไม่พบตัวชี้วัดที่เกินเกณฑ์เบื้องต้น
lemon juice,54,0.6,0.06,16.6,6.1,0.9,0.7,0.0,0.046,0.0023,0.0,0.3,0.923076923076923,5.533333333333334,2.8,61.0,Low,0,ยังไม่พบตัวชี้วัดที่เกินเกณฑ์เบื้องต้น
tomato vegetable soup,54,0.8,0.4,9.9,2.4,1.9,0.7,0.0,0.3,0.015,0.0,2.0,1.2307692307692308,3.3000000000000003,2.8,24.0,Low,0,ยังไม่พบตัวชี้วัดที่เกินเกณฑ์เบื้องต้น
perch raw,55,0.6,0.1,0.0,0.0,11.6,0.0,54.0,0.037,0.0018499999999999999,18.0,0.5,0.923076923076923,0.0,0.0,0.0,Low,0,ยังไม่พบตัวชี้วัดที่เกินเกณฑ์เบื้องต้น
tahitian taro raw,55,1.2,0.2,8.6,0.0,3.5,0.0,0.0,0.003,0.00015000000000000001,0.0,1.0,1.846153846153846,2.8666666666666667,0.0,0.0,Low,0,ยังไม่พบตัวชี้วัดที่เกินเกณฑ์เบื้องต้น
fruit nut squares,55,1.3,0.1,10.3,6.4,0.3,0.3,0.0,0.086,0.004299999999999999,0.0,0.5,2.0,3.4333333333333336,1.2,64.0,Low,0,ยังไม่พบตัวชี้วัดที่เกินเกณฑ์เบื้องต้น
fruit jam,56,0.095,0.021,13.8,9.7,0.0,0.2,0.0,0.052,0.0026,0.0,0.10500000000000001,0.14615384615384616,4.6,0.8,97.0,Low,0,ยังไม่พบตัวชี้วัดที่เกินเกณฑ์เบื้องต้น
tree fern cooked,57,0.096,0.0,15.3,0.0,0.4,5.3,0.0,0.3,0.015,0.0,0.0,0.1476923076923077,5.1000000000000005,21.2,0.0,Low,0,ยังไม่พบตัวชี้วัดที่เกินเกณฑ์เบื้องต้น
japanese chestnuts roasted,57,0.2,0.08,12.8,0.0,0.8,0.0,0.0,0.079,0.0039499999999999995,0.0,0.4,0.3076923076923077,4.2666666666666675,0.0,0.0,Low,0,ยังไม่พบตัวชี้วัดที่เกินเกณฑ์เบื้องต้น
melon balls,57,0.4,0.1,13.7,0.0,1.5,1.2,0.0,0.022,0.0011,0.0,0.5,0.6153846153846154,4.566666666666666,4.8,0.0,Low,0,ยังไม่พบตัวชี้วัดที่เกินเกณฑ์เบื้องต้น
hubbard squash cooked,57,0.7,0.1,12.3,5.6,2.8,5.5,0.0,0.5,0.025,0.0,0.5,1.0769230769230769,4.1000000000000005,22.0,55.99999999999999,Low,0,ยังไม่พบตัวชี้วัดที่เกินเกณฑ์เบื้องต้น
peas canned,57,0.8,0.1,9.5,0.0,3.5,0.0,0.0,0.2,0.01,0.0,0.5,1.2307692307692308,3.166666666666667,0.0,0.0,Low,0,ยังไม่พบตัวชี้วัดที่เกินเกณฑ์เบื้องต้น
breadfruit seeds,57,1.7,0.5,8.8,0.0,2.2,1.6,0.0,0.04,0.002,0.0,2.5,2.6153846153846154,2.9333333333333336,6.4,0.0,Low,0,ยังไม่พบตัวชี้วัดที่เกินเกณฑ์เบื้องต้น
whiskey,58,0.0,0.0,0.1,0.078,0.0,0.0,0.0,0.0,0.0,0.0,0.0,0.0,0.03333333333333334,0.0,0.7799999999999999,Low,0,ยังไม่พบตัวชี้วัดที่เกินเกณฑ์เบื้องต้น
beets raw,58,0.2,0.028,13.0,9.2,2.2,3.8,0.0,0.1,0.005,0.0,0.13999999999999999,0.3076923076923077,4.333333333333334,15.2,92.0,Low,0,ยังไม่พบตัวชี้วัดที่เกินเกณฑ์เบื้องต้น
sweet corn yellow,58,0.4,0.029,14.2,2.6,4.1,1.5,0.0,0.05,0.0025,0.0,0.14500000000000002,0.6153846153846154,4.733333333333333,6.0,26.0,Low,0,ยังไม่พบตัวชี้วัดที่เกินเกณฑ์เบื้องต้น
lambs quarters cooked,58,1.3,0.085,9.0,1.1,5.8,3.8,0.0,0.5,0.025,0.0,0.42500000000000004,2.0,3.0,15.2,11.000000000000002,Low,0,ยังไม่พบตัวชี้วัดที่เกินเกณฑ์เบื้องต้น
tomato sauce,59,0.7,0.1,13.0,8.7,2.9,3.7,0.0,0.083,0.00415,0.0,0.5,1.0769230769230769,4.333333333333334,14.800000000000002,86.99999999999999,Low,0,ยังไม่พบตัวชี้วัดที่เกินเกณฑ์เบื้องต้น
artichoke raw,60,0.2,0.056,13.5,1.3,4.2,6.9,0.0,0.1,0.005,0.0,0.27999999999999997,0.3076923076923077,4.5,27.6,13.0,Low,0,ยังไม่พบตัวชี้วัดที่เกินเกณฑ์เบื้องต้น
tahitian taro cooked,60,0.9,0.2,9.4,0.0,5.7,0.0,0.0,0.4,0.02,0.0,1.0,1.3846153846153846,3.1333333333333333,0.0,0.0,Low,0,ยังไม่พบตัวชี้วัดที่เกินเกณฑ์เบื้องต้น
dulce de leche,60,1.4,0.9,10.5,9.5,1.3,0.0,5.5,0.036,0.0017999999999999997,1.8333333333333333,4.5,2.1538461538461537,3.5000000000000004,0.0,95.0,Low,0,ยังไม่พบตัวชี้วัดที่เกินเกณฑ์เบื้องต้น
duck liver raw,60,2.0,0.6,1.6,0.0,8.2,0.0,226.6,0.089,0.00445,75.53333333333333,3.0,3.076923076923077,0.5333333333333334,0.0,0.0,Low,0,โคเลสเตอรอลค่อนข้างสูง
raisin cookies,60,2.0,0.5,10.2,7.1,0.6,0.2,0.3,0.077,0.00385,0.1,2.5,3.076923076923077,3.3999999999999995,0.8,71.0,Low,0,ยังไม่พบตัวชี้วัดที่เกินเกณฑ์เบื้องต้น
lime juice,61,0.2,0.052,20.4,4.1,1.0,1.0,0.0,0.014,0.0007,0.0,0.26,0.3076923076923077,6.799999999999999,4.0,41.0,Low,0,ยังไม่พบตัวชี้วัดที่เกินเกณฑ์เบื้องต้น
breadnut tree seeds raw,61,0.3,0.089,13.1,0.0,1.7,0.0,0.0,0.084,0.004200000000000001,0.0,0.445,0.4615384615384615,4.366666666666666,0.0,0.0,Low,0,ยังไม่พบตัวชี้วัดที่เกินเกณฑ์เบื้องต้น
oriental radish raw,61,0.3,0.1,13.9,8.5,2.0,5.4,0.0,0.014,0.0007,0.0,0.5,0.4615384615384615,4.633333333333334,21.6,85.0,Low,0,ยังไม่พบตัวชี้วัดที่เกินเกณฑ์เบื้องต้น
peas onions canned,61,0.5,0.064,10.3,0.0,3.9,2.8,0.0,0.5,0.025,0.0,0.32,0.7692307692307693,3.4333333333333336,11.2,0.0,Low,0,ยังไม่พบตัวชี้วัดที่เกินเกณฑ์เบื้องต้น
asparagus canned,62,0.7,0.2,10.2,4.1,7.4,4.1,0.0,0.1,0.005,0.0,1.0,1.0769230769230769,3.3999999999999995,16.4,41.0,Low,0,ยังไม่พบตัวชี้วัดที่เกินเกณฑ์เบื้องต้น
blackberries raw,62,0.7,0.076,13.8,7.0,2.0,7.6,0.0,0.05,0.0025,0.0,0.38,1.0769230769230769,4.6,30.4,70.0,Low,0,ยังไม่พบตัวชี้วัดที่เกินเกณฑ์เบื้องต้น
red white currants,63,0.2,0.043,15.5,8.3,1.6,4.8,0.0,0.056,0.0028,0.0,0.215,0.3076923076923077,5.166666666666667,19.2,83.0,Low,0,ยังไม่พบตัวชี้วัดที่เกินเกณฑ์เบื้องต้น
sweet corn white,63,0.9,0.1,13.9,2.4,2.4,2.0,0.0,0.016,0.0007999999999999999,0.0,0.5,1.3846153846153846,4.633333333333334,8.0,24.0,Low,0,ยังไม่พบตัวชี้วัดที่เกินเกณฑ์เบื้องต้น
collard cooked,63,1.4,0.049,10.7,0.0,5.1,7.6,0.0,0.013,0.00065,0.0,0.245,2.1538461538461537,3.5666666666666664,30.4,0.0,Low,0,ยังไม่พบตัวชี้วัดที่เกินเกณฑ์เบื้องต้น
artichoke cooked,64,0.4,0.059,14.3,1.2,3.5,10.3,0.0,0.087,0.00435,0.0,0.295,0.6153846153846154,4.766666666666667,41.2,12.0,Low,0,ยังไม่พบตัวชี้วัดที่เกินเกณฑ์เบื้องต้น
chicory roots,65,0.2,0.052,15.8,7.9,1.3,1.4,0.0,0.055,0.0027500000000000003,0.0,0.26,0.3076923076923077,5.266666666666667,5.6,79.0,Low,0,ยังไม่พบตัวชี้วัดที่เกินเกณฑ์เบื้องต้น
pumpernickel bread,65,0.8,0.1,12.4,0.1,2.3,1.7,0.0,0.2,0.01,0.0,0.5,1.2307692307692308,4.133333333333333,6.800000000000001,1.0,Low,0,ยังไม่พบตัวชี้วัดที่เกินเกณฑ์เบื้องต้น
egg drop soup,65,1.5,0.4,10.3,0.2,2.8,1.0,55.4,0.9,0.045,18.46666666666667,2.0,2.307692307692308,3.4333333333333336,4.0,2.0,Low,0,ยังไม่พบตัวชี้วัดที่เกินเกณฑ์เบื้องต้น
boysenberries frozen,66,0.3,0.049,16.1,9.1,1.5,7.0,0.0,0.064,0.0031999999999999997,0.0,0.245,0.4615384615384615,5.366666666666667,28.000000000000004,90.99999999999999,Low,0,ยังไม่พบตัวชี้วัดที่เกินเกณฑ์เบื้องต้น
snap beans canned,66,0.4,0.1,15.4,0.0,3.5,6.6,0.0,0.09,0.0045,0.0,0.5,0.6153846153846154,5.133333333333334,26.400000000000002,0.0,Low,0,ยังไม่พบตัวชี้วัดที่เกินเกณฑ์เบื้องต้น
celeriac raw,66,0.5,0.1,14.4,2.5,2.3,2.8,0.0,0.2,0.01,0.0,0.5,0.7692307692307693,4.8,11.2,25.0,Low,0,ยังไม่พบตัวชี้วัดที่เกินเกณฑ์เบื้องต้น
stewed tomatoes canned,66,0.5,0.078,15.8,9.0,2.3,2.6,0.0,0.6,0.03,0.0,0.38999999999999996,0.7692307692307693,5.266666666666667,10.4,90.0,Low,0,ยังไม่พบตัวชี้วัดที่เกินเกณฑ์เบื้องต้น
gooseberries,66,0.9,0.001,15.3,0.0,1.3,6.5,0.0,0.074,0.0036999999999999997,0.0,0.005,1.3846153846153846,5.1000000000000005,26.0,0.0,Low,0,ยังไม่พบตัวชี้วัดที่เกินเกณฑ์เบื้องต้น
butter toastbrot ja,66,0.9,0.6,2.0,0.4,0.0,0.0,0.0,0.0,0.0,0.0,3.0,1.3846153846153846,0.6666666666666667,0.0,4.0,Low,0,ยังไม่พบตัวชี้วัดที่เกินเกณฑ์เบื้องต้น
rice bran bread,66,1.2,0.2,11.7,1.3,2.4,1.3,0.0,0.081,0.00405,0.0,1.0,1.846153846153846,3.9,5.2,13.0,Low,0,ยังไม่พบตัวชี้วัดที่เกินเกณฑ์เบื้องต้น
rice bran bread toasted,66,1.3,0.2,11.8,1.3,2.4,1.3,0.0,0.026,0.0013,0.0,1.0,2.0,3.933333333333334,5.2,13.0,Low,0,ยังไม่พบตัวชี้วัดที่เกินเกณฑ์เบื้องต้น
honey smoked ham cooked,67,1.3,0.6,4.0,0.0,9.9,0.0,12.1,0.5,0.025,4.033333333333333,3.0,2.0,1.3333333333333335,0.0,0.0,Low,0,ยังไม่พบตัวชี้วัดที่เกินเกณฑ์เบื้องต้น
chocolate fudge syrup,67,1.7,0.8,12.0,6.6,0.9,0.5,0.2,0.084,0.004200000000000001,0.06666666666666668,4.0,2.6153846153846154,4.0,2.0,65.99999999999999,Low,0,ยังไม่พบตัวชี้วัดที่เกินเกณฑ์เบื้องต้น
soymilk nonfat,68,0.046,0.0,10.1,8.9,6.0,0.5,0.0,0.1,0.005,0.0,0.0,0.07076923076923078,3.3666666666666663,2.0,89.0,Low,0,ยังไม่พบตัวชี้วัดที่เกินเกณฑ์เบื้องต้น
chinese chestnuts roasted,68,0.3,0.027,14.8,0.0,1.3,0.0,0.0,0.052,0.0026,0.0,0.135,0.4615384615384615,4.933333333333334,0.0,0.0,Low,0,ยังไม่พบตัวชี้วัดที่เกินเกณฑ์เบื้องต้น
scup cooked,68,1.8,0.0,0.0,0.0,12.1,0.0,33.5,0.061,0.0030499999999999998,11.166666666666666,0.0,2.769230769230769,0.0,0.0,0.0,Low,0,ยังไม่พบตัวชี้วัดที่เกินเกณฑ์เบื้องต้น
water chestnut canned,70,0.015,0.05,17.2,3.4,1.2,3.5,0.0,0.011,0.00055,0.0,0.25,0.023076923076923075,5.733333333333333,14.000000000000002,34.0,Low,0,ยังไม่พบตัวชี้วัดที่เกินเกณฑ์เบื้องต้น
cabbage raw,70,0.3,0.054,16.2,9.0,3.6,7.0,0.0,0.006,0.00030000000000000003,0.0,0.27,0.4615384615384615,5.4,28.000000000000004,90.0,Low,0,ยังไม่พบตัวชี้วัดที่เกินเกณฑ์เบื้องต้น
gazpacho soup,70,0.4,0.008,6.6,2.2,10.7,0.7,0.0,1.1,0.055,0.0,0.04,0.6153846153846154,2.1999999999999997,2.8,22.000000000000004,Low,0,ยังไม่พบตัวชี้วัดที่เกินเกณฑ์เบื้องต้น
navy bean sprouts raw,70,0.7,0.05,13.6,0.0,6.4,0.0,0.0,0.063,0.00315,0.0,0.25,1.0769230769230769,4.533333333333333,0.0,0.0,Low,0,ยังไม่พบตัวชี้วัดที่เกินเกณฑ์เบื้องต้น
oat bran bread toasted,70,1.3,0.2,11.8,2.3,3.1,1.3,0.0,0.1,0.005,0.0,1.0,2.0,3.933333333333334,5.2,23.0,Low,0,ยังไม่พบตัวชี้วัดที่เกินเกณฑ์เบื้องต้น
vegetable salad with chicken,70,1.5,0.4,2.5,0.0,11.6,0.0,47.9,0.1,0.005,15.966666666666665,2.0,2.307692307692308,0.8333333333333334,0.0,0.0,Low,0,ยังไม่พบตัวชี้วัดที่เกินเกณฑ์เบื้องต้น
cinnamon raisin bagel,71,0.4,0.054,14.4,1.6,2.5,0.6,0.0,0.047,0.0023499999999999997,0.0,0.27,0.6153846153846154,4.8,2.4,16.0,Low,0,ยังไม่พบตัวชี้วัดที่เกินเกณฑ์เบื้องต้น
black currants,71,0.5,0.019,17.2,0.0,1.6,0.0,0.0,0.075,0.00375,0.0,0.095,0.7692307692307693,5.733333333333333,0.0,0.0,Low,0,ยังไม่พบตัวชี้วัดที่เกินเกณฑ์เบื้องต้น
blue crab cooked,71,0.6,0.2,0.0,0.0,15.2,0.0,82.5,0.3,0.015,27.500000000000004,1.0,0.923076923076923,0.0,0.0,0.0,Low,0,โคเลสเตอรอลค่อนข้างสูง
wonton soup,71,0.6,0.1,11.7,0.8,4.6,0.4,8.9,0.9,0.045,2.966666666666667,0.5,0.923076923076923,3.9,1.6,8.0,Low,0,ยังไม่พบตัวชี้วัดที่เกินเกณฑ์เบื้องต้น
oat bran bread,71,1.3,0.2,11.9,2.3,3.1,1.4,0.0,0.1,0.005,0.0,1.0,2.0,3.966666666666667,5.6,23.0,Low,0,ยังไม่พบตัวชี้วัดที่เกินเกณฑ์เบื้องต้น
vegetable salad with shrimp,71,1.7,0.4,4.4,0.0,9.7,0.0,119.5,0.3,0.015,39.83333333333333,2.0,2.6153846153846154,1.4666666666666668,0.0,0.0,Low,0,โคเลสเตอรอลค่อนข้างสูง
pepeao dried,72,0.1,0.0,19.4,0.0,1.2,0.0,0.0,0.072,0.0035999999999999995,0.0,0.0,0.15384615384615385,6.466666666666667,0.0,0.0,Low,0,ยังไม่พบตัวชี้วัดที่เกินเกณฑ์เบื้องต้น
angel food cake,72,0.2,0.071,16.2,0.0,1.7,0.4,0.0,0.2,0.01,0.0,0.355,0.3076923076923077,5.4,1.6,0.0,Low,0,ยังไม่พบตัวชี้วัดที่เกินเกณฑ์เบื้องต้น
sugar apple,72,0.2,0.009,18.2,0.0,1.6,3.4,0.0,0.045,0.00225,0.0,0.045,0.3076923076923077,6.066666666666666,13.600000000000001,0.0,Low,0,ยังไม่พบตัวชี้วัดที่เกินเกณฑ์เบื้องต้น
kohlrabi raw,72,0.3,0.007,16.4,6.9,4.5,9.5,0.0,0.063,0.00315,0.0,0.034999999999999996,0.4615384615384615,5.466666666666666,38.0,69.0,Low,0,ยังไม่พบตัวชี้วัดที่เกินเกณฑ์เบื้องต้น
rutabaga cooked,72,0.4,0.007,16.4,9.5,2.2,4.3,0.0,0.049,0.0024500000000000004,0.0,0.034999999999999996,0.6153846153846154,5.466666666666666,17.2,95.0,Low,0,ยังไม่พบตัวชี้วัดที่เกินเกณฑ์เบื้องต้น
egg bagel,72,0.5,0.1,13.8,0.0,2.8,0.6,6.2,0.1,0.005,2.0666666666666664,0.5,0.7692307692307693,4.6,2.4,0.0,Low,0,ยังไม่พบตัวชี้วัดที่เกินเกณฑ์เบื้องต้น
wine light,73,0.0,0.0,1.7,1.7,0.1,0.0,0.0,0.046,0.0023,0.0,0.0,0.0,0.5666666666666667,0.0,17.0,Low,0,ยังไม่พบตัวชี้วัดที่เกินเกณฑ์เบื้องต้น
fennel,73,0.5,0.0,17.1,0.0,2.9,7.3,0.0,0.1,0.005,0.0,0.0,0.7692307692307693,5.7,29.2,0.0,Low,0,ยังไม่พบตัวชี้วัดที่เกินเกณฑ์เบื้องต้น
wheat germ bread,73,0.8,0.2,13.5,1.0,2.7,0.6,0.0,0.2,0.01,0.0,1.0,1.2307692307692308,4.5,2.4,10.0,Low,0,ยังไม่พบตัวชี้วัดที่เกินเกณฑ์เบื้องต้น
wheat germ bread toasted,73,0.8,0.2,13.6,1.0,2.7,0.6,0.3,0.2,0.01,0.1,1.0,1.2307692307692308,4.533333333333333,2.4,10.0,Low,0,ยังไม่พบตัวชี้วัดที่เกินเกณฑ์เบื้องต้น
oatmeal bread,73,1.2,0.2,13.1,2.2,2.3,1.1,0.0,0.1,0.005,0.0,1.0,1.846153846153846,4.366666666666666,4.4,22.000000000000004,Low,0,ยังไม่พบตัวชี้วัดที่เกินเกณฑ์เบื้องต้น
oatmeal bread toasted,73,1.2,0.2,13.2,2.2,2.3,1.1,0.0,0.1,0.005,0.0,1.0,1.846153846153846,4.3999999999999995,4.4,22.000000000000004,Low,0,ยังไม่พบตัวชี้วัดที่เกินเกณฑ์เบื้องต้น
red potato baked,74,0.1,0.008,16.7,1.2,2.0,1.5,0.0,0.037,0.0018499999999999999,0.0,0.04,0.15384615384615385,5.566666666666666,6.0,12.0,Low,0,ยังไม่พบตัวชี้วัดที่เกินเกณฑ์เบื้องต้น
shellie beans canned,74,0.5,0.034,15.2,1.5,4.3,8.3,0.0,0.8,0.04,0.0,0.17,0.7692307692307693,5.066666666666666,33.2,15.0,Low,0,ยังไม่พบตัวชี้วัดที่เกินเกณฑ์เบื้องต้น
millet puffed,74,0.7,0.1,16.8,0.1,2.7,0.6,0.0,0.076,0.0038000000000000004,0.0,0.5,1.0769230769230769,5.6000000000000005,2.4,1.0,Low,0,ยังไม่พบตัวชี้วัดที่เกินเกณฑ์เบื้องต้น
pita bread whole wheat,74,0.7,0.1,15.4,0.2,2.7,2.1,0.0,0.1,0.005,0.0,0.5,1.0769230769230769,5.133333333333334,8.4,2.0,Low,0,ยังไม่พบตัวชี้วัดที่เกินเกณฑ์เบื้องต้น
groundcherries,74,1.0,0.0,15.7,0.0,2.7,0.0,0.0,0.0,0.0,0.0,0.0,1.5384615384615385,5.2333333333333325,0.0,0.0,Low,0,ยังไม่พบตัวชี้วัดที่เกินเกณฑ์เบื้องต้น
cracked wheat bread,74,1.1,0.3,14.0,0.0,2.5,1.6,0.0,0.2,0.01,0.0,1.5,1.6923076923076925,4.666666666666667,6.4,0.0,Low,0,ยังไม่พบตัวชี้วัดที่เกินเกณฑ์เบื้องต้น
dinner roll whole wheat,74,1.3,0.2,14.3,2.4,2.4,2.1,0.0,0.1,0.005,0.0,1.0,2.0,4.766666666666667,8.4,24.0,Low,0,ยังไม่พบตัวชี้วัดที่เกินเกณฑ์เบื้องต้น
nesfit diet cereal nestle,75,0.0,14.5,0.0,0.0,0.0,0.0,0.0,0.0,0.0,0.0,72.5,0.0,0.0,0.0,0.0,Low,0,ไขมันอิ่มตัวค่อนข้างสูง
wheat bread toasted,75,1.0,0.2,13.4,1.5,3.1,1.1,0.0,0.1,0.005,0.0,1.0,1.5384615384615385,4.466666666666667,4.4,15.0,Low,0,ยังไม่พบตัวชี้วัดที่เกินเกณฑ์เบื้องต้น
winter squash cooked,76,0.7,0.1,18.1,6.8,1.8,5.7,0.0,0.068,0.0034,0.0,0.5,1.0769230769230769,6.033333333333333,22.8,68.0,Low,0,ยังไม่พบตัวชี้วัดที่เกินเกณฑ์เบื้องต้น
dinner roll,76,1.8,0.4,12.9,0.5,2.4,1.1,0.0,0.1,0.005,0.0,2.0,2.769230769230769,4.300000000000001,4.4,5.0,Low,0,ยังไม่พบตัวชี้วัดที่เกินเกณฑ์เบื้องต้น
onion gravy dry,77,0.7,0.4,16.2,0.0,2.2,1.4,0.5,1.0,0.05,0.16666666666666669,2.0,1.0769230769230769,5.4,5.6,0.0,Low,0,ยังไม่พบตัวชี้วัดที่เกินเกณฑ์เบื้องต้น
peas carrots cooked,77,0.7,0.1,16.2,7.0,4.9,5.0,0.0,0.5,0.025,0.0,0.5,1.0769230769230769,5.4,20.0,70.0,Low,0,ยังไม่พบตัวชี้วัดที่เกินเกณฑ์เบื้องต้น
pumpernickel roll,77,0.8,0.1,14.8,0.1,3.0,1.5,0.0,0.1,0.005,0.0,0.5,1.2307692307692308,4.933333333333334,6.0,1.0,Low,0,ยังไม่พบตัวชี้วัดที่เกินเกณฑ์เบื้องต้น
white bread,77,1.0,0.2,14.3,1.6,2.6,0.8,0.0,0.1,0.005,0.0,1.0,1.5384615384615385,4.766666666666667,3.2,16.0,Low,0,ยังไม่พบตัวชี้วัดที่เกินเกณฑ์เบื้องต้น
cisco raw,77,1.5,0.3,0.0,0.0,15.0,0.0,39.5,0.042,0.0021000000000000003,13.166666666666666,1.5,2.307692307692308,0.0,0.0,0.0,Low,0,ยังไม่พบตัวชี้วัดที่เกินเกณฑ์เบื้องต้น
whelk cooked,78,0.2,0.003,4.4,0.0,13.5,0.0,36.8,0.1,0.005,12.266666666666666,0.015000000000000001,0.3076923076923077,1.4666666666666668,0.0,0.0,Low,0,ยังไม่พบตัวชี้วัดที่เกินเกณฑ์เบื้องต้น
arrowroot,78,0.2,0.094,16.1,0.0,5.1,1.6,0.0,0.052,0.0026,0.0,0.47000000000000003,0.3076923076923077,5.366666666666667,6.4,0.0,Low,0,ยังไม่พบตัวชี้วัดที่เกินเกณฑ์เบื้องต้น
oat bran dinner roll,78,1.5,0.2,13.3,2.2,3.1,1.4,0.0,0.1,0.005,0.0,1.0,2.307692307692308,4.433333333333334,5.6,22.000000000000004,Low,0,ยังไม่พบตัวชี้วัดที่เกินเกณฑ์เบื้องต้น
yoplait light strawberry yogurt yoplait,79,0.0,14.1,0.074,0.0,0.0,0.0,0.0,0.0,0.0,0.0,70.5,0.0,0.024666666666666667,0.0,0.0,Low,0,ไขมันอิ่มตัวค่อนข้างสูง
wheat bread,79,1.3,0.2,13.8,1.7,3.1,1.2,0.0,0.1,0.005,0.0,1.0,2.0,4.6,4.8,17.0,Low,0,ยังไม่พบตัวชี้วัดที่เกินเกณฑ์เบื้องต้น
duck sauce,80,0.063,0.033,19.7,9.9,0.1,0.2,0.0,0.1,0.005,0.0,0.165,0.09692307692307692,6.566666666666666,0.8,99.0,Low,0,ยังไม่พบตัวชี้วัดที่เกินเกณฑ์เบื้องต้น
cloud ear fungus dried,80,0.2,0.0,20.4,0.0,2.6,19.6,0.0,0.036,0.0017999999999999997,0.0,0.0,0.3076923076923077,6.799999999999999,78.4,0.0,Low,0,ยังไม่พบตัวชี้วัดที่เกินเกณฑ์เบื้องต้น
butternut squash cooked,80,0.2,0.013,21.0,3.9,1.8,6.4,0.0,0.002,9.999999999999999e-05,0.0,0.065,0.3076923076923077,7.000000000000001,25.6,39.0,Low,0,ยังไม่พบตัวชี้วัดที่เกินเกณฑ์เบื้องต้น
clam tomato juice,80,0.3,0.0,18.2,5.5,1.0,0.7,0.0,0.6,0.03,0.0,0.0,0.4615384615384615,6.066666666666666,2.8,55.00000000000001,Low,0,ยังไม่พบตัวชี้วัดที่เกินเกณฑ์เบื้องต้น
carrot juice,80,0.3,0.055,18.6,7.8,1.9,1.6,0.0,0.1,0.005,0.0,0.27499999999999997,0.4615384615384615,6.200000000000001,6.4,78.0,Low,0,ยังไม่พบตัวชี้วัดที่เกินเกณฑ์เบื้องต้น
pumpernickel bread toasted,80,1.0,0.1,15.1,0.2,2.8,2.1,0.0,0.2,0.01,0.0,0.5,1.5384615384615385,5.033333333333333,8.4,2.0,Low,0,ยังไม่พบตัวชี้วัดที่เกินเกณฑ์เบื้องต้น
cowpeas cooked,81,0.4,0.037,14.5,2.3,5.4,4.6,0.0,0.037,0.0018499999999999999,0.0,0.185,0.6153846153846154,4.833333333333333,18.4,23.0,Low,0,ยังไม่พบตัวชี้วัดที่เกินเกณฑ์เบื้องต้น
peas onions cooked,81,0.4,0.055,15.5,6.8,4.6,4.0,0.0,0.5,0.025,0.0,0.27499999999999997,0.6153846153846154,5.166666666666667,16.0,68.0,Low,0,ยังไม่พบตัวชี้วัดที่เกินเกณฑ์เบื้องต้น
wild raspberries,81,0.4,0.0,18.0,7.2,1.5,9.8,0.0,0.09,0.0045,0.0,0.0,0.6153846153846154,6.0,39.2,72.0,Low,0,ยังไม่พบตัวชี้วัดที่เกินเกณฑ์เบื้องต้น
spanish tomato sauce,81,0.7,0.007,17.7,0.0,3.5,3.4,0.0,1.2,0.06,0.0,0.034999999999999996,1.0769230769230769,5.8999999999999995,13.600000000000001,0.0,Low,0,ยังไม่พบตัวชี้วัดที่เกินเกณฑ์เบื้องต้น
lentil sprouts,82,0.4,0.067,17.0,0.0,6.9,0.0,0.0,0.044,0.0022,0.0,0.335,0.6153846153846154,5.666666666666666,0.0,0.0,Low,0,ยังไม่พบตัวชี้วัดที่เกินเกณฑ์เบื้องต้น
rye bread toasted,82,1.0,0.2,15.4,1.2,2.7,1.9,0.0,0.2,0.01,0.0,1.0,1.5384615384615385,5.133333333333334,7.6,12.0,Low,0,ยังไม่พบตัวชี้วัดที่เกินเกณฑ์เบื้องต้น
nance,82,1.3,0.0,19.0,9.3,0.7,8.4,0.0,0.039,0.00195,0.0,0.0,2.0,6.333333333333334,33.6,93.0,Low,0,ยังไม่พบตัวชี้วัดที่เกินเกณฑ์เบื้องต้น
pumpkin canned,83,0.7,0.4,19.8,8.1,2.7,7.1,0.0,0.6,0.03,0.0,2.0,1.0769230769230769,6.6000000000000005,28.4,81.0,Low,0,ยังไม่พบตัวชี้วัดที่เกินเกณฑ์เบื้องต้น
rye bread,83,1.1,0.2,15.5,1.2,2.7,1.9,0.0,0.2,0.01,0.0,1.0,1.6923076923076925,5.166666666666667,7.6,12.0,Low,0,ยังไม่พบตัวชี้วัดที่เกินเกณฑ์เบื้องต้น
white bread toasted,83,1.1,0.2,15.4,1.3,2.5,0.7,0.3,0.2,0.01,0.1,1.0,1.6923076923076925,5.133333333333334,2.8,13.0,Low,0,ยังไม่พบตัวชี้วัดที่เกินเกณฑ์เบื้องต้น
whiting raw,83,1.2,0.2,0.0,0.0,16.8,0.0,61.6,0.016,0.0007999999999999999,20.533333333333335,1.0,1.846153846153846,0.0,0.0,0.0,Low,0,โคเลสเตอรอลค่อนข้างสูง
crab apple,84,0.3,0.064,21.9,0.0,0.4,0.0,0.0,0.03,0.0014999999999999998,0.0,0.32,0.4615384615384615,7.3,0.0,0.0,Low,0,ยังไม่พบตัวชี้วัดที่เกินเกณฑ์เบื้องต้น
whiting cooked,84,1.2,0.3,0.0,0.0,16.9,0.0,60.5,0.018,0.0008999999999999999,20.166666666666664,1.5,1.846153846153846,0.0,0.0,0.0,Low,0,โคเลสเตอรอลค่อนข้างสูง
lotus root raw,85,0.1,0.057,19.8,0.0,3.0,5.6,0.0,0.06,0.0029999999999999996,0.0,0.28500000000000003,0.15384615384615385,6.6000000000000005,22.4,0.0,Low,0,ยังไม่พบตัวชี้วัดที่เกินเกณฑ์เบื้องต้น
burdock root raw,85,0.2,0.069,20.5,3.4,1.8,3.9,0.0,0.008,0.00039999999999999996,0.0,0.34500000000000003,0.3076923076923077,6.833333333333333,15.6,34.0,Low,0,ยังไม่พบตัวชี้วัดที่เกินเกณฑ์เบื้องต้น
potato bread,85,1.0,0.0,15.1,3.0,4.0,2.0,0.0,0.1,0.005,0.0,0.0,1.5384615384615385,5.033333333333333,8.0,30.0,Low,0,ยังไม่พบตัวชี้วัดที่เกินเกณฑ์เบื้องต้น
orangensaft ja,86,0.0,0.0,1.4,0.024,0.0,0.0,0.0,0.0,0.0,0.0,0.0,0.0,0.4666666666666666,0.0,0.24000000000000002,Low,0,ยังไม่พบตัวชี้วัดที่เกินเกณฑ์เบื้องต้น
raisin bread toasted,86,1.4,0.3,16.5,1.8,2.5,1.4,0.0,0.1,0.005,0.0,1.5,2.1538461538461537,5.5,5.6,18.0,Low,0,ยังไม่พบตัวชี้วัดที่เกินเกณฑ์เบื้องต้น
gravy dry,86,2.0,0.7,14.5,0.0,3.3,0.0,1.0,1.4,0.06999999999999999,0.33333333333333337,3.4999999999999996,3.076923076923077,4.833333333333333,0.0,0.0,Low,0,ยังไม่พบตัวชี้วัดที่เกินเกณฑ์เบื้องต้น
mixed vegetables canned,88,0.6,0.1,17.5,0.0,3.5,9.3,0.0,0.5,0.025,0.0,0.5,0.923076923076923,5.833333333333333,37.2,0.0,Low,0,ยังไม่พบตัวชี้วัดที่เกินเกณฑ์เบื้องต้น
raisin bread,88,1.4,0.3,16.7,1.8,2.5,1.4,0.0,0.1,0.005,0.0,1.5,2.1538461538461537,5.566666666666666,5.6,18.0,Low,0,ยังไม่พบตัวชี้วัดที่เกินเกณฑ์เบื้องต้น
oat bran cooked,88,1.9,0.4,25.1,0.0,7.0,5.7,0.0,0.082,0.0041,0.0,2.0,2.923076923076923,8.366666666666667,22.8,0.0,Low,0,ยังไม่พบตัวชี้วัดที่เกินเกณฑ์เบื้องต้น
abalone,89,0.6,0.1,5.1,0.0,14.5,0.0,72.3,0.3,0.015,24.099999999999998,0.5,0.923076923076923,1.6999999999999997,0.0,0.0,Low,0,โคเลสเตอรอลค่อนข้างสูง
wheat bran bread,89,1.2,0.3,17.2,3.5,3.2,1.4,0.0,0.2,0.01,0.0,1.5,1.846153846153846,5.733333333333333,5.6,35.0,Low,0,ยังไม่พบตัวชี้วัดที่เกินเกณฑ์เบื้องต้น
butternut squash raw,90,0.2,0.044,23.4,4.4,2.0,4.0,0.0,0.067,0.00335,0.0,0.21999999999999997,0.3076923076923077,7.8,16.0,44.00000000000001,Low,0,ยังไม่พบตัวชี้วัดที่เกินเกณฑ์เบื้องต้น
raisin bran crunch kelloggs,90,0.5,0.0,21.2,9.0,1.9,0.0,0.0,0.0,0.0,0.0,0.0,0.7692307692307693,7.066666666666667,0.0,90.0,Low,0,ยังไม่พบตัวชี้วัดที่เกินเกณฑ์เบื้องต้น
nacho cheese tortilla chips low fat,90,1.0,0.3,18.5,0.8,2.4,1.8,0.6,0.2,0.01,0.2,1.5,1.5384615384615385,6.166666666666667,7.200000000000001,8.0,Low,0,ยังไม่พบตัวชี้วัดที่เกินเกณฑ์เบื้องต้น
rice wheat cereal bar,90,2.0,0.0,16.0,7.0,2.0,0.4,0.0,0.1,0.005,0.0,0.0,3.076923076923077,5.333333333333334,1.6,70.0,Low,0,ยังไม่พบตัวชี้วัดที่เกินเกณฑ์เบื้องต้น
mountain yam raw,91,0.1,0.015,22.2,0.4,1.8,3.4,0.0,0.021,0.0010500000000000002,0.0,0.075,0.15384615384615385,7.3999999999999995,13.600000000000001,4.0,Low,0,ยังไม่พบตัวชี้วัดที่เกินเกณฑ์เบื้องต้น
salsify cooked,92,0.2,0.0,20.7,3.9,3.7,4.2,0.0,0.028,0.0014,0.0,0.0,0.3076923076923077,6.8999999999999995,16.8,39.0,Low,0,ยังไม่พบตัวชี้วัดที่เกินเกณฑ์เบื้องต้น
vienna bread,92,0.6,0.2,18.1,0.8,3.8,0.8,0.0,0.2,0.01,0.0,1.0,0.923076923076923,6.033333333333333,3.2,8.0,Low,0,ยังไม่พบตัวชี้วัดที่เกินเกณฑ์เบื้องต้น
soy proteins concentrate,93,0.1,0.04,7.2,0.0,18.0,1.6,0.0,0.3,0.015,0.0,0.2,0.15384615384615385,2.4,6.4,0.0,Low,0,ยังไม่พบตัวชี้วัดที่เกินเกณฑ์เบื้องต้น
japanese persimmon dried,93,0.2,0.0,25.0,0.0,0.5,4.9,0.0,0.002,9.999999999999999e-05,0.0,0.0,0.3076923076923077,8.333333333333332,19.6,0.0,Low,0,ยังไม่พบตัวชี้วัดที่เกินเกณฑ์เบื้องต้น
wonton wrappers,93,0.5,0.022,18.5,0.0,3.1,0.6,2.9,0.2,0.01,0.9666666666666667,0.10999999999999999,0.7692307692307693,6.166666666666667,2.4,0.0,Low,0,ยังไม่พบตัวชี้วัดที่เกินเกณฑ์เบื้องต้น
vienna bread toasted,93,0.6,0.1,18.0,1.0,3.8,0.9,0.0,0.2,0.01,0.0,0.5,0.923076923076923,6.0,3.6000000000000005,10.0,Low,0,ยังไม่พบตัวชี้วัดที่เกินเกณฑ์เบื้องต้น
cottonseed flour low fat,94,0.4,0.082,10.2,0.0,14.1,0.0,0.0,0.022,0.0011,0.0,0.41000000000000003,0.6153846153846154,3.3999999999999995,0.0,0.0,Low,0,ยังไม่พบตัวชี้วัดที่เกินเกณฑ์เบื้องต้น
sesame flour low fat,94,0.5,0.011,10.0,0.0,14.2,0.0,0.0,0.072,0.0035999999999999995,0.0,0.05499999999999999,0.7692307692307693,3.3333333333333335,0.0,0.0,Low,0,ยังไม่พบตัวชี้วัดที่เกินเกณฑ์เบื้องต้น
ostrich leg raw,94,1.5,0.5,0.0,0.0,19.0,0.0,56.1,0.067,0.00335,18.7,2.5,2.307692307692308,0.0,0.0,0.0,Low,0,ยังไม่พบตัวชี้วัดที่เกินเกณฑ์เบื้องต้น
japanese soba noodles dry,95,0.2,0.084,21.1,0.0,4.1,0.0,0.0,0.2,0.01,0.0,0.42000000000000004,0.3076923076923077,7.033333333333334,0.0,0.0,Low,0,ยังไม่พบตัวชี้วัดที่เกินเกณฑ์เบื้องต้น
crab soup,95,0.8,0.2,12.5,0.0,10.4,2.4,41.5,0.6,0.03,13.833333333333334,1.0,1.2307692307692308,4.166666666666666,9.6,0.0,Low,0,ยังไม่พบตัวชี้วัดที่เกินเกณฑ์เบื้องต้น
white fibre wonder bread,95,1.0,0.2,18.0,2.0,3.5,1.5,0.1,0.0,0.0,0.03333333333333334,1.0,1.5384615384615385,6.0,6.0,20.0,Low,0,ยังไม่พบตัวชี้วัดที่เกินเกณฑ์เบื้องต้น
beer light,96,0.0,0.0,5.4,0.3,0.8,0.0,0.0,0.095,0.00475,0.0,0.0,0.0,1.8000000000000003,0.0,3.0,Low,0,ยังไม่พบตัวชี้วัดที่เกินเกณฑ์เบื้องต้น
grapefruit juice,96,0.2,0.011,22.7,0.0,1.2,0.0,0.0,0.061,0.0030499999999999998,0.0,0.05499999999999999,0.3076923076923077,7.566666666666666,0.0,0.0,Low,0,ยังไม่พบตัวชี้วัดที่เกินเกณฑ์เบื้องต้น
whole wheat dry,96,0.6,0.031,21.1,0.1,3.1,2.7,0.0,0.036,0.0017999999999999997,0.0,0.155,0.923076923076923,7.033333333333334,10.8,1.0,Low,0,ยังไม่พบตัวชี้วัดที่เกินเกณฑ์เบื้องต้น
soy proteins isolate,96,1.0,0.1,2.1,0.0,22.8,1.6,0.0,0.3,0.015,0.0,0.5,1.5384615384615385,0.7000000000000001,6.4,0.0,Low,0,ยังไม่พบตัวชี้วัดที่เกินเกณฑ์เบื้องต้น
safflower seed meal,97,0.7,0.029,13.8,0.0,10.1,0.0,0.0,0.006,0.00030000000000000003,0.0,0.14500000000000002,1.0769230769230769,4.6,0.0,0.0,Low,0,ยังไม่พบตัวชี้วัดที่เกินเกณฑ์เบื้องต้น
peas carrots canned,97,0.7,0.1,21.6,7.2,5.5,8.4,0.0,0.7,0.034999999999999996,0.0,0.5,1.0769230769230769,7.200000000000001,33.6,72.0,Low,0,ยังไม่พบตัวชี้วัดที่เกินเกณฑ์เบื้องต้น
ostrich tip raw,97,2.0,0.7,0.0,0.0,18.6,0.0,61.2,0.041,0.00205,20.400000000000002,3.4999999999999996,3.076923076923077,0.0,0.0,0.0,Low,0,โคเลสเตอรอลค่อนข้างสูง
fruit punch,98,0.4,0.048,24.4,0.0,0.2,0.0,0.0,0.08,0.004,0.0,0.24000000000000002,0.6153846153846154,8.133333333333333,0.0,0.0,Low,0,ยังไม่พบตัวชี้วัดที่เกินเกณฑ์เบื้องต้น
whole wheat spaghetti dry,98,0.4,0.047,21.2,0.0,4.1,0.0,0.0,0.002,9.999999999999999e-05,0.0,0.23500000000000001,0.6153846153846154,7.066666666666667,0.0,0.0,Low,0,ยังไม่พบตัวชี้วัดที่เกินเกณฑ์เบื้องต้น
matzo crackers whole wheat,98,0.4,0.005,22.1,0.0,3.7,3.3,0.0,0.002,9.999999999999999e-05,0.0,0.025,0.6153846153846154,7.366666666666667,13.200000000000001,0.0,Low,0,ยังไม่พบตัวชี้วัดที่เกินเกณฑ์เบื้องต้น
ginkgo nuts dried,98,0.6,0.1,20.5,0.0,2.9,0.0,0.0,0.045,0.00225,0.0,0.5,0.923076923076923,6.833333333333333,0.0,0.0,Low,0,ยังไม่พบตัวชี้วัดที่เกินเกณฑ์เบื้องต้น
broccoli cooked,98,1.1,0.2,20.1,3.9,6.7,9.2,0.0,0.1,0.005,0.0,1.0,1.6923076923076925,6.7,36.8,39.0,Low,0,ยังไม่พบตัวชี้วัดที่เกินเกณฑ์เบื้องต้น
queen crab cooked,98,1.3,0.2,0.0,0.0,20.2,0.0,60.4,0.6,0.03,20.133333333333333,1.0,2.0,0.0,0.0,0.0,Low,0,โคเลสเตอรอลค่อนข้างสูง
corn cooked,99,1.5,0.2,21.6,4.7,3.5,2.5,0.0,0.039,0.00195,0.0,1.0,2.307692307692308,7.200000000000001,10.0,47.0,Low,0,ยังไม่พบตัวชี้วัดที่เกินเกณฑ์เบื้องต้น
ostrich round raw,99,2.0,0.7,0.0,0.0,18.7,0.0,60.4,0.074,0.0036999999999999997,20.133333333333333,3.4999999999999996,3.076923076923077,0.0,0.0,0.0,Low,0,โคเลสเตอรอลค่อนข้างสูง
fusilli cucina,100,0.4,0.1,3.4,0.041,0.0,0.0,0.0,0.0,0.0,0.0,0.5,0.6153846153846154,1.1333333333333333,0.0,0.41000000000000003,Low,0,ยังไม่พบตัวชี้วัดที่เกินเกณฑ์เบื้องต้น
orange with peel,100,0.5,0.036,24.6,0.0,2.1,7.2,0.0,0.028,0.0014,0.0,0.18,0.7692307692307693,8.200000000000001,28.800000000000004,0.0,Low,0,ยังไม่พบตัวชี้วัดที่เกินเกณฑ์เบื้องต้น
gourd cooked,100,0.6,0.035,25.5,9.2,1.2,5.2,0.0,0.065,0.0032500000000000003,0.0,0.17500000000000002,0.923076923076923,8.5,20.8,92.0,Low,0,ยังไม่พบตัวชี้วัดที่เกินเกณฑ์เบื้องต้น
greek yogurt,100,0.7,0.2,6.1,5.5,17.3,0.0,8.5,0.081,0.00405,2.833333333333333,1.0,1.0769230769230769,2.033333333333333,0.0,55.00000000000001,Low,0,ยังไม่พบตัวชี้วัดที่เกินเกณฑ์เบื้องต้น
white corn cooked,100,1.5,0.2,22.4,8.0,3.4,2.8,0.0,0.082,0.0041,0.0,1.0,2.307692307692308,7.466666666666666,11.2,80.0,Low,0,ยังไม่พบตัวชี้วัดที่เกินเกณฑ์เบื้องต้น
japanese somen noodles dry,101,0.2,0.0,21.0,0.0,3.2,1.2,0.0,0.5,0.025,0.0,0.0,0.3076923076923077,7.000000000000001,4.8,0.0,Low,0,ยังไม่พบตัวชี้วัดที่เกินเกณฑ์เบื้องต้น
woca seeds dried,102,0.3,0.025,22.6,0.1,2.2,5.4,0.0,0.048,0.0024000000000000002,0.0,0.125,0.4615384615384615,7.533333333333333,21.6,1.0,Low,0,ยังไม่พบตัวชี้วัดที่เกินเกณฑ์เบื้องต้น
fruchtcocktail granini,102,0.4,0.2,1.0,0.0,0.0,0.0,0.0,0.0,0.0,0.0,1.0,0.6153846153846154,0.33333333333333337,0.0,0.0,Low,0,ยังไม่พบตัวชี้วัดที่เกินเกณฑ์เบื้องต้น
rice noodles dry,103,0.2,0.053,23.6,0.0,1.0,0.5,0.0,0.006,0.00030000000000000003,0.0,0.265,0.3076923076923077,7.866666666666668,2.0,0.0,Low,0,ยังไม่พบตัวชี้วัดที่เกินเกณฑ์เบื้องต้น
sweet potato baked,103,0.2,0.013,23.6,7.4,2.3,3.8,0.0,0.07,0.0035000000000000005,0.0,0.065,0.3076923076923077,7.866666666666668,15.2,74.0,Low,0,ยังไม่พบตัวชี้วัดที่เกินเกณฑ์เบื้องต้น
tomato sauce with onions,103,0.5,0.007,24.4,0.0,3.8,4.4,0.0,1.3,0.065,0.0,0.034999999999999996,0.7692307692307693,8.133333333333333,17.6,0.0,Low,0,ยังไม่พบตัวชี้วัดที่เกินเกณฑ์เบื้องต้น
cottage cheese nonfat,104,0.4,0.2,9.7,2.7,15.0,0.0,10.2,0.5,0.025,3.3999999999999995,1.0,0.6153846153846154,3.2333333333333334,0.0,27.0,Low,0,ยังไม่พบตัวชี้วัดที่เกินเกณฑ์เบื้องต้น
burbot cooked,104,0.9,0.2,0.0,0.0,22.3,0.0,69.3,0.1,0.005,23.099999999999998,1.0,1.3846153846153846,0.0,0.0,0.0,Low,0,โคเลสเตอรอลค่อนข้างสูง
burbot raw,104,0.9,0.2,0.0,0.0,22.4,0.0,69.6,0.1,0.005,23.2,1.0,1.3846153846153846,0.0,0.0,0.0,Low,0,โคเลสเตอรอลค่อนข้างสูง
soymilk low fat,104,1.5,0.0,17.5,8.5,4.0,1.9,0.0,0.04,0.002,0.0,0.0,2.307692307692308,5.833333333333333,7.6,85.0,Low,0,ยังไม่พบตัวชี้วัดที่เกินเกณฑ์เบื้องต้น
spinach spaghetti dry,105,0.4,0.097,21.2,0.8,3.8,3.0,0.0,0.094,0.004699999999999999,0.0,0.485,0.6153846153846154,7.066666666666667,12.0,8.0,Low,0,ยังไม่พบตัวชี้วัดที่เกินเกณฑ์เบื้องต้น
spaghetti dry,105,0.4,0.045,21.1,0.8,3.7,0.9,0.0,0.09,0.0045,0.0,0.22499999999999998,0.6153846153846154,7.033333333333334,3.6000000000000005,8.0,Low,0,ยังไม่พบตัวชี้วัดที่เกินเกณฑ์เบื้องต้น
french roll,105,1.6,0.4,19.1,0.1,3.3,1.2,0.0,0.2,0.01,0.0,2.0,2.4615384615384617,6.366666666666668,4.8,1.0,Low,0,ยังไม่พบตัวชี้วัดที่เกินเกณฑ์เบื้องต้น
lotus seeds dried,106,0.6,0.1,20.6,0.0,4.9,0.0,0.0,0.024,0.0012000000000000001,0.0,0.5,0.923076923076923,6.866666666666667,0.0,0.0,Low,0,ยังไม่พบตัวชี้วัดที่เกินเกณฑ์เบื้องต้น
elderberries,106,0.7,0.005,26.7,0.0,1.0,10.2,0.0,0.042,0.0021000000000000003,0.0,0.025,1.0769230769230769,8.9,40.8,0.0,Low,0,ยังไม่พบตัวชี้วัดที่เกินเกณฑ์เบื้องต้น
cusk raw,106,0.8,0.2,0.0,0.0,23.2,0.0,50.0,0.086,0.004299999999999999,16.666666666666664,1.0,1.2307692307692308,0.0,0.0,0.0,Low,0,ยังไม่พบตัวชี้วัดที่เกินเกณฑ์เบื้องต้น
cusk cooked,106,0.8,0.0,0.0,0.0,23.1,0.0,50.4,0.047,0.0023499999999999997,16.799999999999997,0.0,1.2307692307692308,0.0,0.0,0.0,Low,0,ยังไม่พบตัวชี้วัดที่เกินเกณฑ์เบื้องต้น
popcorn unpopped,106,1.2,0.2,20.9,0.3,3.1,3.6,0.0,0.001,4.9999999999999996e-05,0.0,1.0,1.846153846153846,6.966666666666667,14.400000000000002,3.0,Low,0,ยังไม่พบตัวชี้วัดที่เกินเกณฑ์เบื้องต้น
chocolate soymilk nonfat,107,0.046,0.0,20.7,8.9,6.0,0.5,0.0,0.1,0.005,0.0,0.0,0.07076923076923078,6.8999999999999995,2.0,89.0,Low,0,ยังไม่พบตัวชี้วัดที่เกินเกณฑ์เบื้องต้น
rice crisps,107,0.4,0.065,24.1,2.3,1.8,0.2,0.0,0.2,0.01,0.0,0.325,0.6153846153846154,8.033333333333333,0.8,23.0,Low,0,ยังไม่พบตัวชี้วัดที่เกินเกณฑ์เบื้องต้น
corn flakes,108,0.3,0.098,24.6,2.2,1.7,0.8,0.0,0.2,0.01,0.0,0.49,0.4615384615384615,8.200000000000001,3.2,22.000000000000004,Low,0,ยังไม่พบตัวชี้วัดที่เกินเกณฑ์เบื้องต้น
whey protein powder vanilla eas,108,1.7,1.4,0.0,0.0,0.0,0.0,0.0,0.0,0.0,0.0,6.999999999999999,2.6153846153846154,0.0,0.0,0.0,Low,0,ยังไม่พบตัวชี้วัดที่เกินเกณฑ์เบื้องต้น
salsify raw,109,0.3,0.0,24.7,0.0,4.4,4.4,0.0,0.093,0.00465,0.0,0.0,0.4615384615384615,8.233333333333333,17.6,0.0,Low,0,ยังไม่พบตัวชี้วัดที่เกินเกณฑ์เบื้องต้น
bran flakes asda,109,0.6,0.2,0.2,0.0,0.0,0.0,0.0,0.0,0.0,0.0,1.0,0.923076923076923,0.06666666666666668,0.0,0.0,Low,0,ยังไม่พบตัวชี้วัดที่เกินเกณฑ์เบื้องต้น
matzo crackers with egg,109,0.6,0.2,22.0,0.0,3.4,0.8,23.2,0.057,0.00285,7.733333333333333,1.0,0.923076923076923,7.333333333333333,3.2,0.0,Low,0,ยังไม่พบตัวชี้วัดที่เกินเกณฑ์เบื้องต้น
matzo crackers with egg onion,109,1.1,0.3,21.6,0.0,2.8,1.4,12.6,0.052,0.0026,4.199999999999999,1.5,1.6923076923076925,7.200000000000001,5.6,0.0,Low,0,ยังไม่พบตัวชี้วัดที่เกินเกณฑ์เบื้องต้น
piki bread,109,2.0,0.2,20.2,0.4,2.5,2.6,0.0,0.028,0.0014,0.0,1.0,3.076923076923077,6.7333333333333325,10.4,4.0,Low,0,ยังไม่พบตัวชี้วัดที่เกินเกณฑ์เบื้องต้น
corn rice,110,0.3,0.02,25.2,3.0,1.8,0.4,0.0,0.2,0.01,0.0,0.1,0.4615384615384615,8.399999999999999,1.6,30.0,Low,0,ยังไม่พบตัวชี้วัดที่เกินเกณฑ์เบื้องต้น
egg noodles cooked,110,1.7,0.3,20.1,0.3,3.6,1.0,23.2,0.027,0.0013499999999999999,7.733333333333333,1.5,2.6153846153846154,6.7,4.0,3.0,Low,0,ยังไม่พบตัวชี้วัดที่เกินเกณฑ์เบื้องต้น
matzo crackers,111,0.4,0.03,23.4,0.098,2.8,0.8,0.0,0.0,0.0,0.0,0.15,0.6153846153846154,7.8,3.2,0.98,Low,0,ยังไม่พบตัวชี้วัดที่เกินเกณฑ์เบื้องต้น
rice cracker cake,111,1.2,0.2,23.0,0.2,2.0,1.2,0.0,0.097,0.00485,0.0,1.0,1.846153846153846,7.666666666666666,4.8,2.0,Low,0,ยังไม่พบตัวชี้วัดที่เกินเกณฑ์เบื้องต้น
tilapia raw,111,2.0,0.7,0.0,0.0,23.3,0.0,58.0,0.009,0.00044999999999999993,19.333333333333332,3.4999999999999996,3.076923076923077,0.0,0.0,0.0,Low,0,ยังไม่พบตัวชี้วัดที่เกินเกณฑ์เบื้องต้น
muller thurgau white wine,112,0.0,0.0,5.2,0.0,0.1,13.3,0.0,0.0,0.0,0.0,0.0,0.0,1.7333333333333332,53.2,0.0,Low,0,ยังไม่พบตัวชี้วัดที่เกินเกณฑ์เบื้องต้น
sweet potato raw,112,0.002,0.036,26.2,5.4,2.0,3.9,0.0,0.079,0.0039499999999999995,0.0,0.18,0.003076923076923077,8.733333333333333,15.6,54.0,Low,0,ยังไม่พบตัวชี้วัดที่เกินเกณฑ์เบื้องต้น
daiquiri,112,0.036,0.063,4.2,3.3,0.035,0.001,0.0,0.008,0.00039999999999999996,0.0,0.315,0.05538461538461538,1.4000000000000001,0.004,32.99999999999999,Low,0,ยังไม่พบตัวชี้วัดที่เกินเกณฑ์เบื้องต้น
japanese soba noodles cooked,113,0.1,0.026,24.4,0.0,5.8,0.0,0.0,0.1,0.005,0.0,0.13,0.15384615384615385,8.133333333333333,0.0,0.0,Low,0,ยังไม่พบตัวชี้วัดที่เกินเกณฑ์เบื้องต้น
parsnips cooked,114,0.5,0.081,27.2,7.7,2.1,6.4,0.0,0.021,0.0010500000000000002,0.0,0.40499999999999997,0.7692307692307693,9.066666666666666,25.6,77.0,Low,0,ยังไม่พบตัวชี้วัดที่เกินเกณฑ์เบื้องต้น
gamay red wine,115,0.0,0.0,3.5,0.0,0.1,14.4,0.0,0.0,0.0,0.0,0.0,0.0,1.1666666666666667,57.60000000000001,0.0,Low,0,ยังไม่พบตัวชี้วัดที่เกินเกณฑ์เบื้องต้น
egg substitute,115,0.0,0.0,4.8,4.8,24.0,0.0,0.0,0.5,0.025,0.0,0.0,0.0,1.6,0.0,48.0,Low,0,ยังไม่พบตัวชี้วัดที่เกินเกณฑ์เบื้องต้น
acorn squash cooked,115,0.3,0.023,29.9,0.0,2.3,9.0,0.0,0.5,0.025,0.0,0.11499999999999999,0.4615384615384615,9.966666666666667,36.0,0.0,Low,0,ยังไม่พบตัวชี้วัดที่เกินเกณฑ์เบื้องต้น
pretzels,115,0.9,0.1,24.1,0.7,3.0,1.0,0.0,0.4,0.02,0.0,0.5,1.3846153846153846,8.033333333333333,4.0,6.999999999999999,Low,0,ยังไม่พบตัวชี้วัดที่เกินเกณฑ์เบื้องต้น
taro raw,116,0.2,0.099,27.5,0.4,1.6,4.3,0.0,0.054,0.0026999999999999997,0.0,0.49500000000000005,0.3076923076923077,9.166666666666666,17.2,4.0,Low,0,ยังไม่พบตัวชี้วัดที่เกินเกณฑ์เบื้องต้น
lobster raw,116,1.1,0.3,0.0,0.0,24.8,0.0,190.5,0.6,0.03,63.5,1.5,1.6923076923076925,0.0,0.0,0.0,Low,0,โคเลสเตอรอลค่อนข้างสูง
peas raw,117,0.6,0.1,21.0,8.2,7.9,7.4,0.0,0.017,0.00085,0.0,0.5,0.923076923076923,7.000000000000001,29.600000000000005,82.0,Low,0,ยังไม่พบตัวชี้วัดที่เกินเกณฑ์เบื้องต้น
melba toast crackers,117,1.0,0.1,23.0,0.3,3.6,1.9,0.0,0.2,0.01,0.0,0.5,1.5384615384615385,7.666666666666666,7.6,3.0,Low,0,ยังไม่พบตัวชี้วัดที่เกินเกณฑ์เบื้องต้น
tortilla chips low fat,117,1.6,0.2,22.6,0.2,3.1,1.5,0.0,0.1,0.005,0.0,1.0,2.4615384615384617,7.533333333333333,6.0,2.0,Low,0,ยังไม่พบตัวชี้วัดที่เกินเกณฑ์เบื้องต้น
hotdog roll,117,1.6,0.4,21.1,3.1,4.1,0.8,0.0,0.2,0.01,0.0,2.0,2.4615384615384617,7.033333333333334,3.2,31.0,Low,0,ยังไม่พบตัวชี้วัดที่เกินเกณฑ์เบื้องต้น
chenin blanc white wine,118,0.0,0.0,4.9,0.0,0.1,0.0,0.0,0.0,0.0,0.0,0.0,0.0,1.6333333333333335,0.0,0.0,Low,0,ยังไม่พบตัวชี้วัดที่เกินเกณฑ์เบื้องต้น
riesling white wine,118,0.0,0.0,5.5,0.0,0.1,0.0,0.0,0.0,0.0,0.0,0.0,0.0,1.8333333333333333,0.0,0.0,Low,0,ยังไม่พบตัวชี้วัดที่เกินเกณฑ์เบื้องต้น
lemberger red wine,118,0.0,0.0,3.6,0.0,0.1,15.0,0.0,0.0,0.0,0.0,0.0,0.0,1.2,60.0,0.0,Low,0,ยังไม่พบตัวชี้วัดที่เกินเกณฑ์เบื้องต้น
mixed vegetables cooked,118,0.3,0.0,23.8,5.7,5.2,8.0,0.0,0.089,0.00445,0.0,0.0,0.4615384615384615,7.933333333333334,32.0,57.00000000000001,Low,0,ยังไม่พบตัวชี้วัดที่เกินเกณฑ์เบื้องต้น
gewurztraminer white wine,119,0.0,0.0,3.8,0.0,0.1,0.0,0.0,0.0,0.0,0.0,0.0,0.0,1.2666666666666666,0.0,0.0,Low,0,ยังไม่พบตัวชี้วัดที่เกินเกณฑ์เบื้องต้น
sauvignon blanc white wine,119,0.0,0.0,3.0,0.0,0.1,0.0,0.0,0.0,0.0,0.0,0.0,0.0,1.0,0.0,0.0,Low,0,ยังไม่พบตัวชี้วัดที่เกินเกณฑ์เบื้องต้น
pinot blanc white wine,119,0.0,0.0,2.9,0.0,0.1,0.0,0.0,0.0,0.0,0.0,0.0,0.0,0.9666666666666667,0.0,0.0,Low,0,ยังไม่พบตัวชี้วัดที่เกินเกณฑ์เบื้องต้น
mountain yam cooked,119,0.1,0.014,29.0,0.0,2.5,0.0,0.0,0.4,0.02,0.0,0.06999999999999999,0.15384615384615385,9.666666666666666,0.0,0.0,Low,0,ยังไม่พบตัวชี้วัดที่เกินเกณฑ์เบื้องต้น
hominy canned,119,1.5,0.2,23.5,3.0,2.4,4.1,0.0,0.6,0.03,0.0,1.0,2.307692307692308,7.833333333333334,16.4,30.0,Low,0,ยังไม่พบตัวชี้วัดที่เกินเกณฑ์เบื้องต้น
triple zero greek yogurt dannon oikos,120,0.0,0.0,22.5,6.0,0.038,0.0,0.0,0.0,0.0,0.0,0.0,0.0,7.5,0.0,60.0,Low,0,ยังไม่พบตัวชี้วัดที่เกินเกณฑ์เบื้องต้น
water chestnut raw,120,0.1,0.039,29.7,6.0,1.7,3.7,0.0,0.097,0.00485,0.0,0.19499999999999998,0.15384615384615385,9.899999999999999,14.800000000000002,60.0,Low,0,ยังไม่พบตัวชี้วัดที่เกินเกณฑ์เบื้องต้น
ostrich leg cooked,120,1.6,0.6,0.0,0.0,24.7,0.0,62.1,0.016,0.0007999999999999999,20.700000000000003,3.0,2.4615384615384617,0.0,0.0,0.0,Low,0,โคเลสเตอรอลค่อนข้างสูง
pinot noir red wine,121,0.0,0.0,3.4,0.0,0.1,0.0,0.0,0.0,0.0,0.0,0.0,0.0,1.1333333333333333,0.0,0.0,Low,0,ยังไม่พบตัวชี้วัดที่เกินเกณฑ์เบื้องต้น
semillon white wine,121,0.0,0.0,4.6,0.0,0.1,14.9,0.0,0.0,0.0,0.0,0.0,0.0,1.5333333333333332,59.599999999999994,0.0,Low,0,ยังไม่พบตัวชี้วัดที่เกินเกณฑ์เบื้องต้น
fume blanc white wine,121,0.0,0.0,3.3,0.0,0.1,15.4,0.0,0.0,0.0,0.0,0.0,0.0,1.0999999999999999,61.6,0.0,Low,0,ยังไม่พบตัวชี้วัดที่เกินเกณฑ์เบื้องต้น
white wine,121,0.0,0.0,3.8,1.4,0.1,0.0,0.0,0.098,0.004900000000000001,0.0,0.0,0.0,1.2666666666666666,0.0,13.999999999999998,Low,0,ยังไม่พบตัวชี้วัดที่เกินเกณฑ์เบื้องต้น
pinot gris grigio white wine,122,0.0,0.0,3.0,0.0,0.1,0.0,0.0,0.0,0.0,0.0,0.0,0.0,1.0,0.0,0.0,Low,0,ยังไม่พบตัวชี้วัดที่เกินเกณฑ์เบื้องต้น
syrah red wine,122,0.0,0.0,3.8,0.0,0.1,0.0,0.0,0.0,0.0,0.0,0.0,0.0,1.2666666666666666,0.0,0.0,Low,0,ยังไม่พบตัวชี้วัดที่เกินเกณฑ์เบื้องต้น
claret red wine,122,0.0,0.0,4.4,0.0,0.1,15.0,0.0,0.0,0.0,0.0,0.0,0.0,1.4666666666666668,60.0,0.0,Low,0,ยังไม่พบตัวชี้วัดที่เกินเกณฑ์เบื้องต้น
cabarnet franc red wine,122,0.0,0.0,3.6,0.0,0.1,0.0,0.0,0.0,0.0,0.0,0.0,0.0,1.2,0.0,0.0,Low,0,ยังไม่พบตัวชี้วัดที่เกินเกณฑ์เบื้องต้น
apple juice martinellis,122,0.0,0.0,0.0,0.0,0.0,0.0,0.0,0.0,0.0,0.0,0.0,0.0,0.0,0.0,0.0,Low,0,ยังไม่พบตัวชี้วัดที่เกินเกณฑ์เบื้องต้น
merlot red wine,122,0.0,0.0,3.7,0.9,0.1,0.0,0.0,0.011,0.00055,0.0,0.0,0.0,1.2333333333333334,0.0,9.0,Low,0,ยังไม่พบตัวชี้วัดที่เกินเกณฑ์เบื้องต้น
muscat white wine,123,0.0,0.0,7.8,0.0,0.1,0.0,0.0,0.0,0.0,0.0,0.0,0.0,2.6,0.0,0.0,Low,0,ยังไม่พบตัวชี้วัดที่เกินเกณฑ์เบื้องต้น
table wine,123,0.0,0.0,4.0,1.2,0.1,0.0,0.0,0.087,0.00435,0.0,0.0,0.0,1.3333333333333335,0.0,12.0,Low,0,ยังไม่พบตัวชี้วัดที่เกินเกณฑ์เบื้องต้น
rye dinner roll,123,1.5,0.3,22.8,0.5,4.4,2.1,0.0,0.3,0.015,0.0,1.5,2.307692307692308,7.6,8.4,5.0,Low,0,ยังไม่พบตัวชี้วัดที่เกินเกณฑ์เบื้องต้น
corn raw,123,1.9,0.5,26.7,9.0,4.7,2.9,0.0,0.083,0.00415,0.0,2.5,2.923076923076923,8.9,11.6,90.0,Low,0,ยังไม่พบตัวชี้วัดที่เกินเกณฑ์เบื้องต้น
crispy brown rice,124,1.1,0.2,27.5,2.9,2.3,2.3,0.0,0.086,0.004299999999999999,0.0,1.0,1.6923076923076925,9.166666666666666,9.2,28.999999999999996,Low,0,ยังไม่พบตัวชี้วัดที่เกินเกณฑ์เบื้องต้น
petite sirah red wine,125,0.0,0.0,3.9,0.0,0.1,15.7,0.0,0.0,0.0,0.0,0.0,0.0,1.3,62.8,0.0,Low,0,ยังไม่พบตัวชี้วัดที่เกินเกณฑ์เบื้องต้น
red wine,125,0.0,0.0,3.8,0.9,0.1,0.0,0.0,0.027,0.0013499999999999999,0.0,0.0,0.0,1.2666666666666666,0.0,9.0,Low,0,ยังไม่พบตัวชี้วัดที่เกินเกณฑ์เบื้องต้น
fruit salad canned,125,0.008,0.08,32.5,0.0,1.3,2.5,0.0,0.069,0.0034500000000000004,0.0,0.4,0.012307692307692308,10.833333333333334,10.0,0.0,Low,0,ยังไม่พบตัวชี้วัดที่เกินเกณฑ์เบื้องต้น
sangiovese red wine,126,0.0,0.0,3.9,0.0,0.1,0.0,0.0,0.0,0.0,0.0,0.0,0.0,1.3,0.0,0.0,Low,0,ยังไม่พบตัวชี้วัดที่เกินเกณฑ์เบื้องต้น
cream of rice coup,127,0.2,0.07,28.1,0.022,2.2,0.2,0.0,0.4,0.02,0.0,0.35000000000000003,0.3076923076923077,9.366666666666667,0.8,0.21999999999999997,Low,0,ยังไม่พบตัวชี้วัดที่เกินเกณฑ์เบื้องต้น
english muffin,127,1.1,0.2,25.5,0.9,5.0,2.6,0.0,0.2,0.01,0.0,1.0,1.6923076923076925,8.5,10.4,9.0,Low,0,ยังไม่พบตัวชี้วัดที่เกินเกณฑ์เบื้องต้น
parsnips raw,128,0.5,0.1,30.6,8.2,2.0,8.3,0.0,0.068,0.0034,0.0,0.5,0.7692307692307693,10.200000000000001,33.2,82.0,Low,0,ยังไม่พบตัวชี้วัดที่เกินเกณฑ์เบื้องต้น
vegetable beef soup,128,2.0,0.6,9.6,0.0,18.1,4.4,8.8,1.1,0.055,2.9333333333333336,3.0,3.076923076923077,3.2,17.6,0.0,Low,0,ยังไม่พบตัวชี้วัดที่เกินเกณฑ์เบื้องต้น
zinfandel red wine,129,0.0,0.0,4.2,0.0,0.1,0.0,0.0,0.0,0.0,0.0,0.0,0.0,1.4000000000000001,0.0,0.0,Low,0,ยังไม่พบตัวชี้วัดที่เกินเกณฑ์เบื้องต้น
mouvedre red wine,129,0.0,0.0,3.9,0.0,0.1,16.5,0.0,0.0,0.0,0.0,0.0,0.0,1.3,66.0,0.0,Low,0,ยังไม่พบตัวชี้วัดที่เกินเกณฑ์เบื้องต้น
black eyed cowpeas raw,131,0.5,0.1,27.3,4.4,4.3,7.3,0.0,0.048,0.0024000000000000002,0.0,0.5,0.7692307692307693,9.1,29.2,44.00000000000001,Low,0,ยังไม่พบตัวชี้วัดที่เกินเกณฑ์เบื้องต้น
bran flakes,131,0.8,0.2,32.2,7.4,4.0,7.3,0.0,0.2,0.01,0.0,1.0,1.2307692307692308,10.733333333333334,29.2,74.0,Low,0,ยังไม่พบตัวชี้วัดที่เกินเกณฑ์เบื้องต้น
potatoes canned,132,0.3,0.098,29.7,0.0,3.6,4.2,0.0,0.7,0.034999999999999996,0.0,0.49,0.4615384615384615,9.899999999999999,16.8,0.0,Low,0,ยังไม่พบตัวชี้วัดที่เกินเกณฑ์เบื้องต้น
yautia tannier,132,0.5,0.1,31.9,0.0,2.0,2.0,0.0,0.031,0.0015500000000000002,0.0,0.5,0.7692307692307693,10.633333333333333,8.0,0.0,Low,0,ยังไม่พบตัวชี้วัดที่เกินเกณฑ์เบื้องต้น
peas cooked,134,0.4,0.065,25.0,9.5,8.6,8.8,0.0,0.074,0.0036999999999999997,0.0,0.325,0.6153846153846154,8.333333333333332,35.2,95.0,Low,0,ยังไม่พบตัวชี้วัดที่เกินเกณฑ์เบื้องต้น
lobster cooked,134,1.3,0.3,0.0,0.0,28.5,0.0,219.0,0.7,0.034999999999999996,73.0,1.5,2.0,0.0,0.0,0.0,Low,0,โคเลสเตอรอลค่อนข้างสูง
english muffin whole wheat,134,1.4,0.2,26.7,5.3,5.8,4.4,0.0,0.2,0.01,0.0,1.0,2.1538461538461537,8.9,17.6,53.0,Low,0,ยังไม่พบตัวชี้วัดที่เกินเกณฑ์เบื้องต้น
haddock cooked,135,0.8,0.2,0.0,0.0,30.0,0.0,99.0,0.4,0.02,33.0,1.0,1.2307692307692308,0.0,0.0,0.0,Low,0,โคเลสเตอรอลค่อนข้างสูง
english muffin whole wheat toasted,135,1.4,0.2,26.9,5.4,5.9,4.5,0.0,0.2,0.01,0.0,1.0,2.1538461538461537,8.966666666666665,18.0,54.0,Low,0,ยังไม่พบตัวชี้วัดที่เกินเกณฑ์เบื้องต้น
cranberry grape juice,137,0.2,0.053,34.3,0.0,0.5,0.2,0.0,0.079,0.0039499999999999995,0.0,0.265,0.3076923076923077,11.433333333333334,0.8,0.0,Low,0,ยังไม่พบตัวชี้วัดที่เกินเกณฑ์เบื้องต้น
kanpyo dried,139,0.3,0.041,35.1,0.0,4.6,5.3,0.0,0.056,0.0028,0.0,0.20500000000000002,0.4615384615384615,11.700000000000001,21.2,0.0,Low,0,ยังไม่พบตัวชี้วัดที่เกินเกณฑ์เบื้องต้น
octopus cooked,139,1.8,0.4,3.7,0.0,25.3,0.0,81.6,0.4,0.02,27.199999999999996,2.0,2.769230769230769,1.2333333333333334,0.0,0.0,Low,0,โคเลสเตอรอลค่อนข้างสูง
profeel proteiinirahka valio,140,0.4,0.2,19.3,0.2,175.0,0.0,0.0,0.0,0.0,0.0,1.0,0.6153846153846154,6.433333333333334,0.0,2.0,Low,0,ยังไม่พบตัวชี้วัดที่เกินเกณฑ์เบื้องต้น
english muffin toasted,140,1.1,0.3,27.4,1.8,5.4,1.5,0.0,0.2,0.01,0.0,1.5,1.6923076923076925,9.133333333333333,6.0,18.0,Low,0,ยังไม่พบตัวชี้วัดที่เกินเกณฑ์เบื้องต้น
dungeness crab cooked,140,1.6,0.2,1.2,0.0,28.3,0.0,96.5,0.5,0.025,32.166666666666664,1.0,2.4615384615384617,0.4,0.0,0.0,Low,0,โคเลสเตอรอลค่อนข้างสูง
dungeness crab raw,140,1.6,0.2,1.2,0.0,28.4,0.0,96.2,0.5,0.025,32.06666666666666,1.0,2.4615384615384617,0.4,0.0,0.0,Low,0,โคเลสเตอรอลค่อนข้างสูง
sapodilla,141,1.9,0.3,33.9,0.0,0.7,9.0,0.0,0.08,0.004,0.0,1.5,2.923076923076923,11.299999999999999,36.0,0.0,Low,0,ยังไม่พบตัวชี้วัดที่เกินเกณฑ์เบื้องต้น
beer,142,0.0,0.0,11.7,0.0,1.5,0.0,0.0,0.067,0.00335,0.0,0.0,0.0,3.9,0.0,0.0,Low,0,ยังไม่พบตัวชี้วัดที่เกินเกณฑ์เบื้องต้น
wasabi root,142,0.8,0.0,30.6,0.0,6.2,10.1,0.0,0.02,0.001,0.0,0.0,1.2307692307692308,10.200000000000001,40.4,0.0,Low,0,ยังไม่พบตัวชี้วัดที่เกินเกณฑ์เบื้องต้น
haddock raw,143,0.9,0.2,0.0,0.0,31.5,0.0,104.2,0.4,0.02,34.733333333333334,1.0,1.3846153846153846,0.0,0.0,0.0,Low,0,โคเลสเตอรอลค่อนข้างสูง
mangosteen canned,143,1.1,0.0,35.1,0.0,0.8,3.5,0.0,0.024,0.0012000000000000001,0.0,0.0,1.6923076923076925,11.700000000000001,14.000000000000002,0.0,Low,0,ยังไม่พบตัวชี้วัดที่เกินเกณฑ์เบื้องต้น
white corn raw,143,2.0,0.3,31.6,5.3,5.3,4.5,0.0,0.088,0.0044,0.0,1.5,3.076923076923077,10.533333333333333,18.0,53.0,Low,0,ยังไม่พบตัวชี้วัดที่เกินเกณฑ์เบื้องต้น
alaska king crab raw,144,1.0,0.2,0.0,0.0,31.5,0.0,72.2,1.4,0.06999999999999999,24.066666666666666,1.0,1.5384615384615385,0.0,0.0,0.0,Low,0,โคเลสเตอรอลค่อนข้างสูง
spinach egg noodles dry,145,1.7,0.4,26.7,0.0,5.6,2.6,36.1,0.096,0.0048000000000000004,12.033333333333333,2.0,2.6153846153846154,8.9,10.4,0.0,Low,0,ยังไม่พบตัวชี้วัดที่เกินเกณฑ์เบื้องต้น
burdock root cooked,146,0.2,0.0,35.1,5.9,3.5,3.0,0.0,0.4,0.02,0.0,0.0,0.3076923076923077,11.700000000000001,12.0,59.00000000000001,Low,0,ยังไม่พบตัวชี้วัดที่เกินเกณฑ์เบื้องต้น
egg noodles dry,146,1.7,0.4,27.1,0.7,5.4,1.3,31.9,0.095,0.00475,10.633333333333333,2.0,2.6153846153846154,9.033333333333333,5.2,6.999999999999999,Low,0,ยังไม่พบตัวชี้วัดที่เกินเกณฑ์เบื้องต้น
whitefish smoked,147,1.3,0.3,0.0,0.0,31.8,0.0,44.9,1.4,0.06999999999999999,14.966666666666667,1.5,2.0,0.0,0.0,0.0,Low,0,ยังไม่พบตัวชี้วัดที่เกินเกณฑ์เบื้องต้น
walleye pike raw,148,1.9,0.4,0.0,0.0,30.4,0.0,136.7,0.011,0.00055,45.56666666666666,2.0,2.923076923076923,0.0,0.0,0.0,Low,0,โคเลสเตอรอลค่อนข้างสูง
walleye pike cooked,148,1.9,0.4,0.0,0.0,30.4,0.0,136.4,0.069,0.0034500000000000004,45.46666666666667,2.0,2.923076923076923,0.0,0.0,0.0,Low,0,โคเลสเตอรอลค่อนข้างสูง
red potato raw,149,0.3,0.074,33.9,2.7,4.0,3.6,0.0,0.02,0.001,0.0,0.37,0.4615384615384615,11.299999999999999,14.400000000000002,27.0,Low,0,ยังไม่พบตัวชี้วัดที่เกินเกณฑ์เบื้องต้น
pear nectar,150,0.062,0.032,39.4,0.0,0.3,1.5,0.0,0.056,0.0028,0.0,0.16,0.09538461538461539,13.133333333333333,6.0,0.0,Low,0,ยังไม่พบตัวชี้วัดที่เกินเกณฑ์เบื้องต้น
whole wheat cooked,150,1.0,0.1,33.2,0.2,4.8,3.9,0.0,0.6,0.03,0.0,0.5,1.5384615384615385,11.066666666666668,15.6,2.0,Low,0,ยังไม่พบตัวชี้วัดที่เกินเกณฑ์เบื้องต้น
eppaw,150,1.8,0.0,31.7,0.0,4.6,0.0,0.0,0.015,0.0007499999999999999,0.0,0.0,2.769230769230769,10.566666666666666,0.0,0.0,Low,0,ยังไม่พบตัวชี้วัดที่เกินเกณฑ์เบื้องต้น
bulgur cooked,151,0.4,0.053,33.8,0.2,5.6,8.2,0.0,0.049,0.0024500000000000004,0.0,0.265,0.6153846153846154,11.266666666666666,32.8,2.0,Low,0,ยังไม่พบตัวชี้วัดที่เกินเกณฑ์เบื้องต้น
puffed rice,153,0.2,0.037,34.1,0.0,2.4,0.6,0.0,0.053,0.00265,0.0,0.185,0.3076923076923077,11.366666666666667,2.4,0.0,Low,0,ยังไม่พบตัวชี้วัดที่เกินเกณฑ์เบื้องต้น
wheat shredded,155,1.0,0.2,36.2,0.4,5.2,5.5,0.0,0.086,0.004299999999999999,0.0,1.0,1.5384615384615385,12.066666666666666,22.0,4.0,Low,0,ยังไม่พบตัวชี้วัดที่เกินเกณฑ์เบื้องต้น
buckwheat cooked,155,1.0,0.2,33.5,1.5,5.7,4.5,0.0,0.053,0.00265,0.0,1.0,1.5384615384615385,11.166666666666666,18.0,15.0,Low,0,ยังไม่พบตัวชี้วัดที่เกินเกณฑ์เบื้องต้น
cranberry apricot juice,157,0.0,0.0,39.7,0.0,0.5,0.2,0.0,0.007,0.00035,0.0,0.0,0.0,13.233333333333333,0.8,0.0,Low,0,ยังไม่พบตัวชี้วัดที่เกินเกณฑ์เบื้องต้น
whiskey sour,158,0.0,0.018,13.9,0.0,0.0,0.0,0.0,0.067,0.00335,0.0,0.09,0.0,4.633333333333334,0.0,0.0,Low,0,ยังไม่พบตัวชี้วัดที่เกินเกณฑ์เบื้องต้น
yam cooked,158,0.2,0.061,37.4,0.7,2.0,5.3,0.0,0.017,0.00085,0.0,0.305,0.3076923076923077,12.466666666666667,21.2,6.999999999999999,Low,0,ยังไม่พบตัวชี้วัดที่เกินเกณฑ์เบื้องต้น
mozzarella cheese fat free,159,0.0,0.0,4.0,1.7,35.8,2.0,20.3,0.8,0.04,6.766666666666667,0.0,0.0,1.3333333333333335,8.0,17.0,Low,0,ยังไม่พบตัวชี้วัดที่เกินเกณฑ์เบื้องต้น
grape soda,160,0.0,0.0,41.7,0.0,0.0,0.0,0.0,0.042,0.0021000000000000003,0.0,0.0,0.0,13.900000000000002,0.0,0.0,Low,0,ยังไม่พบตัวชี้วัดที่เกินเกณฑ์เบื้องต้น
black eyed cowpeas cooked,160,0.6,0.2,33.5,5.3,5.2,8.3,0.0,0.036,0.0017999999999999997,0.0,1.0,0.923076923076923,11.166666666666666,33.2,53.0,Low,0,ยังไม่พบตัวชี้วัดที่เกินเกณฑ์เบื้องต้น
baked potato,161,0.2,0.074,36.6,2.0,4.3,3.8,0.0,0.097,0.00485,0.0,0.37,0.3076923076923077,12.200000000000001,15.2,20.0,Low,0,ยังไม่พบตัวชี้วัดที่เกินเกณฑ์เบื้องต้น
pectin,163,0.2,0.052,45.2,0.0,0.2,4.3,0.0,0.1,0.005,0.0,0.26,0.3076923076923077,15.066666666666666,17.2,0.0,Low,0,ยังไม่พบตัวชี้วัดที่เกินเกณฑ์เบื้องต้น
potato raw,164,0.2,0.028,37.2,1.7,4.3,4.7,0.0,0.072,0.0035999999999999995,0.0,0.13999999999999999,0.3076923076923077,12.400000000000002,18.8,17.0,Low,0,ยังไม่พบตัวชี้วัดที่เกินเกณฑ์เบื้องต้น
dessert wine sweet,165,0.0,0.0,14.1,8.0,0.2,0.0,0.0,0.047,0.0023499999999999997,0.0,0.0,0.0,4.7,0.0,80.0,Low,0,ยังไม่พบตัวชี้วัดที่เกินเกณฑ์เบื้องต้น
pita bread,165,0.7,0.091,33.4,0.8,5.5,1.3,0.0,0.3,0.015,0.0,0.455,1.0769230769230769,11.133333333333333,5.2,8.0,Low,0,ยังไม่พบตัวชี้วัดที่เกินเกณฑ์เบื้องต้น
conch baked,165,1.5,0.5,2.2,0.0,33.4,0.0,82.6,0.2,0.01,27.53333333333333,2.5,2.307692307692308,0.7333333333333334,0.0,0.0,Low,0,โคเลสเตอรอลค่อนข้างสูง
cabernet sauvignon red wine,166,0.0,0.0,5.2,0.0,0.1,0.0,0.0,0.0,0.0,0.0,0.0,0.0,1.7333333333333332,0.0,0.0,Low,0,ยังไม่พบตัวชี้วัดที่เกินเกณฑ์เบื้องต้น
wild rice cooked,166,0.6,0.078,35.0,1.2,6.5,3.0,0.0,0.008,0.00039999999999999996,0.0,0.38999999999999996,0.923076923076923,11.666666666666666,12.0,12.0,Low,0,ยังไม่พบตัวชี้วัดที่เกินเกณฑ์เบื้องต้น
chardonnay white wine,168,0.0,0.0,4.3,1.9,0.1,0.0,0.0,0.027,0.0013499999999999999,0.0,0.0,0.0,1.4333333333333333,0.0,19.0,Low,0,ยังไม่พบตัวชี้วัดที่เกินเกณฑ์เบื้องต้น
ling cooked,168,1.2,0.0,0.0,0.0,36.8,0.0,77.0,0.3,0.015,25.666666666666664,0.0,1.846153846153846,0.0,0.0,0.0,Low,0,โคเลสเตอรอลค่อนข้างสูง
ling raw,168,1.2,0.2,0.0,0.0,36.7,0.0,77.2,0.3,0.015,25.733333333333334,1.0,1.846153846153846,0.0,0.0,0.0,Low,0,โคเลสเตอรอลค่อนข้างสูง
glutinous white rice cooked,169,0.3,0.056,36.7,0.078,3.5,1.7,0.0,0.027,0.0013499999999999999,0.0,0.27999999999999997,0.4615384615384615,12.233333333333334,6.800000000000001,0.7799999999999999,Low,0,ยังไม่พบตัวชี้วัดที่เกินเกณฑ์เบื้องต้น
barbera red wine,170,0.0,0.0,5.6,0.0,0.1,0.0,0.0,0.0,0.0,0.0,0.0,0.0,1.8666666666666665,0.0,0.0,Low,0,ยังไม่พบตัวชี้วัดที่เกินเกณฑ์เบื้องต้น
bulgur dry,171,0.7,0.1,37.9,0.2,6.1,9.2,0.0,0.071,0.0035499999999999993,0.0,0.5,1.0769230769230769,12.633333333333333,36.8,2.0,Low,0,ยังไม่พบตัวชี้วัดที่เกินเกณฑ์เบื้องต้น
late harvest white wine,172,0.0,0.0,20.6,0.0,0.1,13.1,0.0,0.0,0.0,0.0,0.0,0.0,6.866666666666667,52.400000000000006,0.0,Low,0,ยังไม่พบตัวชี้วัดที่เกินเกณฑ์เบื้องต้น
burgundy red wine,172,0.0,0.0,7.4,0.0,0.1,0.0,0.0,0.0,0.0,0.0,0.0,0.0,2.466666666666667,0.0,0.0,Low,0,ยังไม่พบตัวชี้วัดที่เกินเกณฑ์เบื้องต้น
vegetable macaroni cooked,172,0.1,0.037,35.7,1.5,6.1,5.8,0.0,0.015,0.0007499999999999999,0.0,0.185,0.15384615384615385,11.9,23.2,15.0,Low,0,ยังไม่พบตัวชี้วัดที่เกินเกณฑ์เบื้องต้น
acorn squash raw,172,0.4,0.091,44.9,0.0,3.4,6.5,0.0,0.017,0.00085,0.0,0.455,0.6153846153846154,14.966666666666667,26.0,0.0,Low,0,ยังไม่พบตัวชี้วัดที่เกินเกณฑ์เบื้องต้น
savoury noodle one pan dinner tandaco,172,1.2,0.5,5.5,0.0,0.0,0.0,0.0,0.0,0.0,0.0,2.5,1.846153846153846,1.8333333333333333,0.0,0.0,Low,0,ยังไม่พบตัวชี้วัดที่เกินเกณฑ์เบื้องต้น
dolphinfish cooked,173,1.4,0.4,0.0,0.0,37.7,0.0,149.5,0.2,0.01,49.833333333333336,2.0,2.1538461538461537,0.0,0.0,0.0,Low,0,โคเลสเตอรอลค่อนข้างสูง
dolphinfish raw,173,1.4,0.4,0.0,0.0,37.7,0.0,148.9,0.2,0.01,49.63333333333333,2.0,2.1538461538461537,0.0,0.0,0.0,Low,0,โคเลสเตอรอลค่อนข้างสูง
whole wheat macaroni cooked,174,0.8,0.1,37.2,1.1,7.5,3.9,0.0,0.057,0.00285,0.0,0.5,1.2307692307692308,12.400000000000002,15.6,11.000000000000002,Low,0,ยังไม่พบตัวชี้วัดที่เกินเกณฑ์เบื้องต้น
whole wheat spaghetti cooked,174,0.8,0.1,37.2,1.1,7.5,6.3,0.0,0.091,0.00455,0.0,0.5,1.2307692307692308,12.400000000000002,25.2,11.000000000000002,Low,0,ยังไม่พบตัวชี้วัดที่เกินเกณฑ์เบื้องต้น
rambutan canned,175,0.4,0.0,44.7,0.0,1.4,1.9,0.0,0.051,0.00255,0.0,0.0,0.6153846153846154,14.900000000000002,7.6,0.0,Low,0,ยังไม่พบตัวชี้วัดที่เกินเกณฑ์เบื้องต้น
couscous cooked,176,0.3,0.091,36.5,0.2,6.0,2.2,0.0,0.054,0.0026999999999999997,0.0,0.455,0.4615384615384615,12.166666666666668,8.8,2.0,Low,0,ยังไม่พบตัวชี้วัดที่เกินเกณฑ์เบื้องต้น
oat bran bagel,176,0.8,0.1,36.8,1.1,7.4,2.5,0.0,0.4,0.02,0.0,0.5,1.2307692307692308,12.266666666666666,10.0,11.000000000000002,Low,0,ยังไม่พบตัวชี้วัดที่เกินเกณฑ์เบื้องต้น
corn pasta cooked,176,1.0,0.1,39.1,0.0,3.7,6.7,0.0,0.0,0.0,0.0,0.5,1.5384615384615385,13.033333333333333,26.8,0.0,Low,0,ยังไม่พบตัวชี้วัดที่เกินเกณฑ์เบื้องต้น
yam raw,177,0.3,0.067,41.8,0.8,2.3,6.2,0.0,0.017,0.00085,0.0,0.335,0.4615384615384615,13.933333333333334,24.8,8.0,Low,0,ยังไม่พบตัวชี้วัดที่เกินเกณฑ์เบื้องต้น
fava beans canned,182,0.6,0.092,31.8,0.0,14.0,9.5,0.0,1.2,0.06,0.0,0.45999999999999996,0.923076923076923,10.6,38.0,0.0,Low,0,ยังไม่พบตัวชี้วัดที่เกินเกณฑ์เบื้องต้น
spinach spaghetti cooked,182,0.9,0.1,36.6,0.0,6.4,0.0,0.0,0.061,0.0030499999999999998,0.0,0.5,1.3846153846153846,12.200000000000001,0.0,0.0,Low,0,ยังไม่พบตัวชี้วัดที่เกินเกณฑ์เบื้องต้น
corn grits cooked,182,1.2,0.2,37.9,0.3,4.4,2.1,0.0,0.6,0.03,0.0,1.0,1.846153846153846,12.633333333333333,8.4,3.0,Low,0,ยังไม่พบตัวชี้วัดที่เกินเกณฑ์เบื้องต้น
gooseberries canned,184,0.5,0.004,47.3,0.0,1.6,6.0,0.0,0.097,0.00485,0.0,0.02,0.7692307692307693,15.766666666666666,24.0,0.0,Low,0,ยังไม่พบตัวชี้วัดที่เกินเกณฑ์เบื้องต้น
cowpeas canned,185,1.3,0.3,32.7,0.0,11.4,7.9,0.0,0.7,0.034999999999999996,0.0,1.5,2.0,10.900000000000002,31.6,0.0,Low,0,ยังไม่พบตัวชี้วัดที่เกินเกณฑ์เบื้องต้น
taro cooked,187,0.1,0.012,45.7,0.6,0.7,6.7,0.0,0.055,0.0027500000000000003,0.0,0.060000000000000005,0.15384615384615385,15.233333333333334,26.8,6.0,Low,0,ยังไม่พบตัวชี้วัดที่เกินเกณฑ์เบื้องต้น
fava beans cooked,187,0.7,0.1,33.4,3.1,12.9,9.2,0.0,0.081,0.00405,0.0,0.5,1.0769230769230769,11.133333333333333,36.8,31.0,Low,0,ยังไม่พบตัวชี้วัดที่เกินเกณฑ์เบื้องต้น
sour cherries canned,189,0.3,0.007,48.6,0.0,1.9,2.0,0.0,0.073,0.00365,0.0,0.034999999999999996,0.4615384615384615,16.2,8.0,0.0,Low,0,ยังไม่พบตัวชี้วัดที่เกินเกณฑ์เบื้องต้น
baby lima beans cooked,189,0.5,0.1,35.0,2.5,12.0,10.8,0.0,0.064,0.0031999999999999997,0.0,0.5,0.7692307692307693,11.666666666666666,43.2,25.0,Low,0,ยังไม่พบตัวชี้วัดที่เกินเกณฑ์เบื้องต้น
mungo beans cooked,189,1.0,0.065,33.0,3.6,13.6,11.5,0.0,0.083,0.00415,0.0,0.325,1.5384615384615385,11.0,46.0,36.0,Low,0,ยังไม่พบตัวชี้วัดที่เกินเกณฑ์เบื้องต้น
cod raw,189,1.5,0.3,0.0,0.0,41.1,0.0,99.3,0.1,0.005,33.1,1.5,2.307692307692308,0.0,0.0,0.0,Low,0,โคเลสเตอรอลค่อนข้างสูง
cod cooked,189,1.5,0.3,0.0,0.0,41.1,0.0,99.0,0.1,0.005,33.0,1.5,2.307692307692308,0.0,0.0,0.0,Low,0,โคเลสเตอรอลค่อนข้างสูง
lima beans canned,190,0.4,0.095,35.9,0.0,11.9,11.6,0.0,0.8,0.04,0.0,0.475,0.6153846153846154,11.966666666666665,46.4,0.0,Low,0,ยังไม่พบตัวชี้วัดที่เกินเกณฑ์เบื้องต้น
rice noodles cooked,190,0.4,0.072,42.3,0.052,3.2,1.8,0.0,0.075,0.00375,0.0,0.36,0.6153846153846154,14.099999999999998,7.200000000000001,0.52,Low,0,ยังไม่พบตัวชี้วัดที่เกินเกณฑ์เบื้องต้น
barley cooked,193,0.7,0.1,44.3,0.4,3.5,6.0,0.0,0.064,0.0031999999999999997,0.0,0.5,1.0769230769230769,14.766666666666667,24.0,4.0,Low,0,ยังไม่พบตัวชี้วัดที่เกินเกณฑ์เบื้องต้น
instant white rice cooked,193,0.8,0.088,41.4,0.0,3.6,1.0,0.0,0.001,4.9999999999999996e-05,0.0,0.43999999999999995,1.2307692307692308,13.799999999999999,4.0,0.0,Low,0,ยังไม่พบตัวชี้วัดที่เกินเกณฑ์เบื้องต้น
parboiled white rice cooked,194,0.6,0.1,41.2,0.2,4.6,1.4,0.0,0.088,0.0044,0.0,0.5,0.923076923076923,13.733333333333334,5.6,2.0,Low,0,ยังไม่พบตัวชี้วัดที่เกินเกณฑ์เบื้องต้น
rice sake,197,0.0,0.0,7.4,0.0,0.7,0.0,0.0,0.046,0.0023,0.0,0.0,0.0,2.466666666666667,0.0,0.0,Low,0,ยังไม่พบตัวชี้วัดที่เกินเกณฑ์เบื้องต้น
pinto beans canned,197,1.3,0.3,36.4,2.4,11.0,11.0,0.0,0.6,0.03,0.0,1.5,2.0,12.133333333333333,44.0,24.0,Low,0,ยังไม่พบตัวชี้วัดที่เกินเกณฑ์เบื้องต้น
white rice steamed,199,0.4,0.0,44.7,0.0,4.2,1.2,0.0,0.009,0.00044999999999999993,0.0,0.0,0.6153846153846154,14.900000000000002,4.8,0.0,Low,0,ยังไม่พบตัวชี้วัดที่เกินเกณฑ์เบื้องต้น
catjang cowpeas cooked,200,1.2,0.3,34.7,0.0,13.9,6.2,0.0,0.021,0.0010500000000000002,0.0,1.5,1.846153846153846,11.566666666666668,24.8,0.0,Low,0,ยังไม่พบตัวชี้วัดที่เกินเกณฑ์เบื้องต้น
yardlong beans cooked,202,0.8,0.2,36.1,0.0,14.2,6.5,0.0,0.059,0.00295,0.0,1.0,1.2307692307692308,12.033333333333333,26.0,0.0,Low,0,ยังไม่พบตัวชี้วัดที่เกินเกณฑ์เบื้องต้น
pigeon peas cooked,203,0.6,0.1,39.1,0.0,11.4,11.3,0.0,0.036,0.0017999999999999997,0.0,0.5,0.923076923076923,13.033333333333333,45.2,0.0,Low,0,ยังไม่พบตัวชี้วัดที่เกินเกณฑ์เบื้องต้น
white rice cooked,205,0.4,0.1,44.5,0.015,4.3,0.6,0.0,0.077,0.00385,0.0,0.5,0.6153846153846154,14.833333333333334,2.4,0.15,Low,0,ยังไม่พบตัวชี้วัดที่เกินเกณฑ์เบื้องต้น
rose hips,206,0.4,0.0,48.5,3.3,2.0,30.6,0.0,0.035,0.0017500000000000003,0.0,0.0,0.6153846153846154,16.166666666666664,122.39999999999999,32.99999999999999,Low,0,ยังไม่พบตัวชี้วัดที่เกินเกณฑ์เบื้องต้น
mothbeans cooked,207,1.0,0.2,37.1,0.0,13.8,0.0,0.0,0.086,0.004299999999999999,0.0,1.0,1.5384615384615385,12.366666666666667,0.0,0.0,Low,0,ยังไม่พบตัวชี้วัดที่เกินเกณฑ์เบื้องต้น
millet cooked,207,1.7,0.3,41.2,0.2,6.1,2.3,0.0,0.046,0.0023,0.0,1.5,2.6153846153846154,13.733333333333334,9.2,2.0,Low,0,ยังไม่พบตัวชี้วัดที่เกินเกณฑ์เบื้องต้น
mung beans cooked,212,0.8,0.2,38.7,4.0,14.2,15.4,0.0,0.083,0.00415,0.0,1.0,1.2307692307692308,12.9,61.6,40.0,Low,0,ยังไม่พบตัวชี้วัดที่เกินเกณฑ์เบื้องต้น
succotash,213,1.5,0.3,46.8,0.0,9.7,0.0,0.0,0.5,0.025,0.0,1.5,2.307692307692308,15.6,0.0,0.0,Low,0,ยังไม่พบตัวชี้วัดที่เกินเกณฑ์เบื้องต้น
wheat sprouted,214,1.4,0.2,45.9,0.0,8.1,1.2,0.0,0.026,0.0013,0.0,1.0,2.1538461538461537,15.299999999999999,4.8,0.0,Low,0,ยังไม่พบตัวชี้วัดที่เกินเกณฑ์เบื้องต้น
cranberry beans canned,216,0.7,0.2,39.3,0.0,14.4,16.4,0.0,0.9,0.045,0.0,1.0,1.0769230769230769,13.099999999999998,65.6,0.0,Low,0,ยังไม่พบตัวชี้วัดที่เกินเกณฑ์เบื้องต้น
lima beans cooked,216,0.7,0.2,39.3,5.5,14.7,13.2,0.0,0.012,0.0006000000000000001,0.0,1.0,1.0769230769230769,13.099999999999998,52.800000000000004,55.00000000000001,Low,0,ยังไม่พบตัวชี้วัดที่เกินเกณฑ์เบื้องต้น
brown rice cooked,218,1.6,0.3,45.8,0.7,4.5,3.5,0.0,0.086,0.004299999999999999,0.0,1.5,2.4615384615384617,15.266666666666664,14.000000000000002,6.999999999999999,Low,0,ยังไม่พบตัวชี้วัดที่เกินเกณฑ์เบื้องต้น
macaroni cooked,221,1.3,0.2,43.2,0.8,8.1,2.5,0.0,0.071,0.0035499999999999993,0.0,1.0,2.0,14.400000000000002,10.0,8.0,Low,0,ยังไม่พบตัวชี้วัดที่เกินเกณฑ์เบื้องต้น
split peas cooked,227,0.8,0.1,40.2,5.7,16.3,16.3,0.0,0.5,0.025,0.0,0.5,1.2307692307692308,13.4,65.2,57.00000000000001,Low,0,ยังไม่พบตัวชี้วัดที่เกินเกณฑ์เบื้องต้น
black beans cooked,227,0.9,0.2,40.8,0.0,15.2,15.0,0.0,0.008,0.00039999999999999996,0.0,1.0,1.3846153846153846,13.599999999999998,60.0,0.0,Low,0,ยังไม่พบตัวชี้วัดที่เกินเกณฑ์เบื้องต้น
hyacinth beans cooked,227,1.1,0.2,40.2,0.0,15.8,0.0,0.0,0.0,0.0,0.0,1.0,1.6923076923076925,13.4,0.0,0.0,Low,0,ยังไม่พบตัวชี้วัดที่เกินเกณฑ์เบื้องต้น
french beans cooked,228,1.3,0.1,42.5,0.0,12.5,16.6,0.0,0.003,0.00015000000000000001,0.0,0.5,2.0,14.166666666666666,66.4,0.0,Low,0,ยังไม่พบตัวชี้วัดที่เกินเกณฑ์เบื้องต้น
lentils cooked,230,0.8,0.1,39.9,3.6,17.9,15.6,0.0,0.016,0.0007999999999999999,0.0,0.5,1.2307692307692308,13.3,62.4,36.0,Low,0,ยังไม่พบตัวชี้วัดที่เกินเกณฑ์เบื้องต้น
japanese somen noodles cooked,231,0.3,0.006,48.5,0.0,7.0,0.0,0.0,0.3,0.015,0.0,0.030000000000000002,0.4615384615384615,16.166666666666664,0.0,0.0,Low,0,ยังไม่พบตัวชี้วัดที่เกินเกณฑ์เบื้องต้น
tequila sunrise,232,0.2,0.0,23.8,0.0,0.6,0.0,0.0,0.1,0.005,0.0,0.0,0.3076923076923077,7.933333333333334,0.0,0.0,Low,0,ยังไม่พบตัวชี้วัดที่เกินเกณฑ์เบื้องต้น
prunes,237,0.5,0.057,62.3,0.0,2.6,0.0,0.0,0.076,0.0038000000000000004,0.0,0.28500000000000003,0.7692307692307693,20.766666666666666,0.0,0.0,Low,0,ยังไม่พบตัวชี้วัดที่เกินเกณฑ์เบื้องต้น
black turtle beans cooked,241,0.6,0.2,45.0,0.6,15.1,15.4,0.0,0.06,0.0029999999999999996,0.0,1.0,0.923076923076923,15.0,61.6,6.0,Low,0,ยังไม่พบตัวชี้วัดที่เกินเกณฑ์เบื้องต้น
cranberry beans cooked,241,0.8,0.2,43.3,0.0,16.5,17.7,0.0,0.4,0.02,0.0,1.0,1.2307692307692308,14.433333333333332,70.8,0.0,Low,0,ยังไม่พบตัวชี้วัดที่เกินเกณฑ์เบื้องต้น
pinto beans cooked,245,1.1,0.2,44.8,0.6,15.4,15.4,0.0,0.085,0.00425,0.0,1.0,1.6923076923076925,14.933333333333332,61.6,6.0,Low,0,ยังไม่พบตัวชี้วัดที่เกินเกณฑ์เบื้องต้น
bagel,245,1.5,0.0,47.9,6.0,10.0,4.0,0.0,0.4,0.02,0.0,0.0,2.307692307692308,15.966666666666665,16.0,60.0,Low,0,ยังไม่พบตัวชี้วัดที่เกินเกณฑ์เบื้องต้น
prunes canned,246,0.5,0.072,65.1,0.0,2.0,8.9,0.0,0.044,0.0022,0.0,0.36,0.7692307692307693,21.699999999999996,35.6,0.0,Low,0,ยังไม่พบตัวชี้วัดที่เกินเกณฑ์เบื้องต้น
spelt cooked,246,1.6,0.0,51.3,0.0,10.7,7.6,0.0,0.041,0.00205,0.0,0.0,2.4615384615384617,17.099999999999998,30.4,0.0,Low,0,ยังไม่พบตัวชี้วัดที่เกินเกณฑ์เบื้องต้น
white beans cooked,249,0.6,0.2,44.9,0.6,17.4,11.3,0.0,0.045,0.00225,0.0,1.0,0.923076923076923,14.966666666666667,45.2,6.0,Low,0,ยังไม่พบตัวชี้วัดที่เกินเกณฑ์เบื้องต้น
kamut cooked,251,1.6,0.0,52.4,0.0,11.1,6.7,0.0,0.038,0.0019000000000000002,0.0,0.0,2.4615384615384617,17.466666666666665,26.8,0.0,Low,0,ยังไม่พบตัวชี้วัดที่เกินเกณฑ์เบื้องต้น
pink beans cooked,252,0.8,0.2,47.2,0.6,15.3,9.0,0.0,0.075,0.00375,0.0,1.0,1.2307692307692308,15.733333333333336,36.0,6.0,Low,0,ยังไม่พบตัวชี้วัดที่เกินเกณฑ์เบื้องต้น
navy beans cooked,255,1.1,0.2,47.4,0.7,15.0,19.1,0.0,0.4,0.02,0.0,1.0,1.6923076923076925,15.8,76.4,6.999999999999999,Low,0,ยังไม่พบตัวชี้วัดที่เกินเกณฑ์เบื้องต้น
teff cooked,255,1.6,0.0,50.0,0.0,9.8,7.1,0.0,0.053,0.00265,0.0,0.0,2.4615384615384617,16.666666666666664,28.4,0.0,Low,0,ยังไม่พบตัวชี้วัดที่เกินเกณฑ์เบื้องต้น
yellow beans cooked,255,1.9,0.5,44.7,0.0,16.2,18.4,0.0,0.086,0.004299999999999999,0.0,2.5,2.923076923076923,14.900000000000002,73.6,0.0,Low,0,ยังไม่พบตัวชี้วัดที่เกินเกณฑ์เบื้องต้น
poi,269,0.3,0.063,65.4,0.9,0.9,1.0,0.0,0.091,0.00455,0.0,0.315,0.4615384615384615,21.800000000000004,4.0,9.0,Low,0,ยังไม่พบตัวชี้วัดที่เกินเกณฑ์เบื้องต้น
russet potato baked,290,0.4,0.1,64.1,3.2,7.9,6.9,0.0,0.084,0.004200000000000001,0.0,0.5,0.6153846153846154,21.366666666666664,27.6,32.0,Low,0,ยังไม่พบตัวชี้วัดที่เกินเกณฑ์เบื้องต้น
russet potato raw,292,0.3,0.06,66.7,2.3,7.9,4.8,0.0,0.068,0.0034,0.0,0.3,0.4615384615384615,22.233333333333334,19.2,23.0,Low,0,ยังไม่พบตัวชี้วัดที่เกินเกณฑ์เบื้องต้น
adzuki beans cooked,294,0.2,0.067,57.0,0.0,17.3,16.8,0.0,0.079,0.0039499999999999995,0.0,0.335,0.3076923076923077,19.0,67.2,0.0,Low,0,ยังไม่พบตัวชี้วัดที่เกินเกณฑ์เบื้องต้น
navy beans canned,296,1.1,0.3,53.6,0.7,19.7,13.4,0.0,1.2,0.06,0.0,1.5,1.6923076923076925,17.866666666666667,53.6,6.999999999999999,Low,0,ยังไม่พบตัวชี้วัดที่เกินเกณฑ์เบื้องต้น
white beans canned,299,0.8,0.2,55.5,0.8,19.0,12.6,0.0,0.079,0.0039499999999999995,0.0,1.0,1.2307692307692308,18.5,50.4,8.0,Low,0,ยังไม่พบตัวชี้วัดที่เกินเกณฑ์เบื้องต้น
prune plums dried,308,0.5,0.01,81.5,0.0,2.7,9.4,0.0,0.011,0.00055,0.0,0.05,0.7692307692307693,27.166666666666668,37.6,0.0,Low,0,ยังไม่พบตัวชี้วัดที่เกินเกณฑ์เบื้องต้น
vegetable macaroni dry,308,0.9,0.1,62.9,0.0,11.0,3.6,0.0,0.06,0.0029999999999999996,0.0,0.5,1.3846153846153846,20.96666666666667,14.400000000000002,0.0,Low,0,ยังไม่พบตัวชี้วัดที่เกินเกณฑ์เบื้องต้น
prunes stewed,316,0.7,0.085,83.2,0.0,3.4,0.0,0.0,0.039,0.00195,0.0,0.42500000000000004,1.0769230769230769,27.73333333333333,0.0,0.0,Low,0,ยังไม่พบตัวชี้วัดที่เกินเกณฑ์เบื้องต้น
cassava,330,0.6,0.2,78.4,3.5,2.8,3.7,0.0,0.099,0.00495,0.0,1.0,0.923076923076923,26.133333333333336,14.800000000000002,35.0,Low,0,ยังไม่พบตัวชี้วัดที่เกินเกณฑ์เบื้องต้น
instant coffee powder,353,0.5,0.2,75.4,0.0,12.2,0.0,0.0,0.051,0.00255,0.0,1.0,0.7692307692307693,25.133333333333336,0.0,0.0,Low,0,ยังไม่พบตัวชี้วัดที่เกินเกณฑ์เบื้องต้น
instant white rice raw,361,0.9,0.1,78.2,0.026,7.4,1.8,0.0,0.039,0.00195,0.0,0.5,1.3846153846153846,26.066666666666666,7.200000000000001,0.26,Low,0,ยังไม่พบตัวชี้วัดที่เกินเกณฑ์เบื้องต้น
rye flour,364,1.4,0.2,78.2,0.9,10.0,8.2,0.0,0.061,0.0030499999999999998,0.0,1.0,2.1538461538461537,26.066666666666666,32.8,9.0,Low,0,ยังไม่พบตัวชี้วัดที่เกินเกณฑ์เบื้องต้น
whole wheat macaroni dry,365,1.5,0.3,78.8,0.0,15.4,8.7,0.0,0.028,0.0014,0.0,1.5,2.307692307692308,26.266666666666666,34.8,0.0,Low,0,ยังไม่พบตัวชี้วัดที่เกินเกณฑ์เบื้องต้น
carignane red wine,370,0.0,0.0,12.0,0.0,0.4,0.0,0.0,0.0,0.0,0.0,0.0,0.0,4.0,0.0,0.0,Low,0,ยังไม่พบตัวชี้วัดที่เกินเกณฑ์เบื้องต้น
macaroni raw,390,1.6,0.3,78.4,2.8,13.7,3.4,0.0,0.097,0.00485,0.0,1.5,2.4615384615384617,26.133333333333336,13.600000000000001,27.999999999999996,Low,0,ยังไม่พบตัวชี้วัดที่เกินเกณฑ์เบื้องต้น
cracker meal,440,2.0,0.3,93.0,0.4,10.7,3.0,0.0,0.078,0.0039,0.0,1.5,3.076923076923077,31.0,12.0,4.0,Low,0,ยังไม่พบตัวชี้วัดที่เกินเกณฑ์เบื้องต้น
wheat flour,455,1.2,0.2,95.4,0.3,12.9,3.4,0.0,0.061,0.0030499999999999998,0.0,1.0,1.846153846153846,31.8,13.600000000000001,3.0,Low,0,ยังไม่พบตัวชี้วัดที่เกินเกณฑ์เบื้องต้น
chinese noodles,456,0.094,0.088,111.9,0.0,0.2,0.7,0.0,0.088,0.0044,0.0,0.43999999999999995,0.14461538461538462,37.3,2.8,0.0,Low,0,ยังไม่พบตัวชี้วัดที่เกินเกณฑ์เบื้องต้น
arrowroot flour,457,0.1,0.019,112.8,0.0,0.4,4.4,0.0,0.002,9.999999999999999e-05,0.0,0.095,0.15384615384615385,37.6,17.6,0.0,Low,0,ยังไม่พบตัวชี้วัดที่เกินเกณฑ์เบื้องต้น
tortilla,467,1.9,0.6,98.4,5.4,14.3,4.7,0.0,0.9,0.045,0.0,3.0,2.923076923076923,32.800000000000004,18.8,54.0,Low,0,ยังไม่พบตัวชี้วัดที่เกินเกณฑ์เบื้องต้น
cornstarch,488,0.03,0.077,116.8,0.0,0.3,1.2,0.0,0.093,0.00465,0.0,0.385,0.04615384615384615,38.93333333333333,4.8,0.0,Low,0,ยังไม่พบตัวชี้วัดที่เกินเกณฑ์เบื้องต้น
raisins seeded,488,0.9,0.3,129.5,0.0,4.2,11.2,0.0,0.098,0.004900000000000001,0.0,1.5,1.3846153846153846,43.166666666666664,44.8,0.0,Low,0,ยังไม่พบตัวชี้วัดที่เกินเกณฑ์เบื้องต้น
cranberry orange relish,490,0.3,0.06,127.1,0.0,0.8,0.0,0.0,0.063,0.00315,0.0,0.3,0.4615384615384615,42.36666666666666,0.0,0.0,Low,0,ยังไม่พบตัวชี้วัดที่เกินเกณฑ์เบื้องต้น
tapioca pearls,544,0.093,0.075,134.8,5.1,0.3,1.4,0.0,0.077,0.00385,0.0,0.375,0.14307692307692307,44.93333333333334,5.6,51.0,Low,0,ยังไม่พบตัวชี้วัดที่เกินเกณฑ์เบื้องต้น
potato flour,571,0.5,0.1,133.0,5.6,11.0,9.4,0.0,0.042,0.0021000000000000003,0.0,0.5,0.7692307692307693,44.333333333333336,37.6,55.99999999999999,Low,0,ยังไม่พบตัวชี้วัดที่เกินเกณฑ์เบื้องต้น
wild rice raw,571,1.7,0.2,119.8,4.0,23.6,9.9,0.0,0.051,0.00255,0.0,1.0,2.6153846153846154,39.93333333333333,39.6,40.0,Low,0,ยังไม่พบตัวชี้วัดที่เกินเกณฑ์เบื้องต้น
semolina,601,1.8,0.3,121.6,0.0,21.2,6.5,0.0,0.097,0.00485,0.0,1.5,2.769230769230769,40.53333333333333,26.0,0.0,Low,0,ยังไม่พบตัวชี้วัดที่เกินเกณฑ์เบื้องต้น
black turtle beans raw,624,1.7,0.4,116.4,3.9,39.1,28.5,0.0,0.041,0.00205,0.0,2.0,2.6153846153846154,38.800000000000004,113.99999999999999,39.0,Low,0,ยังไม่พบตัวชี้วัดที่เกินเกณฑ์เบื้องต้น
adzuki beans raw,648,1.0,0.4,123.9,0.0,39.1,25.0,0.0,0.06,0.0029999999999999996,0.0,2.0,1.5384615384615385,41.300000000000004,100.0,0.0,Low,0,ยังไม่พบตัวชี้วัดที่เกินเกณฑ์เบื้องต้น
couscous dry,650,1.1,0.2,134.0,0.0,22.1,8.7,0.0,0.031,0.0015500000000000002,0.0,1.0,1.6923076923076925,44.666666666666664,34.8,0.0,Low,0,ยังไม่พบตัวชี้วัดที่เกินเกณฑ์เบื้องต้น
white beans raw,673,1.7,0.4,121.7,4.3,47.2,30.7,0.0,0.051,0.00255,0.0,2.0,2.6153846153846154,40.56666666666667,122.8,43.0,Low,0,ยังไม่พบตัวชี้วัดที่เกินเกณฑ์เบื้องต้น
white rice raw,675,1.2,0.3,147.9,0.2,13.2,2.4,0.0,0.081,0.00405,0.0,1.5,1.846153846153846,49.3,9.6,2.0,Low,0,ยังไม่พบตัวชี้วัดที่เกินเกณฑ์เบื้องต้น
lentils raw,678,2.0,0.3,115.4,3.9,49.5,58.6,0.0,0.039,0.00195,0.0,1.5,3.076923076923077,38.46666666666667,234.39999999999998,39.0,Low,0,ยังไม่พบตัวชี้วัดที่เกินเกณฑ์เบื้องต้น
glutinous white rice raw,685,1.0,0.2,151.1,0.0,12.6,5.2,0.0,0.015,0.0007499999999999999,0.0,1.0,1.5384615384615385,50.36666666666666,20.8,0.0,Low,0,ยังไม่พบตัวชี้วัดที่เกินเกณฑ์เบื้องต้น
parboiled white rice raw,692,1.9,0.5,149.6,0.6,13.9,3.3,0.0,0.055,0.0027500000000000003,0.0,2.5,2.923076923076923,49.86666666666667,13.200000000000001,6.0,Low,0,ยังไม่พบตัวชี้วัดที่เกินเกณฑ์เบื้องต้น
dessert wine dry,760,0.0,0.0,58.4,5.5,1.0,76.5,0.0,0.0,0.0,0.0,0.0,0.0,19.466666666666665,306.0,55.00000000000001,Low,0,ยังไม่พบตัวชี้วัดที่เกินเกณฑ์เบื้องต้น
white frosting dry,768,0.0,0.0,196.4,0.0,4.8,0.0,0.0,0.5,0.025,0.0,0.0,0.0,65.46666666666667,0.0,0.0,Low,0,ยังไม่พบตัวชี้วัดที่เกินเกณฑ์เบื้องต้น
potato chips fat free,860,1.4,0.3,190.1,8.4,21.9,17.0,0.0,1.5,0.075,0.0,1.5,2.1538461538461537,63.36666666666666,68.0,84.00000000000001,Low,0,ยังไม่พบตัวชี้วัดที่เกินเกณฑ์เบื้องต้น
